artifact_id,family,latent_level,strictness_index,formal_truth,immediate_margin,immediate_margin_hex,rts_margin,rts_margin_hex
D3T-A-L0-I00,coverage,0,0,1,27.75,0x1.bc00000000000p+4,22.124999780557118,0x1.61ffffc518000p+4
D3T-A-L0-I00,coverage,0,1,0,-29.75,-0x1.dc00000000000p+4,-23.937499925494194,-0x1.7effffec00000p+4
D3T-A-L0-I00,coverage,0,2,0,-29.625,-0x1.da00000000000p+4,-22.687500087311491,-0x1.6b00001770000p+4
D3T-A-L0-I00,coverage,0,3,0,-29.875,-0x1.de00000000000p+4,-22.249999057501554,-0x1.63ffff0300000p+4
D3T-A-L0-I00,coverage,0,4,0,-29.75,-0x1.dc00000000000p+4,-22.375000156927854,-0x1.6600002a20000p+4
D3T-A-L0-I00,coverage,0,5,0,-31,-0x1.f000000000000p+4,-21.37500015902333,-0x1.5600002ab0000p+4
D3T-A-L0-I00,coverage,0,6,0,-29.875,-0x1.de00000000000p+4,-21.999999781604856,-0x1.5fffffc560000p+4
D3T-A-L0-I00,coverage,0,7,0,-30.375,-0x1.e600000000000p+4,-22.250000756699592,-0x1.640000cb20000p+4
D3T-A-L0-I00,coverage,0,8,0,-29.875,-0x1.de00000000000p+4,-21.937499780673534,-0x1.5effffc520000p+4
D3T-A-L0-I01,coverage,0,0,1,28.125,0x1.c200000000000p+4,21.125000692438334,0x1.520000b9e0000p+4
D3T-A-L0-I01,coverage,0,1,0,-30.5,-0x1.e800000000000p+4,-23.187499617692083,-0x1.72ffff9960000p+4
D3T-A-L0-I01,coverage,0,2,0,-30.625,-0x1.ea00000000000p+4,-23.062500566942617,-0x1.7100009830000p+4
D3T-A-L0-I01,coverage,0,3,0,-30.625,-0x1.ea00000000000p+4,-21.187499444931746,-0x1.52ffff6b00000p+4
D3T-A-L0-I01,coverage,0,4,0,-30,-0x1.e000000000000p+4,-22.750000639352947,-0x1.6c0000aba0000p+4
D3T-A-L0-I01,coverage,0,5,0,-30.875,-0x1.ee00000000000p+4,-22.187500513158739,-0x1.63000089c0000p+4
D3T-A-L0-I01,coverage,0,6,0,-29.875,-0x1.de00000000000p+4,-22.374999997671694,-0x1.65ffffff60000p+4
D3T-A-L0-I01,coverage,0,7,0,-30.25,-0x1.e400000000000p+4,-21.87499942490831,-0x1.5dffff65a0000p+4
D3T-A-L0-I01,coverage,0,8,0,-29.625,-0x1.da00000000000p+4,-21.312500057742,-0x1.5500000f80000p+4
D3T-A-L0-I02,coverage,0,0,1,29,0x1.d000000000000p+4,21.374999100342393,0x1.55ffff0e80000p+4
D3T-A-L0-I02,coverage,0,1,0,-30.75,-0x1.ec00000000000p+4,-23.437500057858415,-0x1.7700000f88000p+4
D3T-A-L0-I02,coverage,0,2,0,-30,-0x1.e000000000000p+4,-23.374999414896592,-0x1.75ffff62f0000p+4
D3T-A-L0-I02,coverage,0,3,0,-30.125,-0x1.e200000000000p+4,-22.31250048847869,-0x1.6500008320000p+4
D3T-A-L0-I02,coverage,0,4,0,-30.125,-0x1.e200000000000p+4,-21.562500792555511,-0x1.590000d4c0000p+4
D3T-A-L0-I02,coverage,0,5,0,-30.875,-0x1.ee00000000000p+4,-21.687499876134098,-0x1.5affffdec0000p+4
D3T-A-L0-I02,coverage,0,6,0,-30.375,-0x1.e600000000000p+4,-22.562500247266144,-0x1.6900004260000p+4
D3T-A-L0-I02,coverage,0,7,0,-30.5,-0x1.e800000000000p+4,-22.125000383704901,-0x1.6200006700000p+4
D3T-A-L0-I02,coverage,0,8,0,-30.5,-0x1.e800000000000p+4,-22.562500613974407,-0x1.690000a4d0000p+4
D3T-A-L0-I03,coverage,0,0,1,26.125,0x1.a200000000000p+4,21.937499837717041,0x1.5effffd470000p+4
D3T-A-L0-I03,coverage,0,1,0,-30.625,-0x1.ea00000000000p+4,-24.062499522988219,-0x1.80ffff7ff4000p+4
D3T-A-L0-I03,coverage,0,2,0,-30.625,-0x1.ea00000000000p+4,-23.749999209539965,-0x1.7bffff2bd0000p+4
D3T-A-L0-I03,coverage,0,3,0,-30.25,-0x1.e400000000000p+4,-22.124999286141247,-0x1.61ffff4060000p+4
D3T-A-L0-I03,coverage,0,4,0,-29.875,-0x1.de00000000000p+4,-21.812499066349119,-0x1.5cffff0560000p+4
D3T-A-L0-I03,coverage,0,5,0,-30.625,-0x1.ea00000000000p+4,-22.750000450527295,-0x1.6c000078f0000p+4
D3T-A-L0-I03,coverage,0,6,0,-30.25,-0x1.e400000000000p+4,-23.000000494881533,-0x1.70000084d8000p+4
D3T-A-L0-I03,coverage,0,7,0,-30.75,-0x1.ec00000000000p+4,-22.187499098014086,-0x1.62ffff0de0000p+4
D3T-A-L0-I03,coverage,0,8,0,-30.625,-0x1.ea00000000000p+4,-22.812500091735274,-0x1.6d000018a0000p+4
D3T-A-L0-I04,coverage,0,0,1,30.125,0x1.e200000000000p+4,21.999999472172931,0x1.5fffff7250000p+4
D3T-A-L0-I04,coverage,0,1,0,-29.75,-0x1.dc00000000000p+4,-21.999999378807843,-0x1.5fffff5940000p+4
D3T-A-L0-I04,coverage,0,2,0,-31,-0x1.f000000000000p+4,-22.499999750871211,-0x1.67ffffbd20000p+4
D3T-A-L0-I04,coverage,0,3,0,-30.625,-0x1.ea00000000000p+4,-22.187500303145498,-0x1.6300005160000p+4
D3T-A-L0-I04,coverage,0,4,0,-30.625,-0x1.ea00000000000p+4,-22.312500884989277,-0x1.650000ed90000p+4
D3T-A-L0-I04,coverage,0,5,0,-31,-0x1.f000000000000p+4,-21.374999196268618,-0x1.55ffff2840000p+4
D3T-A-L0-I04,coverage,0,6,0,-30.5,-0x1.e800000000000p+4,-21.999999908264726,-0x1.5fffffe760000p+4
D3T-A-L0-I04,coverage,0,7,0,-30.5,-0x1.e800000000000p+4,-22.312499732943252,-0x1.64ffffb850000p+4
D3T-A-L0-I04,coverage,0,8,0,-30.625,-0x1.ea00000000000p+4,-21.874999753199518,-0x1.5dffffbdc0000p+4
D3T-A-L0-I05,coverage,0,0,1,28.25,0x1.c400000000000p+4,22.499999228864908,0x1.67ffff3100000p+4
D3T-A-L0-I05,coverage,0,1,0,-30.125,-0x1.e200000000000p+4,-22.687499102496076,-0x1.6affff0f14000p+4
D3T-A-L0-I05,coverage,0,2,0,-30,-0x1.e000000000000p+4,-22.812500044121407,-0x1.6d00000bd8000p+4
D3T-A-L0-I05,coverage,0,3,0,-29.75,-0x1.dc00000000000p+4,-22.687499109422788,-0x1.6affff10f0000p+4
D3T-A-L0-I05,coverage,0,4,0,-29.375,-0x1.d600000000000p+4,-22.312500656116754,-0x1.650000b020000p+4
D3T-A-L0-I05,coverage,0,5,0,-30.125,-0x1.e200000000000p+4,-22.187500762403943,-0x1.630000cca8000p+4
D3T-A-L0-I05,coverage,0,6,0,-29.625,-0x1.da00000000000p+4,-22.624999435385689,-0x1.69ffff6870000p+4
D3T-A-L0-I05,coverage,0,7,0,-30.5,-0x1.e800000000000p+4,-23.624999151332304,-0x1.79ffff1c30000p+4
D3T-A-L0-I05,coverage,0,8,0,-28.875,-0x1.ce00000000000p+4,-22.249999998835847,-0x1.63ffffffb0000p+4
D3T-A-L0-I06,coverage,0,0,1,27.875,0x1.be00000000000p+4,18.999999810475856,0x1.2fffffcd20000p+4
D3T-A-L0-I06,coverage,0,1,0,-30.125,-0x1.e200000000000p+4,-23.75000091973925,-0x1.7c0000f6e4000p+4
D3T-A-L0-I06,coverage,0,2,0,-28.625,-0x1.ca00000000000p+4,-24.000000810832717,-0x1.800000d9a8000p+4
D3T-A-L0-I06,coverage,0,3,0,-28.125,-0x1.c200000000000p+4,-22.12499963818118,-0x1.61ffff9ee0000p+4
D3T-A-L0-I06,coverage,0,4,0,-27.625,-0x1.ba00000000000p+4,-22.812500888248906,-0x1.6d0000ee70000p+4
D3T-A-L0-I06,coverage,0,5,0,-28.25,-0x1.c400000000000p+4,-22.437499358085915,-0x1.66ffff53b0000p+4
D3T-A-L0-I06,coverage,0,6,0,-27.75,-0x1.bc00000000000p+4,-21.875000263564289,-0x1.5e000046c0000p+4
D3T-A-L0-I06,coverage,0,7,0,-28.5,-0x1.c800000000000p+4,-22.687499813036993,-0x1.6affffcdd0000p+4
D3T-A-L0-I06,coverage,0,8,0,-28.375,-0x1.c600000000000p+4,-22.312500103842467,-0x1.6500001be0000p+4
D3T-A-L0-I07,coverage,0,0,1,28.375,0x1.c600000000000p+4,22.249999828636646,0x1.63ffffd200000p+4
D3T-A-L0-I07,coverage,0,1,0,-30.375,-0x1.e600000000000p+4,-22.749999420950189,-0x1.6bffff6490000p+4
D3T-A-L0-I07,coverage,0,2,0,-30.125,-0x1.e200000000000p+4,-21.874999769032001,-0x1.5dffffc200000p+4
D3T-A-L0-I07,coverage,0,3,0,-30.25,-0x1.e400000000000p+4,-21.499999715015292,-0x1.57ffffb380000p+4
D3T-A-L0-I07,coverage,0,4,0,-30,-0x1.e000000000000p+4,-22.49999964190647,-0x1.67ffff9fe0000p+4
D3T-A-L0-I07,coverage,0,5,0,-30.875,-0x1.ee00000000000p+4,-22.562500194530003,-0x1.6900003438000p+4
D3T-A-L0-I07,coverage,0,6,0,-30.625,-0x1.ea00000000000p+4,-22.12499957322143,-0x1.61ffff8d70000p+4
D3T-A-L0-I07,coverage,0,7,0,-30.625,-0x1.ea00000000000p+4,-22.000000950647518,-0x1.600000ff30000p+4
D3T-A-L0-I07,coverage,0,8,0,-30.25,-0x1.e400000000000p+4,-22.24999920418486,-0x1.63ffff2a60000p+4
D3T-A-L0-I08,coverage,0,0,1,28.25,0x1.c400000000000p+4,20.500000941567123,0x1.480000fcc0000p+4
D3T-A-L0-I08,coverage,0,1,0,-31.125,-0x1.f200000000000p+4,-23.125000652158633,-0x1.720000af10000p+4
D3T-A-L0-I08,coverage,0,2,0,-30.25,-0x1.e400000000000p+4,-22.375000078696758,-0x1.6600001520000p+4
D3T-A-L0-I08,coverage,0,3,0,-30.375,-0x1.e600000000000p+4,-22.687499184627086,-0x1.6affff2520000p+4
D3T-A-L0-I08,coverage,0,4,0,-30.25,-0x1.e400000000000p+4,-22.750000568572432,-0x1.6c000098a0000p+4
D3T-A-L0-I08,coverage,0,5,0,-31,-0x1.f000000000000p+4,-22.499999459832907,-0x1.67ffff6f00000p+4
D3T-A-L0-I08,coverage,0,6,0,-29.875,-0x1.de00000000000p+4,-22.750000638654456,-0x1.6c0000ab70000p+4
D3T-A-L0-I08,coverage,0,7,0,-30.25,-0x1.e400000000000p+4,-22.937500410946086,-0x1.6f00006e50000p+4
D3T-A-L0-I08,coverage,0,8,0,-29.625,-0x1.da00000000000p+4,-22.812499094288796,-0x1.6cffff0ce0000p+4
D3T-A-L0-I09,coverage,0,0,1,27.875,0x1.be00000000000p+4,20.500000635394827,0x1.480000aa90000p+4
D3T-A-L0-I09,coverage,0,1,0,-29.5,-0x1.d800000000000p+4,-24.249999521300197,-0x1.83ffff7f80000p+4
D3T-A-L0-I09,coverage,0,2,0,-29.25,-0x1.d400000000000p+4,-23.624999575666152,-0x1.79ffff8e18000p+4
D3T-A-L0-I09,coverage,0,3,0,-29.25,-0x1.d400000000000p+4,-22.687500916887075,-0x1.6b0000f620000p+4
D3T-A-L0-I09,coverage,0,4,0,-29.125,-0x1.d200000000000p+4,-22.812499337596819,-0x1.6cffff4e30000p+4
D3T-A-L0-I09,coverage,0,5,0,-29.625,-0x1.da00000000000p+4,-22.12499968893826,-0x1.61ffffac80000p+4
D3T-A-L0-I09,coverage,0,6,0,-29.25,-0x1.d400000000000p+4,-22.56249927636236,-0x1.68ffff3dc0000p+4
D3T-A-L0-I09,coverage,0,7,0,-30.25,-0x1.e400000000000p+4,-22.687500580912456,-0x1.6b00009bf0000p+4
D3T-A-L0-I09,coverage,0,8,0,-29.875,-0x1.de00000000000p+4,-22.68749962747097,-0x1.6affff9c00000p+4
D3T-A-L0-I10,coverage,0,0,1,29.125,0x1.d200000000000p+4,22.500000381143764,0x1.6800006650000p+4
D3T-A-L0-I10,coverage,0,1,0,-30.875,-0x1.ee00000000000p+4,-22.187499837484211,-0x1.62ffffd460000p+4
D3T-A-L0-I10,coverage,0,2,0,-30.75,-0x1.ec00000000000p+4,-22.624999258667231,-0x1.69ffff3900000p+4
D3T-A-L0-I10,coverage,0,3,0,-30.625,-0x1.ea00000000000p+4,-21.812500938307494,-0x1.5d0000fbe0000p+4
D3T-A-L0-I10,coverage,0,4,0,-30.375,-0x1.e600000000000p+4,-22.812499348539859,-0x1.6cffff5120000p+4
D3T-A-L0-I10,coverage,0,5,0,-31.5,-0x1.f800000000000p+4,-22.56250005075708,-0x1.6900000da0000p+4
D3T-A-L0-I10,coverage,0,6,0,-30.5,-0x1.e800000000000p+4,-22.812500586267561,-0x1.6d00009d60000p+4
D3T-A-L0-I10,coverage,0,7,0,-30.875,-0x1.ee00000000000p+4,-21.999999329214916,-0x1.5fffff4bf0000p+4
D3T-A-L0-I10,coverage,0,8,0,-30.125,-0x1.e200000000000p+4,-22.687500848202035,-0x1.6b0000e3b0000p+4
D3T-A-L0-I11,coverage,0,0,1,28.5,0x1.c800000000000p+4,19.874999338760972,0x1.3dffff4e80000p+4
D3T-A-L0-I11,coverage,0,1,0,-30.625,-0x1.ea00000000000p+4,-22.874999514315277,-0x1.6dffff7da0000p+4
D3T-A-L0-I11,coverage,0,2,0,-31.125,-0x1.f200000000000p+4,-23.375000363914296,-0x1.76000061b0000p+4
D3T-A-L0-I11,coverage,0,3,0,-30.75,-0x1.ec00000000000p+4,-22.125000649597496,-0x1.620000ae60000p+4
D3T-A-L0-I11,coverage,0,4,0,-30.125,-0x1.e200000000000p+4,-22.312500779516995,-0x1.650000d140000p+4
D3T-A-L0-I11,coverage,0,5,0,-31,-0x1.f000000000000p+4,-23.37500019161962,-0x1.7600003370000p+4
D3T-A-L0-I11,coverage,0,6,0,-30.25,-0x1.e400000000000p+4,-21.937499917112291,-0x1.5effffe9c0000p+4
D3T-A-L0-I11,coverage,0,7,0,-30.875,-0x1.ee00000000000p+4,-22.499999076593667,-0x1.67ffff0820000p+4
D3T-A-L0-I11,coverage,0,8,0,-30.75,-0x1.ec00000000000p+4,-22.312500733649358,-0x1.650000c4f0000p+4
D3T-A-L1-I00,coverage,1,0,1,-21.125,-0x1.5200000000000p+4,-9.2500002346932888,-0x1.2800007e00000p+3
D3T-A-L1-I00,coverage,1,1,1,31.75,0x1.fc00000000000p+4,23.562499604769982,0x1.78ffff95e8000p+4
D3T-A-L1-I00,coverage,1,2,0,-21.25,-0x1.5400000000000p+4,-22.125000179046765,-0x1.6200003010000p+4
D3T-A-L1-I00,coverage,1,3,0,-27.25,-0x1.b400000000000p+4,-22.499999563908204,-0x1.67ffff8af0000p+4
D3T-A-L1-I00,coverage,1,4,0,-27.5,-0x1.b800000000000p+4,-20.937500763684511,-0x1.4f0000cd00000p+4
D3T-A-L1-I00,coverage,1,5,0,-27.125,-0x1.b200000000000p+4,-22.375000450992957,-0x1.6600007910000p+4
D3T-A-L1-I00,coverage,1,6,0,-26.875,-0x1.ae00000000000p+4,-22.312500733416528,-0x1.650000c4e0000p+4
D3T-A-L1-I00,coverage,1,7,0,-27.625,-0x1.ba00000000000p+4,-22.187500194180757,-0x1.6300003420000p+4
D3T-A-L1-I00,coverage,1,8,0,-27.875,-0x1.be00000000000p+4,-22.250000941567123,-0x1.640000fcc0000p+4
D3T-A-L1-I01,coverage,1,0,1,-21.125,-0x1.5200000000000p+4,-22.375000183470547,-0x1.6600003140000p+4
D3T-A-L1-I01,coverage,1,1,1,33.625,0x1.0d00000000000p+5,24.062499986379407,0x1.80fffffc58000p+4
D3T-A-L1-I01,coverage,1,2,0,-25.875,-0x1.9e00000000000p+4,-22.18749984074384,-0x1.62ffffd540000p+4
D3T-A-L1-I01,coverage,1,3,0,-27.375,-0x1.b600000000000p+4,-22.687500486848876,-0x1.6b000082b0000p+4
D3T-A-L1-I01,coverage,1,4,0,-28.875,-0x1.ce00000000000p+4,-23.125000846805051,-0x1.720000e350000p+4
D3T-A-L1-I01,coverage,1,5,0,-29.875,-0x1.de00000000000p+4,-22.999999283347279,-0x1.6fffff3fa0000p+4
D3T-A-L1-I01,coverage,1,6,0,-30,-0x1.e000000000000p+4,-21.999999846331775,-0x1.5fffffd6c0000p+4
D3T-A-L1-I01,coverage,1,7,0,-30.375,-0x1.e600000000000p+4,-22.687499339692295,-0x1.6affff4ec0000p+4
D3T-A-L1-I01,coverage,1,8,0,-30.375,-0x1.e600000000000p+4,-21.49999930895865,-0x1.57ffff4680000p+4
D3T-A-L1-I02,coverage,1,0,1,-26.125,-0x1.a200000000000p+4,-19.062500447034836,-0x1.3100007800000p+4
D3T-A-L1-I02,coverage,1,1,1,32.125,0x1.0100000000000p+5,22.375000548665412,0x1.6600009348000p+4
D3T-A-L1-I02,coverage,1,2,0,-27.875,-0x1.be00000000000p+4,-23.000000363914296,-0x1.70000061b0000p+4
D3T-A-L1-I02,coverage,1,3,0,-28.125,-0x1.c200000000000p+4,-21.874999076128006,-0x1.5dffff0800000p+4
D3T-A-L1-I02,coverage,1,4,0,-29.125,-0x1.d200000000000p+4,-22.24999970337376,-0x1.63ffffb060000p+4
D3T-A-L1-I02,coverage,1,5,0,-29.75,-0x1.dc00000000000p+4,-22.812500805361196,-0x1.6d0000d830000p+4
D3T-A-L1-I02,coverage,1,6,0,-29.25,-0x1.d400000000000p+4,-21.500000935979187,-0x1.580000fb40000p+4
D3T-A-L1-I02,coverage,1,7,0,-29.375,-0x1.d600000000000p+4,-22.625000816071406,-0x1.6a0000db10000p+4
D3T-A-L1-I02,coverage,1,8,0,-29,-0x1.d000000000000p+4,-21.937499244697392,-0x1.5effff3540000p+4
D3T-A-L1-I03,coverage,1,0,1,-22.75,-0x1.6c00000000000p+4,-20.999999774619937,-0x1.4fffffc380000p+4
D3T-A-L1-I03,coverage,1,1,1,32.875,0x1.0700000000000p+5,25.000000493950211,0x1.9000008498000p+4
D3T-A-L1-I03,coverage,1,2,0,-24,-0x1.8000000000000p+4,-21.937500603380613,-0x1.5f0000a1f8000p+4
D3T-A-L1-I03,coverage,1,3,0,-28.125,-0x1.c200000000000p+4,-22.312500158324838,-0x1.6500002a80000p+4
D3T-A-L1-I03,coverage,1,4,0,-29.125,-0x1.d200000000000p+4,-22.687499255756848,-0x1.6affff3838000p+4
D3T-A-L1-I03,coverage,1,5,0,-29.75,-0x1.dc00000000000p+4,-22.374999174382538,-0x1.65ffff2260000p+4
D3T-A-L1-I03,coverage,1,6,0,-30,-0x1.e000000000000p+4,-22.562500704545528,-0x1.690000bd20000p+4
D3T-A-L1-I03,coverage,1,7,0,-29.75,-0x1.dc00000000000p+4,-22.312500866828486,-0x1.650000e8b0000p+4
D3T-A-L1-I03,coverage,1,8,0,-29.625,-0x1.da00000000000p+4,-22.125000865664333,-0x1.620000e860000p+4
D3T-A-L1-I04,coverage,1,0,1,-23,-0x1.7000000000000p+4,-22.062500264961272,-0x1.6100004720000p+4
D3T-A-L1-I04,coverage,1,1,1,33.625,0x1.0d00000000000p+5,22.374999699764885,0x1.65ffffaf68000p+4
D3T-A-L1-I04,coverage,1,2,0,-27.875,-0x1.be00000000000p+4,-23.062500529689714,-0x1.7100008e30000p+4
D3T-A-L1-I04,coverage,1,3,0,-29.125,-0x1.d200000000000p+4,-21.812499877531081,-0x1.5cffffdf20000p+4
D3T-A-L1-I04,coverage,1,4,0,-29.875,-0x1.de00000000000p+4,-23.24999988230411,-0x1.73ffffe068000p+4
D3T-A-L1-I04,coverage,1,5,0,-30,-0x1.e000000000000p+4,-21.374999168328941,-0x1.55ffff20c0000p+4
D3T-A-L1-I04,coverage,1,6,0,-29.625,-0x1.da00000000000p+4,-21.874999225372449,-0x1.5dffff3010000p+4
D3T-A-L1-I04,coverage,1,7,0,-29.5,-0x1.d800000000000p+4,-21.125000353902578,-0x1.5200005f00000p+4
D3T-A-L1-I04,coverage,1,8,0,-28.875,-0x1.ce00000000000p+4,-21.499999226769432,-0x1.57ffff3070000p+4
D3T-A-L1-I05,coverage,1,0,1,-12,-0x1.8000000000000p+3,-21.437500104308128,-0x1.5700001c00000p+4
D3T-A-L1-I05,coverage,1,1,1,27.375,0x1.b600000000000p+4,22.812500074389391,0x1.6d000013f8000p+4
D3T-A-L1-I05,coverage,1,2,0,-27.875,-0x1.be00000000000p+4,-22.312499389052391,-0x1.64ffff5c00000p+4
D3T-A-L1-I05,coverage,1,3,0,-27.875,-0x1.be00000000000p+4,-22.812499329273123,-0x1.6cffff4bf4000p+4
D3T-A-L1-I05,coverage,1,4,0,-28.375,-0x1.c600000000000p+4,-22.625000054016709,-0x1.6a00000e80000p+4
D3T-A-L1-I05,coverage,1,5,0,-28.5,-0x1.c800000000000p+4,-21.68749921862036,-0x1.5affff2e40000p+4
D3T-A-L1-I05,coverage,1,6,0,-28.875,-0x1.ce00000000000p+4,-21.750000131316483,-0x1.5c00002340000p+4
D3T-A-L1-I05,coverage,1,7,0,-28.625,-0x1.ca00000000000p+4,-22.437500417698175,-0x1.6700007020000p+4
D3T-A-L1-I05,coverage,1,8,0,-29,-0x1.d000000000000p+4,-21.937500226777047,-0x1.5f00003ce0000p+4
D3T-A-L1-I06,coverage,1,0,1,-25.75,-0x1.9c00000000000p+4,-22.43749928381294,-0x1.66ffff3fc0000p+4
D3T-A-L1-I06,coverage,1,1,1,32.875,0x1.0700000000000p+5,21.687500786967576,0x1.5b0000d340000p+4
D3T-A-L1-I06,coverage,1,2,0,-21.375,-0x1.5600000000000p+4,-22.87500088638626,-0x1.6e0000edf0000p+4
D3T-A-L1-I06,coverage,1,3,0,-27,-0x1.b000000000000p+4,-21.437499363906682,-0x1.56ffff5540000p+4
D3T-A-L1-I06,coverage,1,4,0,-27.5,-0x1.b800000000000p+4,-22.437499337596819,-0x1.66ffff4e30000p+4
D3T-A-L1-I06,coverage,1,5,0,-28.25,-0x1.c400000000000p+4,-22.187500617466867,-0x1.630000a5c0000p+4
D3T-A-L1-I06,coverage,1,6,0,-28.875,-0x1.ce00000000000p+4,-22.62500069104135,-0x1.6a0000b980000p+4
D3T-A-L1-I06,coverage,1,7,0,-29.375,-0x1.d600000000000p+4,-22.625000269617885,-0x1.6a00004860000p+4
D3T-A-L1-I06,coverage,1,8,0,-28.875,-0x1.ce00000000000p+4,-22.500000022584572,-0x1.6800000610000p+4
D3T-A-L1-I07,coverage,1,0,1,-26.375,-0x1.a600000000000p+4,-24.437499306630343,-0x1.86ffff45e0000p+4
D3T-A-L1-I07,coverage,1,1,1,34.875,0x1.1700000000000p+5,25.062499823339749,0x1.90ffffd094000p+4
D3T-A-L1-I07,coverage,1,2,0,-27.375,-0x1.b600000000000p+4,-23.249999770894647,-0x1.73ffffc280000p+4
D3T-A-L1-I07,coverage,1,3,0,-28.75,-0x1.cc00000000000p+4,-22.812500348081812,-0x1.6d00005d70000p+4
D3T-A-L1-I07,coverage,1,4,0,-28.875,-0x1.ce00000000000p+4,-23.874999690102413,-0x1.7dffffacd0000p+4
D3T-A-L1-I07,coverage,1,5,0,-29.875,-0x1.de00000000000p+4,-22.625000016996637,-0x1.6a00000490000p+4
D3T-A-L1-I07,coverage,1,6,0,-30,-0x1.e000000000000p+4,-24.312500004307367,-0x1.8500000128000p+4
D3T-A-L1-I07,coverage,1,7,0,-30.25,-0x1.e400000000000p+4,-22.312499996973202,-0x1.64ffffff30000p+4
D3T-A-L1-I07,coverage,1,8,0,-30.375,-0x1.e600000000000p+4,-22.000000371830538,-0x1.60000063d0000p+4
D3T-A-L1-I08,coverage,1,0,1,-24.5,-0x1.8800000000000p+4,-20.93749949708581,-0x1.4effff7900000p+4
D3T-A-L1-I08,coverage,1,1,1,32.875,0x1.0700000000000p+5,21.874999569728971,0x1.5dffff8c80000p+4
D3T-A-L1-I08,coverage,1,2,0,-20,-0x1.4000000000000p+4,-22.437500463798642,-0x1.6700007c80000p+4
D3T-A-L1-I08,coverage,1,3,0,-27,-0x1.b000000000000p+4,-22.000000052619725,-0x1.6000000e20000p+4
D3T-A-L1-I08,coverage,1,4,0,-28.25,-0x1.c400000000000p+4,-22.437499369261786,-0x1.66ffff56b0000p+4
D3T-A-L1-I08,coverage,1,5,0,-29,-0x1.d000000000000p+4,-21.812500732019544,-0x1.5d0000c480000p+4
D3T-A-L1-I08,coverage,1,6,0,-28.75,-0x1.cc00000000000p+4,-22.312499818624929,-0x1.64ffffcf50000p+4
D3T-A-L1-I08,coverage,1,7,0,-28.875,-0x1.ce00000000000p+4,-21.37499987334013,-0x1.55ffffde00000p+4
D3T-A-L1-I08,coverage,1,8,0,-28.75,-0x1.cc00000000000p+4,-22.437499908730388,-0x1.66ffffe780000p+4
D3T-A-L1-I09,coverage,1,0,1,-27.5,-0x1.b800000000000p+4,-21.187499723397195,-0x1.52ffffb5c0000p+4
D3T-A-L1-I09,coverage,1,1,1,35.375,0x1.1b00000000000p+5,22.874999588355422,0x1.6dffff9180000p+4
D3T-A-L1-I09,coverage,1,2,0,-19.375,-0x1.3600000000000p+4,-22.500000628875569,-0x1.680000a8d0000p+4
D3T-A-L1-I09,coverage,1,3,0,-28,-0x1.c000000000000p+4,-22.500000089639798,-0x1.6800001810000p+4
D3T-A-L1-I09,coverage,1,4,0,-29.75,-0x1.dc00000000000p+4,-22.062500523403287,-0x1.6100008c80000p+4
D3T-A-L1-I09,coverage,1,5,0,-30.125,-0x1.e200000000000p+4,-22.250000411644578,-0x1.6400006e80000p+4
D3T-A-L1-I09,coverage,1,6,0,-29.75,-0x1.dc00000000000p+4,-22.749999510589987,-0x1.6bffff7ca0000p+4
D3T-A-L1-I09,coverage,1,7,0,-29.625,-0x1.da00000000000p+4,-22.062500236555934,-0x1.6100003f80000p+4
D3T-A-L1-I09,coverage,1,8,0,-29.5,-0x1.d800000000000p+4,-21.812499064952135,-0x1.5cffff0500000p+4
D3T-A-L1-I10,coverage,1,0,1,-14.25,-0x1.c800000000000p+3,-22.624999145045877,-0x1.69ffff1a80000p+4
D3T-A-L1-I10,coverage,1,1,1,32.5,0x1.0400000000000p+5,21.749999895691872,0x1.5bffffe400000p+4
D3T-A-L1-I10,coverage,1,2,0,-27,-0x1.b000000000000p+4,-23.25000088789966,-0x1.740000ee58000p+4
D3T-A-L1-I10,coverage,1,3,0,-28.875,-0x1.ce00000000000p+4,-21.124999552965164,-0x1.51ffff8800000p+4
D3T-A-L1-I10,coverage,1,4,0,-29,-0x1.d000000000000p+4,-22.312500923871994,-0x1.650000f800000p+4
D3T-A-L1-I10,coverage,1,5,0,-29.75,-0x1.dc00000000000p+4,-22.874999439576641,-0x1.6dffff6990000p+4
D3T-A-L1-I10,coverage,1,6,0,-29.625,-0x1.da00000000000p+4,-21.374999240040779,-0x1.55ffff3400000p+4
D3T-A-L1-I10,coverage,1,7,0,-30.125,-0x1.e200000000000p+4,-22.125000754836947,-0x1.620000caa0000p+4
D3T-A-L1-I10,coverage,1,8,0,-30.375,-0x1.e600000000000p+4,-22.249999796040356,-0x1.63ffffc940000p+4
D3T-A-L1-I11,coverage,1,0,1,-25.125,-0x1.9200000000000p+4,-22.187500517815351,-0x1.6300008b00000p+4
D3T-A-L1-I11,coverage,1,1,1,33,0x1.0800000000000p+5,22.312500653788447,0x1.650000af80000p+4
D3T-A-L1-I11,coverage,1,2,0,-27.125,-0x1.b200000000000p+4,-23.124999159481376,-0x1.71ffff1e60000p+4
D3T-A-L1-I11,coverage,1,3,0,-28.25,-0x1.c400000000000p+4,-23.062500745756552,-0x1.710000c830000p+4
D3T-A-L1-I11,coverage,1,4,0,-29,-0x1.d000000000000p+4,-22.562499995576218,-0x1.68fffffed0000p+4
D3T-A-L1-I11,coverage,1,5,0,-29.25,-0x1.d400000000000p+4,-22.812499348539859,-0x1.6cffff5120000p+4
D3T-A-L1-I11,coverage,1,6,0,-28.75,-0x1.cc00000000000p+4,-22.562499275431037,-0x1.68ffff3d80000p+4
D3T-A-L1-I11,coverage,1,7,0,-28.75,-0x1.cc00000000000p+4,-22.437499740161002,-0x1.66ffffba40000p+4
D3T-A-L1-I11,coverage,1,8,0,-28.375,-0x1.c600000000000p+4,-22.25000016624108,-0x1.6400002ca0000p+4
D3T-A-L2-I00,coverage,2,0,1,-24.5,-0x1.8800000000000p+4,-21.499999795109034,-0x1.57ffffc900000p+4
D3T-A-L2-I00,coverage,2,1,1,32,0x1.0000000000000p+5,21.749999698717147,0x1.5bffffaf20000p+4
D3T-A-L2-I00,coverage,2,2,1,24.5,0x1.8800000000000p+4,21.062499507330358,0x1.50ffff7bc0000p+4
D3T-A-L2-I00,coverage,2,3,0,-11.75,-0x1.7800000000000p+3,-21.624999865423888,-0x1.59ffffdbe0000p+4
D3T-A-L2-I00,coverage,2,4,0,-25,-0x1.9000000000000p+4,-22.937500749132596,-0x1.6f0000c918000p+4
D3T-A-L2-I00,coverage,2,5,0,-27.375,-0x1.b600000000000p+4,-21.687499694526196,-0x1.5affffae00000p+4
D3T-A-L2-I00,coverage,2,6,0,-28.375,-0x1.c600000000000p+4,-22.062500667059794,-0x1.610000b310000p+4
D3T-A-L2-I00,coverage,2,7,0,-28,-0x1.c000000000000p+4,-21.062499612569809,-0x1.50ffff9800000p+4
D3T-A-L2-I00,coverage,2,8,0,-28.25,-0x1.c400000000000p+4,-22.874999741557986,-0x1.6dffffbaa0000p+4
D3T-A-L2-I01,coverage,2,0,1,-25.375,-0x1.9600000000000p+4,-21.437499450519681,-0x1.56ffff6c80000p+4
D3T-A-L2-I01,coverage,2,1,1,32.75,0x1.0600000000000p+5,21.500000350177288,0x1.5800005e00000p+4
D3T-A-L2-I01,coverage,2,2,1,-28,-0x1.c000000000000p+4,20.6249994863756,0x1.49ffff7620000p+4
D3T-A-L2-I01,coverage,2,3,0,-29.25,-0x1.d400000000000p+4,-22.062499492662027,-0x1.60ffff77d0000p+4
D3T-A-L2-I01,coverage,2,4,0,-29.5,-0x1.d800000000000p+4,-22.187499791383743,-0x1.62ffffc800000p+4
D3T-A-L2-I01,coverage,2,5,0,-29.875,-0x1.de00000000000p+4,-22.437499751336873,-0x1.66ffffbd40000p+4
D3T-A-L2-I01,coverage,2,6,0,-29.875,-0x1.de00000000000p+4,-21.937500805128366,-0x1.5f0000d820000p+4
D3T-A-L2-I01,coverage,2,7,0,-29.75,-0x1.dc00000000000p+4,-22.499999607214704,-0x1.67ffff9690000p+4
D3T-A-L2-I01,coverage,2,8,0,-29.25,-0x1.d400000000000p+4,-21.562500895000994,-0x1.590000f040000p+4
D3T-A-L2-I02,coverage,2,0,1,-25.625,-0x1.9a00000000000p+4,-22.249999857624061,-0x1.63ffffd9c8000p+4
D3T-A-L2-I02,coverage,2,1,1,33.125,0x1.0900000000000p+5,22.875000764266588,0x1.6e0000cd28000p+4
D3T-A-L2-I02,coverage,2,2,1,1,0x1.0000000000000p+0,18.874999121995643,0x1.2dffff1450000p+4
D3T-A-L2-I02,coverage,2,3,0,-27.125,-0x1.b200000000000p+4,-22.062500710890163,-0x1.610000bed4000p+4
D3T-A-L2-I02,coverage,2,4,0,-28.375,-0x1.c600000000000p+4,-22.500000609084964,-0x1.680000a380000p+4
D3T-A-L2-I02,coverage,2,5,0,-28.75,-0x1.cc00000000000p+4,-22.249999609950464,-0x1.63ffff974c000p+4
D3T-A-L2-I02,coverage,2,6,0,-28.5,-0x1.c800000000000p+4,-21.375000428408384,-0x1.5600007300000p+4
D3T-A-L2-I02,coverage,2,7,0,-29,-0x1.d000000000000p+4,-21.562499201158062,-0x1.58ffff2990000p+4
D3T-A-L2-I02,coverage,2,8,0,-28.25,-0x1.c400000000000p+4,-21.875000599771738,-0x1.5e0000a100000p+4
D3T-A-L2-I03,coverage,2,0,1,-26,-0x1.a000000000000p+4,15.374999762432708,0x1.ebffff8075000p+3
D3T-A-L2-I03,coverage,2,1,1,34,0x1.1000000000000p+5,23.499999441264663,0x1.77ffff6a04000p+4
D3T-A-L2-I03,coverage,2,2,1,29.125,0x1.d200000000000p+4,21.749999363906682,0x1.5bffff5540000p+4
D3T-A-L2-I03,coverage,2,3,0,-14,-0x1.c000000000000p+3,-21.624999989755452,-0x1.59fffffd40000p+4
D3T-A-L2-I03,coverage,2,4,0,-26.25,-0x1.a400000000000p+4,-21.999999347375706,-0x1.5fffff50d0000p+4
D3T-A-L2-I03,coverage,2,5,0,-28.125,-0x1.c200000000000p+4,-21.687499998603016,-0x1.5affffffa0000p+4
D3T-A-L2-I03,coverage,2,6,0,-29.375,-0x1.d600000000000p+4,-21.875000108731911,-0x1.5e00001d30000p+4
D3T-A-L2-I03,coverage,2,7,0,-29.5,-0x1.d800000000000p+4,-22.124999763444066,-0x1.61ffffc080000p+4
D3T-A-L2-I03,coverage,2,8,0,-28.5,-0x1.c800000000000p+4,-22.249999435385689,-0x1.63ffff6870000p+4
D3T-A-L2-I04,coverage,2,0,1,-25.75,-0x1.9c00000000000p+4,-20.500000590458512,-0x1.4800009e80000p+4
D3T-A-L2-I04,coverage,2,1,1,33.75,0x1.0e00000000000p+5,22.18750005797483,0x1.6300000f90000p+4
D3T-A-L2-I04,coverage,2,2,1,28.5,0x1.c800000000000p+4,19.937500128755346,0x1.3f00002290000p+4
D3T-A-L2-I04,coverage,2,3,0,5,0x1.4000000000000p+2,-22.562500227126293,-0x1.6900003cf8000p+4
D3T-A-L2-I04,coverage,2,4,0,-22.5,-0x1.6800000000000p+4,-21.18750074878335,-0x1.530000c900000p+4
D3T-A-L2-I04,coverage,2,5,0,-26.75,-0x1.ac00000000000p+4,-21.562500403262675,-0x1.5900006c40000p+4
D3T-A-L2-I04,coverage,2,6,0,-27.75,-0x1.bc00000000000p+4,-22.125000422354788,-0x1.6200007160000p+4
D3T-A-L2-I04,coverage,2,7,0,-28.75,-0x1.cc00000000000p+4,-22.812500366242602,-0x1.6d00006250000p+4
D3T-A-L2-I04,coverage,2,8,0,-28.375,-0x1.c600000000000p+4,-21.375000704079866,-0x1.560000bd00000p+4
D3T-A-L2-I05,coverage,2,0,1,-25.125,-0x1.9200000000000p+4,-21.687499552033842,-0x1.5affff87c0000p+4
D3T-A-L2-I05,coverage,2,1,1,32.625,0x1.0500000000000p+5,21.687500081490725,0x1.5b000015e0000p+4
D3T-A-L2-I05,coverage,2,2,1,8,0x1.0000000000000p+3,21.437500345986336,0x1.5700005ce0000p+4
D3T-A-L2-I05,coverage,2,3,0,-26.25,-0x1.a400000000000p+4,-21.937499117804691,-0x1.5effff1330000p+4
D3T-A-L2-I05,coverage,2,4,0,-28.5,-0x1.c800000000000p+4,-22.124999303370714,-0x1.61ffff4500000p+4
D3T-A-L2-I05,coverage,2,5,0,-29.25,-0x1.d400000000000p+4,-22.125000908970833,-0x1.620000f400000p+4
D3T-A-L2-I05,coverage,2,6,0,-29,-0x1.d000000000000p+4,-21.437499669380486,-0x1.56ffffa740000p+4
D3T-A-L2-I05,coverage,2,7,0,-29.5,-0x1.d800000000000p+4,-22.437939863651991,-0x1.6701cd3b00000p+4
D3T-A-L2-I05,coverage,2,8,0,-28.75,-0x1.cc00000000000p+4,-21.812499057501554,-0x1.5cffff0300000p+4
D3T-A-L2-I06,coverage,2,0,1,-25.5,-0x1.9800000000000p+4,-21.812500379048288,-0x1.5d000065c0000p+4
D3T-A-L2-I06,coverage,2,1,1,32.25,0x1.0200000000000p+5,21.062500609084964,0x1.510000a380000p+4
D3T-A-L2-I06,coverage,2,2,1,-22.25,-0x1.6400000000000p+4,21.187500616535544,0x1.530000a580000p+4
D3T-A-L2-I06,coverage,2,3,0,-26.875,-0x1.ae00000000000p+4,-22.062500422354788,-0x1.6100007160000p+4
D3T-A-L2-I06,coverage,2,4,0,-27.25,-0x1.b400000000000p+4,-21.437499227002263,-0x1.56ffff3080000p+4
D3T-A-L2-I06,coverage,2,5,0,-27.875,-0x1.be00000000000p+4,-22.625000597650796,-0x1.6a0000a06e400p+4
D3T-A-L2-I06,coverage,2,6,0,-26.875,-0x1.ae00000000000p+4,-21.68750093691051,-0x1.5b0000fb80000p+4
D3T-A-L2-I06,coverage,2,7,0,-28.625,-0x1.ca00000000000p+4,-21.562500830274075,-0x1.590000dee0000p+4
D3T-A-L2-I06,coverage,2,8,0,-28.625,-0x1.ca00000000000p+4,-21.312500855885446,-0x1.550000e5c0000p+4
D3T-A-L2-I07,coverage,2,0,1,-24.75,-0x1.8c00000000000p+4,-21.187499559309799,-0x1.52ffff89b4000p+4
D3T-A-L2-I07,coverage,2,1,1,32.625,0x1.0500000000000p+5,21.312500290572643,0x1.5500004e00000p+4
D3T-A-L2-I07,coverage,2,2,1,20.375,0x1.4600000000000p+4,20.25000008684583,0x1.4400001750000p+4
D3T-A-L2-I07,coverage,2,3,0,-12.25,-0x1.8800000000000p+3,-22.500000015832484,-0x1.6800000440000p+4
D3T-A-L2-I07,coverage,2,4,0,-25,-0x1.9000000000000p+4,-21.937499102205038,-0x1.5effff0f00000p+4
D3T-A-L2-I07,coverage,2,5,0,-25.875,-0x1.9e00000000000p+4,-21.687499765306711,-0x1.5affffc100000p+4
D3T-A-L2-I07,coverage,2,6,0,-26,-0x1.a000000000000p+4,-21.812500014901161,-0x1.5d00000400000p+4
D3T-A-L2-I07,coverage,2,7,0,-27.5,-0x1.b800000000000p+4,-21.999999432358891,-0x1.5fffff67a0000p+4
D3T-A-L2-I07,coverage,2,8,0,-27.375,-0x1.b600000000000p+4,-22.124999541323632,-0x1.61ffff84e0000p+4
D3T-A-L2-I08,coverage,2,0,1,-26.375,-0x1.a600000000000p+4,-20.750000029802322,-0x1.4c00000800000p+4
D3T-A-L2-I08,coverage,2,1,1,33,0x1.0800000000000p+5,21.31250065844506,0x1.550000b0c0000p+4
D3T-A-L2-I08,coverage,2,2,1,-0.5,-0x1.0000000000000p-1,21.374999922700226,0x1.55ffffeb40000p+4
D3T-A-L2-I08,coverage,2,3,0,-24.5,-0x1.8800000000000p+4,-21.50000013038516,-0x1.5800002300000p+4
D3T-A-L2-I08,coverage,2,4,0,-27.625,-0x1.ba00000000000p+4,-21.562500942498446,-0x1.590000fd00000p+4
D3T-A-L2-I08,coverage,2,5,0,-28.125,-0x1.c200000000000p+4,-22.93749931443017,-0x1.6effff47f8000p+4
D3T-A-L2-I08,coverage,2,6,0,-28.5,-0x1.c800000000000p+4,-21.687500395346433,-0x1.5b00006a20000p+4
D3T-A-L2-I08,coverage,2,7,0,-29.75,-0x1.dc00000000000p+4,-21.812499770894647,-0x1.5cffffc280000p+4
D3T-A-L2-I08,coverage,2,8,0,-29.125,-0x1.d200000000000p+4,-20.937499676831067,-0x1.4effffa940000p+4
D3T-A-L2-I09,coverage,2,0,1,-26.25,-0x1.a400000000000p+4,-20.56249924749136,-0x1.48ffff3600000p+4
D3T-A-L2-I09,coverage,2,1,1,33.625,0x1.0d00000000000p+5,23.43750073807314,0x1.770000c620000p+4
D3T-A-L2-I09,coverage,2,2,1,30.625,0x1.ea00000000000p+4,21.374999947613105,0x1.55fffff1f0000p+4
D3T-A-L2-I09,coverage,2,3,0,2.75,0x1.6000000000000p+1,-22.062499760184437,-0x1.60ffffbfa0000p+4
D3T-A-L2-I09,coverage,2,4,0,-23.125,-0x1.7200000000000p+4,-22.937500733882189,-0x1.6f0000c500000p+4
D3T-A-L2-I09,coverage,2,5,0,-26.875,-0x1.ae00000000000p+4,-22.375000344822183,-0x1.6600005c90000p+4
D3T-A-L2-I09,coverage,2,6,0,-28.125,-0x1.c200000000000p+4,-21.687500339001417,-0x1.5b00005b00000p+4
D3T-A-L2-I09,coverage,2,7,0,-28.625,-0x1.ca00000000000p+4,-21.750000110827386,-0x1.5c00001dc0000p+4
D3T-A-L2-I09,coverage,2,8,0,-28.375,-0x1.c600000000000p+4,-21.874999638646841,-0x1.5dffff9f00000p+4
D3T-A-L2-I10,coverage,2,0,1,-26.875,-0x1.ae00000000000p+4,-22.062500676140189,-0x1.610000b580000p+4
D3T-A-L2-I10,coverage,2,1,1,33.5,0x1.0c00000000000p+5,21.187499223276973,0x1.52ffff2f80000p+4
D3T-A-L2-I10,coverage,2,2,1,28.125,0x1.c200000000000p+4,22.062499213963747,0x1.60ffff2d00000p+4
D3T-A-L2-I10,coverage,2,3,0,-17.875,-0x1.1e00000000000p+4,-21.812500067986548,-0x1.5d00001240000p+4
D3T-A-L2-I10,coverage,2,4,0,-25.25,-0x1.9400000000000p+4,-22.500000899424776,-0x1.680000f170000p+4
D3T-A-L2-I10,coverage,2,5,0,-26.875,-0x1.ae00000000000p+4,-21.999999365303665,-0x1.5fffff55a0000p+4
D3T-A-L2-I10,coverage,2,6,0,-28.25,-0x1.c400000000000p+4,-22.125000105705112,-0x1.6200001c60000p+4
D3T-A-L2-I10,coverage,2,7,0,-28.625,-0x1.ca00000000000p+4,-21.187499241437763,-0x1.52ffff3460000p+4
D3T-A-L2-I10,coverage,2,8,0,-28.5,-0x1.c800000000000p+4,-22.000000082887709,-0x1.6000001640000p+4
D3T-A-L2-I11,coverage,2,0,1,-25,-0x1.9000000000000p+4,-21.499999508261681,-0x1.57ffff7c00000p+4
D3T-A-L2-I11,coverage,2,1,1,33.125,0x1.0900000000000p+5,21.68749916786328,0x1.5affff20a0000p+4
D3T-A-L2-I11,coverage,2,2,1,24.75,0x1.8c00000000000p+4,21.437499875668436,0x1.56ffffdea0000p+4
D3T-A-L2-I11,coverage,2,3,0,-11.25,-0x1.6800000000000p+3,-21.812499549239874,-0x1.5cffff8700000p+4
D3T-A-L2-I11,coverage,2,4,0,-26.125,-0x1.a200000000000p+4,-21.625000074505806,-0x1.5a00001400000p+4
D3T-A-L2-I11,coverage,2,5,0,-29.125,-0x1.d200000000000p+4,-21.312499171122909,-0x1.54ffff2180000p+4
D3T-A-L2-I11,coverage,2,6,0,-28.5,-0x1.c800000000000p+4,-21.687499475898221,-0x1.5affff7350000p+4
D3T-A-L2-I11,coverage,2,7,0,-29.25,-0x1.d400000000000p+4,-22.187499073334038,-0x1.62ffff0740000p+4
D3T-A-L2-I11,coverage,2,8,0,-28.75,-0x1.cc00000000000p+4,-21.437500506639481,-0x1.5700008800000p+4
D3T-A-L3-I00,coverage,3,0,1,-25.75,-0x1.9c00000000000p+4,-20.687500239349902,-0x1.4b00004040000p+4
D3T-A-L3-I00,coverage,3,1,1,34,0x1.1000000000000p+5,21.625000450760126,0x1.5a00007900000p+4
D3T-A-L3-I00,coverage,3,2,1,30.375,0x1.e600000000000p+4,21.500000137835741,0x1.5800002500000p+4
D3T-A-L3-I00,coverage,3,3,1,13,0x1.a000000000000p+3,21.875000349245965,0x1.5e00005dc0000p+4
D3T-A-L3-I00,coverage,3,4,0,-20.125,-0x1.4200000000000p+4,-22.187499694991857,-0x1.62ffffae20000p+4
D3T-A-L3-I00,coverage,3,5,0,-25.125,-0x1.9200000000000p+4,-22.124999619089067,-0x1.61ffff99c0000p+4
D3T-A-L3-I00,coverage,3,6,0,-27.25,-0x1.b400000000000p+4,-21.375000225845724,-0x1.5600003ca0000p+4
D3T-A-L3-I00,coverage,3,7,0,-27.5,-0x1.b800000000000p+4,-21.249999952502549,-0x1.53fffff340000p+4
D3T-A-L3-I00,coverage,3,8,0,-27.5,-0x1.b800000000000p+4,-21.312500139698386,-0x1.5500002580000p+4
D3T-A-L3-I01,coverage,3,0,1,-27,-0x1.b000000000000p+4,-20.624999761581421,-0x1.49ffffc000000p+4
D3T-A-L3-I01,coverage,3,1,1,33.5,0x1.0c00000000000p+5,21.93750043772161,0x1.5f00007580000p+4
D3T-A-L3-I01,coverage,3,2,1,29.375,0x1.d600000000000p+4,21.062500837491825,0x1.510000e0d0000p+4
D3T-A-L3-I01,coverage,3,3,1,12.75,0x1.9800000000000p+3,20.43750030384399,0x1.4700005190000p+4
D3T-A-L3-I01,coverage,3,4,0,-17.25,-0x1.1400000000000p+4,-21.999999532941729,-0x1.5fffff82a0000p+4
D3T-A-L3-I01,coverage,3,5,0,-26,-0x1.a000000000000p+4,-21.187500790809281,-0x1.530000d448000p+4
D3T-A-L3-I01,coverage,3,6,0,-25.5,-0x1.9800000000000p+4,-20.749999735737219,-0x1.4bffffb910000p+4
D3T-A-L3-I01,coverage,3,7,0,-27.5,-0x1.b800000000000p+4,-21.43750064400956,-0x1.570000ace0000p+4
D3T-A-L3-I01,coverage,3,8,0,-27.5,-0x1.b800000000000p+4,-21.312500432133675,-0x1.5500007400000p+4
D3T-A-L3-I02,coverage,3,0,1,-28.625,-0x1.ca00000000000p+4,-22.437499860301614,-0x1.66ffffda80000p+4
D3T-A-L3-I02,coverage,3,1,1,34,0x1.1000000000000p+5,21.687499843072146,0x1.5affffd5e0000p+4
D3T-A-L3-I02,coverage,3,2,1,31.75,0x1.fc00000000000p+4,20.875000583007932,0x1.4e00009c80000p+4
D3T-A-L3-I02,coverage,3,3,1,28.125,0x1.c200000000000p+4,20.875000935979187,0x1.4e0000fb40000p+4
D3T-A-L3-I02,coverage,3,4,0,20.5,0x1.4800000000000p+4,-21.999999559950083,-0x1.5fffff89e0000p+4
D3T-A-L3-I02,coverage,3,5,0,-10.25,-0x1.4800000000000p+3,-22.00000028219074,-0x1.6000004bc0000p+4
D3T-A-L3-I02,coverage,3,6,0,-24.875,-0x1.8e00000000000p+4,-22.374999258085154,-0x1.65ffff38d8000p+4
D3T-A-L3-I02,coverage,3,7,0,-25.875,-0x1.9e00000000000p+4,-22.624999894760549,-0x1.69ffffe3c0000p+4
D3T-A-L3-I02,coverage,3,8,0,-26.125,-0x1.a200000000000p+4,-21.312500653788447,-0x1.550000af80000p+4
D3T-A-L3-I03,coverage,3,0,1,-24,-0x1.8000000000000p+4,-22.687500200234354,-0x1.6b000035c0000p+4
D3T-A-L3-I03,coverage,3,1,1,32.125,0x1.0100000000000p+5,21.250000016763806,0x1.5400000480000p+4
D3T-A-L3-I03,coverage,3,2,1,10,0x1.4000000000000p+3,20.375000293366611,0x1.4600004ec0000p+4
D3T-A-L3-I03,coverage,3,3,1,-19.75,-0x1.3c00000000000p+4,20.624999598134309,0x1.49ffff9420000p+4
D3T-A-L3-I03,coverage,3,4,0,-26.875,-0x1.ae00000000000p+4,-22.750000039348379,-0x1.6c00000a90000p+4
D3T-A-L3-I03,coverage,3,5,0,-28.125,-0x1.c200000000000p+4,-21.937499358784407,-0x1.5effff53e0000p+4
D3T-A-L3-I03,coverage,3,6,0,-28.375,-0x1.c600000000000p+4,-21.374999303370714,-0x1.55ffff4500000p+4
D3T-A-L3-I03,coverage,3,7,0,-28.5,-0x1.c800000000000p+4,-21.437500722240657,-0x1.570000c1e0000p+4
D3T-A-L3-I03,coverage,3,8,0,-28,-0x1.c000000000000p+4,-21.937499252147973,-0x1.5effff3740000p+4
D3T-A-L3-I04,coverage,3,0,1,-24.625,-0x1.8a00000000000p+4,-23.000000746455044,-0x1.700000c860000p+4
D3T-A-L3-I04,coverage,3,1,1,33.25,0x1.0a00000000000p+5,22.562499338760972,0x1.68ffff4e80000p+4
D3T-A-L3-I04,coverage,3,2,1,27.75,0x1.bc00000000000p+4,22.625000733532943,0x1.6a0000c4e8000p+4
D3T-A-L3-I04,coverage,3,3,1,4.75,0x1.3000000000000p+2,20.937499605352059,0x1.4effff9610000p+4
D3T-A-L3-I04,coverage,3,4,0,-21.125,-0x1.5200000000000p+4,-21.749999234918505,-0x1.5bffff32a0000p+4
D3T-A-L3-I04,coverage,3,5,0,-26,-0x1.a000000000000p+4,-22.062499371764716,-0x1.60ffff575c000p+4
D3T-A-L3-I04,coverage,3,6,0,-27.25,-0x1.b400000000000p+4,-22.37499988777563,-0x1.65ffffe1e0000p+4
D3T-A-L3-I04,coverage,3,7,0,-27.5,-0x1.b800000000000p+4,-21.812500891974196,-0x1.5d0000ef70000p+4
D3T-A-L3-I04,coverage,3,8,0,-28,-0x1.c000000000000p+4,-22.250000881496817,-0x1.640000eca0000p+4
D3T-A-L3-I05,coverage,3,0,1,-26.875,-0x1.ae00000000000p+4,-19.87500090803951,-0x1.3e0000f3c0000p+4
D3T-A-L3-I05,coverage,3,1,1,33.75,0x1.0e00000000000p+5,20.874999563209713,0x1.4dffff8ac0000p+4
D3T-A-L3-I05,coverage,3,2,1,-18,-0x1.2000000000000p+4,20.312500290106982,0x1.4500004de0000p+4
D3T-A-L3-I05,coverage,3,3,1,-26.75,-0x1.ac00000000000p+4,19.874999065184966,0x1.3dffff0510000p+4
D3T-A-L3-I05,coverage,3,4,0,-28.75,-0x1.cc00000000000p+4,-20.750000163447112,-0x1.4c00002be0000p+4
D3T-A-L3-I05,coverage,3,5,0,-28.625,-0x1.ca00000000000p+4,-21.687500463798642,-0x1.5b00007c80000p+4
D3T-A-L3-I05,coverage,3,6,0,-28.625,-0x1.ca00000000000p+4,-22.06249948986806,-0x1.60ffff7710000p+4
D3T-A-L3-I05,coverage,3,7,0,-29.625,-0x1.da00000000000p+4,-21.625000946689397,-0x1.5a0000fe20000p+4
D3T-A-L3-I05,coverage,3,8,0,-28.75,-0x1.cc00000000000p+4,-21.437499941326678,-0x1.56fffff040000p+4
D3T-A-L3-I06,coverage,3,0,1,-25.625,-0x1.9a00000000000p+4,-19.500000447966158,-0x1.3800007840000p+4
D3T-A-L3-I06,coverage,3,1,1,33.375,0x1.0b00000000000p+5,22.187499662395567,0x1.62ffffa560000p+4
D3T-A-L3-I06,coverage,3,2,1,26,0x1.a000000000000p+4,21.687499800696969,0x1.5affffca80000p+4
D3T-A-L3-I06,coverage,3,3,1,-2.5,-0x1.4000000000000p+1,23.37500077963341,0x1.760000d148000p+4
D3T-A-L3-I06,coverage,3,4,0,-25.75,-0x1.9c00000000000p+4,-22.000000817002729,-0x1.600000db50000p+4
D3T-A-L3-I06,coverage,3,5,0,-27.125,-0x1.b200000000000p+4,-22.562499347608536,-0x1.68ffff50e0000p+4
D3T-A-L3-I06,coverage,3,6,0,-27.75,-0x1.bc00000000000p+4,-21.312499997904524,-0x1.54ffffff70000p+4
D3T-A-L3-I06,coverage,3,7,0,-28.25,-0x1.c400000000000p+4,-20.99999988777563,-0x1.4fffffe1e0000p+4
D3T-A-L3-I06,coverage,3,8,0,-27.5,-0x1.b800000000000p+4,-21.375000227708369,-0x1.5600003d20000p+4
D3T-A-L3-I07,coverage,3,0,1,-19.125,-0x1.3200000000000p+4,-21.249999588355422,-0x1.53ffff9180000p+4
D3T-A-L3-I07,coverage,3,1,1,33.625,0x1.0d00000000000p+5,23.68750009057112,0x1.7b00001850000p+4
D3T-A-L3-I07,coverage,3,2,1,19.5,0x1.3800000000000p+4,21.500000101048499,0x1.5800001b20000p+4
D3T-A-L3-I07,coverage,3,3,1,-20.5,-0x1.4800000000000p+4,21.062499369028956,0x1.50ffff56a0000p+4
D3T-A-L3-I07,coverage,3,4,0,-26.25,-0x1.a400000000000p+4,-22.687500881496817,-0x1.6b0000eca0000p+4
D3T-A-L3-I07,coverage,3,5,0,-27.625,-0x1.ba00000000000p+4,-21.56250046286732,-0x1.5900007c40000p+4
D3T-A-L3-I07,coverage,3,6,0,-28.25,-0x1.c400000000000p+4,-22.625000941159669,-0x1.6a0000fca4000p+4
D3T-A-L3-I07,coverage,3,7,0,-28.5,-0x1.c800000000000p+4,-21.812500918284059,-0x1.5d0000f680000p+4
D3T-A-L3-I07,coverage,3,8,0,-28.125,-0x1.c200000000000p+4,-21.562499680556357,-0x1.58ffffaa40000p+4
D3T-A-L3-I08,coverage,3,0,1,-25.25,-0x1.9400000000000p+4,-21.187499552965164,-0x1.52ffff8800000p+4
D3T-A-L3-I08,coverage,3,1,1,33.25,0x1.0a00000000000p+5,21.874999234918505,0x1.5dffff32a0000p+4
D3T-A-L3-I08,coverage,3,2,1,29.5,0x1.d800000000000p+4,20.687500291038305,0x1.4b00004e20000p+4
D3T-A-L3-I08,coverage,3,3,1,6.25,0x1.9000000000000p+2,20.749999098479748,0x1.4bffff0e00000p+4
D3T-A-L3-I08,coverage,3,4,0,-17.375,-0x1.1600000000000p+4,-21.562500482425094,-0x1.5900008180000p+4
D3T-A-L3-I08,coverage,3,5,0,-24.125,-0x1.8200000000000p+4,-21.250000422820449,-0x1.5400007180000p+4
D3T-A-L3-I08,coverage,3,6,0,-27.125,-0x1.b200000000000p+4,-21.624999133171514,-0x1.59ffff1750000p+4
D3T-A-L3-I08,coverage,3,7,0,-27.375,-0x1.b600000000000p+4,-21.812499256804585,-0x1.5cffff3880000p+4
D3T-A-L3-I08,coverage,3,8,0,-27.25,-0x1.b400000000000p+4,-21.312499958090484,-0x1.54fffff4c0000p+4
D3T-A-L3-I09,coverage,3,0,1,-26,-0x1.a000000000000p+4,14.999999535735697,0x1.dfffff06c0000p+3
D3T-A-L3-I09,coverage,3,1,1,34.25,0x1.1200000000000p+5,21.937499209307134,0x1.5effff2bc0000p+4
D3T-A-L3-I09,coverage,3,2,1,27.75,0x1.bc00000000000p+4,21.500000116531737,0x1.5800001f48000p+4
D3T-A-L3-I09,coverage,3,3,1,5.5,0x1.6000000000000p+2,21.562499263789505,0x1.58ffff3a60000p+4
D3T-A-L3-I09,coverage,3,4,0,-19,-0x1.3000000000000p+4,-22.062500497791916,-0x1.61000085a0000p+4
D3T-A-L3-I09,coverage,3,5,0,-26.75,-0x1.ac00000000000p+4,-22.062499836785719,-0x1.60ffffd430000p+4
D3T-A-L3-I09,coverage,3,6,0,-28.75,-0x1.cc00000000000p+4,-22.937499397259671,-0x1.6effff5e34000p+4
D3T-A-L3-I09,coverage,3,7,0,-29,-0x1.d000000000000p+4,-22.437499677529559,-0x1.66ffffa970000p+4
D3T-A-L3-I09,coverage,3,8,0,-28.5,-0x1.c800000000000p+4,-21.812500106636435,-0x1.5d00001ca0000p+4
D3T-A-L3-I10,coverage,3,0,1,-28.125,-0x1.c200000000000p+4,-20.999999931082129,-0x1.4fffffed80000p+4
D3T-A-L3-I10,coverage,3,1,1,33.375,0x1.0b00000000000p+5,21.812500160187483,0x1.5d00002b00000p+4
D3T-A-L3-I10,coverage,3,2,1,32,0x1.0000000000000p+5,20.500000791391358,0x1.480000d470000p+4
D3T-A-L3-I10,coverage,3,3,1,27.125,0x1.b200000000000p+4,20.249999793246388,0x1.43ffffc880000p+4
D3T-A-L3-I10,coverage,3,4,0,7.25,0x1.d000000000000p+2,-21.500000503845513,-0x1.5800008740000p+4
D3T-A-L3-I10,coverage,3,5,0,-11.25,-0x1.6800000000000p+3,-22.374999446445145,-0x1.65ffff6b68000p+4
D3T-A-L3-I10,coverage,3,6,0,-21.25,-0x1.5400000000000p+4,-21.812499682884663,-0x1.5cffffaae0000p+4
D3T-A-L3-I10,coverage,3,7,0,-21.75,-0x1.5c00000000000p+4,-21.812499174615368,-0x1.5cffff2270000p+4
D3T-A-L3-I10,coverage,3,8,0,-25.5,-0x1.9800000000000p+4,-20.875000052154064,-0x1.4e00000e00000p+4
D3T-A-L3-I11,coverage,3,0,1,-26.125,-0x1.a200000000000p+4,-21.874999850988388,-0x1.5dffffd800000p+4
D3T-A-L3-I11,coverage,3,1,1,33.25,0x1.0a00000000000p+5,21.81250018440187,0x1.5d00003180000p+4
D3T-A-L3-I11,coverage,3,2,1,30.5,0x1.e800000000000p+4,21.812500422587618,0x1.5d00007170000p+4
D3T-A-L3-I11,coverage,3,3,1,22.25,0x1.6400000000000p+4,21.062499849591404,0x1.50ffffd7a0000p+4
D3T-A-L3-I11,coverage,3,4,0,-5,-0x1.4000000000000p+2,-21.750000053551048,-0x1.5c00000e60000p+4
D3T-A-L3-I11,coverage,3,5,0,-15.375,-0x1.ec00000000000p+3,-21.43750051734969,-0x1.5700008ae0000p+4
D3T-A-L3-I11,coverage,3,6,0,-20.125,-0x1.4200000000000p+4,-22.750000245519914,-0x1.6c000041e8000p+4
D3T-A-L3-I11,coverage,3,7,0,-25.625,-0x1.9a00000000000p+4,-21.562499271705747,-0x1.58ffff3c80000p+4
D3T-A-L3-I11,coverage,3,8,0,-26,-0x1.a000000000000p+4,-21.249999445863068,-0x1.53ffff6b40000p+4
D3T-A-L4-I00,coverage,4,0,1,-26.625,-0x1.aa00000000000p+4,-20.687499418854713,-0x1.4affff6400000p+4
D3T-A-L4-I00,coverage,4,1,1,33.375,0x1.0b00000000000p+5,22.625000718981028,0x1.6a0000c100000p+4
D3T-A-L4-I00,coverage,4,2,1,30.625,0x1.ea00000000000p+4,21.187499413732439,0x1.52ffff62a0000p+4
D3T-A-L4-I00,coverage,4,3,1,26.375,0x1.a600000000000p+4,20.374999789055437,0x1.45ffffc760000p+4
D3T-A-L4-I00,coverage,4,4,1,5,0x1.4000000000000p+2,20.125000391155481,0x1.4200006900000p+4
D3T-A-L4-I00,coverage,4,5,0,-13.5,-0x1.b000000000000p+3,-21.625000399071723,-0x1.5a00006b20000p+4
D3T-A-L4-I00,coverage,4,6,0,-15.875,-0x1.fc00000000000p+3,-21.999999989988282,-0x1.5ffffffd50000p+4
D3T-A-L4-I00,coverage,4,7,0,-17.125,-0x1.1200000000000p+4,-21.374999339692295,-0x1.55ffff4ec0000p+4
D3T-A-L4-I00,coverage,4,8,0,-23.25,-0x1.7400000000000p+4,-21.812499602790922,-0x1.5cffff9560000p+4
D3T-A-L4-I01,coverage,4,0,1,-26.125,-0x1.a200000000000p+4,-21.18750082841143,-0x1.530000de60000p+4
D3T-A-L4-I01,coverage,4,1,1,32.375,0x1.0300000000000p+5,22.500000317813829,0x1.6800005550000p+4
D3T-A-L4-I01,coverage,4,2,1,31.5,0x1.f800000000000p+4,21.562500172760338,0x1.5900002e60000p+4
D3T-A-L4-I01,coverage,4,3,1,29.625,0x1.da00000000000p+4,20.750000235508196,0x1.4c00003f38000p+4
D3T-A-L4-I01,coverage,4,4,1,24,0x1.8000000000000p+4,20.999999893829226,0x1.4fffffe380000p+4
D3T-A-L4-I01,coverage,4,5,0,8.5,0x1.1000000000000p+3,17.25000062235631,0x1.140000a710000p+4
D3T-A-L4-I01,coverage,4,6,0,-18.625,-0x1.2a00000000000p+4,-21.812500360654667,-0x1.5d000060d0000p+4
D3T-A-L4-I01,coverage,4,7,0,-24,-0x1.8000000000000p+4,-21.500000026077032,-0x1.5800000700000p+4
D3T-A-L4-I01,coverage,4,8,0,-25,-0x1.9000000000000p+4,-20.812500052154064,-0x1.4d00000e00000p+4
D3T-A-L4-I02,coverage,4,0,1,-25.875,-0x1.9e00000000000p+4,-22.56250033993274,-0x1.6900005b40000p+4
D3T-A-L4-I02,coverage,4,1,1,33.5,0x1.0c00000000000p+5,22.437499152496457,0x1.66ffff1c80000p+4
D3T-A-L4-I02,coverage,4,2,1,8.5,0x1.1000000000000p+3,19.687499373219907,0x1.3affff57c0000p+4
D3T-A-L4-I02,coverage,4,3,1,-13.75,-0x1.b800000000000p+3,20.812500725034624,0x1.4d0000c2a0000p+4
D3T-A-L4-I02,coverage,4,4,1,-25,-0x1.9000000000000p+4,21.75000050989911,0x1.5c000088e0000p+4
D3T-A-L4-I02,coverage,4,5,0,-26.125,-0x1.a200000000000p+4,-20.937500759959221,-0x1.4f0000cc00000p+4
D3T-A-L4-I02,coverage,4,6,0,-26.875,-0x1.ae00000000000p+4,-21.81249907752499,-0x1.5cffff0860000p+4
D3T-A-L4-I02,coverage,4,7,0,-28.5,-0x1.c800000000000p+4,-22.062499945051968,-0x1.60fffff140000p+4
D3T-A-L4-I02,coverage,4,8,0,-28.125,-0x1.c200000000000p+4,-22.062500102620106,-0x1.6100001b8c000p+4
D3T-A-L4-I03,coverage,4,0,1,-19.875,-0x1.3e00000000000p+4,-19.312499973922968,-0x1.34fffff900000p+4
D3T-A-L4-I03,coverage,4,1,1,31,0x1.f000000000000p+4,20.937500889413059,0x1.4f0000eec0000p+4
D3T-A-L4-I03,coverage,4,2,1,22.25,0x1.6400000000000p+4,19.749999751569703,0x1.3bffffbd50000p+4
D3T-A-L4-I03,coverage,4,3,1,6.75,0x1.b000000000000p+2,21.249999743886292,0x1.53ffffbb40000p+4
D3T-A-L4-I03,coverage,4,4,1,-17.375,-0x1.1600000000000p+4,19.625000662170351,0x1.3a0000b1c0000p+4
D3T-A-L4-I03,coverage,4,5,0,-25.75,-0x1.9c00000000000p+4,-22.12499956600368,-0x1.61ffff8b80000p+4
D3T-A-L4-I03,coverage,4,6,0,-26.375,-0x1.a600000000000p+4,-21.375000143423676,-0x1.5600002680000p+4
D3T-A-L4-I03,coverage,4,7,0,-27,-0x1.b000000000000p+4,-21.312499459832907,-0x1.54ffff6f00000p+4
D3T-A-L4-I03,coverage,4,8,0,-27.875,-0x1.be00000000000p+4,-21.749999433755875,-0x1.5bffff6800000p+4
D3T-A-L4-I04,coverage,4,0,1,-27.25,-0x1.b400000000000p+4,-21.125000538304448,-0x1.5200009080000p+4
D3T-A-L4-I04,coverage,4,1,1,33.625,0x1.0d00000000000p+5,21.437499765306711,0x1.56ffffc100000p+4
D3T-A-L4-I04,coverage,4,2,1,29.75,0x1.dc00000000000p+4,21.87499959114939,0x1.5dffff9240000p+4
D3T-A-L4-I04,coverage,4,3,1,14.25,0x1.c800000000000p+3,21.062499878578819,0x1.50ffffdf68000p+4
D3T-A-L4-I04,coverage,4,4,1,-15.5,-0x1.f000000000000p+3,18.750000493600965,0x1.2c00008480000p+4
D3T-A-L4-I04,coverage,4,5,0,-21.75,-0x1.5c00000000000p+4,-22.687499433523044,-0x1.6affff67f0000p+4
D3T-A-L4-I04,coverage,4,6,0,-24.875,-0x1.8e00000000000p+4,-21.250000642612576,-0x1.540000ac80000p+4
D3T-A-L4-I04,coverage,4,7,0,-26.625,-0x1.aa00000000000p+4,-22.187500764441211,-0x1.630000cd34000p+4
D3T-A-L4-I04,coverage,4,8,0,-25.5,-0x1.9800000000000p+4,-21.93750001094304,-0x1.5f000002f0000p+4
D3T-A-L4-I05,coverage,4,0,1,-22.5,-0x1.6800000000000p+4,-21.1874995585531,-0x1.52ffff8980000p+4
D3T-A-L4-I05,coverage,4,1,1,32.5,0x1.0400000000000p+5,23.187500545871444,0x1.7300009288000p+4
D3T-A-L4-I05,coverage,4,2,1,18,0x1.2000000000000p+4,21.062499206513166,0x1.50ffff2b00000p+4
D3T-A-L4-I05,coverage,4,3,1,-0.75,-0x1.8000000000000p-1,20.812499264255166,0x1.4cffff3a80000p+4
D3T-A-L4-I05,coverage,4,4,1,-19,-0x1.3000000000000p+4,21.000000226777047,0x1.5000003ce0000p+4
D3T-A-L4-I05,coverage,4,5,0,-25.125,-0x1.9200000000000p+4,-21.81249950453639,-0x1.5cffff7b00000p+4
D3T-A-L4-I05,coverage,4,6,0,-27.375,-0x1.b600000000000p+4,-21.249999850988388,-0x1.53ffffd800000p+4
D3T-A-L4-I05,coverage,4,7,0,-27.75,-0x1.bc00000000000p+4,-22.124999938067049,-0x1.61ffffef60000p+4
D3T-A-L4-I05,coverage,4,8,0,-27.375,-0x1.b600000000000p+4,-21.062500427477062,-0x1.51000072c0000p+4
D3T-A-L4-I06,coverage,4,0,1,-25.375,-0x1.9600000000000p+4,-20.875000693835318,-0x1.4e0000ba40000p+4
D3T-A-L4-I06,coverage,4,1,1,33.5,0x1.0c00000000000p+5,21.374999405583367,0x1.55ffff6070000p+4
D3T-A-L4-I06,coverage,4,2,1,31.75,0x1.fc00000000000p+4,19.875000778120011,0x1.3e0000d0e0000p+4
D3T-A-L4-I06,coverage,4,3,1,19.75,0x1.3c00000000000p+4,20.937500572530553,0x1.4f000099b0000p+4
D3T-A-L4-I06,coverage,4,4,1,-15,-0x1.e000000000000p+3,21.43749980116263,0x1.56ffffcaa0000p+4
D3T-A-L4-I06,coverage,4,5,0,-24.875,-0x1.8e00000000000p+4,-22.249999970663339,-0x1.63fffff820000p+4
D3T-A-L4-I06,coverage,4,6,0,-26.375,-0x1.a600000000000p+4,-20.937499487772584,-0x1.4effff7680000p+4
D3T-A-L4-I06,coverage,4,7,0,-26.875,-0x1.ae00000000000p+4,-20.750000141561031,-0x1.4c00002600000p+4
D3T-A-L4-I06,coverage,4,8,0,-27.25,-0x1.b400000000000p+4,-21.00000011199154,-0x1.5000001e10000p+4
D3T-A-L4-I07,coverage,4,0,1,-24.125,-0x1.8200000000000p+4,-23.18749928753823,-0x1.72ffff40c0000p+4
D3T-A-L4-I07,coverage,4,1,1,33,0x1.0800000000000p+5,21.500000176019967,0x1.5800002f40000p+4
D3T-A-L4-I07,coverage,4,2,1,26.875,0x1.ae00000000000p+4,19.812500799074769,0x1.3d0000d680000p+4
D3T-A-L4-I07,coverage,4,3,1,4,0x1.0000000000000p+2,20.749999990686774,0x1.4bfffffd80000p+4
D3T-A-L4-I07,coverage,4,4,1,-17.25,-0x1.1400000000000p+4,20.437500345520675,0x1.4700005cc0000p+4
D3T-A-L4-I07,coverage,4,5,0,-22.5,-0x1.6800000000000p+4,-21.374999565072358,-0x1.55ffff8b40000p+4
D3T-A-L4-I07,coverage,4,6,0,-23.875,-0x1.7e00000000000p+4,-21.562499905005097,-0x1.58ffffe680000p+4
D3T-A-L4-I07,coverage,4,7,0,-25.125,-0x1.9200000000000p+4,-22.000000352971256,-0x1.6000005ec0000p+4
D3T-A-L4-I07,coverage,4,8,0,-26.75,-0x1.ac00000000000p+4,-21.937500482192263,-0x1.5f00008170000p+4
D3T-A-L4-I08,coverage,4,0,1,-24.125,-0x1.8200000000000p+4,-19.37499937042594,-0x1.35ffff5700000p+4
D3T-A-L4-I08,coverage,4,1,1,33.75,0x1.0e00000000000p+5,20.249999477528036,0x1.43ffff73c0000p+4
D3T-A-L4-I08,coverage,4,2,1,26.375,0x1.a600000000000p+4,20.749999227933586,0x1.4bffff30c0000p+4
D3T-A-L4-I08,coverage,4,3,1,1.25,0x1.4000000000000p+0,20.750000279862434,0x1.4c00004b20000p+4
D3T-A-L4-I08,coverage,4,4,1,-18.125,-0x1.2200000000000p+4,19.499999117106199,0x1.37ffff1300000p+4
D3T-A-L4-I08,coverage,4,5,0,-21.625,-0x1.5a00000000000p+4,-21.062500152736902,-0x1.5100002900000p+4
D3T-A-L4-I08,coverage,4,6,0,-25.375,-0x1.9600000000000p+4,-20.68750049546361,-0x1.4b00008500000p+4
D3T-A-L4-I08,coverage,4,7,0,-27.125,-0x1.b200000000000p+4,-20.499999740161002,-0x1.47ffffba40000p+4
D3T-A-L4-I08,coverage,4,8,0,-26.375,-0x1.a600000000000p+4,-21.875000067986548,-0x1.5e00001240000p+4
D3T-A-L4-I09,coverage,4,0,1,-24.75,-0x1.8c00000000000p+4,18.250000653788447,0x1.240000af80000p+4
D3T-A-L4-I09,coverage,4,1,1,32.875,0x1.0700000000000p+5,22.187500845175236,0x1.630000e2e0000p+4
D3T-A-L4-I09,coverage,4,2,1,24.125,0x1.8200000000000p+4,21.624999227933586,0x1.59ffff30c0000p+4
D3T-A-L4-I09,coverage,4,3,1,3,0x1.8000000000000p+1,22.625000469852239,0x1.6a00007e20000p+4
D3T-A-L4-I09,coverage,4,4,1,-12.5,-0x1.9000000000000p+3,21.312499938998371,0x1.54ffffefa0000p+4
D3T-A-L4-I09,coverage,4,5,0,-19.25,-0x1.3400000000000p+4,-21.812500175321475,-0x1.5d00002f10000p+4
D3T-A-L4-I09,coverage,4,6,0,-23.25,-0x1.7400000000000p+4,-21.187500873580575,-0x1.530000ea80000p+4
D3T-A-L4-I09,coverage,4,7,0,-23.25,-0x1.7400000000000p+4,-20.499999389983714,-0x1.47ffff5c40000p+4
D3T-A-L4-I09,coverage,4,8,0,-25,-0x1.9000000000000p+4,-20.875000865198672,-0x1.4e0000e840000p+4
D3T-A-L4-I10,coverage,4,0,1,-26.375,-0x1.a600000000000p+4,10.250000383704901,0x1.480000ce00000p+3
D3T-A-L4-I10,coverage,4,1,1,33.75,0x1.0e00000000000p+5,22.625000101048499,0x1.6a00001b20000p+4
D3T-A-L4-I10,coverage,4,2,1,29.375,0x1.d600000000000p+4,21.249999580788426,0x1.53ffff8f78000p+4
D3T-A-L4-I10,coverage,4,3,1,23.75,0x1.7c00000000000p+4,21.875000680796802,0x1.5e0000b6c0000p+4
D3T-A-L4-I10,coverage,4,4,1,5.25,0x1.5000000000000p+2,20.374999472871423,0x1.45ffff7280000p+4
D3T-A-L4-I10,coverage,4,5,0,-8.75,-0x1.1800000000000p+3,-21.374999694526196,-0x1.55ffffae00000p+4
D3T-A-L4-I10,coverage,4,6,0,-18.125,-0x1.2200000000000p+4,-21.624999475199729,-0x1.59ffff7320000p+4
D3T-A-L4-I10,coverage,4,7,0,-20.875,-0x1.4e00000000000p+4,-21.624999905354343,-0x1.59ffffe698000p+4
D3T-A-L4-I10,coverage,4,8,0,-23.375,-0x1.7600000000000p+4,-21.187500186264515,-0x1.5300003200000p+4
D3T-A-L4-I11,coverage,4,0,1,-27.375,-0x1.b600000000000p+4,-21.749999192077667,-0x1.5bffff2720000p+4
D3T-A-L4-I11,coverage,4,1,1,34.75,0x1.1600000000000p+5,22.624999920837581,0x1.69ffffeac0000p+4
D3T-A-L4-I11,coverage,4,2,1,32.25,0x1.0200000000000p+5,21.562500152271241,0x1.59000028e0000p+4
D3T-A-L4-I11,coverage,4,3,1,28.375,0x1.c600000000000p+4,22.124999958206899,0x1.61fffff4c8000p+4
D3T-A-L4-I11,coverage,4,4,1,15,0x1.e000000000000p+3,19.999999227235094,0x1.3fffff3090000p+4
D3T-A-L4-I11,coverage,4,5,0,-12,-0x1.8000000000000p+3,-20.999999528983608,-0x1.4fffff8190000p+4
D3T-A-L4-I11,coverage,4,6,0,-16.375,-0x1.0600000000000p+4,-21.187500089174137,-0x1.53000017f0000p+4
D3T-A-L4-I11,coverage,4,7,0,-22.875,-0x1.6e00000000000p+4,-21.312499850057065,-0x1.54ffffd7c0000p+4
D3T-A-L4-I11,coverage,4,8,0,-21.5,-0x1.5800000000000p+4,-22.250000634463504,-0x1.640000aa50000p+4
D3T-A-L5-I00,coverage,5,0,1,-27.875,-0x1.be00000000000p+4,-20.999999325722456,-0x1.4fffff4b00000p+4
D3T-A-L5-I00,coverage,5,1,1,34.5,0x1.1400000000000p+5,21.99999918602407,0x1.5fffff2580000p+4
D3T-A-L5-I00,coverage,5,2,1,32.125,0x1.0100000000000p+5,22.000000256113708,0x1.60000044c0000p+4
D3T-A-L5-I00,coverage,5,3,1,30.25,0x1.e400000000000p+4,22.250000074971467,0x1.6400001420000p+4
D3T-A-L5-I00,coverage,5,4,1,23.75,0x1.7c00000000000p+4,22.312500202096999,0x1.6500003640000p+4
D3T-A-L5-I00,coverage,5,5,1,8.75,0x1.1800000000000p+3,-20.937500003259629,-0x1.4f000000e0000p+4
D3T-A-L5-I00,coverage,5,6,0,-12.75,-0x1.9800000000000p+3,-21.74999915342778,-0x1.5bffff1cc0000p+4
D3T-A-L5-I00,coverage,5,7,0,-22.75,-0x1.6c00000000000p+4,-21.187499486142769,-0x1.52ffff7610000p+4
D3T-A-L5-I00,coverage,5,8,0,-23.25,-0x1.7400000000000p+4,-22.000000649946742,-0x1.600000ae78000p+4
D3T-A-L5-I01,coverage,5,0,1,-25.625,-0x1.9a00000000000p+4,-20.937500858679414,-0x1.4f0000e680000p+4
D3T-A-L5-I01,coverage,5,1,1,32.875,0x1.0700000000000p+5,22.250000486150384,0x1.6400008280000p+4
D3T-A-L5-I01,coverage,5,2,1,31.375,0x1.f600000000000p+4,20.250000116880983,0x1.4400001f60000p+4
D3T-A-L5-I01,coverage,5,3,1,26.125,0x1.a200000000000p+4,20.625000421889126,0x1.4a00007140000p+4
D3T-A-L5-I01,coverage,5,4,1,14,0x1.c000000000000p+3,20.312500883825123,0x1.450000ed40000p+4
D3T-A-L5-I01,coverage,5,5,1,1.25,0x1.4000000000000p+0,20.874999945517629,0x1.4dfffff160000p+4
D3T-A-L5-I01,coverage,5,6,0,-12.5,-0x1.9000000000000p+3,-21.125000070780516,-0x1.5200001300000p+4
D3T-A-L5-I01,coverage,5,7,0,-9.75,-0x1.3800000000000p+3,-21.750000509666279,-0x1.5c000088d0000p+4
D3T-A-L5-I01,coverage,5,8,0,-18,-0x1.2000000000000p+4,-20.937500037951395,-0x1.4f00000a30000p+4
D3T-A-L5-I02,coverage,5,0,1,-26,-0x1.a000000000000p+4,-20.312500754371285,-0x1.450000ca80000p+4
D3T-A-L5-I02,coverage,5,1,1,33.75,0x1.0e00000000000p+5,20.999999317340553,0x1.4fffff48c0000p+4
D3T-A-L5-I02,coverage,5,2,1,29.875,0x1.de00000000000p+4,21.124999229796231,0x1.51ffff3140000p+4
D3T-A-L5-I02,coverage,5,3,1,27,0x1.b000000000000p+4,21.812500424101017,0x1.5d000071d8000p+4
D3T-A-L5-I02,coverage,5,4,1,22.625,0x1.6a00000000000p+4,20.562499599996954,0x1.48ffff94a0000p+4
D3T-A-L5-I02,coverage,5,5,1,7.25,0x1.d000000000000p+2,21.000000769272447,0x1.500000ce80000p+4
D3T-A-L5-I02,coverage,5,6,0,-13,-0x1.a000000000000p+3,-21.062499687075615,-0x1.50ffffac00000p+4
D3T-A-L5-I02,coverage,5,7,0,-22.375,-0x1.6600000000000p+4,-21.562500686850399,-0x1.590000b860000p+4
D3T-A-L5-I02,coverage,5,8,0,-25,-0x1.9000000000000p+4,-21.187499337363988,-0x1.52ffff4e20000p+4
D3T-A-L5-I03,coverage,5,0,1,-27.375,-0x1.b600000000000p+4,-20.812499647960067,-0x1.4cffffa180000p+4
D3T-A-L5-I03,coverage,5,1,1,34.75,0x1.1600000000000p+5,21.375000826548785,0x1.560000dde0000p+4
D3T-A-L5-I03,coverage,5,2,1,31.75,0x1.fc00000000000p+4,22.125000707688741,0x1.620000bdf8000p+4
D3T-A-L5-I03,coverage,5,3,1,29.25,0x1.d400000000000p+4,21.062500237952918,0x1.5100003fe0000p+4
D3T-A-L5-I03,coverage,5,4,1,24.375,0x1.8600000000000p+4,21.375000573694706,0x1.5600009a00000p+4
D3T-A-L5-I03,coverage,5,5,1,19.75,0x1.3c00000000000p+4,21.437500696862116,0x1.570000bb10000p+4
D3T-A-L5-I03,coverage,5,6,0,-9,-0x1.2000000000000p+3,-21.249999903375283,-0x1.53ffffe610000p+4
D3T-A-L5-I03,coverage,5,7,0,-22.625,-0x1.6a00000000000p+4,-20.50000010849908,-0x1.4800001d20000p+4
D3T-A-L5-I03,coverage,5,8,0,-22.125,-0x1.6200000000000p+4,-22.500000465894118,-0x1.6800007d10000p+4
D3T-A-L5-I04,coverage,5,0,1,-27.125,-0x1.b200000000000p+4,-21.375000183470547,-0x1.5600003140000p+4
D3T-A-L5-I04,coverage,5,1,1,33,0x1.0800000000000p+5,20.562500013038516,0x1.4900000380000p+4
D3T-A-L5-I04,coverage,5,2,1,30.125,0x1.e200000000000p+4,21.00000033993274,0x1.5000005b40000p+4
D3T-A-L5-I04,coverage,5,3,1,27.875,0x1.be00000000000p+4,21.187499649822712,0x1.52ffffa200000p+4
D3T-A-L5-I04,coverage,5,4,1,21.375,0x1.5600000000000p+4,21.375000848434865,0x1.560000e3c0000p+4
D3T-A-L5-I04,coverage,5,5,1,-2,-0x1.0000000000000p+1,20.750000172760338,0x1.4c00002e60000p+4
D3T-A-L5-I04,coverage,5,6,0,-11.5,-0x1.7000000000000p+3,20.374999702442437,0x1.45ffffb020000p+4
D3T-A-L5-I04,coverage,5,7,0,-20.125,-0x1.4200000000000p+4,-20.875000684987754,-0x1.4e0000b7e0000p+4
D3T-A-L5-I04,coverage,5,8,0,-19.875,-0x1.3e00000000000p+4,-22.187500891741365,-0x1.630000ef60000p+4
D3T-A-L5-I05,coverage,5,0,1,-28.25,-0x1.c400000000000p+4,-23.062500641681254,-0x1.710000ac40000p+4
D3T-A-L5-I05,coverage,5,1,1,33,0x1.0800000000000p+5,21.562499357387424,0x1.58ffff5380000p+4
D3T-A-L5-I05,coverage,5,2,1,31.75,0x1.fc00000000000p+4,21.68749974668026,0x1.5affffbc00000p+4
D3T-A-L5-I05,coverage,5,3,1,29.5,0x1.d800000000000p+4,21.250000381143764,0x1.5400006650000p+4
D3T-A-L5-I05,coverage,5,4,1,19.875,0x1.3e00000000000p+4,20.562499157618731,0x1.48ffff1de0000p+4
D3T-A-L5-I05,coverage,5,5,1,-6,-0x1.8000000000000p+2,19.749999241670594,0x1.3bffff3470000p+4
D3T-A-L5-I05,coverage,5,6,0,-19.875,-0x1.3e00000000000p+4,-21.812500595464371,-0x1.5d00009fd8000p+4
D3T-A-L5-I05,coverage,5,7,0,-23.375,-0x1.7600000000000p+4,-20.499999396968633,-0x1.47ffff5e20000p+4
D3T-A-L5-I05,coverage,5,8,0,-24,-0x1.8000000000000p+4,-20.875000576488674,-0x1.4e00009ac0000p+4
D3T-A-L5-I06,coverage,5,0,1,-25.375,-0x1.9600000000000p+4,-20.62500056438148,-0x1.4a00009780000p+4
D3T-A-L5-I06,coverage,5,1,1,32.625,0x1.0500000000000p+5,22.062499191612005,0x1.60ffff2700000p+4
D3T-A-L5-I06,coverage,5,2,1,29.625,0x1.da00000000000p+4,20.937499098479748,0x1.4effff0e00000p+4
D3T-A-L5-I06,coverage,5,3,1,23.625,0x1.7a00000000000p+4,21.062499092426151,0x1.50ffff0c60000p+4
D3T-A-L5-I06,coverage,5,4,1,8.75,0x1.1800000000000p+3,20.749999490799382,0x1.4bffff7750000p+4
D3T-A-L5-I06,coverage,5,5,1,-5.75,-0x1.7000000000000p+2,20.06249977555126,0x1.40ffffc3c0000p+4
D3T-A-L5-I06,coverage,5,6,0,-7.25,-0x1.d000000000000p+2,-20.99999932339415,-0x1.4fffff4a60000p+4
D3T-A-L5-I06,coverage,5,7,0,-11.25,-0x1.6800000000000p+3,-20.562500058673322,-0x1.4900000fc0000p+4
D3T-A-L5-I06,coverage,5,8,0,-19.375,-0x1.3600000000000p+4,-20.562499213032424,-0x1.48ffff2cc0000p+4
D3T-A-L5-I07,coverage,5,0,1,-27.375,-0x1.b600000000000p+4,-20.437500575557351,-0x1.4700009a80000p+4
D3T-A-L5-I07,coverage,5,1,1,31.125,0x1.f200000000000p+4,22.000000737607479,0x1.600000c600000p+4
D3T-A-L5-I07,coverage,5,2,1,27.625,0x1.ba00000000000p+4,22.000000896863639,0x1.600000f0c0000p+4
D3T-A-L5-I07,coverage,5,3,1,23.25,0x1.7400000000000p+4,20.874999090097845,0x1.4dffff0bc0000p+4
D3T-A-L5-I07,coverage,5,4,1,2.5,0x1.4000000000000p+1,20.437499347142875,0x1.46ffff50c0000p+4
D3T-A-L5-I07,coverage,5,5,1,-9,-0x1.2000000000000p+3,20.687500701285899,0x1.4b0000bc40000p+4
D3T-A-L5-I07,coverage,5,6,0,-19.625,-0x1.3a00000000000p+4,-22.250000757630914,-0x1.640000cb60000p+4
D3T-A-L5-I07,coverage,5,7,0,-19.75,-0x1.3c00000000000p+4,-21.625000223575626,-0x1.5a00003c04000p+4
D3T-A-L5-I07,coverage,5,8,0,-23,-0x1.7000000000000p+4,-22.062499602790922,-0x1.60ffff9560000p+4
D3T-A-L5-I08,coverage,5,0,1,-28,-0x1.c000000000000p+4,-22.562499519437551,-0x1.68ffff7f00000p+4
D3T-A-L5-I08,coverage,5,1,1,33.5,0x1.0c00000000000p+5,22.499999282881618,0x1.67ffff3f80000p+4
D3T-A-L5-I08,coverage,5,2,1,31.625,0x1.fa00000000000p+4,20.999999501276761,0x1.4fffff7a20000p+4
D3T-A-L5-I08,coverage,5,3,1,28.875,0x1.ce00000000000p+4,20.937499064952135,0x1.4effff0500000p+4
D3T-A-L5-I08,coverage,5,4,1,19.375,0x1.3600000000000p+4,21.062500532716513,0x1.5100008f00000p+4
D3T-A-L5-I08,coverage,5,5,1,13,0x1.a000000000000p+3,21.000000331550837,0x1.5000005900000p+4
D3T-A-L5-I08,coverage,5,6,0,-5.75,-0x1.7000000000000p+2,-21.125000680796802,-0x1.520000b6c0000p+4
D3T-A-L5-I08,coverage,5,7,0,-17.25,-0x1.1400000000000p+4,-20.875000361353159,-0x1.4e00006100000p+4
D3T-A-L5-I08,coverage,5,8,0,-22.5,-0x1.6800000000000p+4,-21.375000880565494,-0x1.560000ec60000p+4
D3T-A-L5-I09,coverage,5,0,1,-27.625,-0x1.ba00000000000p+4,-21.625000673811883,-0x1.5a0000b4e0000p+4
D3T-A-L5-I09,coverage,5,1,1,34.375,0x1.1300000000000p+5,20.937499210238457,0x1.4effff2c00000p+4
D3T-A-L5-I09,coverage,5,2,1,29.375,0x1.d600000000000p+4,21.499999675201252,0x1.57ffffa8d0000p+4
D3T-A-L5-I09,coverage,5,3,1,20.25,0x1.4400000000000p+4,19.625000023283064,0x1.3a00000640000p+4
D3T-A-L5-I09,coverage,5,4,1,-5.5,-0x1.6000000000000p+2,20.249999541789293,0x1.43ffff8500000p+4
D3T-A-L5-I09,coverage,5,5,1,-23.875,-0x1.7e00000000000p+4,19.687500336673111,0x1.3b00005a60000p+4
D3T-A-L5-I09,coverage,5,6,0,-24.25,-0x1.8400000000000p+4,20.375000205123797,0x1.4600003710000p+4
D3T-A-L5-I09,coverage,5,7,0,-25,-0x1.9000000000000p+4,-20.937499159015715,-0x1.4effff1e40000p+4
D3T-A-L5-I09,coverage,5,8,0,-25.375,-0x1.9600000000000p+4,-20.687499736435711,-0x1.4affffb940000p+4
D3T-A-L5-I10,coverage,5,0,1,-19,-0x1.3000000000000p+4,-21.125000317580998,-0x1.5200005540000p+4
D3T-A-L5-I10,coverage,5,1,1,33,0x1.0800000000000p+5,23.312500029336661,0x1.75000007e0000p+4
D3T-A-L5-I10,coverage,5,2,1,30,0x1.e000000000000p+4,21.43749959487468,0x1.56ffff9340000p+4
D3T-A-L5-I10,coverage,5,3,1,24.25,0x1.8400000000000p+4,20.687499753199518,0x1.4affffbdc0000p+4
D3T-A-L5-I10,coverage,5,4,1,0.25,0x1.0000000000000p-2,20.500000476837158,0x1.4800008000000p+4
D3T-A-L5-I10,coverage,5,5,1,-8.25,-0x1.0800000000000p+3,19.250000283587724,0x1.3400004c20000p+4
D3T-A-L5-I10,coverage,5,6,0,-19.625,-0x1.3a00000000000p+4,20.250000427942723,0x1.44000072e0000p+4
D3T-A-L5-I10,coverage,5,7,0,-21.5,-0x1.5800000000000p+4,-22.062500225845724,-0x1.6100003ca0000p+4
D3T-A-L5-I10,coverage,5,8,0,-23.75,-0x1.7c00000000000p+4,-20.875000728294253,-0x1.4e0000c380000p+4
D3T-A-L5-I11,coverage,5,0,1,-25.75,-0x1.9c00000000000p+4,-20.937500102445483,-0x1.4f00001b80000p+4
D3T-A-L5-I11,coverage,5,1,1,34,0x1.1000000000000p+5,21.812500854022801,0x1.5d0000e540000p+4
D3T-A-L5-I11,coverage,5,2,1,30.75,0x1.ec00000000000p+4,20.750000199535862,0x1.4c00003590000p+4
D3T-A-L5-I11,coverage,5,3,1,24,0x1.8000000000000p+4,20.750000318163075,0x1.4c00005568000p+4
D3T-A-L5-I11,coverage,5,4,1,1.25,0x1.4000000000000p+0,20.749999672640115,0x1.4bffffa820000p+4
D3T-A-L5-I11,coverage,5,5,1,-13.5,-0x1.b000000000000p+3,21.562499988824129,0x1.58fffffd00000p+4
D3T-A-L5-I11,coverage,5,6,0,-15.375,-0x1.ec00000000000p+3,-22.000000753905624,-0x1.600000ca60000p+4
D3T-A-L5-I11,coverage,5,7,0,-17.75,-0x1.1c00000000000p+4,-21.937499836785719,-0x1.5effffd430000p+4
D3T-A-L5-I11,coverage,5,8,0,-21.625,-0x1.5a00000000000p+4,-22.312499451451004,-0x1.64ffff6cc0000p+4
D3T-A-L6-I00,coverage,6,0,1,-26.875,-0x1.ae00000000000p+4,-21.624999249354005,-0x1.59ffff3680000p+4
D3T-A-L6-I00,coverage,6,1,1,33.75,0x1.0e00000000000p+5,21.81249967822805,0x1.5cffffa9a0000p+4
D3T-A-L6-I00,coverage,6,2,1,31.125,0x1.f200000000000p+4,20.437499731779099,0x1.46ffffb800000p+4
D3T-A-L6-I00,coverage,6,3,1,29.625,0x1.da00000000000p+4,21.812499187653884,0x1.5cffff25f0000p+4
D3T-A-L6-I00,coverage,6,4,1,22.375,0x1.6600000000000p+4,20.750000588712282,0x1.4c00009e08000p+4
D3T-A-L6-I00,coverage,6,5,1,11.75,0x1.7800000000000p+3,20.812499484512955,0x1.4cffff75a0000p+4
D3T-A-L6-I00,coverage,6,6,1,7.75,0x1.f000000000000p+2,21.437500496627763,0x1.5700008550000p+4
D3T-A-L6-I00,coverage,6,7,0,-17.125,-0x1.1200000000000p+4,-21.375000291271135,-0x1.5600004e30000p+4
D3T-A-L6-I00,coverage,6,8,0,-23.875,-0x1.7e00000000000p+4,-21.312500513857231,-0x1.55000089f0000p+4
D3T-A-L6-I01,coverage,6,0,1,-26.125,-0x1.a200000000000p+4,-19.187499259598553,-0x1.32ffff3940000p+4
D3T-A-L6-I01,coverage,6,1,1,34,0x1.1000000000000p+5,22.1250004703179,0x1.6200007e40000p+4
D3T-A-L6-I01,coverage,6,2,1,31.75,0x1.fc00000000000p+4,21.499999353953172,0x1.57ffff5294000p+4
D3T-A-L6-I01,coverage,6,3,1,29.25,0x1.d400000000000p+4,21.312500121537596,0x1.55000020a0000p+4
D3T-A-L6-I01,coverage,6,4,1,23.875,0x1.7e00000000000p+4,21.875000941916369,0x1.5e0000fcd8000p+4
D3T-A-L6-I01,coverage,6,5,1,15.75,0x1.f800000000000p+3,21.374999388121068,0x1.55ffff5bc0000p+4
D3T-A-L6-I01,coverage,6,6,1,-9,-0x1.2000000000000p+3,21.312500070082024,0x1.55000012d0000p+4
D3T-A-L6-I01,coverage,6,7,0,-22.625,-0x1.6a00000000000p+4,-21.312499854713678,-0x1.54ffffd900000p+4
D3T-A-L6-I01,coverage,6,8,0,-18.875,-0x1.2e00000000000p+4,-21.874999153194949,-0x1.5dffff1cb0000p+4
D3T-A-L6-I02,coverage,6,0,1,-27.875,-0x1.be00000000000p+4,-20.250000486150384,-0x1.4400008280000p+4
D3T-A-L6-I02,coverage,6,1,1,33.75,0x1.0e00000000000p+5,20.937499379739165,0x1.4effff5980000p+4
D3T-A-L6-I02,coverage,6,2,1,31.25,0x1.f400000000000p+4,21.624999496154487,0x1.59ffff78c0000p+4
D3T-A-L6-I02,coverage,6,3,1,29.75,0x1.dc00000000000p+4,21.312500659376383,0x1.550000b100000p+4
D3T-A-L6-I02,coverage,6,4,1,27,0x1.b000000000000p+4,20.687500599771738,0x1.4b0000a100000p+4
D3T-A-L6-I02,coverage,6,5,1,24.125,0x1.8200000000000p+4,20.250000477186404,0x1.4400008018000p+4
D3T-A-L6-I02,coverage,6,6,1,23.75,0x1.7c00000000000p+4,20.937499878578819,0x1.4effffdf68000p+4
D3T-A-L6-I02,coverage,6,7,0,13.5,0x1.b000000000000p+3,-21.749999891733751,-0x1.5bffffe2f0000p+4
D3T-A-L6-I02,coverage,6,8,0,14.875,0x1.dc00000000000p+3,-22.000000279862434,-0x1.6000004b20000p+4
D3T-A-L6-I03,coverage,6,0,1,-26.375,-0x1.a600000000000p+4,-22.499999339692295,-0x1.67ffff4ec0000p+4
D3T-A-L6-I03,coverage,6,1,1,33.625,0x1.0d00000000000p+5,22.125000451691449,0x1.6200007940000p+4
D3T-A-L6-I03,coverage,6,2,1,31,0x1.f000000000000p+4,21.562500541331246,0x1.5900009150000p+4
D3T-A-L6-I03,coverage,6,3,1,29.5,0x1.d800000000000p+4,21.249999718740582,0x1.53ffffb480000p+4
D3T-A-L6-I03,coverage,6,4,1,25.375,0x1.9600000000000p+4,20.687499605119228,0x1.4affff9600000p+4
D3T-A-L6-I03,coverage,6,5,1,19.75,0x1.3c00000000000p+4,20.999999179504812,0x1.4fffff23c0000p+4
D3T-A-L6-I03,coverage,6,6,1,17.25,0x1.1400000000000p+4,20.187500227242708,0x1.4300003d00000p+4
D3T-A-L6-I03,coverage,6,7,0,14.5,0x1.d000000000000p+3,-21.125000303145498,-0x1.5200005160000p+4
D3T-A-L6-I03,coverage,6,8,0,1.25,0x1.4000000000000p+0,-20.437500654486939,-0x1.470000afb0000p+4
D3T-A-L6-I04,coverage,6,0,1,-25.5,-0x1.9800000000000p+4,-21.562500640749931,-0x1.590000ac00000p+4
D3T-A-L6-I04,coverage,6,1,1,33.25,0x1.0a00000000000p+5,22.562500424101017,0x1.69000071d8000p+4
D3T-A-L6-I04,coverage,6,2,1,30.125,0x1.e200000000000p+4,20.999999595689587,0x1.4fffff9378000p+4
D3T-A-L6-I04,coverage,6,3,1,26.5,0x1.a800000000000p+4,20.625000854954123,0x1.4a0000e580000p+4
D3T-A-L6-I04,coverage,6,4,1,8.75,0x1.1800000000000p+3,21.437499582534656,0x1.56ffff8ff0000p+4
D3T-A-L6-I04,coverage,6,5,1,-9.25,-0x1.2800000000000p+3,20.437499763444066,0x1.46ffffc080000p+4
D3T-A-L6-I04,coverage,6,6,1,-14.5,-0x1.d000000000000p+3,20.624999824678525,0x1.49ffffd0f0000p+4
D3T-A-L6-I04,coverage,6,7,0,-12.5,-0x1.9000000000000p+3,-22.124999772524461,-0x1.61ffffc2f0000p+4
D3T-A-L6-I04,coverage,6,8,0,-6.75,-0x1.b000000000000p+2,-22.000000939471647,-0x1.600000fc30000p+4
D3T-A-L6-I05,coverage,6,0,1,-26.75,-0x1.ac00000000000p+4,-20.124999184161425,-0x1.41ffff2500000p+4
D3T-A-L6-I05,coverage,6,1,1,33.125,0x1.0900000000000p+5,20.937499200925231,0x1.4effff2980000p+4
D3T-A-L6-I05,coverage,6,2,1,31.125,0x1.f200000000000p+4,20.999999973457307,0x1.4ffffff8e0000p+4
D3T-A-L6-I05,coverage,6,3,1,25.25,0x1.9400000000000p+4,21.437500516884029,0x1.5700008ac0000p+4
D3T-A-L6-I05,coverage,6,4,1,17.5,0x1.1800000000000p+4,21.250000852392986,0x1.540000e4d0000p+4
D3T-A-L6-I05,coverage,6,5,1,3.25,0x1.a000000000000p+1,20.250000580679625,0x1.4400009be0000p+4
D3T-A-L6-I05,coverage,6,6,1,-4.75,-0x1.3000000000000p+2,19.749999364139512,0x1.3bffff5550000p+4
D3T-A-L6-I05,coverage,6,7,0,-11,-0x1.6000000000000p+3,-19.87500007962808,-0x1.3e00001560000p+4
D3T-A-L6-I05,coverage,6,8,0,-19,-0x1.3000000000000p+4,-21.875000134110451,-0x1.5e00002400000p+4
D3T-A-L6-I06,coverage,6,0,1,-27,-0x1.b000000000000p+4,-18.437499232590199,-0x1.26ffff3200000p+4
D3T-A-L6-I06,coverage,6,1,1,33.625,0x1.0d00000000000p+5,22.124999848660082,0x1.61ffffd760000p+4
D3T-A-L6-I06,coverage,6,2,1,31.125,0x1.f200000000000p+4,21.812500054482371,0x1.5d00000ea0000p+4
D3T-A-L6-I06,coverage,6,3,1,27.875,0x1.be00000000000p+4,21.624999363906682,0x1.59ffff5540000p+4
D3T-A-L6-I06,coverage,6,4,1,10.5,0x1.5000000000000p+3,19.812499195802957,0x1.3cffff2820000p+4
D3T-A-L6-I06,coverage,6,5,1,10.25,0x1.4800000000000p+3,20.187499577645212,0x1.42ffff8ea0000p+4
D3T-A-L6-I06,coverage,6,6,1,-6.5,-0x1.a000000000000p+2,18.37500005797483,0x1.2600000f90000p+4
D3T-A-L6-I06,coverage,6,7,0,-6.5,-0x1.a000000000000p+2,-21.499999077990651,-0x1.57ffff0880000p+4
D3T-A-L6-I06,coverage,6,8,0,-12,-0x1.8000000000000p+3,-21.499999627354555,-0x1.57ffff9bf8000p+4
D3T-A-L6-I07,coverage,6,0,1,-25.875,-0x1.9e00000000000p+4,-21.562499502208084,-0x1.58ffff7a60000p+4
D3T-A-L6-I07,coverage,6,1,1,33.875,0x1.0f00000000000p+5,21.937499599996954,0x1.5effff94a0000p+4
D3T-A-L6-I07,coverage,6,2,1,31.75,0x1.fc00000000000p+4,21.437500153202564,0x1.5700002920000p+4
D3T-A-L6-I07,coverage,6,3,1,29.875,0x1.de00000000000p+4,20.687499213032424,0x1.4affff2cc0000p+4
D3T-A-L6-I07,coverage,6,4,1,26,0x1.a000000000000p+4,20.31250070175156,0x1.450000bc60000p+4
D3T-A-L6-I07,coverage,6,5,1,22.25,0x1.6400000000000p+4,18.874999087769538,0x1.2dffff0b20000p+4
D3T-A-L6-I07,coverage,6,6,1,19.625,0x1.3a00000000000p+4,19.125000896397978,0x1.320000f0a0000p+4
D3T-A-L6-I07,coverage,6,7,0,5,0x1.4000000000000p+2,-20.812500399071723,-0x1.4d00006b20000p+4
D3T-A-L6-I07,coverage,6,8,0,-5.5,-0x1.6000000000000p+2,-21.312500379513949,-0x1.55000065e0000p+4
D3T-A-L6-I08,coverage,6,0,1,-26,-0x1.a000000000000p+4,-18.937499672174454,-0x1.2effffa800000p+4
D3T-A-L6-I08,coverage,6,1,1,34.625,0x1.1500000000000p+5,23.000000178813934,0x1.7000003000000p+4
D3T-A-L6-I08,coverage,6,2,1,31,0x1.f000000000000p+4,21.499999723047949,0x1.57ffffb5a8000p+4
D3T-A-L6-I08,coverage,6,3,1,27,0x1.b000000000000p+4,20.249999119900167,0x1.43ffff13c0000p+4
D3T-A-L6-I08,coverage,6,4,1,-2.75,-0x1.6000000000000p+1,21.249999719671905,0x1.53ffffb4c0000p+4
D3T-A-L6-I08,coverage,6,5,1,-23.25,-0x1.7400000000000p+4,19.62499960209243,0x1.39ffff9530000p+4
D3T-A-L6-I08,coverage,6,6,1,-24.5,-0x1.8800000000000p+4,21.250000440049917,0x1.5400007620000p+4
D3T-A-L6-I08,coverage,6,7,0,-26,-0x1.a000000000000p+4,-21.187499064486474,-0x1.52ffff04e0000p+4
D3T-A-L6-I08,coverage,6,8,0,-26,-0x1.a000000000000p+4,-21.125000659376383,-0x1.520000b100000p+4
D3T-A-L6-I09,coverage,6,0,1,-23.875,-0x1.7e00000000000p+4,12.374999905237928,0x1.8bffffcd20000p+3
D3T-A-L6-I09,coverage,6,1,1,33,0x1.0800000000000p+5,21.937500318977982,0x1.5f000055a0000p+4
D3T-A-L6-I09,coverage,6,2,1,31.375,0x1.f600000000000p+4,21.062499698251486,0x1.50ffffaf00000p+4
D3T-A-L6-I09,coverage,6,3,1,27.75,0x1.bc00000000000p+4,21.625000008614734,0x1.5a00000250000p+4
D3T-A-L6-I09,coverage,6,4,1,17.25,0x1.1400000000000p+4,19.624999885447323,0x1.39ffffe140000p+4
D3T-A-L6-I09,coverage,6,5,1,1.25,0x1.4000000000000p+0,19.437499534338713,0x1.36ffff8300000p+4
D3T-A-L6-I09,coverage,6,6,1,0.25,0x1.0000000000000p-2,19.37499963119626,0x1.35ffff9d00000p+4
D3T-A-L6-I09,coverage,6,7,0,4.25,0x1.1000000000000p+2,-21.375000832602382,-0x1.560000df80000p+4
D3T-A-L6-I09,coverage,6,8,0,-11,-0x1.6000000000000p+3,-20.624999769963324,-0x1.49ffffc240000p+4
D3T-A-L6-I10,coverage,6,0,1,-26.5,-0x1.a800000000000p+4,-20.562500850297511,-0x1.490000e440000p+4
D3T-A-L6-I10,coverage,6,1,1,32.625,0x1.0500000000000p+5,20.687499783933163,0x1.4affffc600000p+4
D3T-A-L6-I10,coverage,6,2,1,31.375,0x1.f600000000000p+4,21.187500205123797,0x1.5300003710000p+4
D3T-A-L6-I10,coverage,6,3,1,30.75,0x1.ec00000000000p+4,19.62499949708581,0x1.39ffff7900000p+4
D3T-A-L6-I10,coverage,6,4,1,29.25,0x1.d400000000000p+4,21.499999720137566,0x1.57ffffb4e0000p+4
D3T-A-L6-I10,coverage,6,5,1,26.25,0x1.a400000000000p+4,20.750000409781933,0x1.4c00006e00000p+4
D3T-A-L6-I10,coverage,6,6,1,22,0x1.6000000000000p+4,20.00000048824586,0x1.4000008310000p+4
D3T-A-L6-I10,coverage,6,7,0,22.625,0x1.6a00000000000p+4,-20.749999305699021,-0x1.4bffff45a0000p+4
D3T-A-L6-I10,coverage,6,8,0,18,0x1.2000000000000p+4,-21.375000469386578,-0x1.5600007e00000p+4
D3T-A-L6-I11,coverage,6,0,1,-22.875,-0x1.6e00000000000p+4,-17.937500864267349,-0x1.1f0000e800000p+4
D3T-A-L6-I11,coverage,6,1,1,32.625,0x1.0500000000000p+5,21.125000420492142,0x1.52000070e0000p+4
D3T-A-L6-I11,coverage,6,2,1,28.625,0x1.ca00000000000p+4,20.437499823048711,0x1.46ffffd080000p+4
D3T-A-L6-I11,coverage,6,3,1,23.75,0x1.7c00000000000p+4,21.062499206978828,0x1.50ffff2b20000p+4
D3T-A-L6-I11,coverage,6,4,1,15.5,0x1.f000000000000p+3,19.937500199768692,0x1.3f000035a0000p+4
D3T-A-L6-I11,coverage,6,5,1,-2.25,-0x1.2000000000000p+1,20.562499332940206,0x1.48ffff4cf0000p+4
D3T-A-L6-I11,coverage,6,6,1,-11.75,-0x1.7800000000000p+3,20.562499961350113,0x1.48fffff5a0000p+4
D3T-A-L6-I11,coverage,6,7,0,-7.75,-0x1.f000000000000p+2,-22.687499723862857,-0x1.6affffb5e0000p+4
D3T-A-L6-I11,coverage,6,8,0,-6.25,-0x1.9000000000000p+2,-21.12500034738332,-0x1.5200005d40000p+4
D3T-A-L7-I00,coverage,7,0,1,-26,-0x1.a000000000000p+4,-20.374999184161425,-0x1.45ffff2500000p+4
D3T-A-L7-I00,coverage,7,1,1,33.25,0x1.0a00000000000p+5,21.37499905237928,0x1.55ffff01a0000p+4
D3T-A-L7-I00,coverage,7,2,1,31.25,0x1.f400000000000p+4,20.187500558793545,0x1.4300009600000p+4
D3T-A-L7-I00,coverage,7,3,1,30.125,0x1.e200000000000p+4,21.375000445637852,0x1.56000077a0000p+4
D3T-A-L7-I00,coverage,7,4,1,27.25,0x1.b400000000000p+4,20.562500761821866,0x1.490000cc80000p+4
D3T-A-L7-I00,coverage,7,5,1,23.375,0x1.7600000000000p+4,20.187500609550625,0x1.430000a3a0000p+4
D3T-A-L7-I00,coverage,7,6,1,20.875,0x1.4e00000000000p+4,19.312499498017132,0x1.34ffff7940000p+4
D3T-A-L7-I00,coverage,7,7,1,22.125,0x1.6200000000000p+4,19.499999115709215,0x1.37ffff12a0000p+4
D3T-A-L7-I00,coverage,7,8,0,20.875,0x1.4e00000000000p+4,-20.874999365769327,-0x1.4dffff55c0000p+4
D3T-A-L7-I01,coverage,7,0,1,-23.875,-0x1.7e00000000000p+4,-23.06249959114939,-0x1.70ffff9240000p+4
D3T-A-L7-I01,coverage,7,1,1,33.25,0x1.0a00000000000p+5,22.875000269385055,0x1.6e00004850000p+4
D3T-A-L7-I01,coverage,7,2,1,30.625,0x1.ea00000000000p+4,20.437499243300408,0x1.46ffff34e0000p+4
D3T-A-L7-I01,coverage,7,3,1,28.25,0x1.c400000000000p+4,21.624999362276867,0x1.59ffff54d0000p+4
D3T-A-L7-I01,coverage,7,4,1,21.25,0x1.5400000000000p+4,21.687499283696525,0x1.5affff3fb8000p+4
D3T-A-L7-I01,coverage,7,5,1,11.25,0x1.6800000000000p+3,20.312499812338501,0x1.44ffffcda0000p+4
D3T-A-L7-I01,coverage,7,6,1,3,0x1.8000000000000p+1,20.437500731088221,0x1.470000c440000p+4
D3T-A-L7-I01,coverage,7,7,1,2.5,0x1.4000000000000p+1,-19.74999987706542,-0x1.3bffffdf00000p+4
D3T-A-L7-I01,coverage,7,8,0,-7.75,-0x1.f000000000000p+2,-22.1249994575046,-0x1.61ffff6e60000p+4
D3T-A-L7-I02,coverage,7,0,1,-26.875,-0x1.ae00000000000p+4,-20.250000087544322,-0x1.4400001780000p+4
D3T-A-L7-I02,coverage,7,1,1,33.125,0x1.0900000000000p+5,22.062499389052391,0x1.60ffff5c00000p+4
D3T-A-L7-I02,coverage,7,2,1,31.25,0x1.f400000000000p+4,22.499999781837687,0x1.67ffffc570000p+4
D3T-A-L7-I02,coverage,7,3,1,30.625,0x1.ea00000000000p+4,21.250000538304448,0x1.5400009080000p+4
D3T-A-L7-I02,coverage,7,4,1,24.75,0x1.8c00000000000p+4,21.75000031205127,0x1.5c000053c4000p+4
D3T-A-L7-I02,coverage,7,5,1,17.5,0x1.1800000000000p+4,19.999999958090484,0x1.3ffffff4c0000p+4
D3T-A-L7-I02,coverage,7,6,1,11,0x1.6000000000000p+3,20.749999907799065,0x1.4bffffe740000p+4
D3T-A-L7-I02,coverage,7,7,1,-5.5,-0x1.6000000000000p+2,19.937500699423254,0x1.3f0000bbc0000p+4
D3T-A-L7-I02,coverage,7,8,0,-5.75,-0x1.7000000000000p+2,-20.125000711530447,-0x1.420000bf00000p+4
D3T-A-L7-I03,coverage,7,0,1,-17.625,-0x1.1a00000000000p+4,-20.000000514090061,-0x1.4000008a00000p+4
D3T-A-L7-I03,coverage,7,1,1,32.5,0x1.0400000000000p+5,21.500000299885869,0x1.5800005080000p+4
D3T-A-L7-I03,coverage,7,2,1,30.25,0x1.e400000000000p+4,21.999999844934791,0x1.5fffffd660000p+4
D3T-A-L7-I03,coverage,7,3,1,28,0x1.c000000000000p+4,21.937500158790499,0x1.5f00002aa0000p+4
D3T-A-L7-I03,coverage,7,4,1,22.75,0x1.6c00000000000p+4,21.312499401625246,0x1.54ffff5f60000p+4
D3T-A-L7-I03,coverage,7,5,1,15.5,0x1.f000000000000p+3,20.500000324100256,0x1.4800005700000p+4
D3T-A-L7-I03,coverage,7,6,1,8.75,0x1.1800000000000p+3,21.500000176951289,0x1.5800002f80000p+4
D3T-A-L7-I03,coverage,7,7,1,10.75,0x1.5800000000000p+3,21.562499406281859,0x1.58ffff60a0000p+4
D3T-A-L7-I03,coverage,7,8,0,2.25,0x1.2000000000000p+1,-19.624999180436134,-0x1.39ffff2400000p+4
D3T-A-L7-I04,coverage,7,0,1,-21.875,-0x1.5e00000000000p+4,-21.062499826774001,-0x1.50ffffd180000p+4
D3T-A-L7-I04,coverage,7,1,1,32.375,0x1.0300000000000p+5,22.437500269385055,0x1.6700004850000p+4
D3T-A-L7-I04,coverage,7,2,1,30.25,0x1.e400000000000p+4,21.43749978672713,0x1.56ffffc6c0000p+4
D3T-A-L7-I04,coverage,7,3,1,27.125,0x1.b200000000000p+4,20.937500199535862,0x1.4f00003590000p+4
D3T-A-L7-I04,coverage,7,4,1,25,0x1.9000000000000p+4,21.000000588712282,0x1.5000009e08000p+4
D3T-A-L7-I04,coverage,7,5,1,20.375,0x1.4600000000000p+4,20.562499603256583,0x1.48ffff9580000p+4
D3T-A-L7-I04,coverage,7,6,1,18.875,0x1.2e00000000000p+4,20.62499942118302,0x1.49ffff64a0000p+4
D3T-A-L7-I04,coverage,7,7,1,9.5,0x1.3000000000000p+3,20.000000733882189,0x1.400000c500000p+4
D3T-A-L7-I04,coverage,7,8,0,4.5,0x1.2000000000000p+2,-20.750000242143869,-0x1.4c00004100000p+4
D3T-A-L7-I05,coverage,7,0,1,-25.375,-0x1.9600000000000p+4,-20.937500700354576,-0x1.4f0000bc00000p+4
D3T-A-L7-I05,coverage,7,1,1,33.25,0x1.0a00000000000p+5,22.125000080093741,0x1.6200001580000p+4
D3T-A-L7-I05,coverage,7,2,1,31,0x1.f000000000000p+4,20.374999135266989,0x1.45ffff17e0000p+4
D3T-A-L7-I05,coverage,7,3,1,28.875,0x1.ce00000000000p+4,20.374999883584678,0x1.45ffffe0c0000p+4
D3T-A-L7-I05,coverage,7,4,1,26.625,0x1.aa00000000000p+4,21.125000052386895,0x1.5200000e10000p+4
D3T-A-L7-I05,coverage,7,5,1,24.5,0x1.8800000000000p+4,21.812499472405761,0x1.5cffff7260000p+4
D3T-A-L7-I05,coverage,7,6,1,20.5,0x1.4800000000000p+4,21.43750040885061,0x1.5700006dc0000p+4
D3T-A-L7-I05,coverage,7,7,1,20.5,0x1.4800000000000p+4,18.499999198596925,0x1.27ffff28e0000p+4
D3T-A-L7-I05,coverage,7,8,0,13.5,0x1.b000000000000p+3,18.624999701511115,0x1.29ffffafe0000p+4
D3T-A-L7-I06,coverage,7,0,1,-27.375,-0x1.b600000000000p+4,-20.062499979510903,-0x1.40fffffa80000p+4
D3T-A-L7-I06,coverage,7,1,1,32,0x1.0000000000000p+5,21.312500260770321,0x1.5500004600000p+4
D3T-A-L7-I06,coverage,7,2,1,30.25,0x1.e400000000000p+4,20.624999919906259,0x1.49ffffea80000p+4
D3T-A-L7-I06,coverage,7,3,1,28.75,0x1.cc00000000000p+4,21.687500200234354,0x1.5b000035c0000p+4
D3T-A-L7-I06,coverage,7,4,1,25.625,0x1.9a00000000000p+4,22.312500529456884,0x1.6500008e20000p+4
D3T-A-L7-I06,coverage,7,5,1,21.5,0x1.5800000000000p+4,21.375000232830644,0x1.5600003e80000p+4
D3T-A-L7-I06,coverage,7,6,1,18.375,0x1.2600000000000p+4,20.874999532708898,0x1.4dffff8290000p+4
D3T-A-L7-I06,coverage,7,7,1,19.625,0x1.3a00000000000p+4,19.562500131782144,0x1.3900002360000p+4
D3T-A-L7-I06,coverage,7,8,0,18.875,0x1.2e00000000000p+4,-22.125000545289367,-0x1.6200009260000p+4
D3T-A-L7-I07,coverage,7,0,1,-23.625,-0x1.7a00000000000p+4,-20.812499508261681,-0x1.4cffff7c00000p+4
D3T-A-L7-I07,coverage,7,1,1,31.625,0x1.fa00000000000p+4,20.75000021699816,0x1.4c00003a40000p+4
D3T-A-L7-I07,coverage,7,2,1,29.875,0x1.de00000000000p+4,21.312500706408173,0x1.550000bda0000p+4
D3T-A-L7-I07,coverage,7,3,1,26.5,0x1.a800000000000p+4,20.562499476596713,0x1.48ffff7380000p+4
D3T-A-L7-I07,coverage,7,4,1,23,0x1.7000000000000p+4,19.999999400228262,0x1.3fffff5f00000p+4
D3T-A-L7-I07,coverage,7,5,1,19.75,0x1.3c00000000000p+4,19.375000752042979,0x1.360000c9e0000p+4
D3T-A-L7-I07,coverage,7,6,1,14.125,0x1.c400000000000p+3,20.624999847845174,0x1.49ffffd728000p+4
D3T-A-L7-I07,coverage,7,7,1,14.625,0x1.d400000000000p+3,19.875000775326043,0x1.3e0000d020000p+4
D3T-A-L7-I07,coverage,7,8,0,3,0x1.8000000000000p+1,-21.812500433297828,-0x1.5d00007450000p+4
D3T-A-L7-I08,coverage,7,0,1,-24.125,-0x1.8200000000000p+4,-20.437499433755875,-0x1.46ffff6800000p+4
D3T-A-L7-I08,coverage,7,1,1,31.625,0x1.fa00000000000p+4,21.125000141561031,0x1.5200002600000p+4
D3T-A-L7-I08,coverage,7,2,1,30.125,0x1.e200000000000p+4,21.499999223742634,0x1.57ffff2fa0000p+4
D3T-A-L7-I08,coverage,7,3,1,29.25,0x1.d400000000000p+4,21.812499450985342,0x1.5cffff6ca0000p+4
D3T-A-L7-I08,coverage,7,4,1,24.75,0x1.8c00000000000p+4,20.749999378342181,0x1.4bffff5920000p+4
D3T-A-L7-I08,coverage,7,5,1,19.125,0x1.3200000000000p+4,20.875000847503543,0x1.4e0000e380000p+4
D3T-A-L7-I08,coverage,7,6,1,19.125,0x1.3200000000000p+4,21.375000777305104,0x1.560000d0a8000p+4
D3T-A-L7-I08,coverage,7,7,1,13.5,0x1.b000000000000p+3,21.562500260770321,0x1.5900004600000p+4
D3T-A-L7-I08,coverage,7,8,0,13.75,0x1.b800000000000p+3,-22.06249986961484,-0x1.60ffffdd00000p+4
D3T-A-L7-I09,coverage,7,0,1,-25.125,-0x1.9200000000000p+4,15.250000121537596,0x1.e800004140000p+3
D3T-A-L7-I09,coverage,7,1,1,33.625,0x1.0d00000000000p+5,22.374999820254743,0x1.65ffffcfc0000p+4
D3T-A-L7-I09,coverage,7,2,1,27.75,0x1.bc00000000000p+4,22.31250039068982,0x1.65000068e0000p+4
D3T-A-L7-I09,coverage,7,3,1,17.25,0x1.1400000000000p+4,20.875000315252692,0x1.4e000054a0000p+4
D3T-A-L7-I09,coverage,7,4,1,-7,-0x1.c000000000000p+2,19.812499503139406,0x1.3cffff7aa0000p+4
D3T-A-L7-I09,coverage,7,5,1,-17.375,-0x1.1600000000000p+4,21.249999810475856,0x1.53ffffcd20000p+4
D3T-A-L7-I09,coverage,7,6,1,-22.125,-0x1.6200000000000p+4,20.812500038882717,0x1.4d00000a70000p+4
D3T-A-L7-I09,coverage,7,7,1,-22.75,-0x1.6c00000000000p+4,21.312499321997166,0x1.54ffff4a00000p+4
D3T-A-L7-I09,coverage,7,8,0,-18.625,-0x1.2a00000000000p+4,-21.312500142026693,-0x1.5500002620000p+4
D3T-A-L7-I10,coverage,7,0,1,-26.5,-0x1.a800000000000p+4,-20.624999117106199,-0x1.49ffff1300000p+4
D3T-A-L7-I10,coverage,7,1,1,33.625,0x1.0d00000000000p+5,20.562500231899321,0x1.4900003e40000p+4
D3T-A-L7-I10,coverage,7,2,1,31.125,0x1.f200000000000p+4,20.437500022817403,0x1.4700000620000p+4
D3T-A-L7-I10,coverage,7,3,1,29.875,0x1.de00000000000p+4,21.062499937834218,0x1.50ffffef50000p+4
D3T-A-L7-I10,coverage,7,4,1,25.875,0x1.9e00000000000p+4,20.687499691732228,0x1.4affffad40000p+4
D3T-A-L7-I10,coverage,7,5,1,25.125,0x1.9200000000000p+4,20.624999336898327,0x1.49ffff4e00000p+4
D3T-A-L7-I10,coverage,7,6,1,22,0x1.6000000000000p+4,19.749999134568498,0x1.3bffff17b0000p+4
D3T-A-L7-I10,coverage,7,7,1,14.25,0x1.c800000000000p+3,19.875000785803422,0x1.3e0000d2f0000p+4
D3T-A-L7-I10,coverage,7,8,0,14.25,0x1.c800000000000p+3,-21.875000759260729,-0x1.5e0000cbd0000p+4
D3T-A-L7-I11,coverage,7,0,1,-25.25,-0x1.9400000000000p+4,-20.499999536667019,-0x1.47ffff83a0000p+4
D3T-A-L7-I11,coverage,7,1,1,33.625,0x1.0d00000000000p+5,22.374999068677425,0x1.65ffff0600000p+4
D3T-A-L7-I11,coverage,7,2,1,29.75,0x1.dc00000000000p+4,21.187499802559614,0x1.52ffffcb00000p+4
D3T-A-L7-I11,coverage,7,3,1,24.625,0x1.8a00000000000p+4,21.124999160994776,0x1.51ffff1ec8000p+4
D3T-A-L7-I11,coverage,7,4,1,20.5,0x1.4800000000000p+4,20.874999346211553,0x1.4dffff5080000p+4
D3T-A-L7-I11,coverage,7,5,1,15.5,0x1.f000000000000p+3,21.124999711231794,0x1.51ffffb27c000p+4
D3T-A-L7-I11,coverage,7,6,1,4.75,0x1.3000000000000p+2,20.374999252730049,0x1.45ffff3768000p+4
D3T-A-L7-I11,coverage,7,7,1,4,0x1.0000000000000p+2,20.31249993131496,0x1.44ffffed90000p+4
D3T-A-L7-I11,coverage,7,8,0,4.75,0x1.3000000000000p+2,-20.249999537249096,-0x1.43ffff83c8000p+4
D3T-A-L8-I00,coverage,8,0,1,-27.625,-0x1.ba00000000000p+4,-20.749999370193109,-0x1.4bffff56f0000p+4
D3T-A-L8-I00,coverage,8,1,1,33.375,0x1.0b00000000000p+5,22.24999916786328,0x1.63ffff20a0000p+4
D3T-A-L8-I00,coverage,8,2,1,31.875,0x1.fe00000000000p+4,21.187499165534973,0x1.52ffff2000000p+4
D3T-A-L8-I00,coverage,8,3,1,29.75,0x1.dc00000000000p+4,21.812499153544195,0x1.5cffff1cc8000p+4
D3T-A-L8-I00,coverage,8,4,1,28.75,0x1.cc00000000000p+4,20.812500551110134,0x1.4d000093f0000p+4
D3T-A-L8-I00,coverage,8,5,1,28,0x1.c000000000000p+4,21.18749972525984,0x1.52ffffb640000p+4
D3T-A-L8-I00,coverage,8,6,1,26.875,0x1.ae00000000000p+4,21.687500473111868,0x1.5b00007f00000p+4
D3T-A-L8-I00,coverage,8,7,1,27.25,0x1.b400000000000p+4,20.375000778120011,0x1.460000d0e0000p+4
D3T-A-L8-I00,coverage,8,8,1,24.625,0x1.8a00000000000p+4,20.937499224673957,0x1.4effff2fe0000p+4
D3T-A-L8-I01,coverage,8,0,1,-29.5,-0x1.d800000000000p+4,-22.749999653780833,-0x1.6bffffa310000p+4
D3T-A-L8-I01,coverage,8,1,1,34.375,0x1.1300000000000p+5,22.375000318163075,0x1.6600005568000p+4
D3T-A-L8-I01,coverage,8,2,1,32.5,0x1.0400000000000p+5,20.937499148538336,0x1.4effff1b70000p+4
D3T-A-L8-I01,coverage,8,3,1,30.875,0x1.ee00000000000p+4,21.749999640625902,0x1.5bffff9f88000p+4
D3T-A-L8-I01,coverage,8,4,1,28.5,0x1.c800000000000p+4,21.125000468920916,0x1.5200007de0000p+4
D3T-A-L8-I01,coverage,8,5,1,27.125,0x1.b200000000000p+4,19.937500583939254,0x1.3f00009cc0000p+4
D3T-A-L8-I01,coverage,8,6,1,25.25,0x1.9400000000000p+4,21.562499057967216,0x1.58ffff0320000p+4
D3T-A-L8-I01,coverage,8,7,1,25.125,0x1.9200000000000p+4,20.437499944353476,0x1.46fffff110000p+4
D3T-A-L8-I01,coverage,8,8,1,21.5,0x1.5800000000000p+4,20.687499486608431,0x1.4affff7630000p+4
D3T-A-L8-I02,coverage,8,0,1,-25.125,-0x1.9200000000000p+4,-18.43750074505806,-0x1.270000c800000p+4
D3T-A-L8-I02,coverage,8,1,1,31.75,0x1.fc00000000000p+4,22.250000085914508,0x1.6400001710000p+4
D3T-A-L8-I02,coverage,8,2,1,30.375,0x1.e600000000000p+4,20.749999802559614,0x1.4bffffcb00000p+4
D3T-A-L8-I02,coverage,8,3,1,28.125,0x1.c200000000000p+4,21.624999361578375,0x1.59ffff54a0000p+4
D3T-A-L8-I02,coverage,8,4,1,26.375,0x1.a600000000000p+4,20.125000008381903,0x1.4200000240000p+4
D3T-A-L8-I02,coverage,8,5,1,24.75,0x1.8c00000000000p+4,18.875000557629392,0x1.2e000095b0000p+4
D3T-A-L8-I02,coverage,8,6,1,20.125,0x1.4200000000000p+4,20.249999111751094,0x1.43ffff1190000p+4
D3T-A-L8-I02,coverage,8,7,1,16.625,0x1.0a00000000000p+4,19.374999729450792,0x1.35ffffb760000p+4
D3T-A-L8-I02,coverage,8,8,1,3.25,0x1.a000000000000p+1,20.374999643303454,0x1.45ffffa040000p+4
D3T-A-L8-I03,coverage,8,0,1,-20.375,-0x1.4600000000000p+4,-19.187500128522515,-0x1.3300002280000p+4
D3T-A-L8-I03,coverage,8,1,1,33.875,0x1.0f00000000000p+5,22.999999900581315,0x1.6fffffe550000p+4
D3T-A-L8-I03,coverage,8,2,1,32.375,0x1.0300000000000p+5,21.062499446328729,0x1.50ffff6b60000p+4
D3T-A-L8-I03,coverage,8,3,1,31.625,0x1.fa00000000000p+4,21.562499342719093,0x1.58ffff4f90000p+4
D3T-A-L8-I03,coverage,8,4,1,29.5,0x1.d800000000000p+4,21.625000027008355,0x1.5a00000740000p+4
D3T-A-L8-I03,coverage,8,5,1,28.375,0x1.c600000000000p+4,21.562500612810254,0x1.590000a480000p+4
D3T-A-L8-I03,coverage,8,6,1,27.75,0x1.bc00000000000p+4,20.24999962002039,0x1.43ffff9a00000p+4
D3T-A-L8-I03,coverage,8,7,1,26.875,0x1.ae00000000000p+4,20.750000886502676,0x1.4c0000edf8000p+4
D3T-A-L8-I03,coverage,8,8,1,26.125,0x1.a200000000000p+4,19.874999672174454,0x1.3dffffa800000p+4
D3T-A-L8-I04,coverage,8,0,1,-26.25,-0x1.a400000000000p+4,-21.875000861473382,-0x1.5e0000e740000p+4
D3T-A-L8-I04,coverage,8,1,1,33.5,0x1.0c00000000000p+5,21.500000334810466,0x1.58000059e0000p+4
D3T-A-L8-I04,coverage,8,2,1,31.375,0x1.f600000000000p+4,21.624999250285327,0x1.59ffff36c0000p+4
D3T-A-L8-I04,coverage,8,3,1,28.625,0x1.ca00000000000p+4,21.375000038649887,0x1.5600000a60000p+4
D3T-A-L8-I04,coverage,8,4,1,26.875,0x1.ae00000000000p+4,20.624999092891812,0x1.49ffff0c80000p+4
D3T-A-L8-I04,coverage,8,5,1,24.375,0x1.8600000000000p+4,21.437500609084964,0x1.570000a380000p+4
D3T-A-L8-I04,coverage,8,6,1,19.125,0x1.3200000000000p+4,21.500000286148861,0x1.5800004cd0000p+4
D3T-A-L8-I04,coverage,8,7,1,5.25,0x1.5000000000000p+2,18.750000018626451,0x1.2c00000500000p+4
D3T-A-L8-I04,coverage,8,8,1,8,0x1.0000000000000p+3,19.187500040978193,0x1.3300000b00000p+4
D3T-A-L8-I05,coverage,8,0,1,-25.125,-0x1.9200000000000p+4,-20.625000907108188,-0x1.4a0000f380000p+4
D3T-A-L8-I05,coverage,8,1,1,34,0x1.1000000000000p+5,21.874999421881512,0x1.5dffff64d0000p+4
D3T-A-L8-I05,coverage,8,2,1,32.375,0x1.0300000000000p+5,20.125000664032996,0x1.420000b240000p+4
D3T-A-L8-I05,coverage,8,3,1,31.5,0x1.f800000000000p+4,21.375000824569725,0x1.560000dd58000p+4
D3T-A-L8-I05,coverage,8,4,1,30.75,0x1.ec00000000000p+4,21.062500545056537,0x1.5100009250000p+4
D3T-A-L8-I05,coverage,8,5,1,29.375,0x1.d600000000000p+4,20.937499121995643,0x1.4effff1450000p+4
D3T-A-L8-I05,coverage,8,6,1,29.5,0x1.d800000000000p+4,20.687499440740794,0x1.4affff69e0000p+4
D3T-A-L8-I05,coverage,8,7,1,29,0x1.d000000000000p+4,20.687500212807208,0x1.4b00003920000p+4
D3T-A-L8-I05,coverage,8,8,1,29,0x1.d000000000000p+4,20.625000782078132,0x1.4a0000d1f0000p+4
D3T-A-L8-I06,coverage,8,0,1,-28,-0x1.c000000000000p+4,-21.812500463798642,-0x1.5d00007c80000p+4
D3T-A-L8-I06,coverage,8,1,1,35.5,0x1.1c00000000000p+5,22.937500262400135,0x1.6f00004670000p+4
D3T-A-L8-I06,coverage,8,2,1,32.375,0x1.0300000000000p+5,21.437499494291842,0x1.56ffff7840000p+4
D3T-A-L8-I06,coverage,8,3,1,30.5,0x1.e800000000000p+4,21.875000426080078,0x1.5e00007260000p+4
D3T-A-L8-I06,coverage,8,4,1,28.625,0x1.ca00000000000p+4,21.875000783475116,0x1.5e0000d250000p+4
D3T-A-L8-I06,coverage,8,5,1,25.375,0x1.9600000000000p+4,20.18749993480742,0x1.42ffffee80000p+4
D3T-A-L8-I06,coverage,8,6,1,23.875,0x1.7e00000000000p+4,21.31250013737008,0x1.55000024e0000p+4
D3T-A-L8-I06,coverage,8,7,1,24.75,0x1.8c00000000000p+4,21.1249999566935,0x1.51fffff460000p+4
D3T-A-L8-I06,coverage,8,8,1,24.75,0x1.8c00000000000p+4,20.37500078137964,0x1.460000d1c0000p+4
D3T-A-L8-I07,coverage,8,0,1,-22,-0x1.6000000000000p+4,-22.687500684522092,-0x1.6b0000b7c0000p+4
D3T-A-L8-I07,coverage,8,1,1,33.25,0x1.0a00000000000p+5,23.187500315252692,0x1.73000054a0000p+4
D3T-A-L8-I07,coverage,8,2,1,31.75,0x1.fc00000000000p+4,21.375000087078661,0x1.5600001760000p+4
D3T-A-L8-I07,coverage,8,3,1,30.625,0x1.ea00000000000p+4,22.43750023888424,0x1.6700004020000p+4
D3T-A-L8-I07,coverage,8,4,1,29.375,0x1.d600000000000p+4,20.749999601393938,0x1.4bffff9500000p+4
D3T-A-L8-I07,coverage,8,5,1,28.25,0x1.c400000000000p+4,20.874999405583367,0x1.4dffff6070000p+4
D3T-A-L8-I07,coverage,8,6,1,26.375,0x1.a600000000000p+4,20.187500315718353,0x1.43000054c0000p+4
D3T-A-L8-I07,coverage,8,7,1,25.5,0x1.9800000000000p+4,21.187500764266588,0x1.530000cd28000p+4
D3T-A-L8-I07,coverage,8,8,1,26.75,0x1.ac00000000000p+4,21.062500583473593,0x1.5100009ca0000p+4
D3T-A-L8-I08,coverage,8,0,1,-24.25,-0x1.8400000000000p+4,-20.562499557621777,-0x1.48ffff8940000p+4
D3T-A-L8-I08,coverage,8,1,1,33.5,0x1.0c00000000000p+5,22.250000432133675,0x1.6400007400000p+4
D3T-A-L8-I08,coverage,8,2,1,32.5,0x1.0400000000000p+5,20.18749985541217,0x1.42ffffd930000p+4
D3T-A-L8-I08,coverage,8,3,1,30.875,0x1.ee00000000000p+4,21.187499164137989,0x1.52ffff1fa0000p+4
D3T-A-L8-I08,coverage,8,4,1,29.25,0x1.d400000000000p+4,21.000000061001629,0x1.5000001060000p+4
D3T-A-L8-I08,coverage,8,5,1,28.125,0x1.c200000000000p+4,21.249999268795364,0x1.53ffff3bb8000p+4
D3T-A-L8-I08,coverage,8,6,1,26.75,0x1.ac00000000000p+4,21.249999867752194,0x1.53ffffdc80000p+4
D3T-A-L8-I08,coverage,8,7,1,21.5,0x1.5800000000000p+4,20.31250009406358,0x1.4500001940000p+4
D3T-A-L8-I08,coverage,8,8,1,16.875,0x1.0e00000000000p+4,19.875000188359991,0x1.3e00003290000p+4
D3T-A-L8-I09,coverage,8,0,1,-18.875,-0x1.2e00000000000p+4,12.249999903142452,0x1.87ffffcc00000p+3
D3T-A-L8-I09,coverage,8,1,1,34.625,0x1.1500000000000p+5,20.500000802334398,0x1.480000d760000p+4
D3T-A-L8-I09,coverage,8,2,1,31,0x1.f000000000000p+4,21.874999091611244,0x1.5dffff0c28000p+4
D3T-A-L8-I09,coverage,8,3,1,29.375,0x1.d600000000000p+4,21.562500031664968,0x1.5900000880000p+4
D3T-A-L8-I09,coverage,8,4,1,26.5,0x1.a800000000000p+4,21.437500417698175,0x1.5700007020000p+4
D3T-A-L8-I09,coverage,8,5,1,5.75,0x1.7000000000000p+2,20.062499367864802,0x1.40ffff5650000p+4
D3T-A-L8-I09,coverage,8,6,1,-5.75,-0x1.7000000000000p+2,20.499999870313331,0x1.47ffffdd30000p+4
D3T-A-L8-I09,coverage,8,7,1,-4.25,-0x1.1000000000000p+2,19.750000538537279,0x1.3c00009090000p+4
D3T-A-L8-I09,coverage,8,8,1,-10.25,-0x1.4800000000000p+3,20.500000034458935,0x1.4800000940000p+4
D3T-A-L8-I10,coverage,8,0,1,-25.875,-0x1.9e00000000000p+4,-20.562499962747097,-0x1.48fffff600000p+4
D3T-A-L8-I10,coverage,8,1,1,32.25,0x1.0200000000000p+5,20.937500715255737,0x1.4f0000c000000p+4
D3T-A-L8-I10,coverage,8,2,1,29.25,0x1.d400000000000p+4,20.187499422580004,0x1.42ffff6500000p+4
D3T-A-L8-I10,coverage,8,3,1,27.875,0x1.be00000000000p+4,20.812499068677425,0x1.4cffff0600000p+4
D3T-A-L8-I10,coverage,8,4,1,24.75,0x1.8c00000000000p+4,20.124999886378646,0x1.41ffffe180000p+4
D3T-A-L8-I10,coverage,8,5,1,16.25,0x1.0400000000000p+4,20.624999904073775,0x1.49ffffe640000p+4
D3T-A-L8-I10,coverage,8,6,1,13,0x1.a000000000000p+3,20.062500672414899,0x1.410000b480000p+4
D3T-A-L8-I10,coverage,8,7,1,13.75,0x1.b800000000000p+3,20.81250094762072,0x1.4d0000fe60000p+4
D3T-A-L8-I10,coverage,8,8,1,1,0x1.0000000000000p+0,20.56249977555126,0x1.48ffffc3c0000p+4
D3T-A-L8-I11,coverage,8,0,1,-24.75,-0x1.8c00000000000p+4,-21.374999210238457,-0x1.55ffff2c00000p+4
D3T-A-L8-I11,coverage,8,1,1,33.125,0x1.0900000000000p+5,22.312500254018232,0x1.6500004430000p+4
D3T-A-L8-I11,coverage,8,2,1,31.25,0x1.f400000000000p+4,19.749999051913619,0x1.3bffff0180000p+4
D3T-A-L8-I11,coverage,8,3,1,30.375,0x1.e600000000000p+4,21.624999449821189,0x1.59ffff6c50000p+4
D3T-A-L8-I11,coverage,8,4,1,20.375,0x1.4600000000000p+4,19.687500320840627,0x1.3b00005620000p+4
D3T-A-L8-I11,coverage,8,5,1,-1.5,-0x1.8000000000000p+0,19.875000583473593,0x1.3e00009ca0000p+4
D3T-A-L8-I11,coverage,8,6,1,-0.75,-0x1.8000000000000p-1,19.999999729450792,0x1.3fffffb760000p+4
D3T-A-L8-I11,coverage,8,7,1,-8.75,-0x1.1800000000000p+3,20.312500742962584,0x1.450000c770000p+4
D3T-A-L8-I11,coverage,8,8,1,-0.5,-0x1.0000000000000p-1,19.749999463558197,0x1.3bffff7000000p+4
D3T-B-L0-I00,max_violation,0,0,1,13.5,0x1.b000000000000p+3,19.937500901520252,0x1.3f0000f200000p+4
D3T-B-L0-I00,max_violation,0,1,1,17.375,0x1.1600000000000p+4,19.812500489875674,0x1.3d00008380000p+4
D3T-B-L0-I00,max_violation,0,2,1,18.625,0x1.2a00000000000p+4,19.56249916087836,0x1.38ffff1ec0000p+4
D3T-B-L0-I00,max_violation,0,3,1,19.625,0x1.3a00000000000p+4,20.312499351799488,0x1.44ffff5200000p+4
D3T-B-L0-I00,max_violation,0,4,1,20.625,0x1.4a00000000000p+4,20.68749966006726,0x1.4affffa4c0000p+4
D3T-B-L0-I00,max_violation,0,5,1,20.625,0x1.4a00000000000p+4,20.875000093132257,0x1.4e00001900000p+4
D3T-B-L0-I00,max_violation,0,6,1,23.5,0x1.7800000000000p+4,20.437499846797436,0x1.46ffffd6e0000p+4
D3T-B-L0-I00,max_violation,0,7,1,28.75,0x1.cc00000000000p+4,20.750000764266588,0x1.4c0000cd28000p+4
D3T-B-L0-I00,max_violation,0,8,1,30.75,0x1.ec00000000000p+4,20.37500087544322,0x1.460000eb00000p+4
D3T-B-L0-I01,max_violation,0,0,1,9.5,0x1.3000000000000p+3,20.187500113621354,0x1.4300001e80000p+4
D3T-B-L0-I01,max_violation,0,1,1,13.75,0x1.b800000000000p+3,21.812499901279807,0x1.5cffffe580000p+4
D3T-B-L0-I01,max_violation,0,2,1,12.75,0x1.9800000000000p+3,19.999999251682311,0x1.3fffff3720000p+4
D3T-B-L0-I01,max_violation,0,3,1,14.625,0x1.d400000000000p+3,22.000000754371285,0x1.600000ca80000p+4
D3T-B-L0-I01,max_violation,0,4,1,16.875,0x1.0e00000000000p+4,20.187500856816769,0x1.430000e600000p+4
D3T-B-L0-I01,max_violation,0,5,1,18.75,0x1.2c00000000000p+4,21.687500232830644,0x1.5b00003e80000p+4
D3T-B-L0-I01,max_violation,0,6,1,21.625,0x1.5a00000000000p+4,21.500000056345016,0x1.5800000f20000p+4
D3T-B-L0-I01,max_violation,0,7,1,26.5,0x1.a800000000000p+4,20.375000801868737,0x1.460000d740000p+4
D3T-B-L0-I01,max_violation,0,8,1,29.625,0x1.da00000000000p+4,23.062499524094164,0x1.70ffff8040000p+4
D3T-B-L0-I02,max_violation,0,0,1,11.25,0x1.6800000000000p+3,20.250000381842256,0x1.4400006680000p+4
D3T-B-L0-I02,max_violation,0,1,1,13.25,0x1.a800000000000p+3,21.312499318737537,0x1.54ffff4920000p+4
D3T-B-L0-I02,max_violation,0,2,1,14.875,0x1.dc00000000000p+3,21.249999501276761,0x1.53ffff7a20000p+4
D3T-B-L0-I02,max_violation,0,3,1,17.25,0x1.1400000000000p+4,21.125000856816769,0x1.520000e600000p+4
D3T-B-L0-I02,max_violation,0,4,1,18.875,0x1.2e00000000000p+4,21.062500536441803,0x1.5100009000000p+4
D3T-B-L0-I02,max_violation,0,5,1,20.75,0x1.4c00000000000p+4,20.125000367872417,0x1.42000062c0000p+4
D3T-B-L0-I02,max_violation,0,6,1,23,0x1.7000000000000p+4,20.874999091611244,0x1.4dffff0c28000p+4
D3T-B-L0-I02,max_violation,0,7,1,27.375,0x1.b600000000000p+4,20.124999681487679,0x1.41ffffaa80000p+4
D3T-B-L0-I02,max_violation,0,8,1,30.375,0x1.e600000000000p+4,21.562500260770321,0x1.5900004600000p+4
D3T-B-L0-I03,max_violation,0,0,1,12,0x1.8000000000000p+3,21.125000124564394,0x1.5200002170000p+4
D3T-B-L0-I03,max_violation,0,1,1,17,0x1.1000000000000p+4,20.687500434694812,0x1.4b000074b0000p+4
D3T-B-L0-I03,max_violation,0,2,1,16.625,0x1.0a00000000000p+4,20.749999187421054,0x1.4bffff25e0000p+4
D3T-B-L0-I03,max_violation,0,3,1,19.25,0x1.3400000000000p+4,18.875000685453415,0x1.2e0000b800000p+4
D3T-B-L0-I03,max_violation,0,4,1,20.25,0x1.4400000000000p+4,20.812499382533133,0x1.4cffff5a40000p+4
D3T-B-L0-I03,max_violation,0,5,1,21.625,0x1.5a00000000000p+4,20.437500454485416,0x1.4700007a00000p+4
D3T-B-L0-I03,max_violation,0,6,1,24.375,0x1.8600000000000p+4,20.937499860767275,0x1.4effffdaa0000p+4
D3T-B-L0-I03,max_violation,0,7,1,27.875,0x1.be00000000000p+4,22.812500244937837,0x1.6d000041c0000p+4
D3T-B-L0-I03,max_violation,0,8,1,29.5,0x1.d800000000000p+4,21.562500870088115,0x1.590000e990000p+4
D3T-B-L0-I04,max_violation,0,0,1,12,0x1.8000000000000p+3,19.250000516884029,0x1.3400008ac0000p+4
D3T-B-L0-I04,max_violation,0,1,1,17.875,0x1.1e00000000000p+4,21.812500884756446,0x1.5d0000ed80000p+4
D3T-B-L0-I04,max_violation,0,2,1,19,0x1.3000000000000p+4,20.87500003632158,0x1.4e000009c0000p+4
D3T-B-L0-I04,max_violation,0,3,1,19.375,0x1.3600000000000p+4,22.750000339467078,0x1.6c00005b20000p+4
D3T-B-L0-I04,max_violation,0,4,1,18.625,0x1.2a00000000000p+4,21.499999448657036,0x1.57ffff6c00000p+4
D3T-B-L0-I04,max_violation,0,5,1,21.25,0x1.5400000000000p+4,21.875000493950211,0x1.5e00008498000p+4
D3T-B-L0-I04,max_violation,0,6,1,24.25,0x1.8400000000000p+4,22.687499333173037,0x1.6affff4d00000p+4
D3T-B-L0-I04,max_violation,0,7,1,28.375,0x1.c600000000000p+4,23.000000321306288,0x1.7000005640000p+4
D3T-B-L0-I04,max_violation,0,8,1,30,0x1.e000000000000p+4,22.3749992873054,0x1.65ffff40b0000p+4
D3T-B-L0-I05,max_violation,0,0,1,15.625,0x1.f400000000000p+3,21.749999340274371,0x1.5bffff4ee8000p+4
D3T-B-L0-I05,max_violation,0,1,1,21,0x1.5000000000000p+4,20.25000087544322,0x1.440000eb00000p+4
D3T-B-L0-I05,max_violation,0,2,1,22.75,0x1.6c00000000000p+4,21.499999493826181,0x1.57ffff7820000p+4
D3T-B-L0-I05,max_violation,0,3,1,22.75,0x1.6c00000000000p+4,21.125000516418368,0x1.5200008aa0000p+4
D3T-B-L0-I05,max_violation,0,4,1,22.25,0x1.6400000000000p+4,20.437499105930328,0x1.46ffff1000000p+4
D3T-B-L0-I05,max_violation,0,5,1,23.25,0x1.7400000000000p+4,21.750000301748514,0x1.5c00005100000p+4
D3T-B-L0-I05,max_violation,0,6,1,25.75,0x1.9c00000000000p+4,21.124999651219696,0x1.51ffffa260000p+4
D3T-B-L0-I05,max_violation,0,7,1,28.375,0x1.c600000000000p+4,22.749999489169568,0x1.6bffff76e0000p+4
D3T-B-L0-I05,max_violation,0,8,1,30.625,0x1.ea00000000000p+4,22.437500551110134,0x1.67000093f0000p+4
D3T-B-L0-I06,max_violation,0,0,1,18.75,0x1.2c00000000000p+4,20.125000828877091,0x1.420000de80000p+4
D3T-B-L0-I06,max_violation,0,1,1,18.875,0x1.2e00000000000p+4,21.500000453670509,0x1.58000079c8000p+4
D3T-B-L0-I06,max_violation,0,2,1,19.125,0x1.3200000000000p+4,22.25000057509169,0x1.6400009a60000p+4
D3T-B-L0-I06,max_violation,0,3,1,21,0x1.5000000000000p+4,21.124999213963747,0x1.51ffff2d00000p+4
D3T-B-L0-I06,max_violation,0,4,1,20.375,0x1.4600000000000p+4,21.499999749008566,0x1.57ffffbca0000p+4
D3T-B-L0-I06,max_violation,0,5,1,22.125,0x1.6200000000000p+4,20.124999230727553,0x1.41ffff3180000p+4
D3T-B-L0-I06,max_violation,0,6,1,25,0x1.9000000000000p+4,22.250000126194209,0x1.64000021e0000p+4
D3T-B-L0-I06,max_violation,0,7,1,27,0x1.b000000000000p+4,21.124999532476068,0x1.51ffff8280000p+4
D3T-B-L0-I06,max_violation,0,8,1,30.625,0x1.ea00000000000p+4,22.187499615247361,0x1.62ffff98b8000p+4
D3T-B-L0-I07,max_violation,0,0,1,15.25,0x1.e800000000000p+3,21.749999487539753,0x1.5bffff7670000p+4
D3T-B-L0-I07,max_violation,0,1,1,20.125,0x1.4200000000000p+4,21.00000073807314,0x1.500000c620000p+4
D3T-B-L0-I07,max_violation,0,2,1,18.5,0x1.2800000000000p+4,20.124999860767275,0x1.41ffffdaa0000p+4
D3T-B-L0-I07,max_violation,0,3,1,18.125,0x1.2200000000000p+4,20.937500254018232,0x1.4f00004430000p+4
D3T-B-L0-I07,max_violation,0,4,1,20,0x1.4000000000000p+4,20.750000515719876,0x1.4c00008a70000p+4
D3T-B-L0-I07,max_violation,0,5,1,20.25,0x1.4400000000000p+4,20.12500068359077,0x1.420000b780000p+4
D3T-B-L0-I07,max_violation,0,6,1,24.125,0x1.8200000000000p+4,19.625000801868737,0x1.3a0000d740000p+4
D3T-B-L0-I07,max_violation,0,7,1,28,0x1.c000000000000p+4,20.562500603497028,0x1.490000a200000p+4
D3T-B-L0-I07,max_violation,0,8,1,31.25,0x1.f400000000000p+4,22.374999532010406,0x1.65ffff8260000p+4
D3T-B-L0-I08,max_violation,0,0,1,4.25,0x1.1000000000000p+2,20.249999814666808,0x1.43ffffce40000p+4
D3T-B-L0-I08,max_violation,0,1,1,16.5,0x1.0800000000000p+4,21.437499116407707,0x1.56ffff12d0000p+4
D3T-B-L0-I08,max_violation,0,2,1,14.25,0x1.c800000000000p+3,20.749999747145921,0x1.4bffffbc20000p+4
D3T-B-L0-I08,max_violation,0,3,1,16.375,0x1.0600000000000p+4,19.875000150408596,0x1.3e00002860000p+4
D3T-B-L0-I08,max_violation,0,4,1,16.75,0x1.0c00000000000p+4,21.375000027939677,0x1.5600000780000p+4
D3T-B-L0-I08,max_violation,0,5,1,19,0x1.3000000000000p+4,22.374999806284904,0x1.65ffffcc00000p+4
D3T-B-L0-I08,max_violation,0,6,1,23.875,0x1.7e00000000000p+4,21.249999666819349,0x1.53ffffa690000p+4
D3T-B-L0-I08,max_violation,0,7,1,28,0x1.c000000000000p+4,22.812500386266038,0x1.6d000067b0000p+4
D3T-B-L0-I08,max_violation,0,8,1,31.375,0x1.f600000000000p+4,23.12499911384657,0x1.71ffff1220000p+4
D3T-B-L0-I09,max_violation,0,0,1,15,0x1.e000000000000p+3,21.562500331550837,0x1.5900005900000p+4
D3T-B-L0-I09,max_violation,0,1,1,20.5,0x1.4800000000000p+4,21.124999830499291,0x1.51ffffd280000p+4
D3T-B-L0-I09,max_violation,0,2,1,21,0x1.5000000000000p+4,21.562500287778676,0x1.5900004d40000p+4
D3T-B-L0-I09,max_violation,0,3,1,21.125,0x1.5200000000000p+4,20.37500061839819,0x1.460000a600000p+4
D3T-B-L0-I09,max_violation,0,4,1,20.375,0x1.4600000000000p+4,20.187499416992068,0x1.42ffff6380000p+4
D3T-B-L0-I09,max_violation,0,5,1,21.625,0x1.5a00000000000p+4,22.312500422820449,0x1.6500007180000p+4
D3T-B-L0-I09,max_violation,0,6,1,23.75,0x1.7c00000000000p+4,21.249999747145921,0x1.53ffffbc20000p+4
D3T-B-L0-I09,max_violation,0,7,1,26.5,0x1.a800000000000p+4,21.25000087096123,0x1.540000e9cc000p+4
D3T-B-L0-I09,max_violation,0,8,1,29.75,0x1.dc00000000000p+4,23.18750037602149,0x1.73000064f0000p+4
D3T-B-L0-I10,max_violation,0,0,1,18.5,0x1.2800000000000p+4,20.812499328516424,0x1.4cffff4bc0000p+4
D3T-B-L0-I10,max_violation,0,1,1,21.5,0x1.5800000000000p+4,21.624999590567313,0x1.59ffff9218000p+4
D3T-B-L0-I10,max_violation,0,2,1,21.5,0x1.5800000000000p+4,21.312500760890543,0x1.550000cc40000p+4
D3T-B-L0-I10,max_violation,0,3,1,20.25,0x1.4400000000000p+4,21.124999272637069,0x1.51ffff3cc0000p+4
D3T-B-L0-I10,max_violation,0,4,1,22.25,0x1.6400000000000p+4,21.06250087171793,0x1.510000ea00000p+4
D3T-B-L0-I10,max_violation,0,5,1,22.5,0x1.6800000000000p+4,22.062500587664545,0x1.6100009dc0000p+4
D3T-B-L0-I10,max_violation,0,6,1,25,0x1.9000000000000p+4,20.625000508502126,0x1.4a00008880000p+4
D3T-B-L0-I10,max_violation,0,7,1,28.875,0x1.ce00000000000p+4,23.187500267289579,0x1.73000047c0000p+4
D3T-B-L0-I10,max_violation,0,8,1,32,0x1.0000000000000p+5,22.625000507105142,0x1.6a00008820000p+4
D3T-B-L0-I11,max_violation,0,0,1,14.375,0x1.cc00000000000p+3,19.000000357627869,0x1.3000006000000p+4
D3T-B-L0-I11,max_violation,0,1,1,21.125,0x1.5200000000000p+4,19.249999468680471,0x1.33ffff7160000p+4
D3T-B-L0-I11,max_violation,0,2,1,19.375,0x1.3600000000000p+4,20.750000297091901,0x1.4c00004fc0000p+4
D3T-B-L0-I11,max_violation,0,3,1,21.375,0x1.5600000000000p+4,20.750000392552465,0x1.4c00006960000p+4
D3T-B-L0-I11,max_violation,0,4,1,20.5,0x1.4800000000000p+4,21.250000257045031,0x1.5400004500000p+4
D3T-B-L0-I11,max_violation,0,5,1,23.625,0x1.7a00000000000p+4,22.500000791391358,0x1.680000d470000p+4
D3T-B-L0-I11,max_violation,0,6,1,25.75,0x1.9c00000000000p+4,20.249999379739165,0x1.43ffff5980000p+4
D3T-B-L0-I11,max_violation,0,7,1,28.625,0x1.ca00000000000p+4,20.37500005424954,0x1.4600000e90000p+4
D3T-B-L0-I11,max_violation,0,8,1,30,0x1.e000000000000p+4,22.437500252388418,0x1.67000043c0000p+4
D3T-B-L1-I00,max_violation,1,0,1,-16.375,-0x1.0600000000000p+4,20.999999936670065,0x1.4fffffef00000p+4
D3T-B-L1-I00,max_violation,1,1,1,-4.25,-0x1.1000000000000p+2,20.249999997555278,0x1.43ffffff58000p+4
D3T-B-L1-I00,max_violation,1,2,1,-3.25,-0x1.a000000000000p+1,20.562500449828804,0x1.49000078c0000p+4
D3T-B-L1-I00,max_violation,1,3,1,-0.75,-0x1.8000000000000p-1,21.812499363324605,0x1.5cffff5518000p+4
D3T-B-L1-I00,max_violation,1,4,1,0,0x0.0p+0,20.625000953208655,0x1.4a0000ffe0000p+4
D3T-B-L1-I00,max_violation,1,5,1,-0.5,-0x1.0000000000000p-1,21.874999618856236,0x1.5dffff99b0000p+4
D3T-B-L1-I00,max_violation,1,6,1,0.75,0x1.8000000000000p-1,19.999999469146132,0x1.3fffff7180000p+4
D3T-B-L1-I00,max_violation,1,7,1,20.625,0x1.4a00000000000p+4,23.562500359315891,0x1.7900006074000p+4
D3T-B-L1-I00,max_violation,1,8,0,-25.625,-0x1.9a00000000000p+4,-24.187499155290425,-0x1.82ffff1d40000p+4
D3T-B-L1-I01,max_violation,1,0,1,-17,-0x1.1000000000000p+4,22.187499995343387,0x1.62fffffec0000p+4
D3T-B-L1-I01,max_violation,1,1,1,1.5,0x1.8000000000000p+0,22.312500767526217,0x1.650000ce08000p+4
D3T-B-L1-I01,max_violation,1,2,1,-1.75,-0x1.c000000000000p+0,21.249999090563506,0x1.53ffff0be0000p+4
D3T-B-L1-I01,max_violation,1,3,1,6.5,0x1.a000000000000p+2,21.687500683125108,0x1.5b0000b760000p+4
D3T-B-L1-I01,max_violation,1,4,1,8.75,0x1.1800000000000p+3,22.125000281492248,0x1.6200004b90000p+4
D3T-B-L1-I01,max_violation,1,5,1,13,0x1.a000000000000p+3,22.062500718748197,0x1.610000c0f0000p+4
D3T-B-L1-I01,max_violation,1,6,1,13.75,0x1.b800000000000p+3,20.750000241212547,0x1.4c000040c0000p+4
D3T-B-L1-I01,max_violation,1,7,1,15.875,0x1.fc00000000000p+3,20.812499955296516,0x1.4cfffff400000p+4
D3T-B-L1-I01,max_violation,1,8,0,-27.25,-0x1.b400000000000p+4,-21.93749943934381,-0x1.5effff6980000p+4
D3T-B-L1-I02,max_violation,1,0,1,-13.875,-0x1.bc00000000000p+3,21.874999864958227,0x1.5dffffdbc0000p+4
D3T-B-L1-I02,max_violation,1,1,1,-0.25,-0x1.0000000000000p-2,21.624999731779099,0x1.59ffffb800000p+4
D3T-B-L1-I02,max_violation,1,2,1,1,0x1.0000000000000p+0,20.499999970197678,0x1.47fffff800000p+4
D3T-B-L1-I02,max_violation,1,3,1,5.75,0x1.7000000000000p+2,19.750000945641659,0x1.3c0000fdd8000p+4
D3T-B-L1-I02,max_violation,1,4,1,6,0x1.8000000000000p+2,19.687500886619091,0x1.3b0000ee00000p+4
D3T-B-L1-I02,max_violation,1,5,1,7.75,0x1.f000000000000p+2,20.187500299885869,0x1.4300005080000p+4
D3T-B-L1-I02,max_violation,1,6,1,3,0x1.8000000000000p+1,20.50000033271499,0x1.4800005950000p+4
D3T-B-L1-I02,max_violation,1,7,1,7.5,0x1.e000000000000p+2,20.24999952595681,0x1.43ffff80c0000p+4
D3T-B-L1-I02,max_violation,1,8,0,-25.125,-0x1.9200000000000p+4,-21.87500062212348,-0x1.5e0000a700000p+4
D3T-B-L1-I03,max_violation,1,0,1,-22.625,-0x1.6a00000000000p+4,20.875000779051334,0x1.4e0000d120000p+4
D3T-B-L1-I03,max_violation,1,1,1,-12.75,-0x1.9800000000000p+3,22.499999772524461,0x1.67ffffc2f0000p+4
D3T-B-L1-I03,max_violation,1,2,1,-9.5,-0x1.3000000000000p+3,21.000000832602382,0x1.500000df80000p+4
D3T-B-L1-I03,max_violation,1,3,1,-10,-0x1.4000000000000p+3,21.187500606290996,0x1.530000a2c0000p+4
D3T-B-L1-I03,max_violation,1,4,1,-11.5,-0x1.7000000000000p+3,21.374999100342393,0x1.55ffff0e80000p+4
D3T-B-L1-I03,max_violation,1,5,1,-9,-0x1.2000000000000p+3,21.500000112690032,0x1.5800001e40000p+4
D3T-B-L1-I03,max_violation,1,6,1,-9.25,-0x1.2800000000000p+3,21.875000711414032,0x1.5e0000bef8000p+4
D3T-B-L1-I03,max_violation,1,7,1,-7.25,-0x1.d000000000000p+2,20.500000267289579,0x1.48000047c0000p+4
D3T-B-L1-I03,max_violation,1,8,0,-28.875,-0x1.ce00000000000p+4,-21.499999874271452,-0x1.57ffffde40000p+4
D3T-B-L1-I04,max_violation,1,0,1,2.5,0x1.4000000000000p+1,21.562499542720616,0x1.58ffff8540000p+4
D3T-B-L1-I04,max_violation,1,1,1,11.25,0x1.6800000000000p+3,21.312500688713044,0x1.550000b8e0000p+4
D3T-B-L1-I04,max_violation,1,2,1,11.5,0x1.7000000000000p+3,20.99999960558489,0x1.4fffff9620000p+4
D3T-B-L1-I04,max_violation,1,3,1,13.75,0x1.b800000000000p+3,23.437500655185431,0x1.770000afe0000p+4
D3T-B-L1-I04,max_violation,1,4,1,10.25,0x1.4800000000000p+3,22.75000023143366,0x1.6c00003e20000p+4
D3T-B-L1-I04,max_violation,1,5,1,13.25,0x1.a800000000000p+3,21.81250031478703,0x1.5d00005480000p+4
D3T-B-L1-I04,max_violation,1,6,1,13.25,0x1.a800000000000p+3,21.187499603256583,0x1.52ffff9580000p+4
D3T-B-L1-I04,max_violation,1,7,1,18.25,0x1.2400000000000p+4,23.437499896157533,0x1.76ffffe420000p+4
D3T-B-L1-I04,max_violation,1,8,0,-24.875,-0x1.8e00000000000p+4,-23.437499852851033,-0x1.76ffffd880000p+4
D3T-B-L1-I05,max_violation,1,0,1,-6.25,-0x1.9000000000000p+2,21.125000491738319,0x1.5200008400000p+4
D3T-B-L1-I05,max_violation,1,1,1,10.5,0x1.5000000000000p+3,22.312500945641659,0x1.650000fdd8000p+4
D3T-B-L1-I05,max_violation,1,2,1,11.5,0x1.7000000000000p+3,20.000000799773261,0x1.400000d6b0000p+4
D3T-B-L1-I05,max_violation,1,3,1,13.75,0x1.b800000000000p+3,21.249999321997166,0x1.53ffff4a00000p+4
D3T-B-L1-I05,max_violation,1,4,1,13,0x1.a000000000000p+3,23.062500101630576,0x1.7100001b48000p+4
D3T-B-L1-I05,max_violation,1,5,1,14,0x1.c000000000000p+3,20.999999778345227,0x1.4fffffc480000p+4
D3T-B-L1-I05,max_violation,1,6,1,-1,-0x1.0000000000000p+0,20.312499702442437,0x1.44ffffb020000p+4
D3T-B-L1-I05,max_violation,1,7,1,-11.25,-0x1.6800000000000p+3,20.250000310246833,0x1.4400005348000p+4
D3T-B-L1-I05,max_violation,1,8,0,-27.75,-0x1.bc00000000000p+4,-22.750000468455255,-0x1.6c00007dc0000p+4
D3T-B-L1-I06,max_violation,1,0,1,-13.5,-0x1.b000000000000p+3,21.437500727828592,0x1.570000c360000p+4
D3T-B-L1-I06,max_violation,1,1,1,-0.75,-0x1.8000000000000p-1,21.937500235508196,0x1.5f00003f38000p+4
D3T-B-L1-I06,max_violation,1,2,1,3.25,0x1.a000000000000p+1,21.625000324100256,0x1.5a00005700000p+4
D3T-B-L1-I06,max_violation,1,3,1,1.75,0x1.c000000000000p+0,21.124999918043613,0x1.51ffffea00000p+4
D3T-B-L1-I06,max_violation,1,4,1,1.25,0x1.4000000000000p+0,22.499999986379407,0x1.67fffffc58000p+4
D3T-B-L1-I06,max_violation,1,5,1,2.25,0x1.2000000000000p+1,21.312499536201358,0x1.54ffff8380000p+4
D3T-B-L1-I06,max_violation,1,6,1,-1,-0x1.0000000000000p+0,19.812500579748303,0x1.3d00009ba0000p+4
D3T-B-L1-I06,max_violation,1,7,1,15.25,0x1.e800000000000p+3,20.249999406281859,0x1.43ffff60a0000p+4
D3T-B-L1-I06,max_violation,1,8,0,-27.25,-0x1.b400000000000p+4,-22.687500141561031,-0x1.6b00002600000p+4
D3T-B-L1-I07,max_violation,1,0,1,-18,-0x1.2000000000000p+4,20.25000073807314,0x1.440000c620000p+4
D3T-B-L1-I07,max_violation,1,1,1,-16.625,-0x1.0a00000000000p+4,20.50000089360401,0x1.480000efe0000p+4
D3T-B-L1-I07,max_violation,1,2,1,-19.625,-0x1.3a00000000000p+4,20.125000443076715,0x1.42000076f0000p+4
D3T-B-L1-I07,max_violation,1,3,1,-13.875,-0x1.bc00000000000p+3,20.625000864267349,0x1.4a0000e800000p+4
D3T-B-L1-I07,max_violation,1,4,1,-9,-0x1.2000000000000p+3,20.374999292194843,0x1.45ffff4200000p+4
D3T-B-L1-I07,max_violation,1,5,1,-8.75,-0x1.1800000000000p+3,21.000000277068466,0x1.5000004a60000p+4
D3T-B-L1-I07,max_violation,1,6,1,-10.5,-0x1.5000000000000p+3,20.250000890111551,0x1.440000eef0000p+4
D3T-B-L1-I07,max_violation,1,7,1,-16,-0x1.0000000000000p+4,20.499999666819349,0x1.47ffffa690000p+4
D3T-B-L1-I07,max_violation,1,8,0,-29.5,-0x1.d800000000000p+4,-22.437500916421413,-0x1.670000f600000p+4
D3T-B-L1-I08,max_violation,1,0,1,1.25,0x1.4000000000000p+0,20.249999089166522,0x1.43ffff0b80000p+4
D3T-B-L1-I08,max_violation,1,1,1,13.75,0x1.b800000000000p+3,20.750000207801349,0x1.4c000037c8000p+4
D3T-B-L1-I08,max_violation,1,2,1,12.75,0x1.9800000000000p+3,20.87500052433461,0x1.4e00008cc0000p+4
D3T-B-L1-I08,max_violation,1,3,1,14.875,0x1.dc00000000000p+3,21.062499606981874,0x1.50ffff9680000p+4
D3T-B-L1-I08,max_violation,1,4,1,13.5,0x1.b000000000000p+3,21.437499731779099,0x1.56ffffb800000p+4
D3T-B-L1-I08,max_violation,1,5,1,14.75,0x1.d800000000000p+3,19.937500848434865,0x1.3f0000e3c0000p+4
D3T-B-L1-I08,max_violation,1,6,1,17.875,0x1.1e00000000000p+4,20.437499150633812,0x1.46ffff1c00000p+4
D3T-B-L1-I08,max_violation,1,7,1,19.875,0x1.3e00000000000p+4,23.187500700936653,0x1.730000bc28000p+4
D3T-B-L1-I08,max_violation,1,8,0,-27,-0x1.b000000000000p+4,-22.375000360887498,-0x1.66000060e0000p+4
D3T-B-L1-I09,max_violation,1,0,1,-12.125,-0x1.8400000000000p+3,20.562500624684617,0x1.490000a7b0000p+4
D3T-B-L1-I09,max_violation,1,1,1,2.25,0x1.2000000000000p+1,20.562500175088644,0x1.4900002f00000p+4
D3T-B-L1-I09,max_violation,1,2,1,-3,-0x1.8000000000000p+1,22.749999391147867,0x1.6bffff5c90000p+4
D3T-B-L1-I09,max_violation,1,3,1,5,0x1.4000000000000p+2,21.874999904073775,0x1.5dffffe640000p+4
D3T-B-L1-I09,max_violation,1,4,1,12.25,0x1.8800000000000p+3,21.499999715015292,0x1.57ffffb380000p+4
D3T-B-L1-I09,max_violation,1,5,1,13.625,0x1.b400000000000p+3,21.125000438652933,0x1.52000075c0000p+4
D3T-B-L1-I09,max_violation,1,6,1,14.875,0x1.dc00000000000p+3,21.312500276835635,0x1.5500004a50000p+4
D3T-B-L1-I09,max_violation,1,7,1,16,0x1.0000000000000p+4,20.874999116174877,0x1.4dffff12c0000p+4
D3T-B-L1-I09,max_violation,1,8,0,-28.125,-0x1.c200000000000p+4,-22.187500491738319,-0x1.6300008400000p+4
D3T-B-L1-I10,max_violation,1,0,1,-6.5,-0x1.a000000000000p+2,21.687499791616574,0x1.5affffc810000p+4
D3T-B-L1-I10,max_violation,1,1,1,13.25,0x1.a800000000000p+3,22.812499583465979,0x1.6cffff9030000p+4
D3T-B-L1-I10,max_violation,1,2,1,12.25,0x1.8800000000000p+3,22.687499195337296,0x1.6affff2800000p+4
D3T-B-L1-I10,max_violation,1,3,1,14.75,0x1.d800000000000p+3,20.624999629450031,0x1.49ffff9c88000p+4
D3T-B-L1-I10,max_violation,1,4,1,17.25,0x1.1400000000000p+4,20.31250045564957,0x1.4500007a50000p+4
D3T-B-L1-I10,max_violation,1,5,1,17.5,0x1.1800000000000p+4,21.125000599306077,0x1.520000a0e0000p+4
D3T-B-L1-I10,max_violation,1,6,1,17.5,0x1.1800000000000p+4,19.999999056104571,0x1.3fffff02a0000p+4
D3T-B-L1-I10,max_violation,1,7,1,17.25,0x1.1400000000000p+4,19.74999954784289,0x1.3bffff86a0000p+4
D3T-B-L1-I10,max_violation,1,8,0,-25.875,-0x1.9e00000000000p+4,-22.437499905005097,-0x1.66ffffe680000p+4
D3T-B-L1-I11,max_violation,1,0,1,14,0x1.c000000000000p+3,22.75000089360401,0x1.6c0000efe0000p+4
D3T-B-L1-I11,max_violation,1,1,1,16.125,0x1.0200000000000p+4,23.124999184918124,0x1.71ffff2534000p+4
D3T-B-L1-I11,max_violation,1,2,1,15.25,0x1.e800000000000p+3,22.187500097323209,0x1.6300001a20000p+4
D3T-B-L1-I11,max_violation,1,3,1,16.625,0x1.0a00000000000p+4,22.375000635627657,0x1.660000aaa0000p+4
D3T-B-L1-I11,max_violation,1,4,1,17.625,0x1.1a00000000000p+4,22.562499995576218,0x1.68fffffed0000p+4
D3T-B-L1-I11,max_violation,1,5,1,17.375,0x1.1600000000000p+4,21.687499751336873,0x1.5affffbd40000p+4
D3T-B-L1-I11,max_violation,1,6,1,13.75,0x1.b800000000000p+3,20.312499885447323,0x1.44ffffe140000p+4
D3T-B-L1-I11,max_violation,1,7,1,0,0x0.0p+0,20.750000529456884,0x1.4c00008e20000p+4
D3T-B-L1-I11,max_violation,1,8,0,-27.25,-0x1.b400000000000p+4,-23.18750032573007,-0x1.7300005770000p+4
D3T-B-L2-I00,max_violation,2,0,1,-18.875,-0x1.2e00000000000p+4,20.312500411644578,0x1.4500006e80000p+4
D3T-B-L2-I00,max_violation,2,1,1,-1.75,-0x1.c000000000000p+0,21.500000152271241,0x1.58000028e0000p+4
D3T-B-L2-I00,max_violation,2,2,1,-1,-0x1.0000000000000p+0,21.06250011920929,0x1.5100002000000p+4
D3T-B-L2-I00,max_violation,2,3,1,0.75,0x1.8000000000000p-1,21.62500061863102,0x1.5a0000a610000p+4
D3T-B-L2-I00,max_violation,2,4,1,-1.5,-0x1.8000000000000p+0,20.749999388121068,0x1.4bffff5bc0000p+4
D3T-B-L2-I00,max_violation,2,5,1,-2.5,-0x1.4000000000000p+1,21.249999176710844,0x1.53ffff2300000p+4
D3T-B-L2-I00,max_violation,2,6,1,-7.5,-0x1.e000000000000p+2,20.562500110361725,0x1.4900001da0000p+4
D3T-B-L2-I00,max_violation,2,7,0,-14.25,-0x1.c800000000000p+3,-22.874999864026904,-0x1.6dffffdb80000p+4
D3T-B-L2-I00,max_violation,2,8,0,-27.75,-0x1.bc00000000000p+4,-22.499999448191375,-0x1.67ffff6be0000p+4
D3T-B-L2-I01,max_violation,2,0,1,-7.25,-0x1.d000000000000p+2,21.312499378575012,0x1.54ffff5930000p+4
D3T-B-L2-I01,max_violation,2,1,1,2.5,0x1.4000000000000p+1,21.625000212807208,0x1.5a00003920000p+4
D3T-B-L2-I01,max_violation,2,2,1,4,0x1.0000000000000p+2,22.562500643078238,0x1.690000aca0000p+4
D3T-B-L2-I01,max_violation,2,3,1,5.5,0x1.6000000000000p+2,21.312499175779521,0x1.54ffff22c0000p+4
D3T-B-L2-I01,max_violation,2,4,1,4.5,0x1.2000000000000p+2,20.06250031827949,0x1.4100005570000p+4
D3T-B-L2-I01,max_violation,2,5,1,-1.5,-0x1.8000000000000p+0,21.500000248197466,0x1.58000042a0000p+4
D3T-B-L2-I01,max_violation,2,6,1,-12,-0x1.8000000000000p+3,20.562500478699803,0x1.4900008080000p+4
D3T-B-L2-I01,max_violation,2,7,0,-19.5,-0x1.3800000000000p+4,-21.062499813735485,-0x1.50ffffce00000p+4
D3T-B-L2-I01,max_violation,2,8,0,-29.375,-0x1.d600000000000p+4,-22.312499102205038,-0x1.64ffff0f00000p+4
D3T-B-L2-I02,max_violation,2,0,1,-9,-0x1.2000000000000p+3,21.000000562518835,0x1.5000009700000p+4
D3T-B-L2-I02,max_violation,2,1,1,-2.75,-0x1.6000000000000p+1,20.562500123400241,0x1.4900002120000p+4
D3T-B-L2-I02,max_violation,2,2,1,-6.75,-0x1.b000000000000p+2,20.500000737374648,0x1.480000c5f0000p+4
D3T-B-L2-I02,max_violation,2,3,1,-6.25,-0x1.9000000000000p+2,20.937499979510903,0x1.4efffffa80000p+4
D3T-B-L2-I02,max_violation,2,4,1,-8.5,-0x1.1000000000000p+3,20.374999077990651,0x1.45ffff0880000p+4
D3T-B-L2-I02,max_violation,2,5,1,-11.25,-0x1.6800000000000p+3,20.375000175088644,0x1.4600002f00000p+4
D3T-B-L2-I02,max_violation,2,6,1,-16.625,-0x1.0a00000000000p+4,19.875000150408596,0x1.3e00002860000p+4
D3T-B-L2-I02,max_violation,2,7,0,-14.5,-0x1.d000000000000p+3,-20.750000026077032,-0x1.4c00000700000p+4
D3T-B-L2-I02,max_violation,2,8,0,-27.625,-0x1.ba00000000000p+4,-21.937499376013875,-0x1.5effff5880000p+4
D3T-B-L2-I03,max_violation,2,0,1,-16.875,-0x1.0e00000000000p+4,20.06249978300184,0x1.40ffffc5c0000p+4
D3T-B-L2-I03,max_violation,2,1,1,-9.25,-0x1.2800000000000p+3,20.499999321997166,0x1.47ffff4a00000p+4
D3T-B-L2-I03,max_violation,2,2,1,-12,-0x1.8000000000000p+3,21.125000746455044,0x1.520000c860000p+4
D3T-B-L2-I03,max_violation,2,3,1,-12,-0x1.8000000000000p+3,20.624999972060323,0x1.49fffff880000p+4
D3T-B-L2-I03,max_violation,2,4,1,-12,-0x1.8000000000000p+3,19.874999891966581,0x1.3dffffe300000p+4
D3T-B-L2-I03,max_violation,2,5,1,-15,-0x1.e000000000000p+3,20.437500134576112,0x1.4700002420000p+4
D3T-B-L2-I03,max_violation,2,6,1,-18.125,-0x1.2200000000000p+4,19.749999823048711,0x1.3bffffd080000p+4
D3T-B-L2-I03,max_violation,2,7,0,-24.75,-0x1.8c00000000000p+4,-21.624999601393938,-0x1.59ffff9500000p+4
D3T-B-L2-I03,max_violation,2,8,0,-30.125,-0x1.e200000000000p+4,-22.687500048428774,-0x1.6b00000d00000p+4
D3T-B-L2-I04,max_violation,2,0,1,-6.75,-0x1.b000000000000p+2,20.37500019185245,0x1.4600003380000p+4
D3T-B-L2-I04,max_violation,2,1,1,-5.25,-0x1.5000000000000p+2,22.562499306397513,0x1.68ffff45d0000p+4
D3T-B-L2-I04,max_violation,2,2,1,3.25,0x1.a000000000000p+1,20.375000870320946,0x1.460000e9a0000p+4
D3T-B-L2-I04,max_violation,2,3,1,7.5,0x1.e000000000000p+2,20.499999820254743,0x1.47ffffcfc0000p+4
D3T-B-L2-I04,max_violation,2,4,1,7,0x1.c000000000000p+2,20.499999140854925,0x1.47ffff1960000p+4
D3T-B-L2-I04,max_violation,2,5,1,-2.5,-0x1.4000000000000p+1,20.999999876483344,0x1.4fffffded8000p+4
D3T-B-L2-I04,max_violation,2,6,1,-8.25,-0x1.0800000000000p+3,20.374999136547558,0x1.45ffff1838000p+4
D3T-B-L2-I04,max_violation,2,7,0,-9,-0x1.2000000000000p+3,-21.687500925734639,-0x1.5b0000f880000p+4
D3T-B-L2-I04,max_violation,2,8,0,-27.625,-0x1.ba00000000000p+4,-22.812499573454261,-0x1.6cffff8d80000p+4
D3T-B-L2-I05,max_violation,2,0,1,-22,-0x1.6000000000000p+4,20.125000820495188,0x1.420000dc40000p+4
D3T-B-L2-I05,max_violation,2,1,1,-14.125,-0x1.c400000000000p+3,22.374999376013875,0x1.65ffff5880000p+4
D3T-B-L2-I05,max_violation,2,2,1,-16.125,-0x1.0200000000000p+4,21.187499994412065,0x1.52fffffe80000p+4
D3T-B-L2-I05,max_violation,2,3,1,-9.75,-0x1.3800000000000p+3,21.562500215601176,0x1.59000039e0000p+4
D3T-B-L2-I05,max_violation,2,4,1,-7.25,-0x1.d000000000000p+2,20.999999684281647,0x1.4fffffab40000p+4
D3T-B-L2-I05,max_violation,2,5,1,-6.25,-0x1.9000000000000p+2,20.812499964609742,0x1.4cfffff680000p+4
D3T-B-L2-I05,max_violation,2,6,1,-11.75,-0x1.7800000000000p+3,22.499999633175321,0x1.67ffff9d88000p+4
D3T-B-L2-I05,max_violation,2,7,0,-24.25,-0x1.8400000000000p+4,-23.812499343417585,-0x1.7cffff4fc0000p+4
D3T-B-L2-I05,max_violation,2,8,0,-29.125,-0x1.d200000000000p+4,-21.625000525265932,-0x1.5a00008d00000p+4
D3T-B-L2-I06,max_violation,2,0,1,-21.875,-0x1.5e00000000000p+4,18.500000515952706,0x1.2800008a80000p+4
D3T-B-L2-I06,max_violation,2,1,1,-8.5,-0x1.1000000000000p+3,20.374999641440809,0x1.45ffff9fc0000p+4
D3T-B-L2-I06,max_violation,2,2,1,-4.25,-0x1.1000000000000p+2,20.750000297557563,0x1.4c00004fe0000p+4
D3T-B-L2-I06,max_violation,2,3,1,-4.5,-0x1.2000000000000p+2,21.062500616535544,0x1.510000a580000p+4
D3T-B-L2-I06,max_violation,2,4,1,-2,-0x1.0000000000000p+1,20.937499359250069,0x1.4effff5400000p+4
D3T-B-L2-I06,max_violation,2,5,1,-3.5,-0x1.c000000000000p+1,21.250000909814844,0x1.540000f43a000p+4
D3T-B-L2-I06,max_violation,2,6,1,-6.75,-0x1.b000000000000p+2,20.625000224914402,0x1.4a00003c60000p+4
D3T-B-L2-I06,max_violation,2,7,0,-12,-0x1.8000000000000p+3,-22.062500627711415,-0x1.610000a880000p+4
D3T-B-L2-I06,max_violation,2,8,0,-27.25,-0x1.b400000000000p+4,-23.062500326894224,-0x1.71000057c0000p+4
D3T-B-L2-I07,max_violation,2,0,1,-19.5,-0x1.3800000000000p+4,21.250000056810677,0x1.5400000f40000p+4
D3T-B-L2-I07,max_violation,2,1,1,4.25,0x1.1000000000000p+2,20.125000443076715,0x1.42000076f0000p+4
D3T-B-L2-I07,max_violation,2,2,1,1.5,0x1.8000000000000p+0,21.250000084284693,0x1.54000016a0000p+4
D3T-B-L2-I07,max_violation,2,3,1,5.5,0x1.6000000000000p+2,21.312500478699803,0x1.5500008080000p+4
D3T-B-L2-I07,max_violation,2,4,1,-6.75,-0x1.b000000000000p+2,21.500000655651093,0x1.580000b000000p+4
D3T-B-L2-I07,max_violation,2,5,1,-12.5,-0x1.9000000000000p+3,21.999999470310286,0x1.5fffff71d0000p+4
D3T-B-L2-I07,max_violation,2,6,1,-19.5,-0x1.3800000000000p+4,20.125000797212124,0x1.420000d600000p+4
D3T-B-L2-I07,max_violation,2,7,0,-22.5,-0x1.6800000000000p+4,-22.375000899657607,-0x1.660000f180000p+4
D3T-B-L2-I07,max_violation,2,8,0,-28.375,-0x1.c600000000000p+4,-22.999999487772584,-0x1.6fffff7680000p+4
D3T-B-L2-I08,max_violation,2,0,1,-13.5,-0x1.b000000000000p+3,20.437499505933374,0x1.46ffff7b60000p+4
D3T-B-L2-I08,max_violation,2,1,1,-4.75,-0x1.3000000000000p+2,21.000000529456884,0x1.5000008e20000p+4
D3T-B-L2-I08,max_violation,2,2,1,-4.5,-0x1.2000000000000p+2,20.625000000931323,0x1.4a00000040000p+4
D3T-B-L2-I08,max_violation,2,3,1,-2,-0x1.0000000000000p+1,20.562500883825123,0x1.490000ed40000p+4
D3T-B-L2-I08,max_violation,2,4,1,-1.75,-0x1.c000000000000p+0,21.06249943934381,0x1.50ffff6980000p+4
D3T-B-L2-I08,max_violation,2,5,1,-1.25,-0x1.4000000000000p+0,20.875000854022801,0x1.4e0000e540000p+4
D3T-B-L2-I08,max_violation,2,6,1,-4.75,-0x1.3000000000000p+2,19.875000672414899,0x1.3e0000b480000p+4
D3T-B-L2-I08,max_violation,2,7,0,-18.125,-0x1.2200000000000p+4,-21.624999157618731,-0x1.59ffff1de0000p+4
D3T-B-L2-I08,max_violation,2,8,0,-27.25,-0x1.b400000000000p+4,-23.374999806284904,-0x1.75ffffcc00000p+4
D3T-B-L2-I09,max_violation,2,0,1,-26.5,-0x1.a800000000000p+4,20.81250092247501,0x1.4d0000f7a0000p+4
D3T-B-L2-I09,max_violation,2,1,1,-8,-0x1.0000000000000p+3,20.812500112690032,0x1.4d00001e40000p+4
D3T-B-L2-I09,max_violation,2,2,1,-7.5,-0x1.e000000000000p+2,20.687500722706318,0x1.4b0000c200000p+4
D3T-B-L2-I09,max_violation,2,3,1,-3.25,-0x1.a000000000000p+1,21.874999995343387,0x1.5dfffffec0000p+4
D3T-B-L2-I09,max_violation,2,4,1,-1.5,-0x1.8000000000000p+0,19.875000427942723,0x1.3e000072e0000p+4
D3T-B-L2-I09,max_violation,2,5,1,-0.75,-0x1.8000000000000p-1,20.562499138060957,0x1.48ffff18a0000p+4
D3T-B-L2-I09,max_violation,2,6,1,-5.25,-0x1.5000000000000p+2,19.249999891268089,0x1.33ffffe2d0000p+4
D3T-B-L2-I09,max_violation,2,7,0,-22,-0x1.6000000000000p+4,-22.125000652857125,-0x1.620000af40000p+4
D3T-B-L2-I09,max_violation,2,8,0,-29,-0x1.d000000000000p+4,-23.437500704079866,-0x1.770000bd00000p+4
D3T-B-L2-I10,max_violation,2,0,1,-20,-0x1.4000000000000p+4,20.249999233637936,0x1.43ffff3248000p+4
D3T-B-L2-I10,max_violation,2,1,1,-6.75,-0x1.b000000000000p+2,20.750000804662704,0x1.4c0000d800000p+4
D3T-B-L2-I10,max_violation,2,2,1,-1.25,-0x1.4000000000000p+0,20.562500145286322,0x1.4900002700000p+4
D3T-B-L2-I10,max_violation,2,3,1,1,0x1.0000000000000p+0,20.250000935979187,0x1.440000fb40000p+4
D3T-B-L2-I10,max_violation,2,4,1,-0.25,-0x1.0000000000000p-2,21.06249908125028,0x1.50ffff0960000p+4
D3T-B-L2-I10,max_violation,2,5,1,-4,-0x1.0000000000000p+2,20.875000204890966,0x1.4e00003700000p+4
D3T-B-L2-I10,max_violation,2,6,1,-7.75,-0x1.f000000000000p+2,19.374999919906259,0x1.35ffffea80000p+4
D3T-B-L2-I10,max_violation,2,7,0,-9,-0x1.2000000000000p+3,-21.499999937601388,-0x1.57ffffef40000p+4
D3T-B-L2-I10,max_violation,2,8,0,-26.125,-0x1.a200000000000p+4,-22.50000063655898,-0x1.680000aae0000p+4
D3T-B-L2-I11,max_violation,2,0,1,8.75,0x1.1800000000000p+3,21.750000228639692,0x1.5c00003d60000p+4
D3T-B-L2-I11,max_violation,2,1,1,10,0x1.4000000000000p+3,20.062500132247806,0x1.4100002380000p+4
D3T-B-L2-I11,max_violation,2,2,1,8.25,0x1.0800000000000p+3,21.062500375090167,0x1.51000064b0000p+4
D3T-B-L2-I11,max_violation,2,3,1,10.5,0x1.5000000000000p+3,22.812499752268195,0x1.6cffffbd80000p+4
D3T-B-L2-I11,max_violation,2,4,1,12,0x1.8000000000000p+3,21.812500901985914,0x1.5d0000f220000p+4
D3T-B-L2-I11,max_violation,2,5,1,14,0x1.c000000000000p+3,21.062500371132046,0x1.51000063a0000p+4
D3T-B-L2-I11,max_violation,2,6,1,8.75,0x1.1800000000000p+3,20.875000814674422,0x1.4e0000dab0000p+4
D3T-B-L2-I11,max_violation,2,7,0,-8.75,-0x1.1800000000000p+3,-22.437499144347385,-0x1.66ffff1a50000p+4
D3T-B-L2-I11,max_violation,2,8,0,-28,-0x1.c000000000000p+4,-21.562499886378646,-0x1.58ffffe180000p+4
D3T-B-L3-I00,max_violation,3,0,1,-5.75,-0x1.7000000000000p+2,17.625000509433448,0x1.1a000088c0000p+4
D3T-B-L3-I00,max_violation,3,1,1,5.25,0x1.5000000000000p+2,19.999999612569809,0x1.3fffff9800000p+4
D3T-B-L3-I00,max_violation,3,2,1,9,0x1.2000000000000p+3,20.374999614432454,0x1.45ffff9880000p+4
D3T-B-L3-I00,max_violation,3,3,1,5.25,0x1.5000000000000p+2,21.624999650288373,0x1.59ffffa220000p+4
D3T-B-L3-I00,max_violation,3,4,1,1.5,0x1.8000000000000p+0,19.812500815838575,0x1.3d0000db00000p+4
D3T-B-L3-I00,max_violation,3,5,1,-6.25,-0x1.9000000000000p+2,20.000000644242391,0x1.400000acf0000p+4
D3T-B-L3-I00,max_violation,3,6,0,-11,-0x1.6000000000000p+3,-21.437500514090061,-0x1.5700008a00000p+4
D3T-B-L3-I00,max_violation,3,7,0,-6.5,-0x1.a000000000000p+2,-22.812499385327101,-0x1.6cffff5b00000p+4
D3T-B-L3-I00,max_violation,3,8,0,-28.25,-0x1.c400000000000p+4,-23.125000454485416,-0x1.7200007a00000p+4
D3T-B-L3-I01,max_violation,3,0,1,-24.875,-0x1.8e00000000000p+4,20.499999990686774,0x1.47fffffd80000p+4
D3T-B-L3-I01,max_violation,3,1,1,-15,-0x1.e000000000000p+3,21.125000657048076,0x1.520000b060000p+4
D3T-B-L3-I01,max_violation,3,2,1,-12.625,-0x1.9400000000000p+3,21.062500417698175,0x1.5100007020000p+4
D3T-B-L3-I01,max_violation,3,3,1,-12.25,-0x1.8800000000000p+3,20.999999699764885,0x1.4fffffaf68000p+4
D3T-B-L3-I01,max_violation,3,4,1,-10.5,-0x1.5000000000000p+3,21.187499143183231,0x1.52ffff1a00000p+4
D3T-B-L3-I01,max_violation,3,5,1,-13.375,-0x1.ac00000000000p+3,20.374999609775841,0x1.45ffff9740000p+4
D3T-B-L3-I01,max_violation,3,6,0,-21.25,-0x1.5400000000000p+4,-22.87499972525984,-0x1.6dffffb640000p+4
D3T-B-L3-I01,max_violation,3,7,0,-26.25,-0x1.a400000000000p+4,-22.437499752268195,-0x1.66ffffbd80000p+4
D3T-B-L3-I01,max_violation,3,8,0,-29.125,-0x1.d200000000000p+4,-22.124999694526196,-0x1.61ffffae00000p+4
D3T-B-L3-I02,max_violation,3,0,1,-6.5,-0x1.a000000000000p+2,20.687500031664968,0x1.4b00000880000p+4
D3T-B-L3-I02,max_violation,3,1,1,-2.5,-0x1.4000000000000p+1,20.687499941792339,0x1.4afffff060000p+4
D3T-B-L3-I02,max_violation,3,2,1,-3,-0x1.8000000000000p+1,20.812499281484634,0x1.4cffff3f20000p+4
D3T-B-L3-I02,max_violation,3,3,1,1,0x1.0000000000000p+0,20.374999541789293,0x1.45ffff8500000p+4
D3T-B-L3-I02,max_violation,3,4,1,3.25,0x1.a000000000000p+1,20.750000048195943,0x1.4c00000cf0000p+4
D3T-B-L3-I02,max_violation,3,5,1,-3,-0x1.8000000000000p+1,19.12499959859997,0x1.31ffff9440000p+4
D3T-B-L3-I02,max_violation,3,6,0,-5.25,-0x1.5000000000000p+2,-22.375000841915607,-0x1.660000e200000p+4
D3T-B-L3-I02,max_violation,3,7,0,-8.5,-0x1.1000000000000p+3,-20.687500817701221,-0x1.4b0000db80000p+4
D3T-B-L3-I02,max_violation,3,8,0,-30.125,-0x1.e200000000000p+4,-21.500000423751771,-0x1.58000071c0000p+4
D3T-B-L3-I03,max_violation,3,0,1,-26.25,-0x1.a400000000000p+4,20.37499949731864,0x1.45ffff7910000p+4
D3T-B-L3-I03,max_violation,3,1,1,-24.75,-0x1.8c00000000000p+4,20.375000179745257,0x1.4600003040000p+4
D3T-B-L3-I03,max_violation,3,2,1,-19.125,-0x1.3200000000000p+4,20.000000084750354,0x1.40000016c0000p+4
D3T-B-L3-I03,max_violation,3,3,1,-20.375,-0x1.4600000000000p+4,21.499999945983291,0x1.57fffff180000p+4
D3T-B-L3-I03,max_violation,3,4,1,-20.375,-0x1.4600000000000p+4,19.687500318046659,0x1.3b00005560000p+4
D3T-B-L3-I03,max_violation,3,5,1,-23.125,-0x1.7200000000000p+4,20.68750071991235,0x1.4b0000c140000p+4
D3T-B-L3-I03,max_violation,3,6,0,-25.125,-0x1.9200000000000p+4,-23.187499785795808,-0x1.72ffffc680000p+4
D3T-B-L3-I03,max_violation,3,7,0,-28,-0x1.c000000000000p+4,-23.000000459898729,-0x1.7000007b74000p+4
D3T-B-L3-I03,max_violation,3,8,0,-31.125,-0x1.f200000000000p+4,-22.625000132247806,-0x1.6a00002380000p+4
D3T-B-L3-I04,max_violation,3,0,1,-22.375,-0x1.6600000000000p+4,21.687499472172931,0x1.5affff7250000p+4
D3T-B-L3-I04,max_violation,3,1,1,-18,-0x1.2000000000000p+4,20.312499194405973,0x1.44ffff27c0000p+4
D3T-B-L3-I04,max_violation,3,2,1,-7.5,-0x1.e000000000000p+2,20.625000793952495,0x1.4a0000d520000p+4
D3T-B-L3-I04,max_violation,3,3,1,-7,-0x1.c000000000000p+2,20.812499701976776,0x1.4cffffb000000p+4
D3T-B-L3-I04,max_violation,3,4,1,-3.5,-0x1.c000000000000p+1,20.687499240040779,0x1.4affff3400000p+4
D3T-B-L3-I04,max_violation,3,5,1,-4.5,-0x1.2000000000000p+2,20.749999553896487,0x1.4bffff8840000p+4
D3T-B-L3-I04,max_violation,3,6,0,-16.375,-0x1.0600000000000p+4,-21.625000098953024,-0x1.5a00001a90000p+4
D3T-B-L3-I04,max_violation,3,7,0,-25,-0x1.9000000000000p+4,-21.87500059697777,-0x1.5e0000a040000p+4
D3T-B-L3-I04,max_violation,3,8,0,-28.875,-0x1.ce00000000000p+4,-23.312499065999873,-0x1.74ffff0548000p+4
D3T-B-L3-I05,max_violation,3,0,1,-25.125,-0x1.9200000000000p+4,20.875000951811671,0x1.4e0000ff80000p+4
D3T-B-L3-I05,max_violation,3,1,1,-13.125,-0x1.a400000000000p+3,19.250000914558768,0x1.340000f580000p+4
D3T-B-L3-I05,max_violation,3,2,1,-11.5,-0x1.7000000000000p+3,20.374999334104359,0x1.45ffff4d40000p+4
D3T-B-L3-I05,max_violation,3,3,1,-12.75,-0x1.9800000000000p+3,19.87500073807314,0x1.3e0000c620000p+4
D3T-B-L3-I05,max_violation,3,4,1,-11.5,-0x1.7000000000000p+3,20.624999567866325,0x1.49ffff8c00000p+4
D3T-B-L3-I05,max_violation,3,5,1,-16.625,-0x1.0a00000000000p+4,20.125000509433448,0x1.42000088c0000p+4
D3T-B-L3-I05,max_violation,3,6,0,-20.625,-0x1.4a00000000000p+4,-22.500000634929165,-0x1.680000aa70000p+4
D3T-B-L3-I05,max_violation,3,7,0,-23.875,-0x1.7e00000000000p+4,-22.562500315718353,-0x1.69000054c0000p+4
D3T-B-L3-I05,max_violation,3,8,0,-29.5,-0x1.d800000000000p+4,-21.187499352265149,-0x1.52ffff5220000p+4
D3T-B-L3-I06,max_violation,3,0,1,-24.25,-0x1.8400000000000p+4,20.8750004429603,0x1.4e000076e8000p+4
D3T-B-L3-I06,max_violation,3,1,1,-5.75,-0x1.7000000000000p+2,20.749999623280019,0x1.4bffff9ae0000p+4
D3T-B-L3-I06,max_violation,3,2,1,-7.25,-0x1.d000000000000p+2,20.999999816995114,0x1.4fffffcee0000p+4
D3T-B-L3-I06,max_violation,3,3,1,-5,-0x1.4000000000000p+2,20.999999639112502,0x1.4fffff9f20000p+4
D3T-B-L3-I06,max_violation,3,4,1,-9.25,-0x1.2800000000000p+3,20.24999911361374,0x1.43ffff1210000p+4
D3T-B-L3-I06,max_violation,3,5,1,-19.25,-0x1.3400000000000p+4,19.374999725609086,0x1.35ffffb658000p+4
D3T-B-L3-I06,max_violation,3,6,0,-23.625,-0x1.7a00000000000p+4,-23.125000581610948,-0x1.7200009c20000p+4
D3T-B-L3-I06,max_violation,3,7,0,-27.625,-0x1.ba00000000000p+4,-22.562500534695573,-0x1.6900008f88000p+4
D3T-B-L3-I06,max_violation,3,8,0,-30.125,-0x1.e200000000000p+4,-23.37500012665987,-0x1.7600002200000p+4
D3T-B-L3-I07,max_violation,3,0,1,-8.25,-0x1.0800000000000p+3,19.812500896397978,0x1.3d0000f0a0000p+4
D3T-B-L3-I07,max_violation,3,1,1,-9,-0x1.2000000000000p+3,19.750000437255949,0x1.3c00007560000p+4
D3T-B-L3-I07,max_violation,3,2,1,-6.25,-0x1.9000000000000p+2,20.12500011222437,0x1.4200001e20000p+4
D3T-B-L3-I07,max_violation,3,3,1,-4.5,-0x1.2000000000000p+2,20.937500920146704,0x1.4f0000f700000p+4
D3T-B-L3-I07,max_violation,3,4,1,-7,-0x1.c000000000000p+2,19.875000001862645,0x1.3e00000080000p+4
D3T-B-L3-I07,max_violation,3,5,1,-11.75,-0x1.7800000000000p+3,19.250000934116542,0x1.340000fac0000p+4
D3T-B-L3-I07,max_violation,3,6,0,-17,-0x1.1000000000000p+4,-21.875000760424882,-0x1.5e0000cc20000p+4
D3T-B-L3-I07,max_violation,3,7,0,-21.25,-0x1.5400000000000p+4,-21.749999750871211,-0x1.5bffffbd20000p+4
D3T-B-L3-I07,max_violation,3,8,0,-28.125,-0x1.c200000000000p+4,-22.750000387430191,-0x1.6c00006800000p+4
D3T-B-L3-I08,max_violation,3,0,1,-22.25,-0x1.6400000000000p+4,20.624999939231202,0x1.49ffffefb0000p+4
D3T-B-L3-I08,max_violation,3,1,1,-11.25,-0x1.6800000000000p+3,20.750000443775207,0x1.4c00007720000p+4
D3T-B-L3-I08,max_violation,3,2,1,-8.5,-0x1.1000000000000p+3,20.750000852625817,0x1.4c0000e4e0000p+4
D3T-B-L3-I08,max_violation,3,3,1,-6.75,-0x1.b000000000000p+2,20.312500614207238,0x1.450000a4e0000p+4
D3T-B-L3-I08,max_violation,3,4,1,-9.5,-0x1.3000000000000p+3,20.812499728519469,0x1.4cffffb720000p+4
D3T-B-L3-I08,max_violation,3,5,1,-16,-0x1.0000000000000p+4,21.062499420717359,0x1.50ffff6480000p+4
D3T-B-L3-I08,max_violation,3,6,0,-22.5,-0x1.6800000000000p+4,-22.125000402331352,-0x1.6200006c00000p+4
D3T-B-L3-I08,max_violation,3,7,0,-27.25,-0x1.b400000000000p+4,-21.062500836327672,-0x1.510000e080000p+4
D3T-B-L3-I08,max_violation,3,8,0,-29.5,-0x1.d800000000000p+4,-23.874999257968739,-0x1.7dffff38d0000p+4
D3T-B-L3-I09,max_violation,3,0,1,-23.25,-0x1.7400000000000p+4,21.124999205116183,0x1.51ffff2aa0000p+4
D3T-B-L3-I09,max_violation,3,1,1,-17.375,-0x1.1600000000000p+4,20.750000425148755,0x1.4c00007220000p+4
D3T-B-L3-I09,max_violation,3,2,1,-18.75,-0x1.2c00000000000p+4,21.562499705702066,0x1.58ffffb100000p+4
D3T-B-L3-I09,max_violation,3,3,1,-19.375,-0x1.3600000000000p+4,22.437499587424099,0x1.66ffff9140000p+4
D3T-B-L3-I09,max_violation,3,4,1,-19.5,-0x1.3800000000000p+4,20.374999223742634,0x1.45ffff2fa0000p+4
D3T-B-L3-I09,max_violation,3,5,1,-22.375,-0x1.6600000000000p+4,20.4999994863756,0x1.47ffff7620000p+4
D3T-B-L3-I09,max_violation,3,6,0,-24.875,-0x1.8e00000000000p+4,-24.312500154366717,-0x1.8500002970000p+4
D3T-B-L3-I09,max_violation,3,7,0,-28.125,-0x1.c200000000000p+4,-22.437500299187377,-0x1.6700005050000p+4
D3T-B-L3-I09,max_violation,3,8,0,-30.125,-0x1.e200000000000p+4,-23.124999878928065,-0x1.71ffffdf80000p+4
D3T-B-L3-I10,max_violation,3,0,1,-15.25,-0x1.e800000000000p+3,19.750000175088644,0x1.3c00002f00000p+4
D3T-B-L3-I10,max_violation,3,1,1,-3.25,-0x1.a000000000000p+1,20.625000008614734,0x1.4a00000250000p+4
D3T-B-L3-I10,max_violation,3,2,1,-0.5,-0x1.0000000000000p-1,19.499999175779521,0x1.37ffff22c0000p+4
D3T-B-L3-I10,max_violation,3,3,1,0,0x0.0p+0,19.374999904772267,0x1.35ffffe670000p+4
D3T-B-L3-I10,max_violation,3,4,1,-4.5,-0x1.2000000000000p+2,20.124999274034053,0x1.41ffff3d20000p+4
D3T-B-L3-I10,max_violation,3,5,1,-6,-0x1.8000000000000p+2,19.625000570784323,0x1.3a00009938000p+4
D3T-B-L3-I10,max_violation,3,6,0,-13,-0x1.a000000000000p+3,-21.124999452382326,-0x1.51ffff6d00000p+4
D3T-B-L3-I10,max_violation,3,7,0,-18.5,-0x1.2800000000000p+4,-21.999999208142981,-0x1.5fffff2b70000p+4
D3T-B-L3-I10,max_violation,3,8,0,-29,-0x1.d000000000000p+4,-21.187500432133675,-0x1.5300007400000p+4
D3T-B-L3-I11,max_violation,3,0,1,-21.25,-0x1.5400000000000p+4,20.937500580213964,0x1.4f00009bc0000p+4
D3T-B-L3-I11,max_violation,3,1,1,-11.75,-0x1.7800000000000p+3,22.000000157859176,0x1.6000002a60000p+4
D3T-B-L3-I11,max_violation,3,2,1,-12,-0x1.8000000000000p+3,20.874999646795914,0x1.4dffffa130000p+4
D3T-B-L3-I11,max_violation,3,3,1,-11,-0x1.6000000000000p+3,22.187500194646418,0x1.6300003440000p+4
D3T-B-L3-I11,max_violation,3,4,1,-9.5,-0x1.3000000000000p+3,21.250000413972884,0x1.5400006f20000p+4
D3T-B-L3-I11,max_violation,3,5,1,-10.5,-0x1.5000000000000p+3,20.874999259598553,0x1.4dffff3940000p+4
D3T-B-L3-I11,max_violation,3,6,0,-15.25,-0x1.e800000000000p+3,-22.062500100582838,-0x1.6100001b00000p+4
D3T-B-L3-I11,max_violation,3,7,0,-20.75,-0x1.4c00000000000p+4,-21.812499287072569,-0x1.5cffff40a0000p+4
D3T-B-L3-I11,max_violation,3,8,0,-27.25,-0x1.b400000000000p+4,-22.374999810941517,-0x1.65ffffcd40000p+4
D3T-B-L4-I00,max_violation,4,0,1,-22.625,-0x1.6a00000000000p+4,20.312499816995114,0x1.44ffffcee0000p+4
D3T-B-L4-I00,max_violation,4,1,1,-15.75,-0x1.f800000000000p+3,20.875000750645995,0x1.4e0000c980000p+4
D3T-B-L4-I00,max_violation,4,2,1,-13.5,-0x1.b000000000000p+3,19.24999993480742,0x1.33ffffee80000p+4
D3T-B-L4-I00,max_violation,4,3,1,-13.25,-0x1.a800000000000p+3,21.749999694060534,0x1.5bffffade0000p+4
D3T-B-L4-I00,max_violation,4,4,1,-9.75,-0x1.3800000000000p+3,18.875000570435077,0x1.2e00009920000p+4
D3T-B-L4-I00,max_violation,4,5,0,-16.25,-0x1.0400000000000p+4,-22.124999180203304,-0x1.61ffff23f0000p+4
D3T-B-L4-I00,max_violation,4,6,0,-19.125,-0x1.3200000000000p+4,-22.187499503837898,-0x1.62ffff7ad0000p+4
D3T-B-L4-I00,max_violation,4,7,0,-23,-0x1.7000000000000p+4,-22.937499687541276,-0x1.6effffac20000p+4
D3T-B-L4-I00,max_violation,4,8,0,-29.375,-0x1.d600000000000p+4,-23.624999538064003,-0x1.79ffff8400000p+4
D3T-B-L4-I01,max_violation,4,0,1,-20.625,-0x1.4a00000000000p+4,20.374999129911885,0x1.45ffff1670000p+4
D3T-B-L4-I01,max_violation,4,1,1,-16.625,-0x1.0a00000000000p+4,20.437499412801117,0x1.46ffff6260000p+4
D3T-B-L4-I01,max_violation,4,2,1,-17.75,-0x1.1c00000000000p+4,21.687499248888344,0x1.5affff3660000p+4
D3T-B-L4-I01,max_violation,4,3,1,-19.375,-0x1.3600000000000p+4,20.937499554827809,0x1.4effff8880000p+4
D3T-B-L4-I01,max_violation,4,4,1,-19.875,-0x1.3e00000000000p+4,21.750000661006197,0x1.5c0000b170000p+4
D3T-B-L4-I01,max_violation,4,5,0,-21.875,-0x1.5e00000000000p+4,-21.749999408144504,-0x1.5bffff6120000p+4
D3T-B-L4-I01,max_violation,4,6,0,-25.375,-0x1.9600000000000p+4,-21.812499267980456,-0x1.5cffff3b80000p+4
D3T-B-L4-I01,max_violation,4,7,0,-26.5,-0x1.a800000000000p+4,-21.874999695923179,-0x1.5dffffae60000p+4
D3T-B-L4-I01,max_violation,4,8,0,-29.375,-0x1.d600000000000p+4,-22.812499803025275,-0x1.6cffffcb20000p+4
D3T-B-L4-I02,max_violation,4,0,1,-27.875,-0x1.be00000000000p+4,21.749999870080501,0x1.5bffffdd20000p+4
D3T-B-L4-I02,max_violation,4,1,1,-22.375,-0x1.6600000000000p+4,20.687499335501343,0x1.4affff4da0000p+4
D3T-B-L4-I02,max_violation,4,2,1,-21.125,-0x1.5200000000000p+4,20.249999244348146,0x1.43ffff3528000p+4
D3T-B-L4-I02,max_violation,4,3,1,-20.125,-0x1.4200000000000p+4,21.249999342486262,0x1.53ffff4f80000p+4
D3T-B-L4-I02,max_violation,4,4,1,-21.25,-0x1.5400000000000p+4,21.250000138301402,0x1.5400002520000p+4
D3T-B-L4-I02,max_violation,4,5,0,-24.875,-0x1.8e00000000000p+4,-23.624999797670171,-0x1.79ffffc9b0000p+4
D3T-B-L4-I02,max_violation,4,6,0,-26.5,-0x1.a800000000000p+4,-22.437500413507223,-0x1.6700006f00000p+4
D3T-B-L4-I02,max_violation,4,7,0,-28.375,-0x1.c600000000000p+4,-23.062500344822183,-0x1.7100005c90000p+4
D3T-B-L4-I02,max_violation,4,8,0,-30.75,-0x1.ec00000000000p+4,-22.937500010244548,-0x1.6f000002c0000p+4
D3T-B-L4-I03,max_violation,4,0,1,-25.5,-0x1.9800000000000p+4,20.750000632833689,0x1.4c0000a9e0000p+4
D3T-B-L4-I03,max_violation,4,1,1,-15.375,-0x1.ec00000000000p+3,21.062499470310286,0x1.50ffff71d0000p+4
D3T-B-L4-I03,max_violation,4,2,1,-12.5,-0x1.9000000000000p+3,21.187499302439392,0x1.52ffff44c0000p+4
D3T-B-L4-I03,max_violation,4,3,1,-12.125,-0x1.8400000000000p+3,21.187499950407073,0x1.52fffff2b0000p+4
D3T-B-L4-I03,max_violation,4,4,1,-11.5,-0x1.7000000000000p+3,20.31250056438148,0x1.4500009780000p+4
D3T-B-L4-I03,max_violation,4,5,0,-12.75,-0x1.9800000000000p+3,-21.12499988079071,-0x1.51ffffe000000p+4
D3T-B-L4-I03,max_violation,4,6,0,-18.75,-0x1.2c00000000000p+4,-21.625000878004357,-0x1.5a0000ebb0000p+4
D3T-B-L4-I03,max_violation,4,7,0,-24.125,-0x1.8200000000000p+4,-22.562500692903996,-0x1.690000ba00000p+4
D3T-B-L4-I03,max_violation,4,8,0,-29.125,-0x1.d200000000000p+4,-21.750000901520252,-0x1.5c0000f200000p+4
D3T-B-L4-I04,max_violation,4,0,1,-19.5,-0x1.3800000000000p+4,19.624999659601599,0x1.39ffffa4a0000p+4
D3T-B-L4-I04,max_violation,4,1,1,-9.75,-0x1.3800000000000p+3,19.87499980116263,0x1.3dffffcaa0000p+4
D3T-B-L4-I04,max_violation,4,2,1,-6.25,-0x1.9000000000000p+2,20.625000660074875,0x1.4a0000b130000p+4
D3T-B-L4-I04,max_violation,4,3,1,-8.5,-0x1.1000000000000p+3,20.875000616535544,0x1.4e0000a580000p+4
D3T-B-L4-I04,max_violation,4,4,1,-10,-0x1.4000000000000p+3,19.499999525258318,0x1.37ffff8090000p+4
D3T-B-L4-I04,max_violation,4,5,0,-18,-0x1.2000000000000p+4,-21.625000726431608,-0x1.5a0000c300000p+4
D3T-B-L4-I04,max_violation,4,6,0,-21.875,-0x1.5e00000000000p+4,-23.562500432832167,-0x1.7900007430000p+4
D3T-B-L4-I04,max_violation,4,7,0,-24.25,-0x1.8400000000000p+4,-22.687500091735274,-0x1.6b000018a0000p+4
D3T-B-L4-I04,max_violation,4,8,0,-29.875,-0x1.de00000000000p+4,-22.999999895691872,-0x1.6fffffe400000p+4
D3T-B-L4-I05,max_violation,4,0,1,-27.5,-0x1.b800000000000p+4,19.875000080093741,0x1.3e00001580000p+4
D3T-B-L4-I05,max_violation,4,1,1,-20.875,-0x1.4e00000000000p+4,20.624999463558197,0x1.49ffff7000000p+4
D3T-B-L4-I05,max_violation,4,2,1,-13.5,-0x1.b000000000000p+3,20.249999302439392,0x1.43ffff44c0000p+4
D3T-B-L4-I05,max_violation,4,3,1,-16.25,-0x1.0400000000000p+4,19.249999232124537,0x1.33ffff31e0000p+4
D3T-B-L4-I05,max_violation,4,4,1,-10,-0x1.4000000000000p+3,20.624999580788426,0x1.49ffff8f78000p+4
D3T-B-L4-I05,max_violation,4,5,0,-12.875,-0x1.9c00000000000p+3,-21.312499747844413,-0x1.54ffffbc50000p+4
D3T-B-L4-I05,max_violation,4,6,0,-19,-0x1.3000000000000p+4,-21.937500897794962,-0x1.5f0000f100000p+4
D3T-B-L4-I05,max_violation,4,7,0,-25.125,-0x1.9200000000000p+4,-22.750000144354999,-0x1.6c000026c0000p+4
D3T-B-L4-I05,max_violation,4,8,0,-29.875,-0x1.de00000000000p+4,-22.499999526888132,-0x1.67ffff8100000p+4
D3T-B-L4-I06,max_violation,4,0,1,-26.375,-0x1.a600000000000p+4,20.31250061839819,0x1.450000a600000p+4
D3T-B-L4-I06,max_violation,4,1,1,-22,-0x1.6000000000000p+4,20.874999064952135,0x1.4dffff0500000p+4
D3T-B-L4-I06,max_violation,4,2,1,-20.375,-0x1.4600000000000p+4,19.562500950880349,0x1.390000ff40000p+4
D3T-B-L4-I06,max_violation,4,3,1,-20.25,-0x1.4400000000000p+4,19.937499991618097,0x1.3efffffdc0000p+4
D3T-B-L4-I06,max_violation,4,4,1,-18.125,-0x1.2200000000000p+4,20.999999379593646,0x1.4fffff5976000p+4
D3T-B-L4-I06,max_violation,4,5,0,-23.375,-0x1.7600000000000p+4,-22.562500390224159,-0x1.69000068c0000p+4
D3T-B-L4-I06,max_violation,4,6,0,-25.5,-0x1.9800000000000p+4,-21.500000590458512,-0x1.5800009e80000p+4
D3T-B-L4-I06,max_violation,4,7,0,-27.375,-0x1.b600000000000p+4,-21.687499511055648,-0x1.5affff7cc0000p+4
D3T-B-L4-I06,max_violation,4,8,0,-30.375,-0x1.e600000000000p+4,-23.187500890344381,-0x1.730000ef00000p+4
D3T-B-L4-I07,max_violation,4,0,1,-26.25,-0x1.a400000000000p+4,19.750000926665962,0x1.3c0000f8c0000p+4
D3T-B-L4-I07,max_violation,4,1,1,-23.25,-0x1.7400000000000p+4,21.812499446328729,0x1.5cffff6b60000p+4
D3T-B-L4-I07,max_violation,4,2,1,-19.25,-0x1.3400000000000p+4,21.187500081956387,0x1.5300001600000p+4
D3T-B-L4-I07,max_violation,4,3,1,-20.25,-0x1.4400000000000p+4,19.875000703614205,0x1.3e0000bce0000p+4
D3T-B-L4-I07,max_violation,4,4,1,-19,-0x1.3000000000000p+4,19.999999548774213,0x1.3fffff86e0000p+4
D3T-B-L4-I07,max_violation,4,5,0,-21.375,-0x1.5600000000000p+4,-21.749999945983291,-0x1.5bfffff180000p+4
D3T-B-L4-I07,max_violation,4,6,0,-22.375,-0x1.6600000000000p+4,-22.312499385327101,-0x1.64ffff5b00000p+4
D3T-B-L4-I07,max_violation,4,7,0,-24.625,-0x1.8a00000000000p+4,-22.562500463798642,-0x1.6900007c80000p+4
D3T-B-L4-I07,max_violation,4,8,0,-28.875,-0x1.ce00000000000p+4,-23.124999715713784,-0x1.71ffffb3b0000p+4
D3T-B-L4-I08,max_violation,4,0,1,-23.625,-0x1.7a00000000000p+4,19.250000112690032,0x1.3400001e40000p+4
D3T-B-L4-I08,max_violation,4,1,1,-15.375,-0x1.ec00000000000p+3,19.812500096857548,0x1.3d00001a00000p+4
D3T-B-L4-I08,max_violation,4,2,1,-12,-0x1.8000000000000p+3,20.500000887550414,0x1.480000ee40000p+4
D3T-B-L4-I08,max_violation,4,3,1,-11.5,-0x1.7000000000000p+3,21.250000033993274,0x1.5400000920000p+4
D3T-B-L4-I08,max_violation,4,4,1,-11,-0x1.6000000000000p+3,20.999999910593033,0x1.4fffffe800000p+4
D3T-B-L4-I08,max_violation,4,5,0,-11.75,-0x1.7800000000000p+3,-22.124999258667231,-0x1.61ffff3900000p+4
D3T-B-L4-I08,max_violation,4,6,0,-11.75,-0x1.7800000000000p+3,-21.749999886378646,-0x1.5bffffe180000p+4
D3T-B-L4-I08,max_violation,4,7,0,-25.375,-0x1.9600000000000p+4,-22.62499930371996,-0x1.69ffff4518000p+4
D3T-B-L4-I08,max_violation,4,8,0,-28.875,-0x1.ce00000000000p+4,-21.687500298954546,-0x1.5b00005040000p+4
D3T-B-L4-I09,max_violation,4,0,1,-25.5,-0x1.9800000000000p+4,19.499999513849616,0x1.37ffff7d80000p+4
D3T-B-L4-I09,max_violation,4,1,1,-19.375,-0x1.3600000000000p+4,20.625000556465238,0x1.4a00009560000p+4
D3T-B-L4-I09,max_violation,4,2,1,-19.625,-0x1.3a00000000000p+4,20.249999687541276,0x1.43ffffac20000p+4
D3T-B-L4-I09,max_violation,4,3,1,-19.125,-0x1.3200000000000p+4,20.875000395579264,0x1.4e00006a30000p+4
D3T-B-L4-I09,max_violation,4,4,1,-17,-0x1.1000000000000p+4,20.250000429688953,0x1.4400007358000p+4
D3T-B-L4-I09,max_violation,4,5,0,-21,-0x1.5000000000000p+4,-23.249999409774318,-0x1.73ffff6190000p+4
D3T-B-L4-I09,max_violation,4,6,0,-23.875,-0x1.7e00000000000p+4,-20.999999876599759,-0x1.4fffffdee0000p+4
D3T-B-L4-I09,max_violation,4,7,0,-26.5,-0x1.a800000000000p+4,-22.999999664258212,-0x1.6fffffa5e0000p+4
D3T-B-L4-I09,max_violation,4,8,0,-29.375,-0x1.d600000000000p+4,-21.750000771135092,-0x1.5c0000cf00000p+4
D3T-B-L4-I10,max_violation,4,0,1,-26.75,-0x1.ac00000000000p+4,19.749999738298357,0x1.3bffffb9c0000p+4
D3T-B-L4-I10,max_violation,4,1,1,-24.125,-0x1.8200000000000p+4,21.562499747145921,0x1.58ffffbc20000p+4
D3T-B-L4-I10,max_violation,4,2,1,-23.875,-0x1.7e00000000000p+4,18.624999336898327,0x1.29ffff4e00000p+4
D3T-B-L4-I10,max_violation,4,3,1,-25,-0x1.9000000000000p+4,19.875000161584467,0x1.3e00002b60000p+4
D3T-B-L4-I10,max_violation,4,4,1,-23.625,-0x1.7a00000000000p+4,20.687499466119334,0x1.4affff70b0000p+4
D3T-B-L4-I10,max_violation,4,5,0,-25.875,-0x1.9e00000000000p+4,-21.874999386724085,-0x1.5dffff5b60000p+4
D3T-B-L4-I10,max_violation,4,6,0,-26.5,-0x1.a800000000000p+4,-22.874999659368768,-0x1.6dffffa490000p+4
D3T-B-L4-I10,max_violation,4,7,0,-27.875,-0x1.be00000000000p+4,-22.875000366242602,-0x1.6e00006250000p+4
D3T-B-L4-I10,max_violation,4,8,0,-30.125,-0x1.e200000000000p+4,-22.124999317340553,-0x1.61ffff48c0000p+4
D3T-B-L4-I11,max_violation,4,0,1,-12,-0x1.8000000000000p+3,19.937500258907676,0x1.3f00004580000p+4
D3T-B-L4-I11,max_violation,4,1,1,-2,-0x1.0000000000000p+1,19.499999586958438,0x1.37ffff9120000p+4
D3T-B-L4-I11,max_violation,4,2,1,-6.5,-0x1.a000000000000p+2,19.437499319203198,0x1.36ffff4940000p+4
D3T-B-L4-I11,max_violation,4,3,1,-5.75,-0x1.7000000000000p+2,19.749999244697392,0x1.3bffff3540000p+4
D3T-B-L4-I11,max_violation,4,4,1,-5.25,-0x1.5000000000000p+2,20.624999718042091,0x1.49ffffb450000p+4
D3T-B-L4-I11,max_violation,4,5,0,-11.5,-0x1.7000000000000p+3,-22.187500279862434,-0x1.6300004b20000p+4
D3T-B-L4-I11,max_violation,4,6,0,-17,-0x1.1000000000000p+4,-22.124999340972863,-0x1.61ffff4f18000p+4
D3T-B-L4-I11,max_violation,4,7,0,-17.75,-0x1.1c00000000000p+4,-20.750000812113285,-0x1.4c0000da00000p+4
D3T-B-L4-I11,max_violation,4,8,0,-27.875,-0x1.be00000000000p+4,-22.812500545755029,-0x1.6d00009280000p+4
D3T-B-L5-I00,max_violation,5,0,1,-26.375,-0x1.a600000000000p+4,20.437500206753612,0x1.4700003780000p+4
D3T-B-L5-I00,max_violation,5,1,1,-25.25,-0x1.9400000000000p+4,20.249999184918124,0x1.43ffff2534000p+4
D3T-B-L5-I00,max_violation,5,2,1,-25,-0x1.9000000000000p+4,20.249999123159796,0x1.43ffff14a0000p+4
D3T-B-L5-I00,max_violation,5,3,1,-26.375,-0x1.a600000000000p+4,19.999999199993908,0x1.3fffff2940000p+4
D3T-B-L5-I00,max_violation,5,4,0,-25.75,-0x1.9c00000000000p+4,-20.999999538995326,-0x1.4fffff8440000p+4
D3T-B-L5-I00,max_violation,5,5,0,-26.75,-0x1.ac00000000000p+4,-22.500000870786607,-0x1.680000e9c0000p+4
D3T-B-L5-I00,max_violation,5,6,0,-27.25,-0x1.b400000000000p+4,-21.812500362284482,-0x1.5d00006140000p+4
D3T-B-L5-I00,max_violation,5,7,0,-28.625,-0x1.ca00000000000p+4,-22.625000246800482,-0x1.6a00004240000p+4
D3T-B-L5-I00,max_violation,5,8,0,-30.375,-0x1.e600000000000p+4,-21.812500014901161,-0x1.5d00000400000p+4
D3T-B-L5-I01,max_violation,5,0,1,-25.5,-0x1.9800000000000p+4,21.499999765481334,0x1.57ffffc10c000p+4
D3T-B-L5-I01,max_violation,5,1,1,-23.125,-0x1.7200000000000p+4,21.000000783009455,0x1.500000d230000p+4
D3T-B-L5-I01,max_violation,5,2,1,-20,-0x1.4000000000000p+4,20.750000324565917,0x1.4c00005720000p+4
D3T-B-L5-I01,max_violation,5,3,1,-20,-0x1.4000000000000p+4,20.62499912083149,0x1.49ffff1400000p+4
D3T-B-L5-I01,max_violation,5,4,0,-19.875,-0x1.3e00000000000p+4,-21.999999396502972,-0x1.5fffff5e00000p+4
D3T-B-L5-I01,max_violation,5,5,0,-22.5,-0x1.6800000000000p+4,-21.250000935047865,-0x1.540000fb00000p+4
D3T-B-L5-I01,max_violation,5,6,0,-25.125,-0x1.9200000000000p+4,-21.374999876134098,-0x1.55ffffdec0000p+4
D3T-B-L5-I01,max_violation,5,7,0,-26.625,-0x1.aa00000000000p+4,-22.687499755062163,-0x1.6affffbe40000p+4
D3T-B-L5-I01,max_violation,5,8,0,-28.875,-0x1.ce00000000000p+4,-22.624999654944986,-0x1.69ffffa360000p+4
D3T-B-L5-I02,max_violation,5,0,1,-26,-0x1.a000000000000p+4,19.624999242834747,0x1.39ffff34c0000p+4
D3T-B-L5-I02,max_violation,5,1,1,-21,-0x1.5000000000000p+4,21.50000043772161,0x1.5800007580000p+4
D3T-B-L5-I02,max_violation,5,2,1,-21.125,-0x1.5200000000000p+4,19.750000538304448,0x1.3c00009080000p+4
D3T-B-L5-I02,max_violation,5,3,1,-21.625,-0x1.5a00000000000p+4,18.999999156920239,0x1.2fffff1db0000p+4
D3T-B-L5-I02,max_violation,5,4,0,-21.75,-0x1.5c00000000000p+4,-21.875000490341336,-0x1.5e000083a0000p+4
D3T-B-L5-I02,max_violation,5,5,0,-24.125,-0x1.8200000000000p+4,-22.374999997206032,-0x1.65ffffff40000p+4
D3T-B-L5-I02,max_violation,5,6,0,-26,-0x1.a000000000000p+4,-22.749999796971679,-0x1.6bffffc980000p+4
D3T-B-L5-I02,max_violation,5,7,0,-27.625,-0x1.ba00000000000p+4,-21.62499986612238,-0x1.59ffffdc10000p+4
D3T-B-L5-I02,max_violation,5,8,0,-30,-0x1.e000000000000p+4,-21.500000519212335,-0x1.5800008b60000p+4
D3T-B-L5-I03,max_violation,5,0,1,-27.375,-0x1.b600000000000p+4,19.374999395571649,0x1.35ffff5dc0000p+4
D3T-B-L5-I03,max_violation,5,1,1,-19.125,-0x1.3200000000000p+4,20.500000125524821,0x1.48000021b2000p+4
D3T-B-L5-I03,max_violation,5,2,1,-15.375,-0x1.ec00000000000p+3,19.937499600462615,0x1.3effff94c0000p+4
D3T-B-L5-I03,max_violation,5,3,1,-12,-0x1.8000000000000p+3,20.874999350402504,0x1.4dffff51a0000p+4
D3T-B-L5-I03,max_violation,5,4,0,-12.5,-0x1.9000000000000p+3,-21.999999115243554,-0x1.5fffff1280000p+4
D3T-B-L5-I03,max_violation,5,5,0,-20.125,-0x1.4200000000000p+4,-20.687500088941306,-0x1.4b000017e0000p+4
D3T-B-L5-I03,max_violation,5,6,0,-24.625,-0x1.8a00000000000p+4,-22.624999758321792,-0x1.69ffffbf20000p+4
D3T-B-L5-I03,max_violation,5,7,0,-27.5,-0x1.b800000000000p+4,-22.625000108731911,-0x1.6a00001d30000p+4
D3T-B-L5-I03,max_violation,5,8,0,-29.875,-0x1.de00000000000p+4,-21.187500027008355,-0x1.5300000740000p+4
D3T-B-L5-I04,max_violation,5,0,1,-23.125,-0x1.7200000000000p+4,19.749999716645107,0x1.3bffffb3f0000p+4
D3T-B-L5-I04,max_violation,5,1,1,-15.75,-0x1.f800000000000p+3,19.375000498257577,0x1.36000085c0000p+4
D3T-B-L5-I04,max_violation,5,2,1,-14.75,-0x1.d800000000000p+3,19.874999738298357,0x1.3dffffb9c0000p+4
D3T-B-L5-I04,max_violation,5,3,1,-18.75,-0x1.2c00000000000p+4,20.124999541789293,0x1.41ffff8500000p+4
D3T-B-L5-I04,max_violation,5,4,0,-18.125,-0x1.2200000000000p+4,-21.874999180407031,-0x1.5dffff23fe000p+4
D3T-B-L5-I04,max_violation,5,5,0,-23.25,-0x1.7400000000000p+4,-21.562500409781933,-0x1.5900006e00000p+4
D3T-B-L5-I04,max_violation,5,6,0,-24.875,-0x1.8e00000000000p+4,-21.124999672174454,-0x1.51ffffa800000p+4
D3T-B-L5-I04,max_violation,5,7,0,-25.875,-0x1.9e00000000000p+4,-21.374999215826392,-0x1.55ffff2d80000p+4
D3T-B-L5-I04,max_violation,5,8,0,-29.375,-0x1.d600000000000p+4,-22.812500413507223,-0x1.6d00006f00000p+4
D3T-B-L5-I05,max_violation,5,0,1,-25.125,-0x1.9200000000000p+4,19.937499993480742,0x1.3efffffe40000p+4
D3T-B-L5-I05,max_violation,5,1,1,-18,-0x1.2000000000000p+4,18.874999664723873,0x1.2dffffa600000p+4
D3T-B-L5-I05,max_violation,5,2,1,-13.375,-0x1.ac00000000000p+3,19.562499826774001,0x1.38ffffd180000p+4
D3T-B-L5-I05,max_violation,5,3,1,-13.25,-0x1.a800000000000p+3,20.250000822241418,0x1.440000dcb8000p+4
D3T-B-L5-I05,max_violation,5,4,0,-15.875,-0x1.fc00000000000p+3,-22.187500366242602,-0x1.6300006250000p+4
D3T-B-L5-I05,max_violation,5,5,0,-21.25,-0x1.5400000000000p+4,-20.250000000465661,-0x1.4400000020000p+4
D3T-B-L5-I05,max_violation,5,6,0,-24.75,-0x1.8c00000000000p+4,-21.999999380670488,-0x1.5fffff59c0000p+4
D3T-B-L5-I05,max_violation,5,7,0,-28.75,-0x1.cc00000000000p+4,-22.375000006519258,-0x1.66000001c0000p+4
D3T-B-L5-I05,max_violation,5,8,0,-30.125,-0x1.e200000000000p+4,-22.874999151332304,-0x1.6dffff1c30000p+4
D3T-B-L5-I06,max_violation,5,0,1,-25.75,-0x1.9c00000000000p+4,21.187500735744834,0x1.530000c580000p+4
D3T-B-L5-I06,max_violation,5,1,1,-10,-0x1.4000000000000p+3,21.687500627711415,0x1.5b0000a880000p+4
D3T-B-L5-I06,max_violation,5,2,1,-13.75,-0x1.b800000000000p+3,20.56249952595681,0x1.48ffff80c0000p+4
D3T-B-L5-I06,max_violation,5,3,1,-10.5,-0x1.5000000000000p+3,19.874999244697392,0x1.3dffff3540000p+4
D3T-B-L5-I06,max_violation,5,4,0,-9.75,-0x1.3800000000000p+3,-21.750000340398401,-0x1.5c00005b60000p+4
D3T-B-L5-I06,max_violation,5,5,0,-19.25,-0x1.3400000000000p+4,-22.062500062398612,-0x1.61000010c0000p+4
D3T-B-L5-I06,max_violation,5,6,0,-23.25,-0x1.7400000000000p+4,-21.749999699182808,-0x1.5bffffaf40000p+4
D3T-B-L5-I06,max_violation,5,7,0,-26.875,-0x1.ae00000000000p+4,-21.625000471249223,-0x1.5a00007e80000p+4
D3T-B-L5-I06,max_violation,5,8,0,-30,-0x1.e000000000000p+4,-22.937499787658453,-0x1.6effffc700000p+4
D3T-B-L5-I07,max_violation,5,0,1,-23.375,-0x1.7600000000000p+4,19.374999271705747,0x1.35ffff3c80000p+4
D3T-B-L5-I07,max_violation,5,1,1,-14.75,-0x1.d800000000000p+3,20.500000727828592,0x1.480000c360000p+4
D3T-B-L5-I07,max_violation,5,2,1,-14.125,-0x1.c400000000000p+3,19.499999216059223,0x1.37ffff2d90000p+4
D3T-B-L5-I07,max_violation,5,3,1,-17.75,-0x1.1c00000000000p+4,19.999999728519469,0x1.3fffffb720000p+4
D3T-B-L5-I07,max_violation,5,4,0,-20,-0x1.4000000000000p+4,-21.999999640043825,-0x1.5fffff9f60000p+4
D3T-B-L5-I07,max_violation,5,5,0,-22.5,-0x1.6800000000000p+4,-21.812500693835318,-0x1.5d0000ba40000p+4
D3T-B-L5-I07,max_violation,5,6,0,-25.125,-0x1.9200000000000p+4,-22.249999997206032,-0x1.63ffffff40000p+4
D3T-B-L5-I07,max_violation,5,7,0,-27.5,-0x1.b800000000000p+4,-22.562499841675162,-0x1.68ffffd580000p+4
D3T-B-L5-I07,max_violation,5,8,0,-29.875,-0x1.de00000000000p+4,-21.812500833533704,-0x1.5d0000dfc0000p+4
D3T-B-L5-I08,max_violation,5,0,1,-26.375,-0x1.a600000000000p+4,20.250000007450581,0x1.4400000200000p+4
D3T-B-L5-I08,max_violation,5,1,1,-20,-0x1.4000000000000p+4,20.124999568564817,0x1.41ffff8c30000p+4
D3T-B-L5-I08,max_violation,5,2,1,-10.25,-0x1.4800000000000p+3,20.875000648433343,0x1.4e0000ae10000p+4
D3T-B-L5-I08,max_violation,5,3,1,-14.375,-0x1.cc00000000000p+3,21.124999593477696,0x1.51ffff92e0000p+4
D3T-B-L5-I08,max_violation,5,4,0,-12.25,-0x1.8800000000000p+3,-21.499999760184437,-0x1.57ffffbfa0000p+4
D3T-B-L5-I08,max_violation,5,5,0,-19.375,-0x1.3600000000000p+4,-21.874999055406079,-0x1.5dffff0270000p+4
D3T-B-L5-I08,max_violation,5,6,0,-24.625,-0x1.8a00000000000p+4,-22.062500340864062,-0x1.6100005b80000p+4
D3T-B-L5-I08,max_violation,5,7,0,-28,-0x1.c000000000000p+4,-22.124999094288796,-0x1.61ffff0ce0000p+4
D3T-B-L5-I08,max_violation,5,8,0,-29.875,-0x1.de00000000000p+4,-23.062499579973519,-0x1.70ffff8f40000p+4
D3T-B-L5-I09,max_violation,5,0,1,-23.875,-0x1.7e00000000000p+4,19.999999116873369,0x1.3fffff12f0000p+4
D3T-B-L5-I09,max_violation,5,1,1,-23.5,-0x1.7800000000000p+4,19.125000599306077,0x1.320000a0e0000p+4
D3T-B-L5-I09,max_violation,5,2,1,-22.625,-0x1.6a00000000000p+4,20.87499962572474,0x1.4dffff9b88000p+4
D3T-B-L5-I09,max_violation,5,3,1,-22.125,-0x1.6200000000000p+4,18.750000348314643,0x1.2c00005d80000p+4
D3T-B-L5-I09,max_violation,5,4,0,-21.25,-0x1.5400000000000p+4,-22.062499745283276,-0x1.60ffffbba0000p+4
D3T-B-L5-I09,max_violation,5,5,0,-22.25,-0x1.6400000000000p+4,-22.375000156695023,-0x1.6600002a10000p+4
D3T-B-L5-I09,max_violation,5,6,0,-24.125,-0x1.8200000000000p+4,-22.562500366708264,-0x1.6900006270000p+4
D3T-B-L5-I09,max_violation,5,7,0,-25.75,-0x1.9c00000000000p+4,-21.562499735271558,-0x1.58ffffb8f0000p+4
D3T-B-L5-I09,max_violation,5,8,0,-29.125,-0x1.d200000000000p+4,-21.562499582767487,-0x1.58ffff9000000p+4
D3T-B-L5-I10,max_violation,5,0,1,-24.375,-0x1.8600000000000p+4,19.750000910833478,0x1.3c0000f480000p+4
D3T-B-L5-I10,max_violation,5,1,1,-21.25,-0x1.5400000000000p+4,20.750000524101779,0x1.4c00008cb0000p+4
D3T-B-L5-I10,max_violation,5,2,1,-18.125,-0x1.2200000000000p+4,19.687500538304448,0x1.3b00009080000p+4
D3T-B-L5-I10,max_violation,5,3,1,-19.625,-0x1.3a00000000000p+4,20.500000204890966,0x1.4800003700000p+4
D3T-B-L5-I10,max_violation,5,4,0,-21.375,-0x1.5600000000000p+4,-21.000000424683094,-0x1.5000007200000p+4
D3T-B-L5-I10,max_violation,5,5,0,-25.125,-0x1.9200000000000p+4,-21.375000508502126,-0x1.5600008880000p+4
D3T-B-L5-I10,max_violation,5,6,0,-27,-0x1.b000000000000p+4,-22.625000159605406,-0x1.6a00002ad8000p+4
D3T-B-L5-I10,max_violation,5,7,0,-27.5,-0x1.b800000000000p+4,-22.124999282415956,-0x1.61ffff3f60000p+4
D3T-B-L5-I10,max_violation,5,8,0,-29.75,-0x1.dc00000000000p+4,-23.999999354593456,-0x1.7fffff52c0000p+4
D3T-B-L5-I11,max_violation,5,0,1,-24.375,-0x1.8600000000000p+4,20.562500153202564,0x1.4900002920000p+4
D3T-B-L5-I11,max_violation,5,1,1,-19.125,-0x1.3200000000000p+4,21.437499437946826,0x1.56ffff6920000p+4
D3T-B-L5-I11,max_violation,5,2,1,-19.625,-0x1.3a00000000000p+4,21.312499539460987,0x1.54ffff8460000p+4
D3T-B-L5-I11,max_violation,5,3,1,-17.625,-0x1.1a00000000000p+4,20.499999298714101,0x1.47ffff43c0000p+4
D3T-B-L5-I11,max_violation,5,4,0,-15.5,-0x1.f000000000000p+3,-21.999999633058906,-0x1.5fffff9d80000p+4
D3T-B-L5-I11,max_violation,5,5,0,-19.125,-0x1.3200000000000p+4,-22.624999936670065,-0x1.69ffffef00000p+4
D3T-B-L5-I11,max_violation,5,6,0,-21.625,-0x1.5a00000000000p+4,-22.687499456573278,-0x1.6affff6e20000p+4
D3T-B-L5-I11,max_violation,5,7,0,-25.375,-0x1.9600000000000p+4,-21.750000062398612,-0x1.5c000010c0000p+4
D3T-B-L5-I11,max_violation,5,8,0,-29.5,-0x1.d800000000000p+4,-20.937500562518835,-0x1.4f00009700000p+4
D3T-B-L6-I00,max_violation,6,0,1,-26.75,-0x1.ac00000000000p+4,19.937500569969416,0x1.3f00009900000p+4
D3T-B-L6-I00,max_violation,6,1,1,-21,-0x1.5000000000000p+4,19.250000583473593,0x1.3400009ca0000p+4
D3T-B-L6-I00,max_violation,6,2,1,-21.125,-0x1.5200000000000p+4,19.37499972525984,0x1.35ffffb640000p+4
D3T-B-L6-I00,max_violation,6,3,0,-19.875,-0x1.3e00000000000p+4,20.000000116531737,0x1.4000001f48000p+4
D3T-B-L6-I00,max_violation,6,4,0,-17.625,-0x1.1a00000000000p+4,-22.312499068677425,-0x1.64ffff0600000p+4
D3T-B-L6-I00,max_violation,6,5,0,-21.125,-0x1.5200000000000p+4,-22.68749938509427,-0x1.6affff5af0000p+4
D3T-B-L6-I00,max_violation,6,6,0,-25.625,-0x1.9a00000000000p+4,-21.31249920418486,-0x1.54ffff2a60000p+4
D3T-B-L6-I00,max_violation,6,7,0,-28.625,-0x1.ca00000000000p+4,-22.625000780913979,-0x1.6a0000d1a0000p+4
D3T-B-L6-I00,max_violation,6,8,0,-30.75,-0x1.ec00000000000p+4,-22.187500620260835,-0x1.630000a680000p+4
D3T-B-L6-I01,max_violation,6,0,1,-26.75,-0x1.ac00000000000p+4,20.874999153544195,0x1.4dffff1cc8000p+4
D3T-B-L6-I01,max_violation,6,1,1,-23.125,-0x1.7200000000000p+4,19.000000293366611,0x1.3000004ec0000p+4
D3T-B-L6-I01,max_violation,6,2,1,-20.5,-0x1.4800000000000p+4,20.750000702217221,0x1.4c0000bc80000p+4
D3T-B-L6-I01,max_violation,6,3,0,-18.625,-0x1.2a00000000000p+4,-21.874999628867954,-0x1.5dffff9c60000p+4
D3T-B-L6-I01,max_violation,6,4,0,-17.75,-0x1.1c00000000000p+4,-21.875000754836947,-0x1.5e0000caa0000p+4
D3T-B-L6-I01,max_violation,6,5,0,-27.5,-0x1.b800000000000p+4,-22.312500580213964,-0x1.6500009bc0000p+4
D3T-B-L6-I01,max_violation,6,6,0,-29,-0x1.d000000000000p+4,-22.249999954830855,-0x1.63fffff3e0000p+4
D3T-B-L6-I01,max_violation,6,7,0,-29.25,-0x1.d400000000000p+4,-22.124999210471287,-0x1.61ffff2c10000p+4
D3T-B-L6-I01,max_violation,6,8,0,-31.625,-0x1.fa00000000000p+4,-21.375000242143869,-0x1.5600004100000p+4
D3T-B-L6-I02,max_violation,6,0,1,-22,-0x1.6000000000000p+4,20.500000138301402,0x1.4800002520000p+4
D3T-B-L6-I02,max_violation,6,1,1,-24.25,-0x1.8400000000000p+4,20.687500179279596,0x1.4b00003020000p+4
D3T-B-L6-I02,max_violation,6,2,1,-19.5,-0x1.3800000000000p+4,19.750000561820343,0x1.3c000096d0000p+4
D3T-B-L6-I02,max_violation,6,3,0,-21.375,-0x1.5600000000000p+4,-20.937499465420842,-0x1.4effff7080000p+4
D3T-B-L6-I02,max_violation,6,4,0,-18.25,-0x1.2400000000000p+4,-21.812500020489097,-0x1.5d00000580000p+4
D3T-B-L6-I02,max_violation,6,5,0,-21,-0x1.5000000000000p+4,-22.000000485219061,-0x1.6000008240000p+4
D3T-B-L6-I02,max_violation,6,6,0,-24.875,-0x1.8e00000000000p+4,-22.937500320374966,-0x1.6f00005600000p+4
D3T-B-L6-I02,max_violation,6,7,0,-28.5,-0x1.c800000000000p+4,-22.937500179512426,-0x1.6f00003030000p+4
D3T-B-L6-I02,max_violation,6,8,0,-30.75,-0x1.ec00000000000p+4,-22.937500330619514,-0x1.6f000058c0000p+4
D3T-B-L6-I03,max_violation,6,0,1,-21.5,-0x1.5800000000000p+4,21.125000545871444,0x1.5200009288000p+4
D3T-B-L6-I03,max_violation,6,1,1,-6,-0x1.8000000000000p+2,20.312499191612005,0x1.44ffff2700000p+4
D3T-B-L6-I03,max_violation,6,2,1,-9.25,-0x1.2800000000000p+3,19.875000080093741,0x1.3e00001580000p+4
D3T-B-L6-I03,max_violation,6,3,0,-12.5,-0x1.9000000000000p+3,-21.937499344814569,-0x1.5effff5020000p+4
D3T-B-L6-I03,max_violation,6,4,0,-16.25,-0x1.0400000000000p+4,-22.562500142492354,-0x1.6900002640000p+4
D3T-B-L6-I03,max_violation,6,5,0,-16.5,-0x1.0800000000000p+4,-22.874999642372131,-0x1.6dffffa000000p+4
D3T-B-L6-I03,max_violation,6,6,0,-20.875,-0x1.4e00000000000p+4,-21.562499335035682,-0x1.58ffff4d80000p+4
D3T-B-L6-I03,max_violation,6,7,0,-26.75,-0x1.ac00000000000p+4,-22.187499739229679,-0x1.62ffffba00000p+4
D3T-B-L6-I03,max_violation,6,8,0,-29.375,-0x1.d600000000000p+4,-21.937500579282641,-0x1.5f00009b80000p+4
D3T-B-L6-I04,max_violation,6,0,1,-25,-0x1.9000000000000p+4,19.999999667517841,0x1.3fffffa6c0000p+4
D3T-B-L6-I04,max_violation,6,1,1,-19.375,-0x1.3600000000000p+4,20.000000388128683,0x1.4000006830000p+4
D3T-B-L6-I04,max_violation,6,2,1,-15.75,-0x1.f800000000000p+3,20.250000656349584,0x1.440000b030000p+4
D3T-B-L6-I04,max_violation,6,3,0,-14.5,-0x1.d000000000000p+3,-22.187499286606908,-0x1.62ffff4080000p+4
D3T-B-L6-I04,max_violation,6,4,0,-16.375,-0x1.0600000000000p+4,-21.562499541090801,-0x1.58ffff84d0000p+4
D3T-B-L6-I04,max_violation,6,5,0,-18,-0x1.2000000000000p+4,-21.437500074971467,-0x1.5700001420000p+4
D3T-B-L6-I04,max_violation,6,6,0,-24.375,-0x1.8600000000000p+4,-21.999999745283276,-0x1.5fffffbba0000p+4
D3T-B-L6-I04,max_violation,6,7,0,-27,-0x1.b000000000000p+4,-20.875000874511898,-0x1.4e0000eac0000p+4
D3T-B-L6-I04,max_violation,6,8,0,-28.875,-0x1.ce00000000000p+4,-21.812500711530447,-0x1.5d0000bf00000p+4
D3T-B-L6-I05,max_violation,6,0,1,-26.125,-0x1.a200000000000p+4,18.12500060396269,0x1.220000a220000p+4
D3T-B-L6-I05,max_violation,6,1,1,-19.125,-0x1.3200000000000p+4,19.749999129911885,0x1.3bffff1670000p+4
D3T-B-L6-I05,max_violation,6,2,1,-19.25,-0x1.3400000000000p+4,19.687499047257006,0x1.3affff0040000p+4
D3T-B-L6-I05,max_violation,6,3,0,-21.875,-0x1.5e00000000000p+4,-21.937500790227205,-0x1.5f0000d420000p+4
D3T-B-L6-I05,max_violation,6,4,0,-22.375,-0x1.6600000000000p+4,-22.624999908264726,-0x1.69ffffe760000p+4
D3T-B-L6-I05,max_violation,6,5,0,-24.875,-0x1.8e00000000000p+4,-22.687499125255272,-0x1.6affff1530000p+4
D3T-B-L6-I05,max_violation,6,6,0,-26.25,-0x1.a400000000000p+4,-21.375000379048288,-0x1.56000065c0000p+4
D3T-B-L6-I05,max_violation,6,7,0,-28,-0x1.c000000000000p+4,-21.062499577645212,-0x1.50ffff8ea0000p+4
D3T-B-L6-I05,max_violation,6,8,0,-29,-0x1.d000000000000p+4,-21.687500879634172,-0x1.5b0000ec20000p+4
D3T-B-L6-I06,max_violation,6,0,1,-28,-0x1.c000000000000p+4,19.250000856816769,0x1.340000e600000p+4
D3T-B-L6-I06,max_violation,6,1,1,-23.875,-0x1.7e00000000000p+4,20.062500943895429,0x1.410000fd60000p+4
D3T-B-L6-I06,max_violation,6,2,1,-23.5,-0x1.7800000000000p+4,21.187500583473593,0x1.5300009ca0000p+4
D3T-B-L6-I06,max_violation,6,3,0,-23.25,-0x1.7400000000000p+4,-22.249999778810889,-0x1.63ffffc4a0000p+4
D3T-B-L6-I06,max_violation,6,4,0,-22.375,-0x1.6600000000000p+4,-21.68750042328611,-0x1.5b000071a0000p+4
D3T-B-L6-I06,max_violation,6,5,0,-25,-0x1.9000000000000p+4,-22.562499373569153,-0x1.68ffff57d8000p+4
D3T-B-L6-I06,max_violation,6,6,0,-26.5,-0x1.a800000000000p+4,-22.062500927131623,-0x1.610000f8e0000p+4
D3T-B-L6-I06,max_violation,6,7,0,-27.75,-0x1.bc00000000000p+4,-22.500000223051757,-0x1.6800003be0000p+4
D3T-B-L6-I06,max_violation,6,8,0,-29.875,-0x1.de00000000000p+4,-23.749999649822712,-0x1.7bffffa200000p+4
D3T-B-L6-I07,max_violation,6,0,1,-26,-0x1.a000000000000p+4,20.062500409781933,0x1.4100006e00000p+4
D3T-B-L6-I07,max_violation,6,1,1,-17,-0x1.1000000000000p+4,19.500000805594027,0x1.380000d840000p+4
D3T-B-L6-I07,max_violation,6,2,1,-17.375,-0x1.1600000000000p+4,19.250000175088644,0x1.3400002f00000p+4
D3T-B-L6-I07,max_violation,6,3,0,-20,-0x1.4000000000000p+4,-22.000000529922545,-0x1.6000008e40000p+4
D3T-B-L6-I07,max_violation,6,4,0,-23.875,-0x1.7e00000000000p+4,-20.999999450519681,-0x1.4fffff6c80000p+4
D3T-B-L6-I07,max_violation,6,5,0,-25.125,-0x1.9200000000000p+4,-21.312499557621777,-0x1.54ffff8940000p+4
D3T-B-L6-I07,max_violation,6,6,0,-26.625,-0x1.aa00000000000p+4,-22.312499433755875,-0x1.64ffff6800000p+4
D3T-B-L6-I07,max_violation,6,7,0,-28,-0x1.c000000000000p+4,-22.124999281950295,-0x1.61ffff3f40000p+4
D3T-B-L6-I07,max_violation,6,8,0,-30,-0x1.e000000000000p+4,-23.687499229796231,-0x1.7affff3140000p+4
D3T-B-L6-I08,max_violation,6,0,1,-28.875,-0x1.ce00000000000p+4,18.87500011222437,0x1.2e00001e20000p+4
D3T-B-L6-I08,max_violation,6,1,1,-22.625,-0x1.6a00000000000p+4,19.74999971780926,0x1.3bffffb440000p+4
D3T-B-L6-I08,max_violation,6,2,1,-21,-0x1.5000000000000p+4,19.37500009482028,0x1.3600001974000p+4
D3T-B-L6-I08,max_violation,6,3,0,-22.25,-0x1.6400000000000p+4,-22.187500181142241,-0x1.63000030a0000p+4
D3T-B-L6-I08,max_violation,6,4,0,-20.625,-0x1.4a00000000000p+4,-22.375000146683306,-0x1.6600002760000p+4
D3T-B-L6-I08,max_violation,6,5,0,-23.375,-0x1.7600000000000p+4,-22.937500341795385,-0x1.6f00005bc0000p+4
D3T-B-L6-I08,max_violation,6,6,0,-25.75,-0x1.9c00000000000p+4,-22.437500427477062,-0x1.67000072c0000p+4
D3T-B-L6-I08,max_violation,6,7,0,-28,-0x1.c000000000000p+4,-21.625000009313226,-0x1.5a00000280000p+4
D3T-B-L6-I08,max_violation,6,8,0,-29.375,-0x1.d600000000000p+4,-21.312499111518264,-0x1.54ffff1180000p+4
D3T-B-L6-I09,max_violation,6,0,1,-27.625,-0x1.ba00000000000p+4,19.124999372754246,0x1.31ffff57a0000p+4
D3T-B-L6-I09,max_violation,6,1,1,-25.5,-0x1.9800000000000p+4,19.375000388128683,0x1.3600006830000p+4
D3T-B-L6-I09,max_violation,6,2,1,-25.75,-0x1.9c00000000000p+4,21.124999332241714,0x1.51ffff4cc0000p+4
D3T-B-L6-I09,max_violation,6,3,0,-25.375,-0x1.9600000000000p+4,-22.125000848434865,-0x1.620000e3c0000p+4
D3T-B-L6-I09,max_violation,6,4,0,-25.375,-0x1.9600000000000p+4,-22.687499250867404,-0x1.6affff36e8000p+4
D3T-B-L6-I09,max_violation,6,5,0,-26.625,-0x1.aa00000000000p+4,-21.312499400228262,-0x1.54ffff5f00000p+4
D3T-B-L6-I09,max_violation,6,6,0,-27.625,-0x1.ba00000000000p+4,-22.062500792555511,-0x1.610000d4c0000p+4
D3T-B-L6-I09,max_violation,6,7,0,-28.75,-0x1.cc00000000000p+4,-22.249999877531081,-0x1.63ffffdf20000p+4
D3T-B-L6-I09,max_violation,6,8,0,-30.5,-0x1.e800000000000p+4,-22.062499741325155,-0x1.60ffffba90000p+4
D3T-B-L6-I10,max_violation,6,0,1,-28,-0x1.c000000000000p+4,19.875000450760126,0x1.3e00007900000p+4
D3T-B-L6-I10,max_violation,6,1,1,-22.875,-0x1.6e00000000000p+4,19.375000108033419,0x1.3600001d00000p+4
D3T-B-L6-I10,max_violation,6,2,1,-21.5,-0x1.5800000000000p+4,20.124999335035682,0x1.41ffff4d80000p+4
D3T-B-L6-I10,max_violation,6,3,0,-22.375,-0x1.6600000000000p+4,-21.874999405816197,-0x1.5dffff6080000p+4
D3T-B-L6-I10,max_violation,6,4,0,-21.25,-0x1.5400000000000p+4,-22.312499267980456,-0x1.64ffff3b80000p+4
D3T-B-L6-I10,max_violation,6,5,0,-23.25,-0x1.7400000000000p+4,-22.499999321764335,-0x1.67ffff49f0000p+4
D3T-B-L6-I10,max_violation,6,6,0,-25.25,-0x1.9400000000000p+4,-22.562499892897904,-0x1.68ffffe340000p+4
D3T-B-L6-I10,max_violation,6,7,0,-27.875,-0x1.be00000000000p+4,-21.18750024959445,-0x1.5300004300000p+4
D3T-B-L6-I10,max_violation,6,8,0,-29.25,-0x1.d400000000000p+4,-22.687499729916453,-0x1.6affffb780000p+4
D3T-B-L6-I11,max_violation,6,0,1,-25.875,-0x1.9e00000000000p+4,19.56249970337376,0x1.38ffffb060000p+4
D3T-B-L6-I11,max_violation,6,1,1,-15.375,-0x1.ec00000000000p+3,19.499999203253537,0x1.37ffff2a20000p+4
D3T-B-L6-I11,max_violation,6,2,1,-16.25,-0x1.0400000000000p+4,21.000000185915269,0x1.50000031e8000p+4
D3T-B-L6-I11,max_violation,6,3,0,-20.25,-0x1.4400000000000p+4,20.312500650528818,0x1.450000aea0000p+4
D3T-B-L6-I11,max_violation,6,4,0,-22.375,-0x1.6600000000000p+4,-20.749999673105776,-0x1.4bffffa840000p+4
D3T-B-L6-I11,max_violation,6,5,0,-24,-0x1.8000000000000p+4,-22.812500414438546,-0x1.6d00006f40000p+4
D3T-B-L6-I11,max_violation,6,6,0,-25.25,-0x1.9400000000000p+4,-22.312500362284482,-0x1.6500006140000p+4
D3T-B-L6-I11,max_violation,6,7,0,-26.875,-0x1.ae00000000000p+4,-21.624999441206455,-0x1.59ffff6a00000p+4
D3T-B-L6-I11,max_violation,6,8,0,-29.125,-0x1.d200000000000p+4,-21.562499076128006,-0x1.58ffff0800000p+4
D3T-B-L7-I00,max_violation,7,0,1,-23.875,-0x1.7e00000000000p+4,19.499999858438969,0x1.37ffffda00000p+4
D3T-B-L7-I00,max_violation,7,1,1,-21.875,-0x1.5e00000000000p+4,19.875000770203769,0x1.3e0000cec0000p+4
D3T-B-L7-I00,max_violation,7,2,0,-19.375,-0x1.3600000000000p+4,20.187499164720066,0x1.42ffff1fc8000p+4
D3T-B-L7-I00,max_violation,7,3,0,-22.875,-0x1.6e00000000000p+4,-21.749999695923179,-0x1.5bffffae60000p+4
D3T-B-L7-I00,max_violation,7,4,0,-25.25,-0x1.9400000000000p+4,-22.687499213032424,-0x1.6affff2cc0000p+4
D3T-B-L7-I00,max_violation,7,5,0,-26.875,-0x1.ae00000000000p+4,-21.562499422580004,-0x1.58ffff6500000p+4
D3T-B-L7-I00,max_violation,7,6,0,-27.875,-0x1.be00000000000p+4,-21.375000364147127,-0x1.56000061c0000p+4
D3T-B-L7-I00,max_violation,7,7,0,-28.25,-0x1.c400000000000p+4,-22.499999339226633,-0x1.67ffff4ea0000p+4
D3T-B-L7-I00,max_violation,7,8,0,-29.375,-0x1.d600000000000p+4,-21.374999619089067,-0x1.55ffff99c0000p+4
D3T-B-L7-I01,max_violation,7,0,1,-24,-0x1.8000000000000p+4,19.875000570435077,0x1.3e00009920000p+4
D3T-B-L7-I01,max_violation,7,1,1,-19.375,-0x1.3600000000000p+4,20.500000619329512,0x1.480000a640000p+4
D3T-B-L7-I01,max_violation,7,2,0,-17.25,-0x1.1400000000000p+4,-21.499999263091013,-0x1.57ffff3a30000p+4
D3T-B-L7-I01,max_violation,7,3,0,-16.25,-0x1.0400000000000p+4,-21.249999917112291,-0x1.53ffffe9c0000p+4
D3T-B-L7-I01,max_violation,7,4,0,-16.75,-0x1.0c00000000000p+4,-22.562499340623617,-0x1.68ffff4f00000p+4
D3T-B-L7-I01,max_violation,7,5,0,-22.125,-0x1.6200000000000p+4,-22.499999082647264,-0x1.67ffff09c0000p+4
D3T-B-L7-I01,max_violation,7,6,0,-25.375,-0x1.9600000000000p+4,-21.812499872408807,-0x1.5cffffddc0000p+4
D3T-B-L7-I01,max_violation,7,7,0,-27.125,-0x1.b200000000000p+4,-22.937499971594661,-0x1.6efffff860000p+4
D3T-B-L7-I01,max_violation,7,8,0,-29.75,-0x1.dc00000000000p+4,-21.499999554827809,-0x1.57ffff8880000p+4
D3T-B-L7-I02,max_violation,7,0,1,-19.75,-0x1.3c00000000000p+4,19.625000894069672,0x1.3a0000f000000p+4
D3T-B-L7-I02,max_violation,7,1,1,-8.5,-0x1.1000000000000p+3,19.750000204890966,0x1.3c00003700000p+4
D3T-B-L7-I02,max_violation,7,2,0,-7.5,-0x1.e000000000000p+2,-22.562500580446795,-0x1.6900009bd0000p+4
D3T-B-L7-I02,max_violation,7,3,0,-9.25,-0x1.2800000000000p+3,-22.624999462394044,-0x1.69ffff6fb0000p+4
D3T-B-L7-I02,max_violation,7,4,0,-10.75,-0x1.5800000000000p+3,-22.750000929925591,-0x1.6c0000f9a0000p+4
D3T-B-L7-I02,max_violation,7,5,0,-21.75,-0x1.5c00000000000p+4,-22.187500038184226,-0x1.6300000a40000p+4
D3T-B-L7-I02,max_violation,7,6,0,-25.25,-0x1.9400000000000p+4,-22.562500799074769,-0x1.690000d680000p+4
D3T-B-L7-I02,max_violation,7,7,0,-26.875,-0x1.ae00000000000p+4,-22.062500082887709,-0x1.6100001640000p+4
D3T-B-L7-I02,max_violation,7,8,0,-29.5,-0x1.d800000000000p+4,-24.062499769963324,-0x1.80ffffc240000p+4
D3T-B-L7-I03,max_violation,7,0,1,-22.5,-0x1.6800000000000p+4,20.62500046286732,0x1.4a00007c40000p+4
D3T-B-L7-I03,max_violation,7,1,1,-20.375,-0x1.4600000000000p+4,20.687500551342964,0x1.4b00009400000p+4
D3T-B-L7-I03,max_violation,7,2,0,-21.125,-0x1.5200000000000p+4,-21.750000622589141,-0x1.5c0000a720000p+4
D3T-B-L7-I03,max_violation,7,3,0,-22.5,-0x1.6800000000000p+4,-22.062500247731805,-0x1.6100004280000p+4
D3T-B-L7-I03,max_violation,7,4,0,-19,-0x1.3000000000000p+4,-21.187499799765646,-0x1.52ffffca40000p+4
D3T-B-L7-I03,max_violation,7,5,0,-23.875,-0x1.7e00000000000p+4,-22.625000460073352,-0x1.6a00007b80000p+4
D3T-B-L7-I03,max_violation,7,6,0,-26,-0x1.a000000000000p+4,-21.937499419786036,-0x1.5effff6440000p+4
D3T-B-L7-I03,max_violation,7,7,0,-26.875,-0x1.ae00000000000p+4,-21.875000147148967,-0x1.5e00002780000p+4
D3T-B-L7-I03,max_violation,7,8,0,-29.25,-0x1.d400000000000p+4,-22.499999718740582,-0x1.67ffffb480000p+4
D3T-B-L7-I04,max_violation,7,0,1,-27.5,-0x1.b800000000000p+4,19.624999468680471,0x1.39ffff7160000p+4
D3T-B-L7-I04,max_violation,7,1,1,-25,-0x1.9000000000000p+4,17.874999091029167,0x1.1dffff0c00000p+4
D3T-B-L7-I04,max_violation,7,2,0,-24.25,-0x1.8400000000000p+4,-21.624999200925231,-0x1.59ffff2980000p+4
D3T-B-L7-I04,max_violation,7,3,0,-24.625,-0x1.8a00000000000p+4,-22.062499341089278,-0x1.60ffff4f20000p+4
D3T-B-L7-I04,max_violation,7,4,0,-22.625,-0x1.6a00000000000p+4,-22.562500699888915,-0x1.690000bbe0000p+4
D3T-B-L7-I04,max_violation,7,5,0,-25.125,-0x1.9200000000000p+4,-22.250000128988177,-0x1.64000022a0000p+4
D3T-B-L7-I04,max_violation,7,6,0,-25.875,-0x1.9e00000000000p+4,-21.687500474974513,-0x1.5b00007f80000p+4
D3T-B-L7-I04,max_violation,7,7,0,-28.25,-0x1.c400000000000p+4,-21.625000491738319,-0x1.5a00008400000p+4
D3T-B-L7-I04,max_violation,7,8,0,-29.875,-0x1.de00000000000p+4,-22.312499752268195,-0x1.64ffffbd80000p+4
D3T-B-L7-I05,max_violation,7,0,1,-24.75,-0x1.8c00000000000p+4,20.125000527594239,0x1.4200008da0000p+4
D3T-B-L7-I05,max_violation,7,1,1,-20.5,-0x1.4800000000000p+4,20.37499988428317,0x1.45ffffe0f0000p+4
D3T-B-L7-I05,max_violation,7,2,0,-17.625,-0x1.1a00000000000p+4,-21.625000004190952,-0x1.5a00000120000p+4
D3T-B-L7-I05,max_violation,7,3,0,-18.75,-0x1.2c00000000000p+4,-21.249999094754457,-0x1.53ffff0d00000p+4
D3T-B-L7-I05,max_violation,7,4,0,-18.25,-0x1.2400000000000p+4,-21.687500412575901,-0x1.5b00006ec0000p+4
D3T-B-L7-I05,max_violation,7,5,0,-24.5,-0x1.8800000000000p+4,-22.249999633524567,-0x1.63ffff9da0000p+4
D3T-B-L7-I05,max_violation,7,6,0,-26.375,-0x1.a600000000000p+4,-20.999999452847987,-0x1.4fffff6d20000p+4
D3T-B-L7-I05,max_violation,7,7,0,-28.125,-0x1.c200000000000p+4,-21.187500072643161,-0x1.5300001380000p+4
D3T-B-L7-I05,max_violation,7,8,0,-29.375,-0x1.d600000000000p+4,-22.625000458210707,-0x1.6a00007b00000p+4
D3T-B-L7-I06,max_violation,7,0,1,-27,-0x1.b000000000000p+4,20.375000870088115,0x1.460000e990000p+4
D3T-B-L7-I06,max_violation,7,1,1,-23.5,-0x1.7800000000000p+4,20.312500034458935,0x1.4500000940000p+4
D3T-B-L7-I06,max_violation,7,2,0,-18.75,-0x1.2c00000000000p+4,-22.187499683117494,-0x1.62ffffaaf0000p+4
D3T-B-L7-I06,max_violation,7,3,0,-20.5,-0x1.4800000000000p+4,-22.124999979045242,-0x1.61fffffa60000p+4
D3T-B-L7-I06,max_violation,7,4,0,-19,-0x1.3000000000000p+4,-22.812500585394446,-0x1.6d00009d24000p+4
D3T-B-L7-I06,max_violation,7,5,0,-21.25,-0x1.5400000000000p+4,-21.874999086372554,-0x1.5dffff0ac0000p+4
D3T-B-L7-I06,max_violation,7,6,0,-24.375,-0x1.8600000000000p+4,-22.687500752042979,-0x1.6b0000c9e0000p+4
D3T-B-L7-I06,max_violation,7,7,0,-27.75,-0x1.bc00000000000p+4,-21.562499368563294,-0x1.58ffff5680000p+4
D3T-B-L7-I06,max_violation,7,8,0,-29.625,-0x1.da00000000000p+4,-22.312499494291842,-0x1.64ffff7840000p+4
D3T-B-L7-I07,max_violation,7,0,1,-26.75,-0x1.ac00000000000p+4,20.249999568564817,0x1.43ffff8c30000p+4
D3T-B-L7-I07,max_violation,7,1,1,-21.25,-0x1.5400000000000p+4,19.374999897554517,0x1.35ffffe480000p+4
D3T-B-L7-I07,max_violation,7,2,0,-17.125,-0x1.1200000000000p+4,-22.187500662170351,-0x1.630000b1c0000p+4
D3T-B-L7-I07,max_violation,7,3,0,-18,-0x1.2000000000000p+4,-20.937500678934157,-0x1.4f0000b640000p+4
D3T-B-L7-I07,max_violation,7,4,0,-18.875,-0x1.2e00000000000p+4,-20.875000627711415,-0x1.4e0000a880000p+4
D3T-B-L7-I07,max_violation,7,5,0,-23.25,-0x1.7400000000000p+4,-21.874999679159373,-0x1.5dffffa9e0000p+4
D3T-B-L7-I07,max_violation,7,6,0,-26.375,-0x1.a600000000000p+4,-21.687500264961272,-0x1.5b00004720000p+4
D3T-B-L7-I07,max_violation,7,7,0,-28.5,-0x1.c800000000000p+4,-22.000000175787136,-0x1.6000002f30000p+4
D3T-B-L7-I07,max_violation,7,8,0,-30.375,-0x1.e600000000000p+4,-21.06249988079071,-0x1.50ffffe000000p+4
D3T-B-L7-I08,max_violation,7,0,1,-26.75,-0x1.ac00000000000p+4,20.125000179745257,0x1.4200003040000p+4
D3T-B-L7-I08,max_violation,7,1,1,-22.125,-0x1.6200000000000p+4,20.374999231426045,0x1.45ffff31b0000p+4
D3T-B-L7-I08,max_violation,7,2,0,-20.375,-0x1.4600000000000p+4,-22.62500060768798,-0x1.6a0000a320000p+4
D3T-B-L7-I08,max_violation,7,3,0,-14.375,-0x1.cc00000000000p+3,-22.124999879393727,-0x1.61ffffdfa0000p+4
D3T-B-L7-I08,max_violation,7,4,0,-11.25,-0x1.6800000000000p+3,-21.437500143423676,-0x1.5700002680000p+4
D3T-B-L7-I08,max_violation,7,5,0,-13,-0x1.a000000000000p+3,-21.437499220483005,-0x1.56ffff2ec0000p+4
D3T-B-L7-I08,max_violation,7,6,0,-19.25,-0x1.3400000000000p+4,-22.937499389285222,-0x1.6effff5c10000p+4
D3T-B-L7-I08,max_violation,7,7,0,-25.5,-0x1.9800000000000p+4,-22.500000341795385,-0x1.6800005bc0000p+4
D3T-B-L7-I08,max_violation,7,8,0,-28,-0x1.c000000000000p+4,-22.812500882893801,-0x1.6d0000ed00000p+4
D3T-B-L7-I09,max_violation,7,0,1,-25.375,-0x1.9600000000000p+4,19.812500015366822,0x1.3d00000420000p+4
D3T-B-L7-I09,max_violation,7,1,1,-23.125,-0x1.7200000000000p+4,20.875000188359991,0x1.4e00003290000p+4
D3T-B-L7-I09,max_violation,7,2,0,-16.375,-0x1.0600000000000p+4,-21.625000553205609,-0x1.5a00009480000p+4
D3T-B-L7-I09,max_violation,7,3,0,-17.875,-0x1.1e00000000000p+4,-21.687499082181603,-0x1.5affff09a0000p+4
D3T-B-L7-I09,max_violation,7,4,0,-11.25,-0x1.6800000000000p+3,-21.374999352265149,-0x1.55ffff5220000p+4
D3T-B-L7-I09,max_violation,7,5,0,-18.5,-0x1.2800000000000p+4,-21.87499939580448,-0x1.5dffff5dd0000p+4
D3T-B-L7-I09,max_violation,7,6,0,-25.25,-0x1.9400000000000p+4,-21.750000136904418,-0x1.5c000024c0000p+4
D3T-B-L7-I09,max_violation,7,7,0,-28,-0x1.c000000000000p+4,-21.687500678002834,-0x1.5b0000b600000p+4
D3T-B-L7-I09,max_violation,7,8,0,-30.625,-0x1.ea00000000000p+4,-22.250000439584255,-0x1.6400007600000p+4
D3T-B-L7-I10,max_violation,7,0,1,-25.375,-0x1.9600000000000p+4,20.499999806284904,0x1.47ffffcc00000p+4
D3T-B-L7-I10,max_violation,7,1,1,-24,-0x1.8000000000000p+4,19.624999889638275,0x1.39ffffe260000p+4
D3T-B-L7-I10,max_violation,7,2,0,-22.875,-0x1.6e00000000000p+4,-23.125000308733433,-0x1.72000052e0000p+4
D3T-B-L7-I10,max_violation,7,3,0,-25.375,-0x1.9600000000000p+4,-22.250000753905624,-0x1.640000ca60000p+4
D3T-B-L7-I10,max_violation,7,4,0,-24.125,-0x1.8200000000000p+4,-22.31250030756928,-0x1.6500005290000p+4
D3T-B-L7-I10,max_violation,7,5,0,-26,-0x1.a000000000000p+4,-21.562500267289579,-0x1.59000047c0000p+4
D3T-B-L7-I10,max_violation,7,6,0,-27.125,-0x1.b200000000000p+4,-21.312499413266778,-0x1.54ffff6280000p+4
D3T-B-L7-I10,max_violation,7,7,0,-28.25,-0x1.c400000000000p+4,-21.937499802559614,-0x1.5effffcb00000p+4
D3T-B-L7-I10,max_violation,7,8,0,-30,-0x1.e000000000000p+4,-21.499999798834324,-0x1.57ffffca00000p+4
D3T-B-L7-I11,max_violation,7,0,1,-20.25,-0x1.4400000000000p+4,19.499999844003469,0x1.37ffffd620000p+4
D3T-B-L7-I11,max_violation,7,1,1,-16.625,-0x1.0a00000000000p+4,19.625000632833689,0x1.3a0000a9e0000p+4
D3T-B-L7-I11,max_violation,7,2,0,-11.75,-0x1.7800000000000p+3,19.875000537605956,0x1.3e00009050000p+4
D3T-B-L7-I11,max_violation,7,3,0,-14.5,-0x1.d000000000000p+3,-21.750000628177077,-0x1.5c0000a8a0000p+4
D3T-B-L7-I11,max_violation,7,4,0,-18.5,-0x1.2800000000000p+4,-22.375000298023224,-0x1.6600005000000p+4
D3T-B-L7-I11,max_violation,7,5,0,-23.25,-0x1.7400000000000p+4,-22.500000374391675,-0x1.6800006480000p+4
D3T-B-L7-I11,max_violation,7,6,0,-26.375,-0x1.a600000000000p+4,-21.874999118968844,-0x1.5dffff1380000p+4
D3T-B-L7-I11,max_violation,7,7,0,-27.875,-0x1.be00000000000p+4,-21.500000478699803,-0x1.5800008080000p+4
D3T-B-L7-I11,max_violation,7,8,0,-30.25,-0x1.e400000000000p+4,-21.125000887550414,-0x1.520000ee40000p+4
D3T-B-L8-I00,max_violation,8,0,1,-28.375,-0x1.c600000000000p+4,19.499999731779099,0x1.37ffffb800000p+4
D3T-B-L8-I00,max_violation,8,1,0,-24.75,-0x1.8c00000000000p+4,-21.999999188585207,-0x1.5fffff2630000p+4
D3T-B-L8-I00,max_violation,8,2,0,-24.125,-0x1.8200000000000p+4,-22.312500565778464,-0x1.65000097e0000p+4
D3T-B-L8-I00,max_violation,8,3,0,-24.375,-0x1.8600000000000p+4,-22.187500046566129,-0x1.6300000c80000p+4
D3T-B-L8-I00,max_violation,8,4,0,-24,-0x1.8000000000000p+4,-22.312500358326361,-0x1.6500006030000p+4
D3T-B-L8-I00,max_violation,8,5,0,-25.25,-0x1.9400000000000p+4,-22.125000648200512,-0x1.620000ae00000p+4
D3T-B-L8-I00,max_violation,8,6,0,-26.5,-0x1.a800000000000p+4,-23.312500692671165,-0x1.750000b9f0000p+4
D3T-B-L8-I00,max_violation,8,7,0,-28.75,-0x1.cc00000000000p+4,-22.312499696388841,-0x1.64ffffae80000p+4
D3T-B-L8-I00,max_violation,8,8,0,-29.875,-0x1.de00000000000p+4,-22.124999072402716,-0x1.61ffff0700000p+4
D3T-B-L8-I01,max_violation,8,0,1,-22.75,-0x1.6c00000000000p+4,19.749999528052285,0x1.3bffff8150000p+4
D3T-B-L8-I01,max_violation,8,1,0,-18.375,-0x1.2600000000000p+4,-21.937500527128577,-0x1.5f00008d80000p+4
D3T-B-L8-I01,max_violation,8,2,0,-17.125,-0x1.1200000000000p+4,-21.124999584862962,-0x1.51ffff9090000p+4
D3T-B-L8-I01,max_violation,8,3,0,-18.5,-0x1.2800000000000p+4,-22.562499751336873,-0x1.68ffffbd40000p+4
D3T-B-L8-I01,max_violation,8,4,0,-17.25,-0x1.1400000000000p+4,-22.00000082119368,-0x1.600000dc70000p+4
D3T-B-L8-I01,max_violation,8,5,0,-20.625,-0x1.4a00000000000p+4,-22.812500816769898,-0x1.6d0000db40000p+4
D3T-B-L8-I01,max_violation,8,6,0,-23.25,-0x1.7400000000000p+4,-22.562500841915607,-0x1.690000e200000p+4
D3T-B-L8-I01,max_violation,8,7,0,-26.125,-0x1.a200000000000p+4,-22.812500878004357,-0x1.6d0000ebb0000p+4
D3T-B-L8-I01,max_violation,8,8,0,-29,-0x1.d000000000000p+4,-22.750000402098522,-0x1.6c00006bf0000p+4
D3T-B-L8-I02,max_violation,8,0,1,-24.625,-0x1.8a00000000000p+4,18.37500091874972,0x1.260000f6a0000p+4
D3T-B-L8-I02,max_violation,8,1,0,-13.75,-0x1.b800000000000p+3,-21.374999247957021,-0x1.55ffff3620000p+4
D3T-B-L8-I02,max_violation,8,2,0,-13.75,-0x1.b800000000000p+3,-21.499999213032424,-0x1.57ffff2cc0000p+4
D3T-B-L8-I02,max_violation,8,3,0,-17.375,-0x1.1600000000000p+4,-22.812500902917236,-0x1.6d0000f260000p+4
D3T-B-L8-I02,max_violation,8,4,0,-22.375,-0x1.6600000000000p+4,-22.687500341329724,-0x1.6b00005ba0000p+4
D3T-B-L8-I02,max_violation,8,5,0,-27,-0x1.b000000000000p+4,-22.624999683815986,-0x1.69ffffab20000p+4
D3T-B-L8-I02,max_violation,8,6,0,-27.625,-0x1.ba00000000000p+4,-21.562500718049705,-0x1.590000c0c0000p+4
D3T-B-L8-I02,max_violation,8,7,0,-29.125,-0x1.d200000000000p+4,-22.062500208383426,-0x1.61000037f0000p+4
D3T-B-L8-I02,max_violation,8,8,0,-30.375,-0x1.e600000000000p+4,-22.437500373460352,-0x1.6700006440000p+4
D3T-B-L8-I03,max_violation,8,0,1,-26.75,-0x1.ac00000000000p+4,19.250000929227099,0x1.340000f970000p+4
D3T-B-L8-I03,max_violation,8,1,0,-24.5,-0x1.8800000000000p+4,-22.437500152736902,-0x1.6700002900000p+4
D3T-B-L8-I03,max_violation,8,2,0,-22.5,-0x1.6800000000000p+4,-21.999999552965164,-0x1.5fffff8800000p+4
D3T-B-L8-I03,max_violation,8,3,0,-23,-0x1.7000000000000p+4,-22.125000217463821,-0x1.6200003a60000p+4
D3T-B-L8-I03,max_violation,8,4,0,-22,-0x1.6000000000000p+4,-22.562499154359102,-0x1.68ffff1d00000p+4
D3T-B-L8-I03,max_violation,8,5,0,-25.25,-0x1.9400000000000p+4,-21.312499569728971,-0x1.54ffff8c80000p+4
D3T-B-L8-I03,max_violation,8,6,0,-26.25,-0x1.a400000000000p+4,-21.937499670311809,-0x1.5effffa780000p+4
D3T-B-L8-I03,max_violation,8,7,0,-27.625,-0x1.ba00000000000p+4,-22.375000087311491,-0x1.6600001770000p+4
D3T-B-L8-I03,max_violation,8,8,0,-30.25,-0x1.e400000000000p+4,-22.437499975785613,-0x1.66fffff980000p+4
D3T-B-L8-I04,max_violation,8,0,1,-27.625,-0x1.ba00000000000p+4,19.000000800006092,0x1.300000d6c0000p+4
D3T-B-L8-I04,max_violation,8,1,0,-23.5,-0x1.7800000000000p+4,-22.062500920146704,-0x1.610000f700000p+4
D3T-B-L8-I04,max_violation,8,2,0,-23.125,-0x1.7200000000000p+4,-22.499999507796019,-0x1.67ffff7be0000p+4
D3T-B-L8-I04,max_violation,8,3,0,-24.625,-0x1.8a00000000000p+4,-22.250000904779881,-0x1.640000f2e0000p+4
D3T-B-L8-I04,max_violation,8,4,0,-21,-0x1.5000000000000p+4,-22.749999079154804,-0x1.6bffff08d0000p+4
D3T-B-L8-I04,max_violation,8,5,0,-24,-0x1.8000000000000p+4,-23.00000056438148,-0x1.7000009780000p+4
D3T-B-L8-I04,max_violation,8,6,0,-26.25,-0x1.a400000000000p+4,-22.874999485444278,-0x1.6dffff75e0000p+4
D3T-B-L8-I04,max_violation,8,7,0,-28.375,-0x1.c600000000000p+4,-20.99999946821481,-0x1.4fffff7140000p+4
D3T-B-L8-I04,max_violation,8,8,0,-29.625,-0x1.da00000000000p+4,-22.249999906867743,-0x1.63ffffe700000p+4
D3T-B-L8-I05,max_violation,8,0,1,-26.125,-0x1.a200000000000p+4,19.37499959114939,0x1.35ffff9240000p+4
D3T-B-L8-I05,max_violation,8,1,0,-16.25,-0x1.0400000000000p+4,19.249999740161002,0x1.33ffffba40000p+4
D3T-B-L8-I05,max_violation,8,2,0,-16.25,-0x1.0400000000000p+4,-21.87500090803951,-0x1.5e0000f3c0000p+4
D3T-B-L8-I05,max_violation,8,3,0,-16.5,-0x1.0800000000000p+4,-22.31250019185245,-0x1.6500003380000p+4
D3T-B-L8-I05,max_violation,8,4,0,-17.75,-0x1.1c00000000000p+4,-21.56249943561852,-0x1.58ffff6880000p+4
D3T-B-L8-I05,max_violation,8,5,0,-20,-0x1.4000000000000p+4,-21.249999729916453,-0x1.53ffffb780000p+4
D3T-B-L8-I05,max_violation,8,6,0,-23.375,-0x1.7600000000000p+4,-21.562499366002157,-0x1.58ffff55d0000p+4
D3T-B-L8-I05,max_violation,8,7,0,-25.375,-0x1.9600000000000p+4,-20.749999944586307,-0x1.4bfffff120000p+4
D3T-B-L8-I05,max_violation,8,8,0,-29.125,-0x1.d200000000000p+4,-21.62500056438148,-0x1.5a00009780000p+4
D3T-B-L8-I06,max_violation,8,0,1,-24.75,-0x1.8c00000000000p+4,18.249999749008566,0x1.23ffffbca0000p+4
D3T-B-L8-I06,max_violation,8,1,0,-20.625,-0x1.4a00000000000p+4,-21.499999092891812,-0x1.57ffff0c80000p+4
D3T-B-L8-I06,max_violation,8,2,0,-24.25,-0x1.8400000000000p+4,-21.750000803731382,-0x1.5c0000d7c0000p+4
D3T-B-L8-I06,max_violation,8,3,0,-20.875,-0x1.4e00000000000p+4,-21.687499483814463,-0x1.5affff7570000p+4
D3T-B-L8-I06,max_violation,8,4,0,-19.875,-0x1.3e00000000000p+4,-20.875000444706529,-0x1.4e00007760000p+4
D3T-B-L8-I06,max_violation,8,5,0,-22.875,-0x1.6e00000000000p+4,-21.124999272171408,-0x1.51ffff3ca0000p+4
D3T-B-L8-I06,max_violation,8,6,0,-24.875,-0x1.8e00000000000p+4,-22.687499111052603,-0x1.6affff1160000p+4
D3T-B-L8-I06,max_violation,8,7,0,-27.25,-0x1.b400000000000p+4,-22.187499266583472,-0x1.62ffff3b20000p+4
D3T-B-L8-I06,max_violation,8,8,0,-29.625,-0x1.da00000000000p+4,-21.56249906681478,-0x1.58ffff0580000p+4
D3T-B-L8-I07,max_violation,8,0,1,-24,-0x1.8000000000000p+4,19.500000406056643,0x1.3800006d00000p+4
D3T-B-L8-I07,max_violation,8,1,0,-22.75,-0x1.6c00000000000p+4,-22.250000715255737,-0x1.640000c000000p+4
D3T-B-L8-I07,max_violation,8,2,0,-24.375,-0x1.8600000000000p+4,-21.750000234693289,-0x1.5c00003f00000p+4
D3T-B-L8-I07,max_violation,8,3,0,-23.75,-0x1.7c00000000000p+4,-21.687499385327101,-0x1.5affff5b00000p+4
D3T-B-L8-I07,max_violation,8,4,0,-22.375,-0x1.6600000000000p+4,-21.687500910833478,-0x1.5b0000f480000p+4
D3T-B-L8-I07,max_violation,8,5,0,-23.75,-0x1.7c00000000000p+4,-20.812499929219484,-0x1.4cffffed00000p+4
D3T-B-L8-I07,max_violation,8,6,0,-24.625,-0x1.8a00000000000p+4,-22.062499080318958,-0x1.60ffff0920000p+4
D3T-B-L8-I07,max_violation,8,7,0,-27.375,-0x1.b600000000000p+4,-21.062499547377229,-0x1.50ffff8680000p+4
D3T-B-L8-I07,max_violation,8,8,0,-29.875,-0x1.de00000000000p+4,-21.437500089406967,-0x1.5700001800000p+4
D3T-B-L8-I08,max_violation,8,0,1,-25.375,-0x1.9600000000000p+4,18.750000277068466,0x1.2c00004a60000p+4
D3T-B-L8-I08,max_violation,8,1,0,-24.5,-0x1.8800000000000p+4,-22.37499929452315,-0x1.65ffff42a0000p+4
D3T-B-L8-I08,max_violation,8,2,0,-24.125,-0x1.8200000000000p+4,-21.999999199062586,-0x1.5fffff2900000p+4
D3T-B-L8-I08,max_violation,8,3,0,-23.875,-0x1.7e00000000000p+4,-22.562499370891601,-0x1.68ffff5720000p+4
D3T-B-L8-I08,max_violation,8,4,0,-24.625,-0x1.8a00000000000p+4,-21.999999931082129,-0x1.5fffffed80000p+4
D3T-B-L8-I08,max_violation,8,5,0,-25,-0x1.9000000000000p+4,-22.12500073784031,-0x1.620000c610000p+4
D3T-B-L8-I08,max_violation,8,6,0,-25.75,-0x1.9c00000000000p+4,-22.62499963096343,-0x1.69ffff9cf0000p+4
D3T-B-L8-I08,max_violation,8,7,0,-27.375,-0x1.b600000000000p+4,-21.437500603497028,-0x1.570000a200000p+4
D3T-B-L8-I08,max_violation,8,8,0,-29.875,-0x1.de00000000000p+4,-21.875000935047865,-0x1.5e0000fb00000p+4
D3T-B-L8-I09,max_violation,8,0,1,-21,-0x1.5000000000000p+4,19.187500419095159,0x1.3300007080000p+4
D3T-B-L8-I09,max_violation,8,1,0,-17.125,-0x1.1200000000000p+4,18.125000714091584,0x1.220000bfb0000p+4
D3T-B-L8-I09,max_violation,8,2,0,-13,-0x1.a000000000000p+3,-20.6874994575046,-0x1.4affff6e60000p+4
D3T-B-L8-I09,max_violation,8,3,0,-12.625,-0x1.9400000000000p+3,-21.812499605119228,-0x1.5cffff9600000p+4
D3T-B-L8-I09,max_violation,8,4,0,-13.625,-0x1.b400000000000p+3,-21.937500850297511,-0x1.5f0000e440000p+4
D3T-B-L8-I09,max_violation,8,5,0,-13.375,-0x1.ac00000000000p+3,-20.062499631661922,-0x1.40ffff9d20000p+4
D3T-B-L8-I09,max_violation,8,6,0,-19.375,-0x1.3600000000000p+4,-22.062499066349119,-0x1.60ffff0560000p+4
D3T-B-L8-I09,max_violation,8,7,0,-26.5,-0x1.a800000000000p+4,-21.62499919347465,-0x1.59ffff2780000p+4
D3T-B-L8-I09,max_violation,8,8,0,-29,-0x1.d000000000000p+4,-22.68749978672713,-0x1.6affffc6c0000p+4
D3T-B-L8-I10,max_violation,8,0,1,-28.25,-0x1.c400000000000p+4,18.749999793246388,0x1.2bffffc880000p+4
D3T-B-L8-I10,max_violation,8,1,0,-26.5,-0x1.a800000000000p+4,-21.500000709667802,-0x1.580000be80000p+4
D3T-B-L8-I10,max_violation,8,2,0,-26,-0x1.a000000000000p+4,-21.624999804422259,-0x1.59ffffcb80000p+4
D3T-B-L8-I10,max_violation,8,3,0,-23.875,-0x1.7e00000000000p+4,-20.000000864267349,-0x1.400000e800000p+4
D3T-B-L8-I10,max_violation,8,4,0,-23.375,-0x1.7600000000000p+4,-21.374999337596819,-0x1.55ffff4e30000p+4
D3T-B-L8-I10,max_violation,8,5,0,-25.625,-0x1.9a00000000000p+4,-21.937499575316906,-0x1.5effff8e00000p+4
D3T-B-L8-I10,max_violation,8,6,0,-25.75,-0x1.9c00000000000p+4,-21.312500498723239,-0x1.55000085e0000p+4
D3T-B-L8-I10,max_violation,8,7,0,-28.25,-0x1.c400000000000p+4,-21.375000827945769,-0x1.560000de40000p+4
D3T-B-L8-I10,max_violation,8,8,0,-30.375,-0x1.e600000000000p+4,-22.437499640043825,-0x1.66ffff9f60000p+4
D3T-B-L8-I11,max_violation,8,0,1,-29,-0x1.d000000000000p+4,19.249999742722139,0x1.33ffffbaf0000p+4
D3T-B-L8-I11,max_violation,8,1,0,-27.5,-0x1.b800000000000p+4,-22.249999441206455,-0x1.63ffff6a00000p+4
D3T-B-L8-I11,max_violation,8,2,0,-24.625,-0x1.8a00000000000p+4,-21.812500632950105,-0x1.5d0000a9e8000p+4
D3T-B-L8-I11,max_violation,8,3,0,-24.25,-0x1.8400000000000p+4,-21.812499177642167,-0x1.5cffff2340000p+4
D3T-B-L8-I11,max_violation,8,4,0,-23.5,-0x1.7800000000000p+4,-22.375000465894118,-0x1.6600007d10000p+4
D3T-B-L8-I11,max_violation,8,5,0,-26.25,-0x1.a400000000000p+4,-21.812499453313649,-0x1.5cffff6d40000p+4
D3T-B-L8-I11,max_violation,8,6,0,-27.25,-0x1.b400000000000p+4,-21.812500942265615,-0x1.5d0000fcf0000p+4
D3T-B-L8-I11,max_violation,8,7,0,-28.375,-0x1.c600000000000p+4,-21.624999544583261,-0x1.59ffff85c0000p+4
D3T-B-L8-I11,max_violation,8,8,0,-29.375,-0x1.d600000000000p+4,-22.125000780448318,-0x1.620000d180000p+4
D3T-C-L0-I00,numeric_tolerance,0,0,1,33.25,0x1.0a00000000000p+5,22.562499228864908,0x1.68ffff3100000p+4
D3T-C-L0-I00,numeric_tolerance,0,1,1,33.5,0x1.0c00000000000p+5,22.812500566244125,0x1.6d00009800000p+4
D3T-C-L0-I00,numeric_tolerance,0,2,1,33.25,0x1.0a00000000000p+5,22.562500540167093,0x1.6900009100000p+4
D3T-C-L0-I00,numeric_tolerance,0,3,1,33.125,0x1.0900000000000p+5,22.624999169260263,0x1.69ffff2100000p+4
D3T-C-L0-I00,numeric_tolerance,0,4,1,33.125,0x1.0900000000000p+5,22.06249912083149,0x1.60ffff1400000p+4
D3T-C-L0-I00,numeric_tolerance,0,5,1,33.125,0x1.0900000000000p+5,22.624999981373549,0x1.69fffffb00000p+4
D3T-C-L0-I00,numeric_tolerance,0,6,1,33,0x1.0800000000000p+5,22.500000219792128,0x1.6800003b00000p+4
D3T-C-L0-I00,numeric_tolerance,0,7,1,33,0x1.0800000000000p+5,22.749999990686774,0x1.6bfffffd80000p+4
D3T-C-L0-I00,numeric_tolerance,0,8,1,34.25,0x1.1200000000000p+5,23.5000002279412,0x1.7800003d30000p+4
D3T-C-L0-I01,numeric_tolerance,0,0,1,33.625,0x1.0d00000000000p+5,22.750000824220479,0x1.6c0000dd40000p+4
D3T-C-L0-I01,numeric_tolerance,0,1,1,34.125,0x1.1100000000000p+5,22.437499679625034,0x1.66ffffaa00000p+4
D3T-C-L0-I01,numeric_tolerance,0,2,1,34.5,0x1.1400000000000p+5,22.874999429099262,0x1.6dffff66c0000p+4
D3T-C-L0-I01,numeric_tolerance,0,3,1,33.375,0x1.0b00000000000p+5,22.437499199528247,0x1.66ffff2920000p+4
D3T-C-L0-I01,numeric_tolerance,0,4,1,33.375,0x1.0b00000000000p+5,22.187500482425094,0x1.6300008180000p+4
D3T-C-L0-I01,numeric_tolerance,0,5,1,33.875,0x1.0f00000000000p+5,22.687500108964741,0x1.6b00001d40000p+4
D3T-C-L0-I01,numeric_tolerance,0,6,1,34.125,0x1.1100000000000p+5,22.437500374391675,0x1.6700006480000p+4
D3T-C-L0-I01,numeric_tolerance,0,7,1,35.125,0x1.1900000000000p+5,22.937500525265932,0x1.6f00008d00000p+4
D3T-C-L0-I01,numeric_tolerance,0,8,1,34.75,0x1.1600000000000p+5,22.87500018440187,0x1.6e00003180000p+4
D3T-C-L0-I02,numeric_tolerance,0,0,1,32,0x1.0000000000000p+5,22.625000739470124,0x1.6a0000c680000p+4
D3T-C-L0-I02,numeric_tolerance,0,1,1,32.25,0x1.0200000000000p+5,23.312500087544322,0x1.7500001780000p+4
D3T-C-L0-I02,numeric_tolerance,0,2,1,31.875,0x1.fe00000000000p+4,22.375000271946192,0x1.6600004900000p+4
D3T-C-L0-I02,numeric_tolerance,0,3,1,31.875,0x1.fe00000000000p+4,22.812500561587512,0x1.6d000096c0000p+4
D3T-C-L0-I02,numeric_tolerance,0,4,1,31.875,0x1.fe00000000000p+4,22.374999180436134,0x1.65ffff2400000p+4
D3T-C-L0-I02,numeric_tolerance,0,5,1,31.5,0x1.f800000000000p+4,22.875000139698386,0x1.6e00002580000p+4
D3T-C-L0-I02,numeric_tolerance,0,6,1,31.75,0x1.fc00000000000p+4,22.375000754371285,0x1.660000ca80000p+4
D3T-C-L0-I02,numeric_tolerance,0,7,1,31.75,0x1.fc00000000000p+4,22.562499737367034,0x1.68ffffb980000p+4
D3T-C-L0-I02,numeric_tolerance,0,8,1,33.5,0x1.0c00000000000p+5,23.499999413033947,0x1.77ffff6270000p+4
D3T-C-L0-I03,numeric_tolerance,0,0,1,32.5,0x1.0400000000000p+5,22.374999211169779,0x1.65ffff2c40000p+4
D3T-C-L0-I03,numeric_tolerance,0,1,1,32.75,0x1.0600000000000p+5,22.499999232590199,0x1.67ffff3200000p+4
D3T-C-L0-I03,numeric_tolerance,0,2,1,32.75,0x1.0600000000000p+5,22.562500801868737,0x1.690000d740000p+4
D3T-C-L0-I03,numeric_tolerance,0,3,1,32.25,0x1.0200000000000p+5,22.81249993853271,0x1.6cffffef80000p+4
D3T-C-L0-I03,numeric_tolerance,0,4,1,32.5,0x1.0400000000000p+5,22.124999310821295,0x1.61ffff4700000p+4
D3T-C-L0-I03,numeric_tolerance,0,5,1,32.5,0x1.0400000000000p+5,23.374999489169568,0x1.75ffff76e0000p+4
D3T-C-L0-I03,numeric_tolerance,0,6,1,32.625,0x1.0500000000000p+5,22.937500515487045,0x1.6f00008a60000p+4
D3T-C-L0-I03,numeric_tolerance,0,7,1,32.875,0x1.0700000000000p+5,22.937500332482159,0x1.6f00005940000p+4
D3T-C-L0-I03,numeric_tolerance,0,8,1,34.625,0x1.1500000000000p+5,23.187500562518835,0x1.7300009700000p+4
D3T-C-L0-I04,numeric_tolerance,0,0,1,33,0x1.0800000000000p+5,22.749999664723873,0x1.6bffffa600000p+4
D3T-C-L0-I04,numeric_tolerance,0,1,1,33.25,0x1.0a00000000000p+5,23.000000290572643,0x1.7000004e00000p+4
D3T-C-L0-I04,numeric_tolerance,0,2,1,33.25,0x1.0a00000000000p+5,22.687500337138772,0x1.6b00005a80000p+4
D3T-C-L0-I04,numeric_tolerance,0,3,1,32.75,0x1.0600000000000p+5,22.750000108033419,0x1.6c00001d00000p+4
D3T-C-L0-I04,numeric_tolerance,0,4,1,32.75,0x1.0600000000000p+5,23.250000646337867,0x1.740000ad80000p+4
D3T-C-L0-I04,numeric_tolerance,0,5,1,33.125,0x1.0900000000000p+5,24.312500461935997,0x1.8500007c00000p+4
D3T-C-L0-I04,numeric_tolerance,0,6,1,33.25,0x1.0a00000000000p+5,22.937499939464033,0x1.6effffefc0000p+4
D3T-C-L0-I04,numeric_tolerance,0,7,1,33.75,0x1.0e00000000000p+5,22.437499228864908,0x1.66ffff3100000p+4
D3T-C-L0-I04,numeric_tolerance,0,8,1,34.125,0x1.1100000000000p+5,23.562500313390046,0x1.7900005420000p+4
D3T-C-L0-I05,numeric_tolerance,0,0,1,33.875,0x1.0f00000000000p+5,22.87499977927655,0x1.6dffffc4c0000p+4
D3T-C-L0-I05,numeric_tolerance,0,1,1,33.875,0x1.0f00000000000p+5,22.874999774619937,0x1.6dffffc380000p+4
D3T-C-L0-I05,numeric_tolerance,0,2,1,33.25,0x1.0a00000000000p+5,23.187500731088221,0x1.730000c440000p+4
D3T-C-L0-I05,numeric_tolerance,0,3,1,32.75,0x1.0600000000000p+5,22.74999977927655,0x1.6bffffc4c0000p+4
D3T-C-L0-I05,numeric_tolerance,0,4,1,33.625,0x1.0d00000000000p+5,22.687500420026481,0x1.6b000070c0000p+4
D3T-C-L0-I05,numeric_tolerance,0,5,1,33.125,0x1.0900000000000p+5,23.062500727828592,0x1.710000c360000p+4
D3T-C-L0-I05,numeric_tolerance,0,6,1,33.375,0x1.0b00000000000p+5,22.562499129213393,0x1.68ffff1640000p+4
D3T-C-L0-I05,numeric_tolerance,0,7,1,34,0x1.1000000000000p+5,22.937499102205038,0x1.6effff0f00000p+4
D3T-C-L0-I05,numeric_tolerance,0,8,1,34.625,0x1.1500000000000p+5,23.625000299420208,0x1.7a00005060000p+4
D3T-C-L0-I06,numeric_tolerance,0,0,1,33.5,0x1.0c00000000000p+5,22.250000514090061,0x1.6400008a00000p+4
D3T-C-L0-I06,numeric_tolerance,0,1,1,33.5,0x1.0c00000000000p+5,22.687500083819032,0x1.6b00001680000p+4
D3T-C-L0-I06,numeric_tolerance,0,2,1,33.25,0x1.0a00000000000p+5,23.249999969266355,0x1.73fffff7c0000p+4
D3T-C-L0-I06,numeric_tolerance,0,3,1,33.125,0x1.0900000000000p+5,22.874999939464033,0x1.6dffffefc0000p+4
D3T-C-L0-I06,numeric_tolerance,0,4,1,33.25,0x1.0a00000000000p+5,21.87499925494194,0x1.5dffff3800000p+4
D3T-C-L0-I06,numeric_tolerance,0,5,1,33,0x1.0800000000000p+5,22.875000398606062,0x1.6e00006b00000p+4
D3T-C-L0-I06,numeric_tolerance,0,6,1,32.75,0x1.0600000000000p+5,22.875000108964741,0x1.6e00001d40000p+4
D3T-C-L0-I06,numeric_tolerance,0,7,1,32.625,0x1.0500000000000p+5,22.999999519437551,0x1.6fffff7f00000p+4
D3T-C-L0-I06,numeric_tolerance,0,8,1,34.25,0x1.1200000000000p+5,23.499999232590199,0x1.77ffff3200000p+4
D3T-C-L0-I07,numeric_tolerance,0,0,1,33,0x1.0800000000000p+5,22.562499577179551,0x1.68ffff8e80000p+4
D3T-C-L0-I07,numeric_tolerance,0,1,1,33.25,0x1.0a00000000000p+5,22.562500843778253,0x1.690000e280000p+4
D3T-C-L0-I07,numeric_tolerance,0,2,1,32.625,0x1.0500000000000p+5,22.999999506399035,0x1.6fffff7b80000p+4
D3T-C-L0-I07,numeric_tolerance,0,3,1,32.625,0x1.0500000000000p+5,23.249999126419425,0x1.73ffff1580000p+4
D3T-C-L0-I07,numeric_tolerance,0,4,1,32.75,0x1.0600000000000p+5,23.125000381842256,0x1.7200006680000p+4
D3T-C-L0-I07,numeric_tolerance,0,5,1,32.75,0x1.0600000000000p+5,22.687499777413905,0x1.6affffc440000p+4
D3T-C-L0-I07,numeric_tolerance,0,6,1,33,0x1.0800000000000p+5,23.000000659376383,0x1.700000b100000p+4
D3T-C-L0-I07,numeric_tolerance,0,7,1,33.25,0x1.0a00000000000p+5,22.812500486150384,0x1.6d00008280000p+4
D3T-C-L0-I07,numeric_tolerance,0,8,1,34.375,0x1.1300000000000p+5,23.37500093318522,0x1.760000fa80000p+4
D3T-C-L0-I08,numeric_tolerance,0,0,1,32.625,0x1.0500000000000p+5,22.000000700354576,0x1.600000bc00000p+4
D3T-C-L0-I08,numeric_tolerance,0,1,1,33,0x1.0800000000000p+5,22.499999942258,0x1.67fffff080000p+4
D3T-C-L0-I08,numeric_tolerance,0,2,1,32.625,0x1.0500000000000p+5,23.187500484287739,0x1.7300008200000p+4
D3T-C-L0-I08,numeric_tolerance,0,3,1,32,0x1.0000000000000p+5,23.374999856110662,0x1.75ffffd960000p+4
D3T-C-L0-I08,numeric_tolerance,0,4,1,32.25,0x1.0200000000000p+5,22.937499809078872,0x1.6effffccc0000p+4
D3T-C-L0-I08,numeric_tolerance,0,5,1,32.125,0x1.0100000000000p+5,22.937500767409801,0x1.6f0000ce00000p+4
D3T-C-L0-I08,numeric_tolerance,0,6,1,31.875,0x1.fe00000000000p+4,22.625000176019967,0x1.6a00002f40000p+4
D3T-C-L0-I08,numeric_tolerance,0,7,1,32,0x1.0000000000000p+5,23.000000483356416,0x1.70000081c0000p+4
D3T-C-L0-I08,numeric_tolerance,0,8,1,33.625,0x1.0d00000000000p+5,21.875000246800482,0x1.5e00004240000p+4
D3T-C-L0-I09,numeric_tolerance,0,0,1,32.875,0x1.0700000000000p+5,23.1874990593642,0x1.72ffff0380000p+4
D3T-C-L0-I09,numeric_tolerance,0,1,1,32.75,0x1.0600000000000p+5,23.249999910593033,0x1.73ffffe800000p+4
D3T-C-L0-I09,numeric_tolerance,0,2,1,32.75,0x1.0600000000000p+5,21.875000413507223,0x1.5e00006f00000p+4
D3T-C-L0-I09,numeric_tolerance,0,3,1,32.75,0x1.0600000000000p+5,23.124999774619937,0x1.71ffffc380000p+4
D3T-C-L0-I09,numeric_tolerance,0,4,1,33,0x1.0800000000000p+5,23.124999087303877,0x1.71ffff0b00000p+4
D3T-C-L0-I09,numeric_tolerance,0,5,1,32.75,0x1.0600000000000p+5,22.625000257045031,0x1.6a00004500000p+4
D3T-C-L0-I09,numeric_tolerance,0,6,1,32.75,0x1.0600000000000p+5,23.250000822823495,0x1.740000dce0000p+4
D3T-C-L0-I09,numeric_tolerance,0,7,1,33.375,0x1.0b00000000000p+5,22.999999102205038,0x1.6fffff0f00000p+4
D3T-C-L0-I09,numeric_tolerance,0,8,1,34.625,0x1.1500000000000p+5,23.56250061863102,0x1.790000a610000p+4
D3T-C-L0-I10,numeric_tolerance,0,0,1,33.125,0x1.0900000000000p+5,22.124999543651938,0x1.61ffff8580000p+4
D3T-C-L0-I10,numeric_tolerance,0,1,1,33.25,0x1.0a00000000000p+5,22.812499502673745,0x1.6cffff7a80000p+4
D3T-C-L0-I10,numeric_tolerance,0,2,1,33,0x1.0800000000000p+5,22.687499502673745,0x1.6affff7a80000p+4
D3T-C-L0-I10,numeric_tolerance,0,3,1,33,0x1.0800000000000p+5,22.937499100342393,0x1.6effff0e80000p+4
D3T-C-L0-I10,numeric_tolerance,0,4,1,33.25,0x1.0a00000000000p+5,23.437500145286322,0x1.7700002700000p+4
D3T-C-L0-I10,numeric_tolerance,0,5,1,33,0x1.0800000000000p+5,22.99999986961484,0x1.6fffffdd00000p+4
D3T-C-L0-I10,numeric_tolerance,0,6,1,33.125,0x1.0900000000000p+5,23.250000914558768,0x1.740000f580000p+4
D3T-C-L0-I10,numeric_tolerance,0,7,1,33.125,0x1.0900000000000p+5,23.312499698251486,0x1.74ffffaf00000p+4
D3T-C-L0-I10,numeric_tolerance,0,8,1,34.875,0x1.1700000000000p+5,23.124999554827809,0x1.71ffff8880000p+4
D3T-C-L0-I11,numeric_tolerance,0,0,1,33.5,0x1.0c00000000000p+5,23.124999538064003,0x1.71ffff8400000p+4
D3T-C-L0-I11,numeric_tolerance,0,1,1,33.25,0x1.0a00000000000p+5,23.37500075250864,0x1.760000ca00000p+4
D3T-C-L0-I11,numeric_tolerance,0,2,1,33.5,0x1.0c00000000000p+5,22.562499785795808,0x1.68ffffc680000p+4
D3T-C-L0-I11,numeric_tolerance,0,3,1,33.125,0x1.0900000000000p+5,23.124999915249646,0x1.71ffffe940000p+4
D3T-C-L0-I11,numeric_tolerance,0,4,1,33.5,0x1.0c00000000000p+5,22.312499184161425,0x1.64ffff2500000p+4
D3T-C-L0-I11,numeric_tolerance,0,5,1,33.25,0x1.0a00000000000p+5,22.31249937042594,0x1.64ffff5700000p+4
D3T-C-L0-I11,numeric_tolerance,0,6,1,33.25,0x1.0a00000000000p+5,22.999999990686774,0x1.6ffffffd80000p+4
D3T-C-L0-I11,numeric_tolerance,0,7,1,33.25,0x1.0a00000000000p+5,22.500000892207026,0x1.680000ef80000p+4
D3T-C-L0-I11,numeric_tolerance,0,8,1,34.5,0x1.1400000000000p+5,23.187499824911356,0x1.72ffffd100000p+4
D3T-C-L1-I00,numeric_tolerance,1,0,1,30.75,0x1.ec00000000000p+4,22.43750078510493,0x1.670000d2c0000p+4
D3T-C-L1-I00,numeric_tolerance,1,1,1,30.5,0x1.e800000000000p+4,22.499999599531293,0x1.67ffff9480000p+4
D3T-C-L1-I00,numeric_tolerance,1,2,1,25.375,0x1.9600000000000p+4,22.625000484287739,0x1.6a00008200000p+4
D3T-C-L1-I00,numeric_tolerance,1,3,1,28.625,0x1.ca00000000000p+4,22.687499065883458,0x1.6affff0540000p+4
D3T-C-L1-I00,numeric_tolerance,1,4,1,28.625,0x1.ca00000000000p+4,22.625000292435288,0x1.6a00004e80000p+4
D3T-C-L1-I00,numeric_tolerance,1,5,1,28.75,0x1.cc00000000000p+4,22.437499441206455,0x1.66ffff6a00000p+4
D3T-C-L1-I00,numeric_tolerance,1,6,1,29.5,0x1.d800000000000p+4,22.437499560415745,0x1.66ffff8a00000p+4
D3T-C-L1-I00,numeric_tolerance,1,7,1,27.375,0x1.b600000000000p+4,22.624999366700649,0x1.69ffff5600000p+4
D3T-C-L1-I00,numeric_tolerance,1,8,0,-33.75,-0x1.0e00000000000p+5,-23.375000733882189,-0x1.760000c500000p+4
D3T-C-L1-I01,numeric_tolerance,1,0,1,22.625,0x1.6a00000000000p+4,21.187499452382326,0x1.52ffff6d00000p+4
D3T-C-L1-I01,numeric_tolerance,1,1,1,21.125,0x1.5200000000000p+4,22.562500711530447,0x1.690000bf00000p+4
D3T-C-L1-I01,numeric_tolerance,1,2,1,19,0x1.3000000000000p+4,22.500000827014446,0x1.680000de00000p+4
D3T-C-L1-I01,numeric_tolerance,1,3,1,18.5,0x1.2800000000000p+4,22.874999575316906,0x1.6dffff8e00000p+4
D3T-C-L1-I01,numeric_tolerance,1,4,1,16.75,0x1.0c00000000000p+4,22.499999990686774,0x1.67fffffd80000p+4
D3T-C-L1-I01,numeric_tolerance,1,5,1,11,0x1.6000000000000p+3,22.749999581836164,0x1.6bffff8fc0000p+4
D3T-C-L1-I01,numeric_tolerance,1,6,1,10,0x1.4000000000000p+3,22.937499837018549,0x1.6effffd440000p+4
D3T-C-L1-I01,numeric_tolerance,1,7,1,-12.5,-0x1.9000000000000p+3,22.562500586733222,0x1.6900009d80000p+4
D3T-C-L1-I01,numeric_tolerance,1,8,0,-21.5,-0x1.5800000000000p+4,-23.250000548548996,-0x1.7400009340000p+4
D3T-C-L1-I02,numeric_tolerance,1,0,1,32.125,0x1.0100000000000p+5,22.62500077392906,0x1.6a0000cfc0000p+4
D3T-C-L1-I02,numeric_tolerance,1,1,1,29.375,0x1.d600000000000p+4,22.750000686384737,0x1.6c0000b840000p+4
D3T-C-L1-I02,numeric_tolerance,1,2,1,29.5,0x1.d800000000000p+4,22.37500075250864,0x1.660000ca00000p+4
D3T-C-L1-I02,numeric_tolerance,1,3,1,31.5,0x1.f800000000000p+4,22.749999463558197,0x1.6bffff7000000p+4
D3T-C-L1-I02,numeric_tolerance,1,4,1,31.5,0x1.f800000000000p+4,22.687499559484422,0x1.6affff89c0000p+4
D3T-C-L1-I02,numeric_tolerance,1,5,1,31.5,0x1.f800000000000p+4,22.875000567175448,0x1.6e00009840000p+4
D3T-C-L1-I02,numeric_tolerance,1,6,1,31.625,0x1.fa00000000000p+4,22.437500782310963,0x1.670000d200000p+4
D3T-C-L1-I02,numeric_tolerance,1,7,1,30.25,0x1.e400000000000p+4,22.875000308267772,0x1.6e000052c0000p+4
D3T-C-L1-I02,numeric_tolerance,1,8,0,-30.625,-0x1.ea00000000000p+4,-22.937500953208655,-0x1.6f0000ffe0000p+4
D3T-C-L1-I03,numeric_tolerance,1,0,1,28.25,0x1.c400000000000p+4,22.874999690800905,0x1.6dffffad00000p+4
D3T-C-L1-I03,numeric_tolerance,1,1,1,27.75,0x1.bc00000000000p+4,21.875000442843884,0x1.5e000076e0000p+4
D3T-C-L1-I03,numeric_tolerance,1,2,1,27.25,0x1.b400000000000p+4,23.187499600462615,0x1.72ffff94c0000p+4
D3T-C-L1-I03,numeric_tolerance,1,3,1,27.5,0x1.b800000000000p+4,22.937499511055648,0x1.6effff7cc0000p+4
D3T-C-L1-I03,numeric_tolerance,1,4,1,25.875,0x1.9e00000000000p+4,23.187500657513738,0x1.730000b080000p+4
D3T-C-L1-I03,numeric_tolerance,1,5,1,26,0x1.a000000000000p+4,23.000000304542482,0x1.70000051c0000p+4
D3T-C-L1-I03,numeric_tolerance,1,6,1,26.25,0x1.a400000000000p+4,22.874999195337296,0x1.6dffff2800000p+4
D3T-C-L1-I03,numeric_tolerance,1,7,1,16.75,0x1.0c00000000000p+4,21.624999090097845,0x1.59ffff0bc0000p+4
D3T-C-L1-I03,numeric_tolerance,1,8,0,-21.125,-0x1.5200000000000p+4,-23.499999302206561,-0x1.77ffff44b0000p+4
D3T-C-L1-I04,numeric_tolerance,1,0,1,26.625,0x1.aa00000000000p+4,22.562499463558197,0x1.68ffff7000000p+4
D3T-C-L1-I04,numeric_tolerance,1,1,1,25.375,0x1.9600000000000p+4,22.812499433290213,0x1.6cffff67e0000p+4
D3T-C-L1-I04,numeric_tolerance,1,2,1,26.125,0x1.a200000000000p+4,23.000000046100467,0x1.7000000c60000p+4
D3T-C-L1-I04,numeric_tolerance,1,3,1,27.5,0x1.b800000000000p+4,22.875000528991222,0x1.6e00008e00000p+4
D3T-C-L1-I04,numeric_tolerance,1,4,1,27,0x1.b000000000000p+4,22.99999969266355,0x1.6fffffad80000p+4
D3T-C-L1-I04,numeric_tolerance,1,5,1,26.375,0x1.a600000000000p+4,22.562500887084752,0x1.690000ee20000p+4
D3T-C-L1-I04,numeric_tolerance,1,6,1,26.625,0x1.aa00000000000p+4,22.750000617466867,0x1.6c0000a5c0000p+4
D3T-C-L1-I04,numeric_tolerance,1,7,1,17,0x1.1000000000000p+4,22.062500414438546,0x1.6100006f40000p+4
D3T-C-L1-I04,numeric_tolerance,1,8,0,-29.625,-0x1.da00000000000p+4,-23.437500646803528,-0x1.770000ada0000p+4
D3T-C-L1-I05,numeric_tolerance,1,0,1,25.625,0x1.9a00000000000p+4,22.437499493360519,0x1.66ffff7800000p+4
D3T-C-L1-I05,numeric_tolerance,1,1,1,26,0x1.a000000000000p+4,22.062500553205609,0x1.6100009480000p+4
D3T-C-L1-I05,numeric_tolerance,1,2,1,23.75,0x1.7c00000000000p+4,22.750000657513738,0x1.6c0000b080000p+4
D3T-C-L1-I05,numeric_tolerance,1,3,1,23.25,0x1.7400000000000p+4,22.874999349936843,0x1.6dffff5180000p+4
D3T-C-L1-I05,numeric_tolerance,1,4,1,23.375,0x1.7600000000000p+4,22.500000631436706,0x1.680000a980000p+4
D3T-C-L1-I05,numeric_tolerance,1,5,1,22.75,0x1.6c00000000000p+4,22.687500422820449,0x1.6b00007180000p+4
D3T-C-L1-I05,numeric_tolerance,1,6,1,18,0x1.2000000000000p+4,22.250000684056431,0x1.640000b7a0000p+4
D3T-C-L1-I05,numeric_tolerance,1,7,1,12.5,0x1.9000000000000p+3,22.187500592321157,0x1.6300009f00000p+4
D3T-C-L1-I05,numeric_tolerance,1,8,0,-23.375,-0x1.7600000000000p+4,-22.687500204890966,-0x1.6b00003700000p+4
D3T-C-L1-I06,numeric_tolerance,1,0,1,29.5,0x1.d800000000000p+4,22.937499484512955,0x1.6effff75a0000p+4
D3T-C-L1-I06,numeric_tolerance,1,1,1,29.25,0x1.d400000000000p+4,21.875000413507223,0x1.5e00006f00000p+4
D3T-C-L1-I06,numeric_tolerance,1,2,1,29,0x1.d000000000000p+4,22.812499571125954,0x1.6cffff8ce0000p+4
D3T-C-L1-I06,numeric_tolerance,1,3,1,29.125,0x1.d200000000000p+4,22.687499814201146,0x1.6affffce20000p+4
D3T-C-L1-I06,numeric_tolerance,1,4,1,28.75,0x1.cc00000000000p+4,22.375000458210707,0x1.6600007b00000p+4
D3T-C-L1-I06,numeric_tolerance,1,5,1,28.875,0x1.ce00000000000p+4,22.937499686144292,0x1.6effffabc0000p+4
D3T-C-L1-I06,numeric_tolerance,1,6,1,29.25,0x1.d400000000000p+4,22.500000448897481,0x1.6800007880000p+4
D3T-C-L1-I06,numeric_tolerance,1,7,1,23.375,0x1.7600000000000p+4,21.625000909902155,0x1.5a0000f440000p+4
D3T-C-L1-I06,numeric_tolerance,1,8,0,-30.875,-0x1.ee00000000000p+4,-23.437500348314643,-0x1.7700005d80000p+4
D3T-C-L1-I07,numeric_tolerance,1,0,1,17.5,0x1.1800000000000p+4,22.812500623986125,0x1.6d0000a780000p+4
D3T-C-L1-I07,numeric_tolerance,1,1,1,16.25,0x1.0400000000000p+4,22.749999761581421,0x1.6bffffc000000p+4
D3T-C-L1-I07,numeric_tolerance,1,2,1,14,0x1.c000000000000p+3,21.687499621883035,0x1.5affff9a80000p+4
D3T-C-L1-I07,numeric_tolerance,1,3,1,13.25,0x1.a800000000000p+3,22.499999108724296,0x1.67ffff10c0000p+4
D3T-C-L1-I07,numeric_tolerance,1,4,1,9,0x1.2000000000000p+3,21.874999914318323,0x1.5dffffe900000p+4
D3T-C-L1-I07,numeric_tolerance,1,5,1,3.25,0x1.a000000000000p+1,21.31250012293458,0x1.5500002100000p+4
D3T-C-L1-I07,numeric_tolerance,1,6,1,1,0x1.0000000000000p+0,23.187499816529453,0x1.72ffffcec0000p+4
D3T-C-L1-I07,numeric_tolerance,1,7,1,-12.75,-0x1.9800000000000p+3,22.25000037997961,0x1.6400006600000p+4
D3T-C-L1-I07,numeric_tolerance,1,8,0,-22.75,-0x1.6c00000000000p+4,-22.874999577179551,-0x1.6dffff8e80000p+4
D3T-C-L1-I08,numeric_tolerance,1,0,1,25,0x1.9000000000000p+4,21.687500764615834,0x1.5b0000cd40000p+4
D3T-C-L1-I08,numeric_tolerance,1,1,1,22.75,0x1.6c00000000000p+4,22.062500664964318,0x1.610000b280000p+4
D3T-C-L1-I08,numeric_tolerance,1,2,1,26.5,0x1.a800000000000p+4,21.812499081715941,0x1.5cffff0980000p+4
D3T-C-L1-I08,numeric_tolerance,1,3,1,27.25,0x1.b400000000000p+4,22.31250056438148,0x1.6500009780000p+4
D3T-C-L1-I08,numeric_tolerance,1,4,1,26.125,0x1.a200000000000p+4,20.375000201165676,0x1.4600003600000p+4
D3T-C-L1-I08,numeric_tolerance,1,5,1,25.75,0x1.9c00000000000p+4,22.250000264495611,0x1.6400004700000p+4
D3T-C-L1-I08,numeric_tolerance,1,6,1,25.875,0x1.9e00000000000p+4,22.374999441206455,0x1.65ffff6a00000p+4
D3T-C-L1-I08,numeric_tolerance,1,7,1,19.25,0x1.3400000000000p+4,21.812500567175448,0x1.5d00009840000p+4
D3T-C-L1-I08,numeric_tolerance,1,8,0,-31.875,-0x1.fe00000000000p+4,-23.375000350177288,-0x1.7600005e00000p+4
D3T-C-L1-I09,numeric_tolerance,1,0,1,22.375,0x1.6600000000000p+4,22.437500134110451,0x1.6700002400000p+4
D3T-C-L1-I09,numeric_tolerance,1,1,1,20,0x1.4000000000000p+4,22.437499696388841,0x1.66ffffae80000p+4
D3T-C-L1-I09,numeric_tolerance,1,2,1,18.75,0x1.2c00000000000p+4,22.874999829567969,0x1.6dffffd240000p+4
D3T-C-L1-I09,numeric_tolerance,1,3,1,16.75,0x1.0c00000000000p+4,22.6249995008111,0x1.69ffff7a00000p+4
D3T-C-L1-I09,numeric_tolerance,1,4,1,17.25,0x1.1400000000000p+4,22.062499816529453,0x1.60ffffcec0000p+4
D3T-C-L1-I09,numeric_tolerance,1,5,1,4,0x1.0000000000000p+2,22.750000758096576,0x1.6c0000cb80000p+4
D3T-C-L1-I09,numeric_tolerance,1,6,1,4,0x1.0000000000000p+2,22.312500098720193,0x1.6500001a80000p+4
D3T-C-L1-I09,numeric_tolerance,1,7,1,-9.75,-0x1.3800000000000p+3,22.749999072402716,0x1.6bffff0700000p+4
D3T-C-L1-I09,numeric_tolerance,1,8,0,-21,-0x1.5000000000000p+4,-22.874999327585101,-0x1.6dffff4b80000p+4
D3T-C-L1-I10,numeric_tolerance,1,0,1,22.375,0x1.6600000000000p+4,22.500000774860382,0x1.680000d000000p+4
D3T-C-L1-I10,numeric_tolerance,1,1,1,22.875,0x1.6e00000000000p+4,22.125000864267349,0x1.620000e800000p+4
D3T-C-L1-I10,numeric_tolerance,1,2,1,25.75,0x1.9c00000000000p+4,21.687500918284059,0x1.5b0000f680000p+4
D3T-C-L1-I10,numeric_tolerance,1,3,1,27.125,0x1.b200000000000p+4,22.125000631436706,0x1.620000a980000p+4
D3T-C-L1-I10,numeric_tolerance,1,4,1,25.375,0x1.9600000000000p+4,22.125000355765224,0x1.6200005f80000p+4
D3T-C-L1-I10,numeric_tolerance,1,5,1,26,0x1.a000000000000p+4,22.687500162981451,0x1.6b00002bc0000p+4
D3T-C-L1-I10,numeric_tolerance,1,6,1,25.875,0x1.9e00000000000p+4,22.187500549480319,0x1.6300009380000p+4
D3T-C-L1-I10,numeric_tolerance,1,7,1,19.25,0x1.3400000000000p+4,22.187500257045031,0x1.6300004500000p+4
D3T-C-L1-I10,numeric_tolerance,1,8,0,-29.75,-0x1.dc00000000000p+4,-21.624999137595296,-0x1.59ffff1880000p+4
D3T-C-L1-I11,numeric_tolerance,1,0,1,21.625,0x1.5a00000000000p+4,22.687499555759132,0x1.6affff88c0000p+4
D3T-C-L1-I11,numeric_tolerance,1,1,1,14.75,0x1.d800000000000p+3,21.124999178573489,0x1.51ffff2380000p+4
D3T-C-L1-I11,numeric_tolerance,1,2,1,10.25,0x1.4800000000000p+3,22.500000514090061,0x1.6800008a00000p+4
D3T-C-L1-I11,numeric_tolerance,1,3,1,6.25,0x1.9000000000000p+2,22.562500413507223,0x1.6900006f00000p+4
D3T-C-L1-I11,numeric_tolerance,1,4,1,4.75,0x1.3000000000000p+2,22.562500631436706,0x1.690000a980000p+4
D3T-C-L1-I11,numeric_tolerance,1,5,1,0.75,0x1.8000000000000p-1,22.625000284984708,0x1.6a00004c80000p+4
D3T-C-L1-I11,numeric_tolerance,1,6,1,-5.5,-0x1.6000000000000p+2,22.56250078510493,0x1.690000d2c0000p+4
D3T-C-L1-I11,numeric_tolerance,1,7,1,-15.5,-0x1.f000000000000p+3,22.562499905005097,0x1.68ffffe680000p+4
D3T-C-L1-I11,numeric_tolerance,1,8,0,-26.75,-0x1.ac00000000000p+4,-22.937499536667019,-0x1.6effff83a0000p+4
D3T-C-L2-I00,numeric_tolerance,2,0,1,27.75,0x1.bc00000000000p+4,21.999999958556145,0x1.5ffffff4e0000p+4
D3T-C-L2-I00,numeric_tolerance,2,1,1,27.25,0x1.b400000000000p+4,22.374999898485839,0x1.65ffffe4c0000p+4
D3T-C-L2-I00,numeric_tolerance,2,2,1,27.875,0x1.be00000000000p+4,21.875000149011612,0x1.5e00002800000p+4
D3T-C-L2-I00,numeric_tolerance,2,3,1,29,0x1.d000000000000p+4,22.624999718740582,0x1.69ffffb480000p+4
D3T-C-L2-I00,numeric_tolerance,2,4,1,28.625,0x1.ca00000000000p+4,22.249999854713678,0x1.63ffffd900000p+4
D3T-C-L2-I00,numeric_tolerance,2,5,1,26.25,0x1.a400000000000p+4,22.374999862164259,0x1.65ffffdb00000p+4
D3T-C-L2-I00,numeric_tolerance,2,6,1,24.625,0x1.8a00000000000p+4,22.81250078137964,0x1.6d0000d1c0000p+4
D3T-C-L2-I00,numeric_tolerance,2,7,0,8.5,0x1.1000000000000p+3,-23.687500413740054,-0x1.7b00006f10000p+4
D3T-C-L2-I00,numeric_tolerance,2,8,0,-33.25,-0x1.0a00000000000p+5,-23.374999318737537,-0x1.75ffff4920000p+4
D3T-C-L2-I01,numeric_tolerance,2,0,1,26.625,0x1.aa00000000000p+4,22.937499619089067,0x1.6effff99c0000p+4
D3T-C-L2-I01,numeric_tolerance,2,1,1,26.125,0x1.a200000000000p+4,20.62500087171793,0x1.4a0000ea00000p+4
D3T-C-L2-I01,numeric_tolerance,2,2,1,25.5,0x1.9800000000000p+4,20.37499949708581,0x1.45ffff7900000p+4
D3T-C-L2-I01,numeric_tolerance,2,3,1,23.375,0x1.7600000000000p+4,21.749999679625034,0x1.5bffffaa00000p+4
D3T-C-L2-I01,numeric_tolerance,2,4,1,22.75,0x1.6c00000000000p+4,22.749999211169779,0x1.6bffff2c40000p+4
D3T-C-L2-I01,numeric_tolerance,2,5,1,19.75,0x1.3c00000000000p+4,22.750000892672688,0x1.6c0000efa0000p+4
D3T-C-L2-I01,numeric_tolerance,2,6,1,15.75,0x1.f800000000000p+3,22.875000589061528,0x1.6e00009e20000p+4
D3T-C-L2-I01,numeric_tolerance,2,7,0,-9.5,-0x1.3000000000000p+3,-22.374999307096004,-0x1.65ffff4600000p+4
D3T-C-L2-I01,numeric_tolerance,2,8,0,-22.75,-0x1.6c00000000000p+4,-22.624999415129423,-0x1.69ffff6300000p+4
D3T-C-L2-I02,numeric_tolerance,2,0,1,25.375,0x1.9600000000000p+4,22.625000420026481,0x1.6a000070c0000p+4
D3T-C-L2-I02,numeric_tolerance,2,1,1,23.375,0x1.7600000000000p+4,22.687499102205038,0x1.6affff0f00000p+4
D3T-C-L2-I02,numeric_tolerance,2,2,1,24.875,0x1.8e00000000000p+4,21.562499687075615,0x1.58ffffac00000p+4
D3T-C-L2-I02,numeric_tolerance,2,3,1,25.125,0x1.9200000000000p+4,21.937499698251486,0x1.5effffaf00000p+4
D3T-C-L2-I02,numeric_tolerance,2,4,1,24.125,0x1.8200000000000p+4,22.812500547152013,0x1.6d000092e0000p+4
D3T-C-L2-I02,numeric_tolerance,2,5,1,22.125,0x1.6200000000000p+4,22.375000812113285,0x1.660000da00000p+4
D3T-C-L2-I02,numeric_tolerance,2,6,1,21.875,0x1.5e00000000000p+4,21.937499079853296,0x1.5effff0900000p+4
D3T-C-L2-I02,numeric_tolerance,2,7,0,-13.5,-0x1.b000000000000p+3,-22.874999906867743,-0x1.6dffffe700000p+4
D3T-C-L2-I02,numeric_tolerance,2,8,0,-30.375,-0x1.e600000000000p+4,-22.500000666826963,-0x1.680000b300000p+4
D3T-C-L2-I03,numeric_tolerance,2,0,1,23.875,0x1.7e00000000000p+4,22.687500033527613,0x1.6b00000900000p+4
D3T-C-L2-I03,numeric_tolerance,2,1,1,25.625,0x1.9a00000000000p+4,22.937500860542059,0x1.6f0000e700000p+4
D3T-C-L2-I03,numeric_tolerance,2,2,1,23.875,0x1.7e00000000000p+4,22.999999057967216,0x1.6fffff0320000p+4
D3T-C-L2-I03,numeric_tolerance,2,3,1,23.375,0x1.7600000000000p+4,22.437499853782356,0x1.66ffffd8c0000p+4
D3T-C-L2-I03,numeric_tolerance,2,4,1,14,0x1.c000000000000p+3,22.625000267289579,0x1.6a000047c0000p+4
D3T-C-L2-I03,numeric_tolerance,2,5,1,6,0x1.8000000000000p+2,22.437499895691872,0x1.66ffffe400000p+4
D3T-C-L2-I03,numeric_tolerance,2,6,1,-9.25,-0x1.2800000000000p+3,22.750000329688191,0x1.6c00005880000p+4
D3T-C-L2-I03,numeric_tolerance,2,7,0,-26,-0x1.a000000000000p+4,-22.937499877298251,-0x1.6effffdf10000p+4
D3T-C-L2-I03,numeric_tolerance,2,8,0,-31.375,-0x1.f600000000000p+4,-22.999999293126166,-0x1.6fffff4240000p+4
D3T-C-L2-I04,numeric_tolerance,2,0,1,28.375,0x1.c600000000000p+4,21.187499843537807,0x1.52ffffd600000p+4
D3T-C-L2-I04,numeric_tolerance,2,1,1,28.625,0x1.ca00000000000p+4,22.81250009033829,0x1.6d00001840000p+4
D3T-C-L2-I04,numeric_tolerance,2,2,1,28.75,0x1.cc00000000000p+4,22.499999590218067,0x1.67ffff9200000p+4
D3T-C-L2-I04,numeric_tolerance,2,3,1,26.375,0x1.a600000000000p+4,22.624999647028744,0x1.69ffffa140000p+4
D3T-C-L2-I04,numeric_tolerance,2,4,1,24.75,0x1.8c00000000000p+4,22.249999436549842,0x1.63ffff68c0000p+4
D3T-C-L2-I04,numeric_tolerance,2,5,1,26,0x1.a000000000000p+4,22.500000393018126,0x1.6800006980000p+4
D3T-C-L2-I04,numeric_tolerance,2,6,1,26,0x1.a000000000000p+4,22.875000016763806,0x1.6e00000480000p+4
D3T-C-L2-I04,numeric_tolerance,2,7,0,13.25,0x1.a800000000000p+3,-21.562499518040568,-0x1.58ffff7ea0000p+4
D3T-C-L2-I04,numeric_tolerance,2,8,0,-33.25,-0x1.0a00000000000p+5,-23.437500743195415,-0x1.770000c780000p+4
D3T-C-L2-I05,numeric_tolerance,2,0,1,29.875,0x1.de00000000000p+4,22.437499959953129,0x1.66fffff540000p+4
D3T-C-L2-I05,numeric_tolerance,2,1,1,29.875,0x1.de00000000000p+4,22.937500759027898,0x1.6f0000cbc0000p+4
D3T-C-L2-I05,numeric_tolerance,2,2,1,29.625,0x1.da00000000000p+4,22.62500074878335,0x1.6a0000c900000p+4
D3T-C-L2-I05,numeric_tolerance,2,3,1,29.375,0x1.d600000000000p+4,22.375000071711838,0x1.6600001340000p+4
D3T-C-L2-I05,numeric_tolerance,2,4,1,28.5,0x1.c800000000000p+4,22.750000428874046,0x1.6c00007320000p+4
D3T-C-L2-I05,numeric_tolerance,2,5,1,28.75,0x1.cc00000000000p+4,23.187500410713255,0x1.7300006e40000p+4
D3T-C-L2-I05,numeric_tolerance,2,6,1,28.375,0x1.c600000000000p+4,22.62499908125028,0x1.69ffff0960000p+4
D3T-C-L2-I05,numeric_tolerance,2,7,0,17,0x1.1000000000000p+4,-23.187500340398401,-0x1.7300005b60000p+4
D3T-C-L2-I05,numeric_tolerance,2,8,0,-18.5,-0x1.2800000000000p+4,-22.937500247731805,-0x1.6f00004280000p+4
D3T-C-L2-I06,numeric_tolerance,2,0,1,26.125,0x1.a200000000000p+4,21.437500910833478,0x1.570000f480000p+4
D3T-C-L2-I06,numeric_tolerance,2,1,1,25.875,0x1.9e00000000000p+4,21.625000160187483,0x1.5a00002b00000p+4
D3T-C-L2-I06,numeric_tolerance,2,2,1,27.125,0x1.b200000000000p+4,21.499999813735485,0x1.57ffffce00000p+4
D3T-C-L2-I06,numeric_tolerance,2,3,1,27.25,0x1.b400000000000p+4,22.749999300576746,0x1.6bffff4440000p+4
D3T-C-L2-I06,numeric_tolerance,2,4,1,27,0x1.b000000000000p+4,22.187499384395778,0x1.62ffff5ac0000p+4
D3T-C-L2-I06,numeric_tolerance,2,5,1,26.5,0x1.a800000000000p+4,21.187499098479748,0x1.52ffff0e00000p+4
D3T-C-L2-I06,numeric_tolerance,2,6,1,26.75,0x1.ac00000000000p+4,22.187499164603651,0x1.62ffff1fc0000p+4
D3T-C-L2-I06,numeric_tolerance,2,7,0,-4.5,-0x1.2000000000000p+2,-23.124999908264726,-0x1.71ffffe760000p+4
D3T-C-L2-I06,numeric_tolerance,2,8,0,-28.875,-0x1.ce00000000000p+4,-23.375000873114914,-0x1.760000ea60000p+4
D3T-C-L2-I07,numeric_tolerance,2,0,1,27.875,0x1.be00000000000p+4,20.937500815838575,0x1.4f0000db00000p+4
D3T-C-L2-I07,numeric_tolerance,2,1,1,26,0x1.a000000000000p+4,22.812500699888915,0x1.6d0000bbe0000p+4
D3T-C-L2-I07,numeric_tolerance,2,2,1,23.75,0x1.7c00000000000p+4,22.562499482184649,0x1.68ffff7500000p+4
D3T-C-L2-I07,numeric_tolerance,2,3,1,12,0x1.8000000000000p+3,22.375000031664968,0x1.6600000880000p+4
D3T-C-L2-I07,numeric_tolerance,2,4,1,15.5,0x1.f000000000000p+3,22.312499234452844,0x1.64ffff3280000p+4
D3T-C-L2-I07,numeric_tolerance,2,5,1,-2.5,-0x1.4000000000000p+1,22.125000526662916,0x1.6200008d60000p+4
D3T-C-L2-I07,numeric_tolerance,2,6,1,-2.5,-0x1.4000000000000p+1,20.874999183230102,0x1.4dffff24c0000p+4
D3T-C-L2-I07,numeric_tolerance,2,7,0,-22,-0x1.6000000000000p+4,-23.312500009313226,-0x1.7500000280000p+4
D3T-C-L2-I07,numeric_tolerance,2,8,0,-31.625,-0x1.fa00000000000p+4,-23.499999932944775,-0x1.77ffffee00000p+4
D3T-C-L2-I08,numeric_tolerance,2,0,1,22.25,0x1.6400000000000p+4,20.74999926192686,0x1.4bffff39e0000p+4
D3T-C-L2-I08,numeric_tolerance,2,1,1,23.375,0x1.7600000000000p+4,20.937499436549842,0x1.4effff68c0000p+4
D3T-C-L2-I08,numeric_tolerance,2,2,1,25.625,0x1.9a00000000000p+4,22.562500803731382,0x1.690000d7c0000p+4
D3T-C-L2-I08,numeric_tolerance,2,3,1,26.25,0x1.a400000000000p+4,22.437500263564289,0x1.67000046c0000p+4
D3T-C-L2-I08,numeric_tolerance,2,4,1,26.5,0x1.a800000000000p+4,22.312500549480319,0x1.6500009380000p+4
D3T-C-L2-I08,numeric_tolerance,2,5,1,23.25,0x1.7400000000000p+4,22.312500928528607,0x1.650000f940000p+4
D3T-C-L2-I08,numeric_tolerance,2,6,1,17.75,0x1.1c00000000000p+4,22.93750035809353,0x1.6f00006020000p+4
D3T-C-L2-I08,numeric_tolerance,2,7,0,-13.75,-0x1.b800000000000p+3,-22.249999873805791,-0x1.63ffffde20000p+4
D3T-C-L2-I08,numeric_tolerance,2,8,0,-30.125,-0x1.e200000000000p+4,-22.687499973922968,-0x1.6afffff900000p+4
D3T-C-L2-I09,numeric_tolerance,2,0,1,30.25,0x1.e400000000000p+4,22.875000642612576,0x1.6e0000ac80000p+4
D3T-C-L2-I09,numeric_tolerance,2,1,1,30,0x1.e000000000000p+4,22.937500501982868,0x1.6f000086c0000p+4
D3T-C-L2-I09,numeric_tolerance,2,2,1,29.875,0x1.de00000000000p+4,22.000000216066837,0x1.6000003a00000p+4
D3T-C-L2-I09,numeric_tolerance,2,3,1,29.625,0x1.da00000000000p+4,22.312499958556145,0x1.64fffff4e0000p+4
D3T-C-L2-I09,numeric_tolerance,2,4,1,29.125,0x1.d200000000000p+4,22.375000175088644,0x1.6600002f00000p+4
D3T-C-L2-I09,numeric_tolerance,2,5,1,27.875,0x1.be00000000000p+4,23.187499320134521,0x1.72ffff4980000p+4
D3T-C-L2-I09,numeric_tolerance,2,6,1,26.375,0x1.a600000000000p+4,23.374999589286745,0x1.75ffff91c0000p+4
D3T-C-L2-I09,numeric_tolerance,2,7,0,19,0x1.3000000000000p+4,-22.749999170191586,-0x1.6bffff2140000p+4
D3T-C-L2-I09,numeric_tolerance,2,8,0,-23,-0x1.7000000000000p+4,-23.375000205822289,-0x1.7600003740000p+4
D3T-C-L2-I10,numeric_tolerance,2,0,1,26.75,0x1.ac00000000000p+4,20.250000179745257,0x1.4400003040000p+4
D3T-C-L2-I10,numeric_tolerance,2,1,1,26.125,0x1.a200000000000p+4,20.937500337138772,0x1.4f00005a80000p+4
D3T-C-L2-I10,numeric_tolerance,2,2,1,27.25,0x1.b400000000000p+4,21.25000068359077,0x1.540000b780000p+4
D3T-C-L2-I10,numeric_tolerance,2,3,1,27.375,0x1.b600000000000p+4,22.437499990686774,0x1.66fffffd80000p+4
D3T-C-L2-I10,numeric_tolerance,2,4,1,28.125,0x1.c200000000000p+4,21.749999977648258,0x1.5bfffffa00000p+4
D3T-C-L2-I10,numeric_tolerance,2,5,1,26.375,0x1.a600000000000p+4,22.250000134110451,0x1.6400002400000p+4
D3T-C-L2-I10,numeric_tolerance,2,6,1,21.25,0x1.5400000000000p+4,22.875000180676579,0x1.6e00003080000p+4
D3T-C-L2-I10,numeric_tolerance,2,7,0,-6.5,-0x1.a000000000000p+2,-23.499999242834747,-0x1.77ffff34c0000p+4
D3T-C-L2-I10,numeric_tolerance,2,8,0,-33.25,-0x1.0a00000000000p+5,-23.00000047404319,-0x1.7000007f40000p+4
D3T-C-L2-I11,numeric_tolerance,2,0,1,23.75,0x1.7c00000000000p+4,22.937499112449586,0x1.6effff11c0000p+4
D3T-C-L2-I11,numeric_tolerance,2,1,1,24.75,0x1.8c00000000000p+4,22.937500262167305,0x1.6f00004660000p+4
D3T-C-L2-I11,numeric_tolerance,2,2,1,21.875,0x1.5e00000000000p+4,21.437499336898327,0x1.56ffff4e00000p+4
D3T-C-L2-I11,numeric_tolerance,2,3,1,21.875,0x1.5e00000000000p+4,21.062500813044608,0x1.510000da40000p+4
D3T-C-L2-I11,numeric_tolerance,2,4,1,18.25,0x1.2400000000000p+4,22.812500928528607,0x1.6d0000f940000p+4
D3T-C-L2-I11,numeric_tolerance,2,5,1,13.5,0x1.b000000000000p+3,22.812499765306711,0x1.6cffffc100000p+4
D3T-C-L2-I11,numeric_tolerance,2,6,1,9.5,0x1.3000000000000p+3,22.937500590458512,0x1.6f00009e80000p+4
D3T-C-L2-I11,numeric_tolerance,2,7,0,-23,-0x1.7000000000000p+4,-23.249999545514584,-0x1.73ffff8600000p+4
D3T-C-L2-I11,numeric_tolerance,2,8,0,-26.625,-0x1.aa00000000000p+4,-23.187499982304871,-0x1.72fffffb40000p+4
D3T-C-L3-I00,numeric_tolerance,3,0,1,25,0x1.9000000000000p+4,21.124999515712261,0x1.51ffff7e00000p+4
D3T-C-L3-I00,numeric_tolerance,3,1,1,25.375,0x1.9600000000000p+4,20.562499679625034,0x1.48ffffaa00000p+4
D3T-C-L3-I00,numeric_tolerance,3,2,1,25.75,0x1.9c00000000000p+4,22.812499361578375,0x1.6cffff54a0000p+4
D3T-C-L3-I00,numeric_tolerance,3,3,1,27.125,0x1.b200000000000p+4,22.937500180676579,0x1.6f00003080000p+4
D3T-C-L3-I00,numeric_tolerance,3,4,1,25,0x1.9000000000000p+4,22.249999560415745,0x1.63ffff8a00000p+4
D3T-C-L3-I00,numeric_tolerance,3,5,1,24.875,0x1.8e00000000000p+4,22.562500745989382,0x1.690000c840000p+4
D3T-C-L3-I00,numeric_tolerance,3,6,0,19,0x1.3000000000000p+4,-23.312499274034053,-0x1.74ffff3d20000p+4
D3T-C-L3-I00,numeric_tolerance,3,7,0,-19,-0x1.3000000000000p+4,-23.249999179970473,-0x1.73ffff23e0000p+4
D3T-C-L3-I00,numeric_tolerance,3,8,0,-30.375,-0x1.e600000000000p+4,-23.437500076834112,-0x1.77000014a0000p+4
D3T-C-L3-I01,numeric_tolerance,3,0,1,18.25,0x1.2400000000000p+4,22.437499522231519,0x1.66ffff7fc0000p+4
D3T-C-L3-I01,numeric_tolerance,3,1,1,16.75,0x1.0c00000000000p+4,21.687500450760126,0x1.5b00007900000p+4
D3T-C-L3-I01,numeric_tolerance,3,2,1,15.75,0x1.f800000000000p+3,22.750000887084752,0x1.6c0000ee20000p+4
D3T-C-L3-I01,numeric_tolerance,3,3,1,6.5,0x1.a000000000000p+2,22.87499993480742,0x1.6dffffee80000p+4
D3T-C-L3-I01,numeric_tolerance,3,4,1,1.75,0x1.c000000000000p+0,22.875000617466867,0x1.6e0000a5c0000p+4
D3T-C-L3-I01,numeric_tolerance,3,5,1,-6.75,-0x1.b000000000000p+2,21.000000679865479,0x1.500000b680000p+4
D3T-C-L3-I01,numeric_tolerance,3,6,0,-20.5,-0x1.4800000000000p+4,-21.375000362284482,-0x1.5600006140000p+4
D3T-C-L3-I01,numeric_tolerance,3,7,0,-27.75,-0x1.bc00000000000p+4,-23.500000735279173,-0x1.780000c560000p+4
D3T-C-L3-I01,numeric_tolerance,3,8,0,-29,-0x1.d000000000000p+4,-23.49999990593642,-0x1.77ffffe6c0000p+4
D3T-C-L3-I02,numeric_tolerance,3,0,1,27.875,0x1.be00000000000p+4,22.874999814201146,0x1.6dffffce20000p+4
D3T-C-L3-I02,numeric_tolerance,3,1,1,27.75,0x1.bc00000000000p+4,22.812500684056431,0x1.6d0000b7a0000p+4
D3T-C-L3-I02,numeric_tolerance,3,2,1,27.5,0x1.b800000000000p+4,22.99999990966171,0x1.6fffffe7c0000p+4
D3T-C-L3-I02,numeric_tolerance,3,3,1,28.125,0x1.c200000000000p+4,21.687499970197678,0x1.5afffff800000p+4
D3T-C-L3-I02,numeric_tolerance,3,4,1,27.375,0x1.b600000000000p+4,20.812499765306711,0x1.4cffffc100000p+4
D3T-C-L3-I02,numeric_tolerance,3,5,1,27,0x1.b000000000000p+4,23.124999699182808,0x1.71ffffaf40000p+4
D3T-C-L3-I02,numeric_tolerance,3,6,0,22.625,0x1.6a00000000000p+4,-22.81250047404319,-0x1.6d00007f40000p+4
D3T-C-L3-I02,numeric_tolerance,3,7,0,-15.25,-0x1.e800000000000p+3,-22.687500232830644,-0x1.6b00003e80000p+4
D3T-C-L3-I02,numeric_tolerance,3,8,0,-30.5,-0x1.e800000000000p+4,-23.375000100582838,-0x1.7600001b00000p+4
D3T-C-L3-I03,numeric_tolerance,3,0,1,26.5,0x1.a800000000000p+4,22.249999543651938,0x1.63ffff8580000p+4
D3T-C-L3-I03,numeric_tolerance,3,1,1,26.625,0x1.aa00000000000p+4,23.000000076834112,0x1.70000014a0000p+4
D3T-C-L3-I03,numeric_tolerance,3,2,1,27.125,0x1.b200000000000p+4,22.625000287778676,0x1.6a00004d40000p+4
D3T-C-L3-I03,numeric_tolerance,3,3,1,25.375,0x1.9600000000000p+4,22.249999465420842,0x1.63ffff7080000p+4
D3T-C-L3-I03,numeric_tolerance,3,4,1,23,0x1.7000000000000p+4,21.374999385327101,0x1.55ffff5b00000p+4
D3T-C-L3-I03,numeric_tolerance,3,5,1,24.25,0x1.8400000000000p+4,22.812499366234988,0x1.6cffff55e0000p+4
D3T-C-L3-I03,numeric_tolerance,3,6,0,10.25,0x1.4800000000000p+3,-23.312499927356839,-0x1.74ffffec80000p+4
D3T-C-L3-I03,numeric_tolerance,3,7,0,-18.25,-0x1.2400000000000p+4,-22.749999228864908,-0x1.6bffff3100000p+4
D3T-C-L3-I03,numeric_tolerance,3,8,0,-25,-0x1.9000000000000p+4,-22.62500077765435,-0x1.6a0000d0c0000p+4
D3T-C-L3-I04,numeric_tolerance,3,0,1,26.25,0x1.a400000000000p+4,20.81250088987872,0x1.4d0000eee0000p+4
D3T-C-L3-I04,numeric_tolerance,3,1,1,23.875,0x1.7e00000000000p+4,21.625000264495611,0x1.5a00004700000p+4
D3T-C-L3-I04,numeric_tolerance,3,2,1,25.5,0x1.9800000000000p+4,21.875000476837158,0x1.5e00008000000p+4
D3T-C-L3-I04,numeric_tolerance,3,3,1,26.5,0x1.a800000000000p+4,22.499999168328941,0x1.67ffff20c0000p+4
D3T-C-L3-I04,numeric_tolerance,3,4,1,25.625,0x1.9a00000000000p+4,21.187499114312232,0x1.52ffff1240000p+4
D3T-C-L3-I04,numeric_tolerance,3,5,1,24.75,0x1.8c00000000000p+4,22.812499875202775,0x1.6cffffde80000p+4
D3T-C-L3-I04,numeric_tolerance,3,6,0,21.25,0x1.5400000000000p+4,-21.874999527353793,-0x1.5dffff8120000p+4
D3T-C-L3-I04,numeric_tolerance,3,7,0,-5.75,-0x1.7000000000000p+2,-23.500000888947397,-0x1.780000eea0000p+4
D3T-C-L3-I04,numeric_tolerance,3,8,0,-28.5,-0x1.c800000000000p+4,-23.187499128747731,-0x1.72ffff1620000p+4
D3T-C-L3-I05,numeric_tolerance,3,0,1,27.625,0x1.ba00000000000p+4,21.999999065883458,0x1.5fffff0540000p+4
D3T-C-L3-I05,numeric_tolerance,3,1,1,28.125,0x1.c200000000000p+4,23.0000004991889,0x1.7000008600000p+4
D3T-C-L3-I05,numeric_tolerance,3,2,1,28.125,0x1.c200000000000p+4,22.187499396502972,0x1.62ffff5e00000p+4
D3T-C-L3-I05,numeric_tolerance,3,3,1,27.125,0x1.b200000000000p+4,23.125000239349902,0x1.7200004040000p+4
D3T-C-L3-I05,numeric_tolerance,3,4,1,25.875,0x1.9e00000000000p+4,22.062499351799488,0x1.60ffff5200000p+4
D3T-C-L3-I05,numeric_tolerance,3,5,1,25.875,0x1.9e00000000000p+4,22.937500759027898,0x1.6f0000cbc0000p+4
D3T-C-L3-I05,numeric_tolerance,3,6,0,22.625,0x1.6a00000000000p+4,-23.437500387895852,-0x1.7700006820000p+4
D3T-C-L3-I05,numeric_tolerance,3,7,0,-18.25,-0x1.2400000000000p+4,-22.624999856576324,-0x1.69ffffd980000p+4
D3T-C-L3-I05,numeric_tolerance,3,8,0,-23.75,-0x1.7c00000000000p+4,-23.25000065099448,-0x1.740000aec0000p+4
D3T-C-L3-I06,numeric_tolerance,3,0,1,21.625,0x1.5a00000000000p+4,21.062499087303877,0x1.50ffff0b00000p+4
D3T-C-L3-I06,numeric_tolerance,3,1,1,23.375,0x1.7600000000000p+4,22.624999348074198,0x1.69ffff5100000p+4
D3T-C-L3-I06,numeric_tolerance,3,2,1,21.625,0x1.5a00000000000p+4,21.437500903382897,0x1.570000f280000p+4
D3T-C-L3-I06,numeric_tolerance,3,3,1,20.875,0x1.4e00000000000p+4,21.687500702217221,0x1.5b0000bc80000p+4
D3T-C-L3-I06,numeric_tolerance,3,4,1,16,0x1.0000000000000p+4,20.499999526888132,0x1.47ffff8100000p+4
D3T-C-L3-I06,numeric_tolerance,3,5,1,19.25,0x1.3400000000000p+4,22.62500011920929,0x1.6a00002000000p+4
D3T-C-L3-I06,numeric_tolerance,3,6,0,10.5,0x1.5000000000000p+3,-22.874999670311809,-0x1.6dffffa780000p+4
D3T-C-L3-I06,numeric_tolerance,3,7,0,-20.375,-0x1.4600000000000p+4,-23.625000413972884,-0x1.7a00006f20000p+4
D3T-C-L3-I06,numeric_tolerance,3,8,0,-31.625,-0x1.fa00000000000p+4,-22.062500395812094,-0x1.6100006a40000p+4
D3T-C-L3-I07,numeric_tolerance,3,0,1,5.5,0x1.6000000000000p+2,20.625000299885869,0x1.4a00005080000p+4
D3T-C-L3-I07,numeric_tolerance,3,1,1,20,0x1.4000000000000p+4,22.312500211875886,0x1.65000038e0000p+4
D3T-C-L3-I07,numeric_tolerance,3,2,1,2.25,0x1.2000000000000p+1,22.374999382533133,0x1.65ffff5a40000p+4
D3T-C-L3-I07,numeric_tolerance,3,3,1,-5.5,-0x1.6000000000000p+2,22.749999948311597,0x1.6bfffff220000p+4
D3T-C-L3-I07,numeric_tolerance,3,4,1,-12.75,-0x1.9800000000000p+3,21.937500538304448,0x1.5f00009080000p+4
D3T-C-L3-I07,numeric_tolerance,3,5,1,-13.5,-0x1.b000000000000p+3,22.625000759027898,0x1.6a0000cbc0000p+4
D3T-C-L3-I07,numeric_tolerance,3,6,0,-24.125,-0x1.8200000000000p+4,-23.187499147839844,-0x1.72ffff1b40000p+4
D3T-C-L3-I07,numeric_tolerance,3,7,0,-28.875,-0x1.ce00000000000p+4,-23.375000361353159,-0x1.7600006100000p+4
D3T-C-L3-I07,numeric_tolerance,3,8,0,-33.375,-0x1.0b00000000000p+5,-22.812500105239451,-0x1.6d00001c40000p+4
D3T-C-L3-I08,numeric_tolerance,3,0,1,27.375,0x1.b600000000000p+4,21.499999053776264,0x1.57ffff0200000p+4
D3T-C-L3-I08,numeric_tolerance,3,1,1,27.375,0x1.b600000000000p+4,22.312500367872417,0x1.65000062c0000p+4
D3T-C-L3-I08,numeric_tolerance,3,2,1,27.5,0x1.b800000000000p+4,22.437500664964318,0x1.670000b280000p+4
D3T-C-L3-I08,numeric_tolerance,3,3,1,24.75,0x1.8c00000000000p+4,22.437499575316906,0x1.66ffff8e00000p+4
D3T-C-L3-I08,numeric_tolerance,3,4,1,22.375,0x1.6600000000000p+4,20.812499726656824,0x1.4cffffb6a0000p+4
D3T-C-L3-I08,numeric_tolerance,3,5,1,26,0x1.a000000000000p+4,23.187499513383955,0x1.72ffff7d60000p+4
D3T-C-L3-I08,numeric_tolerance,3,6,0,22.375,0x1.6600000000000p+4,-22.937499574385583,-0x1.6effff8dc0000p+4
D3T-C-L3-I08,numeric_tolerance,3,7,0,9,0x1.2000000000000p+3,-22.87499997485429,-0x1.6dfffff940000p+4
D3T-C-L3-I08,numeric_tolerance,3,8,0,-33.125,-0x1.0900000000000p+5,-23.374999856576324,-0x1.75ffffd980000p+4
D3T-C-L3-I09,numeric_tolerance,3,0,1,16.75,0x1.0c00000000000p+4,22.937499695923179,0x1.6effffae60000p+4
D3T-C-L3-I09,numeric_tolerance,3,1,1,18.5,0x1.2800000000000p+4,21.874999856110662,0x1.5dffffd960000p+4
D3T-C-L3-I09,numeric_tolerance,3,2,1,14,0x1.c000000000000p+3,23.187499073334038,0x1.72ffff0740000p+4
D3T-C-L3-I09,numeric_tolerance,3,3,1,9,0x1.2000000000000p+3,21.18750061839819,0x1.530000a600000p+4
D3T-C-L3-I09,numeric_tolerance,3,4,1,11,0x1.6000000000000p+3,20.249999064952135,0x1.43ffff0500000p+4
D3T-C-L3-I09,numeric_tolerance,3,5,1,2,0x1.0000000000000p+1,22.812499326653779,0x1.6cffff4b40000p+4
D3T-C-L3-I09,numeric_tolerance,3,6,0,-7.25,-0x1.d000000000000p+2,-23.187500514090061,-0x1.7300008a00000p+4
D3T-C-L3-I09,numeric_tolerance,3,7,0,-25.625,-0x1.9a00000000000p+4,-21.437500379048288,-0x1.57000065c0000p+4
D3T-C-L3-I09,numeric_tolerance,3,8,0,-28.625,-0x1.ca00000000000p+4,-23.937499092426151,-0x1.7effff0c60000p+4
D3T-C-L3-I10,numeric_tolerance,3,0,1,26.75,0x1.ac00000000000p+4,22.312500724568963,0x1.650000c280000p+4
D3T-C-L3-I10,numeric_tolerance,3,1,1,27.25,0x1.b400000000000p+4,23.500000930856913,0x1.780000f9e0000p+4
D3T-C-L3-I10,numeric_tolerance,3,2,1,26.75,0x1.ac00000000000p+4,21.999999457038939,0x1.5fffff6e40000p+4
D3T-C-L3-I10,numeric_tolerance,3,3,1,23,0x1.7000000000000p+4,20.812500035390258,0x1.4d00000980000p+4
D3T-C-L3-I10,numeric_tolerance,3,4,1,21.875,0x1.5e00000000000p+4,21.50000061839819,0x1.580000a600000p+4
D3T-C-L3-I10,numeric_tolerance,3,5,1,21.5,0x1.5800000000000p+4,23.124999574385583,0x1.71ffff8dc0000p+4
D3T-C-L3-I10,numeric_tolerance,3,6,0,17,0x1.1000000000000p+4,-22.56250074505806,-0x1.690000c800000p+4
D3T-C-L3-I10,numeric_tolerance,3,7,0,-0.5,-0x1.0000000000000p-1,-23.374999121762812,-0x1.75ffff1440000p+4
D3T-C-L3-I10,numeric_tolerance,3,8,0,-32.625,-0x1.0500000000000p+5,-23.562499670311809,-0x1.78ffffa780000p+4
D3T-C-L3-I11,numeric_tolerance,3,0,1,14.5,0x1.d000000000000p+3,22.562499638646841,0x1.68ffff9f00000p+4
D3T-C-L3-I11,numeric_tolerance,3,1,1,18.5,0x1.2800000000000p+4,21.687500710133463,0x1.5b0000bea0000p+4
D3T-C-L3-I11,numeric_tolerance,3,2,1,17.5,0x1.1800000000000p+4,22.562500081956387,0x1.6900001600000p+4
D3T-C-L3-I11,numeric_tolerance,3,3,1,10.25,0x1.4800000000000p+3,22.062499521300197,0x1.60ffff7f80000p+4
D3T-C-L3-I11,numeric_tolerance,3,4,1,7.75,0x1.f000000000000p+2,21.000000149011612,0x1.5000002800000p+4
D3T-C-L3-I11,numeric_tolerance,3,5,1,17.75,0x1.1c00000000000p+4,21.562500890344381,0x1.590000ef00000p+4
D3T-C-L3-I11,numeric_tolerance,3,6,0,-10.75,-0x1.5800000000000p+3,-23.249999618856236,-0x1.73ffff99b0000p+4
D3T-C-L3-I11,numeric_tolerance,3,7,0,-25.25,-0x1.9400000000000p+4,-22.874999535270035,-0x1.6dffff8340000p+4
D3T-C-L3-I11,numeric_tolerance,3,8,0,-30,-0x1.e000000000000p+4,-22.687500268220901,-0x1.6b00004800000p+4
D3T-C-L4-I00,numeric_tolerance,4,0,1,27.25,0x1.b400000000000p+4,20.37499990593642,0x1.45ffffe6c0000p+4
D3T-C-L4-I00,numeric_tolerance,4,1,1,26.125,0x1.a200000000000p+4,22.750000890344381,0x1.6c0000ef00000p+4
D3T-C-L4-I00,numeric_tolerance,4,2,1,27.125,0x1.b200000000000p+4,21.812499074265361,0x1.5cffff0780000p+4
D3T-C-L4-I00,numeric_tolerance,4,3,1,27.5,0x1.b800000000000p+4,20.812499424442649,0x1.4cffff6580000p+4
D3T-C-L4-I00,numeric_tolerance,4,4,1,27.25,0x1.b400000000000p+4,21.999999766470864,0x1.5fffffc150000p+4
D3T-C-L4-I00,numeric_tolerance,4,5,0,25.125,0x1.9200000000000p+4,-21.625000802334398,-0x1.5a0000d760000p+4
D3T-C-L4-I00,numeric_tolerance,4,6,0,18.75,0x1.2c00000000000p+4,-21.937499147839844,-0x1.5effff1b40000p+4
D3T-C-L4-I00,numeric_tolerance,4,7,0,5,0x1.4000000000000p+2,-21.562499083578587,-0x1.58ffff0a00000p+4
D3T-C-L4-I00,numeric_tolerance,4,8,0,-30.25,-0x1.e400000000000p+4,-23.750000094994903,-0x1.7c00001980000p+4
D3T-C-L4-I01,numeric_tolerance,4,0,1,12.5,0x1.9000000000000p+3,22.000000281259418,0x1.6000004b80000p+4
D3T-C-L4-I01,numeric_tolerance,4,1,1,7.5,0x1.e000000000000p+2,22.062499599531293,0x1.60ffff9480000p+4
D3T-C-L4-I01,numeric_tolerance,4,2,1,7.25,0x1.d000000000000p+2,21.812500789761543,0x1.5d0000d400000p+4
D3T-C-L4-I01,numeric_tolerance,4,3,1,-15.5,-0x1.f000000000000p+3,21.499999563442543,0x1.57ffff8ad0000p+4
D3T-C-L4-I01,numeric_tolerance,4,4,1,0.25,0x1.0000000000000p-2,22.937499176710844,0x1.6effff2300000p+4
D3T-C-L4-I01,numeric_tolerance,4,5,0,-9,-0x1.2000000000000p+3,-22.249999881256372,-0x1.63ffffe020000p+4
D3T-C-L4-I01,numeric_tolerance,4,6,0,-12.5,-0x1.9000000000000p+3,-23.437500677071512,-0x1.770000b5c0000p+4
D3T-C-L4-I01,numeric_tolerance,4,7,0,-28.125,-0x1.c200000000000p+4,-23.437500482890755,-0x1.77000081a0000p+4
D3T-C-L4-I01,numeric_tolerance,4,8,0,-30.125,-0x1.e200000000000p+4,-23.187499123625457,-0x1.72ffff14c0000p+4
D3T-C-L4-I02,numeric_tolerance,4,0,1,25.25,0x1.9400000000000p+4,22.874999623280019,0x1.6dffff9ae0000p+4
D3T-C-L4-I02,numeric_tolerance,4,1,1,24.75,0x1.8c00000000000p+4,22.562500823754817,0x1.690000dd20000p+4
D3T-C-L4-I02,numeric_tolerance,4,2,1,24.875,0x1.8e00000000000p+4,21.625000612810254,0x1.5a0000a480000p+4
D3T-C-L4-I02,numeric_tolerance,4,3,1,18.75,0x1.2c00000000000p+4,22.37499937415123,0x1.65ffff5800000p+4
D3T-C-L4-I02,numeric_tolerance,4,4,1,24.875,0x1.8e00000000000p+4,22.062500679865479,0x1.610000b680000p+4
D3T-C-L4-I02,numeric_tolerance,4,5,0,21.375,0x1.5600000000000p+4,-22.875000829808414,-0x1.6e0000dec0000p+4
D3T-C-L4-I02,numeric_tolerance,4,6,0,18.75,0x1.2c00000000000p+4,-22.812499216524884,-0x1.6cffff2db0000p+4
D3T-C-L4-I02,numeric_tolerance,4,7,0,-17,-0x1.1000000000000p+4,-23.812500271946192,-0x1.7d00004900000p+4
D3T-C-L4-I02,numeric_tolerance,4,8,0,-30.5,-0x1.e800000000000p+4,-22.625000052154064,-0x1.6a00000e00000p+4
D3T-C-L4-I03,numeric_tolerance,4,0,1,14.75,0x1.d800000000000p+3,21.93750049546361,0x1.5f00008500000p+4
D3T-C-L4-I03,numeric_tolerance,4,1,1,12.5,0x1.9000000000000p+3,22.937500262400135,0x1.6f00004670000p+4
D3T-C-L4-I03,numeric_tolerance,4,2,1,9,0x1.2000000000000p+3,22.749999259598553,0x1.6bffff3940000p+4
D3T-C-L4-I03,numeric_tolerance,4,3,1,6.5,0x1.a000000000000p+2,22.562499821186066,0x1.68ffffd000000p+4
D3T-C-L4-I03,numeric_tolerance,4,4,1,6.25,0x1.9000000000000p+2,21.812500605359674,0x1.5d0000a280000p+4
D3T-C-L4-I03,numeric_tolerance,4,5,0,-6.5,-0x1.a000000000000p+2,-21.562500512925908,-0x1.59000089b0000p+4
D3T-C-L4-I03,numeric_tolerance,4,6,0,-12.75,-0x1.9800000000000p+3,-22.937500688014552,-0x1.6f0000b8b0000p+4
D3T-C-L4-I03,numeric_tolerance,4,7,0,-28.5,-0x1.c800000000000p+4,-22.74999977555126,-0x1.6bffffc3c0000p+4
D3T-C-L4-I03,numeric_tolerance,4,8,0,-28.75,-0x1.cc00000000000p+4,-22.874999165534973,-0x1.6dffff2000000p+4
D3T-C-L4-I04,numeric_tolerance,4,0,1,16.875,0x1.0e00000000000p+4,22.125000148080289,0x1.62000027c0000p+4
D3T-C-L4-I04,numeric_tolerance,4,1,1,17.25,0x1.1400000000000p+4,21.625000642612576,0x1.5a0000ac80000p+4
D3T-C-L4-I04,numeric_tolerance,4,2,1,17,0x1.1000000000000p+4,22.687499810941517,0x1.6affffcd40000p+4
D3T-C-L4-I04,numeric_tolerance,4,3,1,11.25,0x1.6800000000000p+3,20.874999929219484,0x1.4dffffed00000p+4
D3T-C-L4-I04,numeric_tolerance,4,4,1,16.5,0x1.0800000000000p+4,22.812500663101673,0x1.6d0000b200000p+4
D3T-C-L4-I04,numeric_tolerance,4,5,0,2.25,0x1.2000000000000p+1,-22.000000822823495,-0x1.600000dce0000p+4
D3T-C-L4-I04,numeric_tolerance,4,6,0,-6.25,-0x1.9000000000000p+2,-22.437500195577741,-0x1.6700003480000p+4
D3T-C-L4-I04,numeric_tolerance,4,7,0,-24.125,-0x1.8200000000000p+4,-22.7499994286336,-0x1.6bffff66a0000p+4
D3T-C-L4-I04,numeric_tolerance,4,8,0,-31.125,-0x1.f200000000000p+4,-22.812499422580004,-0x1.6cffff6500000p+4
D3T-C-L4-I05,numeric_tolerance,4,0,1,25.125,0x1.9200000000000p+4,21.749999363906682,0x1.5bffff5540000p+4
D3T-C-L4-I05,numeric_tolerance,4,1,1,25.125,0x1.9200000000000p+4,20.750000149011612,0x1.4c00002800000p+4
D3T-C-L4-I05,numeric_tolerance,4,2,1,25.125,0x1.9200000000000p+4,21.374999336898327,0x1.55ffff4e00000p+4
D3T-C-L4-I05,numeric_tolerance,4,3,1,23.25,0x1.7400000000000p+4,20.874999165534973,0x1.4dffff2000000p+4
D3T-C-L4-I05,numeric_tolerance,4,4,1,21.625,0x1.5a00000000000p+4,22.18750061839819,0x1.630000a600000p+4
D3T-C-L4-I05,numeric_tolerance,4,5,0,19.625,0x1.3a00000000000p+4,-22.812499373219907,-0x1.6cffff57c0000p+4
D3T-C-L4-I05,numeric_tolerance,4,6,0,0.5,0x1.0000000000000p-1,-21.812499533873051,-0x1.5cffff82e0000p+4
D3T-C-L4-I05,numeric_tolerance,4,7,0,-23.5,-0x1.7800000000000p+4,-22.750000192318112,-0x1.6c000033a0000p+4
D3T-C-L4-I05,numeric_tolerance,4,8,0,-28.125,-0x1.c200000000000p+4,-22.249999592080712,-0x1.63ffff9280000p+4
D3T-C-L4-I06,numeric_tolerance,4,0,1,29.125,0x1.d200000000000p+4,22.874999305699021,0x1.6dffff45a0000p+4
D3T-C-L4-I06,numeric_tolerance,4,1,1,28.625,0x1.ca00000000000p+4,22.562500892207026,0x1.690000ef80000p+4
D3T-C-L4-I06,numeric_tolerance,4,2,1,28.375,0x1.c600000000000p+4,22.250000104308128,0x1.6400001c00000p+4
D3T-C-L4-I06,numeric_tolerance,4,3,1,27.875,0x1.be00000000000p+4,22.250000290572643,0x1.6400004e00000p+4
D3T-C-L4-I06,numeric_tolerance,4,4,1,28.125,0x1.c200000000000p+4,22.750000624917448,0x1.6c0000a7c0000p+4
D3T-C-L4-I06,numeric_tolerance,4,5,0,26.875,0x1.ae00000000000p+4,-23.249999768100679,-0x1.73ffffc1c0000p+4
D3T-C-L4-I06,numeric_tolerance,4,6,0,25.375,0x1.9600000000000p+4,-23.500000168569386,-0x1.7800002d40000p+4
D3T-C-L4-I06,numeric_tolerance,4,7,0,-14.75,-0x1.d800000000000p+3,-22.187500759959221,-0x1.630000cc00000p+4
D3T-C-L4-I06,numeric_tolerance,4,8,0,-30.375,-0x1.e600000000000p+4,-23.374999424442649,-0x1.75ffff6580000p+4
D3T-C-L4-I07,numeric_tolerance,4,0,1,-9.25,-0x1.2800000000000p+3,21.812500825617462,0x1.5d0000dda0000p+4
D3T-C-L4-I07,numeric_tolerance,4,1,1,-16.25,-0x1.0400000000000p+4,22.125000076834112,0x1.62000014a0000p+4
D3T-C-L4-I07,numeric_tolerance,4,2,1,-23.875,-0x1.7e00000000000p+4,22.249999088235199,0x1.63ffff0b40000p+4
D3T-C-L4-I07,numeric_tolerance,4,3,1,-28.125,-0x1.c200000000000p+4,21.125000546686351,0x1.52000092c0000p+4
D3T-C-L4-I07,numeric_tolerance,4,4,1,-25.25,-0x1.9400000000000p+4,21.49999931640923,0x1.57ffff4880000p+4
D3T-C-L4-I07,numeric_tolerance,4,5,0,-29.875,-0x1.de00000000000p+4,-22.062499174848199,-0x1.60ffff2280000p+4
D3T-C-L4-I07,numeric_tolerance,4,6,0,-31.5,-0x1.f800000000000p+4,-23.000000379513949,-0x1.70000065e0000p+4
D3T-C-L4-I07,numeric_tolerance,4,7,0,-32.375,-0x1.0300000000000p+5,-23.000000123865902,-0x1.7000002140000p+4
D3T-C-L4-I07,numeric_tolerance,4,8,0,-33.5,-0x1.0c00000000000p+5,-23.874999593943357,-0x1.7dffff9300000p+4
D3T-C-L4-I08,numeric_tolerance,4,0,1,26.25,0x1.a400000000000p+4,20.937500235624611,0x1.4f00003f40000p+4
D3T-C-L4-I08,numeric_tolerance,4,1,1,27.25,0x1.b400000000000p+4,22.62499911384657,0x1.69ffff1220000p+4
D3T-C-L4-I08,numeric_tolerance,4,2,1,27.75,0x1.bc00000000000p+4,21.49999912828207,0x1.57ffff1600000p+4
D3T-C-L4-I08,numeric_tolerance,4,3,1,28.5,0x1.c800000000000p+4,22.937499839812517,0x1.6effffd500000p+4
D3T-C-L4-I08,numeric_tolerance,4,4,1,27.5,0x1.b800000000000p+4,22.9375004703179,0x1.6f00007e40000p+4
D3T-C-L4-I08,numeric_tolerance,4,5,0,24.5,0x1.8800000000000p+4,-23.249999128747731,-0x1.73ffff1620000p+4
D3T-C-L4-I08,numeric_tolerance,4,6,0,14,0x1.c000000000000p+3,-22.312500722240657,-0x1.650000c1e0000p+4
D3T-C-L4-I08,numeric_tolerance,4,7,0,-7.5,-0x1.e000000000000p+2,-23.249999249354005,-0x1.73ffff3680000p+4
D3T-C-L4-I08,numeric_tolerance,4,8,0,-30,-0x1.e000000000000p+4,-22.500000935513526,-0x1.680000fb20000p+4
D3T-C-L4-I09,numeric_tolerance,4,0,1,27.75,0x1.bc00000000000p+4,23.000000059138983,0x1.7000000fe0000p+4
D3T-C-L4-I09,numeric_tolerance,4,1,1,27.75,0x1.bc00000000000p+4,22.062500763684511,0x1.610000cd00000p+4
D3T-C-L4-I09,numeric_tolerance,4,2,1,27.75,0x1.bc00000000000p+4,21.875000444706529,0x1.5e00007760000p+4
D3T-C-L4-I09,numeric_tolerance,4,3,1,27.625,0x1.ba00000000000p+4,22.999999233521521,0x1.6fffff3240000p+4
D3T-C-L4-I09,numeric_tolerance,4,4,1,26.625,0x1.aa00000000000p+4,21.437499756459147,0x1.56ffffbea0000p+4
D3T-C-L4-I09,numeric_tolerance,4,5,0,26.375,0x1.a600000000000p+4,-22.499999426305294,-0x1.67ffff6600000p+4
D3T-C-L4-I09,numeric_tolerance,4,6,0,24.375,0x1.8600000000000p+4,-23.062500156927854,-0x1.7100002a20000p+4
D3T-C-L4-I09,numeric_tolerance,4,7,0,-14,-0x1.c000000000000p+3,-23.624999695457518,-0x1.79ffffae40000p+4
D3T-C-L4-I09,numeric_tolerance,4,8,0,-23.5,-0x1.7800000000000p+4,-23.499999773688614,-0x1.77ffffc340000p+4
D3T-C-L4-I10,numeric_tolerance,4,0,1,18.75,0x1.2c00000000000p+4,21.312499263789505,0x1.54ffff3a60000p+4
D3T-C-L4-I10,numeric_tolerance,4,1,1,19.375,0x1.3600000000000p+4,21.687500009313226,0x1.5b00000280000p+4
D3T-C-L4-I10,numeric_tolerance,4,2,1,18.5,0x1.2800000000000p+4,22.812499320134521,0x1.6cffff4980000p+4
D3T-C-L4-I10,numeric_tolerance,4,3,1,18.5,0x1.2800000000000p+4,21.124999973457307,0x1.51fffff8e0000p+4
D3T-C-L4-I10,numeric_tolerance,4,4,1,19.375,0x1.3600000000000p+4,23.250000595115125,0x1.7400009fc0000p+4
D3T-C-L4-I10,numeric_tolerance,4,5,0,8.75,0x1.1800000000000p+3,-23.125000757398084,-0x1.720000cb50000p+4
D3T-C-L4-I10,numeric_tolerance,4,6,0,5,0x1.4000000000000p+2,-23.250000128056854,-0x1.7400002260000p+4
D3T-C-L4-I10,numeric_tolerance,4,7,0,-20.125,-0x1.4200000000000p+4,-23.312499520368874,-0x1.74ffff7f40000p+4
D3T-C-L4-I10,numeric_tolerance,4,8,0,-30,-0x1.e000000000000p+4,-22.562499995343387,-0x1.68fffffec0000p+4
D3T-C-L4-I11,numeric_tolerance,4,0,1,14,0x1.c000000000000p+3,22.124999990686774,0x1.61fffffd80000p+4
D3T-C-L4-I11,numeric_tolerance,4,1,1,12.5,0x1.9000000000000p+3,22.312500292435288,0x1.6500004e80000p+4
D3T-C-L4-I11,numeric_tolerance,4,2,1,13,0x1.a000000000000p+3,20.312500313855708,0x1.4500005440000p+4
D3T-C-L4-I11,numeric_tolerance,4,3,1,-9,-0x1.2000000000000p+3,19.937500848434865,0x1.3f0000e3c0000p+4
D3T-C-L4-I11,numeric_tolerance,4,4,1,-6,-0x1.8000000000000p+2,23.437500346684828,0x1.7700005d10000p+4
D3T-C-L4-I11,numeric_tolerance,4,5,0,-11.25,-0x1.6800000000000p+3,-22.625000084284693,-0x1.6a000016a0000p+4
D3T-C-L4-I11,numeric_tolerance,4,6,0,-24.125,-0x1.8200000000000p+4,-22.937499877298251,-0x1.6effffdf10000p+4
D3T-C-L4-I11,numeric_tolerance,4,7,0,-29.5,-0x1.d800000000000p+4,-22.937500567175448,-0x1.6f00009840000p+4
D3T-C-L4-I11,numeric_tolerance,4,8,0,-31.125,-0x1.f200000000000p+4,-22.812499574385583,-0x1.6cffff8dc0000p+4
D3T-C-L5-I00,numeric_tolerance,5,0,1,25.625,0x1.9a00000000000p+4,21.062500729225576,0x1.510000c3c0000p+4
D3T-C-L5-I00,numeric_tolerance,5,1,1,24.5,0x1.8800000000000p+4,22.562499366234988,0x1.68ffff55e0000p+4
D3T-C-L5-I00,numeric_tolerance,5,2,1,25.375,0x1.9600000000000p+4,22.312500884756446,0x1.650000ed80000p+4
D3T-C-L5-I00,numeric_tolerance,5,3,1,24.5,0x1.8800000000000p+4,22.562500752042979,0x1.690000c9e0000p+4
D3T-C-L5-I00,numeric_tolerance,5,4,0,24.375,0x1.8600000000000p+4,-23.124999322928488,-0x1.71ffff4a40000p+4
D3T-C-L5-I00,numeric_tolerance,5,5,0,20.625,0x1.4a00000000000p+4,-22.562499141320586,-0x1.68ffff1980000p+4
D3T-C-L5-I00,numeric_tolerance,5,6,0,17.25,0x1.1400000000000p+4,-23.562499362509698,-0x1.78ffff54e0000p+4
D3T-C-L5-I00,numeric_tolerance,5,7,0,-16.75,-0x1.0c00000000000p+4,-23.375000549480319,-0x1.7600009380000p+4
D3T-C-L5-I00,numeric_tolerance,5,8,0,-30.5,-0x1.e800000000000p+4,-23.374999281950295,-0x1.75ffff3f40000p+4
D3T-C-L5-I01,numeric_tolerance,5,0,1,4.5,0x1.2000000000000p+2,21.937500104308128,0x1.5f00001c00000p+4
D3T-C-L5-I01,numeric_tolerance,5,1,1,1.75,0x1.c000000000000p+0,22.624999972991645,0x1.69fffff8c0000p+4
D3T-C-L5-I01,numeric_tolerance,5,2,1,-9,-0x1.2000000000000p+3,21.125000864267349,0x1.520000e800000p+4
D3T-C-L5-I01,numeric_tolerance,5,3,1,-4,-0x1.0000000000000p+2,22.812499245163053,0x1.6cffff3560000p+4
D3T-C-L5-I01,numeric_tolerance,5,4,0,-10,-0x1.4000000000000p+3,-23.374999047257006,-0x1.75ffff0040000p+4
D3T-C-L5-I01,numeric_tolerance,5,5,0,-19,-0x1.3000000000000p+4,-23.062500432133675,-0x1.7100007400000p+4
D3T-C-L5-I01,numeric_tolerance,5,6,0,-26.125,-0x1.a200000000000p+4,-23.18750020256266,-0x1.7300003660000p+4
D3T-C-L5-I01,numeric_tolerance,5,7,0,-28,-0x1.c000000000000p+4,-22.062499589752406,-0x1.60ffff91e0000p+4
D3T-C-L5-I01,numeric_tolerance,5,8,0,-29.5,-0x1.d800000000000p+4,-21.875000124098733,-0x1.5e00002150000p+4
D3T-C-L5-I02,numeric_tolerance,5,0,1,24.75,0x1.8c00000000000p+4,21.874999177642167,0x1.5dffff2340000p+4
D3T-C-L5-I02,numeric_tolerance,5,1,1,23.25,0x1.7400000000000p+4,22.437499760184437,0x1.66ffffbfa0000p+4
D3T-C-L5-I02,numeric_tolerance,5,2,1,22.75,0x1.6c00000000000p+4,23.312500479165465,0x1.75000080a0000p+4
D3T-C-L5-I02,numeric_tolerance,5,3,1,26.375,0x1.a600000000000p+4,21.874999615363777,0x1.5dffff98c0000p+4
D3T-C-L5-I02,numeric_tolerance,5,4,0,23.875,0x1.7e00000000000p+4,-21.875000656582415,-0x1.5e0000b040000p+4
D3T-C-L5-I02,numeric_tolerance,5,5,0,17,0x1.1000000000000p+4,-22.124999925494194,-0x1.61ffffec00000p+4
D3T-C-L5-I02,numeric_tolerance,5,6,0,15,0x1.e000000000000p+3,-23.312499853782356,-0x1.74ffffd8c0000p+4
D3T-C-L5-I02,numeric_tolerance,5,7,0,-13.25,-0x1.a800000000000p+3,-23.624999345978722,-0x1.79ffff5070000p+4
D3T-C-L5-I02,numeric_tolerance,5,8,0,-31.125,-0x1.f200000000000p+4,-23.187500054482371,-0x1.7300000ea0000p+4
D3T-C-L5-I03,numeric_tolerance,5,0,1,16,0x1.0000000000000p+4,20.062499899417162,0x1.40ffffe500000p+4
D3T-C-L5-I03,numeric_tolerance,5,1,1,19.75,0x1.3c00000000000p+4,22.812499449122697,0x1.6cffff6c20000p+4
D3T-C-L5-I03,numeric_tolerance,5,2,1,16.25,0x1.0400000000000p+4,21.624999826774001,0x1.59ffffd180000p+4
D3T-C-L5-I03,numeric_tolerance,5,3,1,23.625,0x1.7a00000000000p+4,23.062500663101673,0x1.710000b200000p+4
D3T-C-L5-I03,numeric_tolerance,5,4,0,11,0x1.6000000000000p+3,-23.375000452622771,-0x1.7600007980000p+4
D3T-C-L5-I03,numeric_tolerance,5,5,0,8,0x1.0000000000000p+3,-22.562500312924385,-0x1.6900005400000p+4
D3T-C-L5-I03,numeric_tolerance,5,6,0,-0.5,-0x1.0000000000000p-1,-23.187500088475645,-0x1.73000017c0000p+4
D3T-C-L5-I03,numeric_tolerance,5,7,0,-26.375,-0x1.a600000000000p+4,-22.812499165534973,-0x1.6cffff2000000p+4
D3T-C-L5-I03,numeric_tolerance,5,8,0,-27.5,-0x1.b800000000000p+4,-23.25000039068982,-0x1.74000068e0000p+4
D3T-C-L5-I04,numeric_tolerance,5,0,1,25.5,0x1.9800000000000p+4,20.937499641440809,0x1.4effff9fc0000p+4
D3T-C-L5-I04,numeric_tolerance,5,1,1,25.875,0x1.9e00000000000p+4,20.062499271705747,0x1.40ffff3c80000p+4
D3T-C-L5-I04,numeric_tolerance,5,2,1,26.5,0x1.a800000000000p+4,22.624999212101102,0x1.69ffff2c80000p+4
D3T-C-L5-I04,numeric_tolerance,5,3,1,28.25,0x1.c400000000000p+4,22.812500081490725,0x1.6d000015e0000p+4
D3T-C-L5-I04,numeric_tolerance,5,4,0,23.375,0x1.7600000000000p+4,-22.124999402323738,-0x1.61ffff5f90000p+4
D3T-C-L5-I04,numeric_tolerance,5,5,0,25.375,0x1.9600000000000p+4,-23.43749951152131,-0x1.76ffff7ce0000p+4
D3T-C-L5-I04,numeric_tolerance,5,6,0,17,0x1.1000000000000p+4,-23.750000556348823,-0x1.7c00009558000p+4
D3T-C-L5-I04,numeric_tolerance,5,7,0,-11.5,-0x1.7000000000000p+3,-23.374999274499714,-0x1.75ffff3d40000p+4
D3T-C-L5-I04,numeric_tolerance,5,8,0,-31.875,-0x1.fe00000000000p+4,-22.937499542720616,-0x1.6effff8540000p+4
D3T-C-L5-I05,numeric_tolerance,5,0,1,-5.75,-0x1.7000000000000p+2,23.06249939603731,0x1.70ffff5de0000p+4
D3T-C-L5-I05,numeric_tolerance,5,1,1,-11.5,-0x1.7000000000000p+3,22.500000902451575,0x1.680000f240000p+4
D3T-C-L5-I05,numeric_tolerance,5,2,1,-17,-0x1.1000000000000p+4,22.500000033527613,0x1.6800000900000p+4
D3T-C-L5-I05,numeric_tolerance,5,3,1,-21.5,-0x1.5800000000000p+4,22.499999778810889,0x1.67ffffc4a0000p+4
D3T-C-L5-I05,numeric_tolerance,5,4,0,-26.875,-0x1.ae00000000000p+4,-23.000000798143446,-0x1.700000d640000p+4
D3T-C-L5-I05,numeric_tolerance,5,5,0,-30.875,-0x1.ee00000000000p+4,-23.125000247266144,-0x1.7200004260000p+4
D3T-C-L5-I05,numeric_tolerance,5,6,0,-31.375,-0x1.f600000000000p+4,-22.687500856351107,-0x1.6b0000e5e0000p+4
D3T-C-L5-I05,numeric_tolerance,5,7,0,-33.25,-0x1.0a00000000000p+5,-22.812500005587935,-0x1.6d00000180000p+4
D3T-C-L5-I05,numeric_tolerance,5,8,0,-31.5,-0x1.f800000000000p+4,-23.562499789521098,-0x1.78ffffc780000p+4
D3T-C-L5-I06,numeric_tolerance,5,0,1,25.375,0x1.9600000000000p+4,22.124999321997166,0x1.61ffff4a00000p+4
D3T-C-L5-I06,numeric_tolerance,5,1,1,25.25,0x1.9400000000000p+4,21.499999220483005,0x1.57ffff2ec0000p+4
D3T-C-L5-I06,numeric_tolerance,5,2,1,26,0x1.a000000000000p+4,22.000000102445483,0x1.6000001b80000p+4
D3T-C-L5-I06,numeric_tolerance,5,3,1,26.875,0x1.ae00000000000p+4,22.68749987334013,0x1.6affffde00000p+4
D3T-C-L5-I06,numeric_tolerance,5,4,0,24.125,0x1.8200000000000p+4,-22.187499944120646,-0x1.62fffff100000p+4
D3T-C-L5-I06,numeric_tolerance,5,5,0,20.125,0x1.4200000000000p+4,-22.875000514090061,-0x1.6e00008a00000p+4
D3T-C-L5-I06,numeric_tolerance,5,6,0,9,0x1.2000000000000p+3,-23.312500631436706,-0x1.750000a980000p+4
D3T-C-L5-I06,numeric_tolerance,5,7,0,-20.5,-0x1.4800000000000p+4,-22.31249966705218,-0x1.64ffffa6a0000p+4
D3T-C-L5-I06,numeric_tolerance,5,8,0,-31,-0x1.f000000000000p+4,-22.875000741332769,-0x1.6e0000c700000p+4
D3T-C-L5-I07,numeric_tolerance,5,0,1,4,0x1.0000000000000p+2,21.0624994430691,0x1.50ffff6a80000p+4
D3T-C-L5-I07,numeric_tolerance,5,1,1,-4,-0x1.0000000000000p+2,21.87500023515895,0x1.5e00003f20000p+4
D3T-C-L5-I07,numeric_tolerance,5,2,1,-4.5,-0x1.2000000000000p+2,22.437499703839421,0x1.66ffffb080000p+4
D3T-C-L5-I07,numeric_tolerance,5,3,1,-11.5,-0x1.7000000000000p+3,22.999999706167728,0x1.6fffffb120000p+4
D3T-C-L5-I07,numeric_tolerance,5,4,0,-12.5,-0x1.9000000000000p+3,-22.499999647494406,-0x1.67ffffa160000p+4
D3T-C-L5-I07,numeric_tolerance,5,5,0,-25.25,-0x1.9400000000000p+4,-23.500000240281224,-0x1.7800004080000p+4
D3T-C-L5-I07,numeric_tolerance,5,6,0,-30,-0x1.e000000000000p+4,-22.812499226536602,-0x1.6cffff3060000p+4
D3T-C-L5-I07,numeric_tolerance,5,7,0,-30.25,-0x1.e400000000000p+4,-22.562499121180736,-0x1.68ffff1418000p+4
D3T-C-L5-I07,numeric_tolerance,5,8,0,-32.25,-0x1.0200000000000p+5,-23.499999848427251,-0x1.77ffffd750000p+4
D3T-C-L5-I08,numeric_tolerance,5,0,1,23.75,0x1.7c00000000000p+4,20.937500200234354,0x1.4f000035c0000p+4
D3T-C-L5-I08,numeric_tolerance,5,1,1,21.375,0x1.5600000000000p+4,21.43750093691051,0x1.570000fb80000p+4
D3T-C-L5-I08,numeric_tolerance,5,2,1,21.625,0x1.5a00000000000p+4,20.312499502673745,0x1.44ffff7a80000p+4
D3T-C-L5-I08,numeric_tolerance,5,3,1,24.875,0x1.8e00000000000p+4,23.375000417698175,0x1.7600007020000p+4
D3T-C-L5-I08,numeric_tolerance,5,4,0,24.25,0x1.8400000000000p+4,-22.937500894069672,-0x1.6f0000f000000p+4
D3T-C-L5-I08,numeric_tolerance,5,5,0,8.75,0x1.1800000000000p+3,-22.124999221414328,-0x1.61ffff2f00000p+4
D3T-C-L5-I08,numeric_tolerance,5,6,0,1.25,0x1.4000000000000p+0,-23.25000049197115,-0x1.7400008410000p+4
D3T-C-L5-I08,numeric_tolerance,5,7,0,-22.75,-0x1.6c00000000000p+4,-22.56249971408397,-0x1.68ffffb340000p+4
D3T-C-L5-I08,numeric_tolerance,5,8,0,-30.875,-0x1.ee00000000000p+4,-23.062500483356416,-0x1.71000081c0000p+4
D3T-C-L5-I09,numeric_tolerance,5,0,1,1.5,0x1.8000000000000p+0,20.000000948086381,0x1.400000fe80000p+4
D3T-C-L5-I09,numeric_tolerance,5,1,1,-13,-0x1.a000000000000p+3,21.125000420026481,0x1.52000070c0000p+4
D3T-C-L5-I09,numeric_tolerance,5,2,1,-18,-0x1.2000000000000p+4,21.750000817701221,0x1.5c0000db80000p+4
D3T-C-L5-I09,numeric_tolerance,5,3,1,-23.625,-0x1.7a00000000000p+4,21.812500059604645,0x1.5d00001000000p+4
D3T-C-L5-I09,numeric_tolerance,5,4,0,-24.5,-0x1.8800000000000p+4,-22.812500889413059,-0x1.6d0000eec0000p+4
D3T-C-L5-I09,numeric_tolerance,5,5,0,-28.375,-0x1.c600000000000p+4,-23.000000252388418,-0x1.70000043c0000p+4
D3T-C-L5-I09,numeric_tolerance,5,6,0,-30.375,-0x1.e600000000000p+4,-22.499999875202775,-0x1.67ffffde80000p+4
D3T-C-L5-I09,numeric_tolerance,5,7,0,-30.875,-0x1.ee00000000000p+4,-22.937500268220901,-0x1.6f00004800000p+4
D3T-C-L5-I09,numeric_tolerance,5,8,0,-32.25,-0x1.0200000000000p+5,-22.812500820495188,-0x1.6d0000dc40000p+4
D3T-C-L5-I10,numeric_tolerance,5,0,1,19.75,0x1.3c00000000000p+4,20.500000268220901,0x1.4800004800000p+4
D3T-C-L5-I10,numeric_tolerance,5,1,1,16.625,0x1.0a00000000000p+4,21.374999463558197,0x1.55ffff7000000p+4
D3T-C-L5-I10,numeric_tolerance,5,2,1,15.25,0x1.e800000000000p+3,21.625000718049705,0x1.5a0000c0c0000p+4
D3T-C-L5-I10,numeric_tolerance,5,3,1,10.25,0x1.4800000000000p+3,20.687499649822712,0x1.4affffa200000p+4
D3T-C-L5-I10,numeric_tolerance,5,4,0,15.25,0x1.e800000000000p+3,-23.562500200932845,-0x1.79000035f0000p+4
D3T-C-L5-I10,numeric_tolerance,5,5,0,-4.75,-0x1.3000000000000p+2,-22.937499483581632,-0x1.6effff7560000p+4
D3T-C-L5-I10,numeric_tolerance,5,6,0,-14,-0x1.c000000000000p+3,-22.99999959859997,-0x1.6fffff9440000p+4
D3T-C-L5-I10,numeric_tolerance,5,7,0,-27.375,-0x1.b600000000000p+4,-23.312500728294253,-0x1.750000c380000p+4
D3T-C-L5-I10,numeric_tolerance,5,8,0,-31.375,-0x1.f600000000000p+4,-21.812499901279807,-0x1.5cffffe580000p+4
D3T-C-L5-I11,numeric_tolerance,5,0,1,-9,-0x1.2000000000000p+3,21.312500780448318,0x1.550000d180000p+4
D3T-C-L5-I11,numeric_tolerance,5,1,1,-3.75,-0x1.e000000000000p+1,22.187500227242708,0x1.6300003d00000p+4
D3T-C-L5-I11,numeric_tolerance,5,2,1,-10.25,-0x1.4800000000000p+3,21.750000864267349,0x1.5c0000e800000p+4
D3T-C-L5-I11,numeric_tolerance,5,3,1,-17.75,-0x1.1c00000000000p+4,21.875000565312803,0x1.5e000097c0000p+4
D3T-C-L5-I11,numeric_tolerance,5,4,0,-21.125,-0x1.5200000000000p+4,-22.999999521067366,-0x1.6fffff7f70000p+4
D3T-C-L5-I11,numeric_tolerance,5,5,0,-26.625,-0x1.aa00000000000p+4,-22.937499463558197,-0x1.6effff7000000p+4
D3T-C-L5-I11,numeric_tolerance,5,6,0,-30.75,-0x1.ec00000000000p+4,-23.187500109896064,-0x1.7300001d80000p+4
D3T-C-L5-I11,numeric_tolerance,5,7,0,-31.375,-0x1.f600000000000p+4,-22.50000088638626,-0x1.680000edf0000p+4
D3T-C-L5-I11,numeric_tolerance,5,8,0,-32.5,-0x1.0400000000000p+5,-23.062499258201569,-0x1.70ffff38e0000p+4
D3T-C-L6-I00,numeric_tolerance,6,0,1,14.5,0x1.d000000000000p+3,20.375000787898898,0x1.460000d380000p+4
D3T-C-L6-I00,numeric_tolerance,6,1,1,10.75,0x1.5800000000000p+3,21.500000050291419,0x1.5800000d80000p+4
D3T-C-L6-I00,numeric_tolerance,6,2,1,9.5,0x1.3000000000000p+3,20.937500621192157,0x1.4f0000a6c0000p+4
D3T-C-L6-I00,numeric_tolerance,6,3,0,10.25,0x1.4800000000000p+3,-23.250000341096893,-0x1.7400005b90000p+4
D3T-C-L6-I00,numeric_tolerance,6,4,0,-1,-0x1.0000000000000p+0,-21.937500642379746,-0x1.5f0000ac70000p+4
D3T-C-L6-I00,numeric_tolerance,6,5,0,-19.375,-0x1.3600000000000p+4,-23.062500864733011,-0x1.710000e820000p+4
D3T-C-L6-I00,numeric_tolerance,6,6,0,-25.125,-0x1.9200000000000p+4,-23.437499355641194,-0x1.76ffff5308000p+4
D3T-C-L6-I00,numeric_tolerance,6,7,0,-28.375,-0x1.c600000000000p+4,-22.812499778345227,-0x1.6cffffc480000p+4
D3T-C-L6-I00,numeric_tolerance,6,8,0,-32.125,-0x1.0100000000000p+5,-23.187500047497451,-0x1.7300000cc0000p+4
D3T-C-L6-I01,numeric_tolerance,6,0,1,-12.75,-0x1.9800000000000p+3,21.624999385327101,0x1.59ffff5b00000p+4
D3T-C-L6-I01,numeric_tolerance,6,1,1,-15,-0x1.e000000000000p+3,19.500000614672899,0x1.380000a500000p+4
D3T-C-L6-I01,numeric_tolerance,6,2,1,-18.25,-0x1.2400000000000p+4,20.937499409541488,0x1.4effff6180000p+4
D3T-C-L6-I01,numeric_tolerance,6,3,0,-26.625,-0x1.aa00000000000p+4,-23.062500924803317,-0x1.710000f840000p+4
D3T-C-L6-I01,numeric_tolerance,6,4,0,-27,-0x1.b000000000000p+4,-22.999999616760761,-0x1.6fffff9920000p+4
D3T-C-L6-I01,numeric_tolerance,6,5,0,-30.75,-0x1.ec00000000000p+4,-21.624999585328624,-0x1.59ffff90b0000p+4
D3T-C-L6-I01,numeric_tolerance,6,6,0,-32.25,-0x1.0200000000000p+5,-22.750000928761438,-0x1.6c0000f950000p+4
D3T-C-L6-I01,numeric_tolerance,6,7,0,-32.75,-0x1.0600000000000p+5,-22.874999843537807,-0x1.6dffffd600000p+4
D3T-C-L6-I01,numeric_tolerance,6,8,0,-33.625,-0x1.0d00000000000p+5,-22.812499632826075,-0x1.6cffff9d70000p+4
D3T-C-L6-I02,numeric_tolerance,6,0,1,25.625,0x1.9a00000000000p+4,21.562500033527613,0x1.5900000900000p+4
D3T-C-L6-I02,numeric_tolerance,6,1,1,24.875,0x1.8e00000000000p+4,21.375000290572643,0x1.5600004e00000p+4
D3T-C-L6-I02,numeric_tolerance,6,2,1,26.5,0x1.a800000000000p+4,21.187500646803528,0x1.530000ada0000p+4
D3T-C-L6-I02,numeric_tolerance,6,3,0,21.375,0x1.5600000000000p+4,-22.062499902676791,-0x1.60ffffe5e0000p+4
D3T-C-L6-I02,numeric_tolerance,6,4,0,23.5,0x1.7800000000000p+4,-22.312500923871994,-0x1.650000f800000p+4
D3T-C-L6-I02,numeric_tolerance,6,5,0,14.25,0x1.c800000000000p+3,-22.812499216757715,-0x1.6cffff2dc0000p+4
D3T-C-L6-I02,numeric_tolerance,6,6,0,8.25,0x1.0800000000000p+3,-22.000000066123903,-0x1.60000011c0000p+4
D3T-C-L6-I02,numeric_tolerance,6,7,0,-13.75,-0x1.b800000000000p+3,-22.874999113380909,-0x1.6dffff1200000p+4
D3T-C-L6-I02,numeric_tolerance,6,8,0,-31.125,-0x1.f200000000000p+4,-22.500000303611159,-0x1.6800005180000p+4
D3T-C-L6-I03,numeric_tolerance,6,0,1,-23.75,-0x1.7c00000000000p+4,21.24999972153455,0x1.53ffffb540000p+4
D3T-C-L6-I03,numeric_tolerance,6,1,1,-25.875,-0x1.9e00000000000p+4,22.812499095220119,0x1.6cffff0d20000p+4
D3T-C-L6-I03,numeric_tolerance,6,2,1,-26.125,-0x1.a200000000000p+4,21.250000108033419,0x1.5400001d00000p+4
D3T-C-L6-I03,numeric_tolerance,6,3,0,-30.375,-0x1.e600000000000p+4,-22.500000538304448,-0x1.6800009080000p+4
D3T-C-L6-I03,numeric_tolerance,6,4,0,-29.875,-0x1.de00000000000p+4,-22.874999742023647,-0x1.6dffffbac0000p+4
D3T-C-L6-I03,numeric_tolerance,6,5,0,-30.125,-0x1.e200000000000p+4,-22.687499473337084,-0x1.6affff72a0000p+4
D3T-C-L6-I03,numeric_tolerance,6,6,0,-33.375,-0x1.0b00000000000p+5,-21.749999743886292,-0x1.5bffffbb40000p+4
D3T-C-L6-I03,numeric_tolerance,6,7,0,-34.375,-0x1.1300000000000p+5,-21.624999602325261,-0x1.59ffff9540000p+4
D3T-C-L6-I03,numeric_tolerance,6,8,0,-34,-0x1.1000000000000p+5,-22.999999493826181,-0x1.6fffff7820000p+4
D3T-C-L6-I04,numeric_tolerance,6,0,1,25.25,0x1.9400000000000p+4,20.749999463558197,0x1.4bffff7000000p+4
D3T-C-L6-I04,numeric_tolerance,6,1,1,25.5,0x1.9800000000000p+4,22.187499701045454,0x1.62ffffafc0000p+4
D3T-C-L6-I04,numeric_tolerance,6,2,1,23.25,0x1.7400000000000p+4,21.937500504776835,0x1.5f00008780000p+4
D3T-C-L6-I04,numeric_tolerance,6,3,0,20.5,0x1.4800000000000p+4,-22.500000129919499,-0x1.68000022e0000p+4
D3T-C-L6-I04,numeric_tolerance,6,4,0,15.75,0x1.f800000000000p+3,-22.624999221414328,-0x1.69ffff2f00000p+4
D3T-C-L6-I04,numeric_tolerance,6,5,0,4,0x1.0000000000000p+2,-22.562499382533133,-0x1.68ffff5a40000p+4
D3T-C-L6-I04,numeric_tolerance,6,6,0,-12.5,-0x1.9000000000000p+3,-22.999999538064003,-0x1.6fffff8400000p+4
D3T-C-L6-I04,numeric_tolerance,6,7,0,-20.625,-0x1.4a00000000000p+4,-23.999999249761458,-0x1.7fffff369c000p+4
D3T-C-L6-I04,numeric_tolerance,6,8,0,-32.125,-0x1.0100000000000p+5,-23.250000920146704,-0x1.740000f700000p+4
D3T-C-L6-I05,numeric_tolerance,6,0,1,11.5,0x1.7000000000000p+3,22.875000387895852,0x1.6e00006820000p+4
D3T-C-L6-I05,numeric_tolerance,6,1,1,9.5,0x1.3000000000000p+3,22.062499210238457,0x1.60ffff2c00000p+4
D3T-C-L6-I05,numeric_tolerance,6,2,1,-1,-0x1.0000000000000p+0,20.312499219551682,0x1.44ffff2e80000p+4
D3T-C-L6-I05,numeric_tolerance,6,3,0,-11.5,-0x1.7000000000000p+3,-21.93750018440187,-0x1.5f00003180000p+4
D3T-C-L6-I05,numeric_tolerance,6,4,0,-13.5,-0x1.b000000000000p+3,-22.500000677071512,-0x1.680000b5c0000p+4
D3T-C-L6-I05,numeric_tolerance,6,5,0,-24.375,-0x1.8600000000000p+4,-23.374999954830855,-0x1.75fffff3e0000p+4
D3T-C-L6-I05,numeric_tolerance,6,6,0,-27,-0x1.b000000000000p+4,-23.000000304542482,-0x1.70000051c0000p+4
D3T-C-L6-I05,numeric_tolerance,6,7,0,-31.125,-0x1.f200000000000p+4,-23.68750081025064,-0x1.7b0000d980000p+4
D3T-C-L6-I05,numeric_tolerance,6,8,0,-30.5,-0x1.e800000000000p+4,-23.687500874046236,-0x1.7b0000eaa0000p+4
D3T-C-L6-I06,numeric_tolerance,6,0,1,27.375,0x1.b600000000000p+4,22.062500848434865,0x1.610000e3c0000p+4
D3T-C-L6-I06,numeric_tolerance,6,1,1,21.75,0x1.5c00000000000p+4,20.93750000372529,0x1.4f00000100000p+4
D3T-C-L6-I06,numeric_tolerance,6,2,1,12.75,0x1.9800000000000p+3,17.875000759959221,0x1.1e0000cc00000p+4
D3T-C-L6-I06,numeric_tolerance,6,3,0,9.75,0x1.3800000000000p+3,-22.750000801403075,-0x1.6c0000d720000p+4
D3T-C-L6-I06,numeric_tolerance,6,4,0,12.5,0x1.9000000000000p+3,-21.437499878928065,-0x1.56ffffdf80000p+4
D3T-C-L6-I06,numeric_tolerance,6,5,0,-12.75,-0x1.9800000000000p+3,-22.250000069383532,-0x1.64000012a0000p+4
D3T-C-L6-I06,numeric_tolerance,6,6,0,-23.75,-0x1.7c00000000000p+4,-22.187499253544956,-0x1.62ffff37a0000p+4
D3T-C-L6-I06,numeric_tolerance,6,7,0,-27.25,-0x1.b400000000000p+4,-22.312499220483005,-0x1.64ffff2ec0000p+4
D3T-C-L6-I06,numeric_tolerance,6,8,0,-32.75,-0x1.0600000000000p+5,-23.312499458668754,-0x1.74ffff6eb0000p+4
D3T-C-L6-I07,numeric_tolerance,6,0,1,-7.75,-0x1.f000000000000p+2,21.749999813735485,0x1.5bffffce00000p+4
D3T-C-L6-I07,numeric_tolerance,6,1,1,-8,-0x1.0000000000000p+3,21.999999333173037,0x1.5fffff4d00000p+4
D3T-C-L6-I07,numeric_tolerance,6,2,1,-12.25,-0x1.8800000000000p+3,21.187499354360625,0x1.52ffff52b0000p+4
D3T-C-L6-I07,numeric_tolerance,6,3,0,-22.25,-0x1.6400000000000p+4,-22.624999297549948,-0x1.69ffff4370000p+4
D3T-C-L6-I07,numeric_tolerance,6,4,0,-13.5,-0x1.b000000000000p+3,-22.624999113380909,-0x1.69ffff1200000p+4
D3T-C-L6-I07,numeric_tolerance,6,5,0,-26.5,-0x1.a800000000000p+4,-21.312499292194843,-0x1.54ffff4200000p+4
D3T-C-L6-I07,numeric_tolerance,6,6,0,-30.75,-0x1.ec00000000000p+4,-22.500000623054802,-0x1.680000a740000p+4
D3T-C-L6-I07,numeric_tolerance,6,7,0,-30.875,-0x1.ee00000000000p+4,-21.875000420492142,-0x1.5e000070e0000p+4
D3T-C-L6-I07,numeric_tolerance,6,8,0,-30.625,-0x1.ea00000000000p+4,-23.062500623986125,-0x1.710000a780000p+4
D3T-C-L6-I08,numeric_tolerance,6,0,1,24.25,0x1.8400000000000p+4,22.687499760184437,0x1.6affffbfa0000p+4
D3T-C-L6-I08,numeric_tolerance,6,1,1,21.875,0x1.5e00000000000p+4,21.624999074265361,0x1.59ffff0780000p+4
D3T-C-L6-I08,numeric_tolerance,6,2,1,25.25,0x1.9400000000000p+4,22.187500295229256,0x1.6300004f40000p+4
D3T-C-L6-I08,numeric_tolerance,6,3,0,16.5,0x1.0800000000000p+4,-23.250000545755029,-0x1.7400009280000p+4
D3T-C-L6-I08,numeric_tolerance,6,4,0,16.375,0x1.0600000000000p+4,-22.812499809078872,-0x1.6cffffccc0000p+4
D3T-C-L6-I08,numeric_tolerance,6,5,0,2.25,0x1.2000000000000p+1,-21.49999937415123,-0x1.57ffff5800000p+4
D3T-C-L6-I08,numeric_tolerance,6,6,0,-11.5,-0x1.7000000000000p+3,-23.187499523395672,-0x1.72ffff8010000p+4
D3T-C-L6-I08,numeric_tolerance,6,7,0,-21.5,-0x1.5800000000000p+4,-22.500000404659659,-0x1.6800006ca0000p+4
D3T-C-L6-I08,numeric_tolerance,6,8,0,-32.25,-0x1.0200000000000p+5,-22.937500951811671,-0x1.6f0000ff80000p+4
D3T-C-L6-I09,numeric_tolerance,6,0,1,4.5,0x1.2000000000000p+2,22.687500617466867,0x1.6b0000a5c0000p+4
D3T-C-L6-I09,numeric_tolerance,6,1,1,2,0x1.0000000000000p+1,19.937499141320586,0x1.3effff1980000p+4
D3T-C-L6-I09,numeric_tolerance,6,2,1,0.25,0x1.0000000000000p-2,21.562500182539225,0x1.5900003100000p+4
D3T-C-L6-I09,numeric_tolerance,6,3,0,-13.5,-0x1.b000000000000p+3,-22.43750043399632,-0x1.6700007480000p+4
D3T-C-L6-I09,numeric_tolerance,6,4,0,-10.5,-0x1.5000000000000p+3,-22.999999646097422,-0x1.6fffffa100000p+4
D3T-C-L6-I09,numeric_tolerance,6,5,0,-19.625,-0x1.3a00000000000p+4,-23.062499965541065,-0x1.70fffff6c0000p+4
D3T-C-L6-I09,numeric_tolerance,6,6,0,-25.875,-0x1.9e00000000000p+4,-23.375000246334821,-0x1.7600004220000p+4
D3T-C-L6-I09,numeric_tolerance,6,7,0,-28.75,-0x1.cc00000000000p+4,-23.187499355524778,-0x1.72ffff5300000p+4
D3T-C-L6-I09,numeric_tolerance,6,8,0,-30.25,-0x1.e400000000000p+4,-23.500000128522515,-0x1.7800002280000p+4
D3T-C-L6-I10,numeric_tolerance,6,0,1,23,0x1.7000000000000p+4,20.187500280328095,0x1.4300004b40000p+4
D3T-C-L6-I10,numeric_tolerance,6,1,1,22.625,0x1.6a00000000000p+4,21.249999113380909,0x1.53ffff1200000p+4
D3T-C-L6-I10,numeric_tolerance,6,2,1,23.125,0x1.7200000000000p+4,19.437499795109034,0x1.36ffffc900000p+4
D3T-C-L6-I10,numeric_tolerance,6,3,0,16.25,0x1.0400000000000p+4,-21.750000831671059,-0x1.5c0000df40000p+4
D3T-C-L6-I10,numeric_tolerance,6,4,0,18.75,0x1.2c00000000000p+4,-22.87499975040555,-0x1.6dffffbd00000p+4
D3T-C-L6-I10,numeric_tolerance,6,5,0,10.75,0x1.5800000000000p+3,-23.249999773455784,-0x1.73ffffc330000p+4
D3T-C-L6-I10,numeric_tolerance,6,6,0,5.25,0x1.5000000000000p+2,-23.625000351108611,-0x1.7a00005e40000p+4
D3T-C-L6-I10,numeric_tolerance,6,7,0,-20,-0x1.4000000000000p+4,-22.312499921768904,-0x1.64ffffeb00000p+4
D3T-C-L6-I10,numeric_tolerance,6,8,0,-32.625,-0x1.0500000000000p+5,-23.875000152271241,-0x1.7e000028e0000p+4
D3T-C-L6-I11,numeric_tolerance,6,0,1,-23.375,-0x1.7600000000000p+4,21.312499146908522,0x1.54ffff1b00000p+4
D3T-C-L6-I11,numeric_tolerance,6,1,1,-21.875,-0x1.5e00000000000p+4,21.624999170191586,0x1.59ffff2140000p+4
D3T-C-L6-I11,numeric_tolerance,6,2,1,-25.375,-0x1.9600000000000p+4,21.062500745989382,0x1.510000c840000p+4
D3T-C-L6-I11,numeric_tolerance,6,3,0,-29,-0x1.d000000000000p+4,-23.187499337829649,-0x1.72ffff4e40000p+4
D3T-C-L6-I11,numeric_tolerance,6,4,0,-29.125,-0x1.d200000000000p+4,-22.437500540167093,-0x1.6700009100000p+4
D3T-C-L6-I11,numeric_tolerance,6,5,0,-29,-0x1.d000000000000p+4,-22.562499719671905,-0x1.68ffffb4c0000p+4
D3T-C-L6-I11,numeric_tolerance,6,6,0,-32.625,-0x1.0500000000000p+5,-22.87500022072345,-0x1.6e00003b40000p+4
D3T-C-L6-I11,numeric_tolerance,6,7,0,-32.75,-0x1.0600000000000p+5,-22.875000048894435,-0x1.6e00000d20000p+4
D3T-C-L6-I11,numeric_tolerance,6,8,0,-32.625,-0x1.0500000000000p+5,-23.312499687541276,-0x1.74ffffac20000p+4
D3T-C-L7-I00,numeric_tolerance,7,0,1,-5,-0x1.4000000000000p+2,21.374999649822712,0x1.55ffffa200000p+4
D3T-C-L7-I00,numeric_tolerance,7,1,1,-10.75,-0x1.5800000000000p+3,22.43750011222437,0x1.6700001e20000p+4
D3T-C-L7-I00,numeric_tolerance,7,2,0,-9.25,-0x1.2800000000000p+3,-22.812500152736902,-0x1.6d00002900000p+4
D3T-C-L7-I00,numeric_tolerance,7,3,0,-19.875,-0x1.3e00000000000p+4,-23.3750005280599,-0x1.7600008dc0000p+4
D3T-C-L7-I00,numeric_tolerance,7,4,0,-16.25,-0x1.0400000000000p+4,-22.437500208616257,-0x1.6700003800000p+4
D3T-C-L7-I00,numeric_tolerance,7,5,0,-21.875,-0x1.5e00000000000p+4,-22.187500519677997,-0x1.6300008b80000p+4
D3T-C-L7-I00,numeric_tolerance,7,6,0,-25.875,-0x1.9e00000000000p+4,-21.750000214204192,-0x1.5c00003980000p+4
D3T-C-L7-I00,numeric_tolerance,7,7,0,-28.625,-0x1.ca00000000000p+4,-22.937500174157321,-0x1.6f00002ec0000p+4
D3T-C-L7-I00,numeric_tolerance,7,8,0,-31,-0x1.f000000000000p+4,-23.062500319909304,-0x1.71000055e0000p+4
D3T-C-L7-I01,numeric_tolerance,7,0,1,-19.875,-0x1.3e00000000000p+4,21.874999474734068,0x1.5dffff7300000p+4
D3T-C-L7-I01,numeric_tolerance,7,1,1,-18.375,-0x1.2600000000000p+4,21.875000211875886,0x1.5e000038e0000p+4
D3T-C-L7-I01,numeric_tolerance,7,2,0,-20.5,-0x1.4800000000000p+4,-21.437500183470547,-0x1.5700003140000p+4
D3T-C-L7-I01,numeric_tolerance,7,3,0,-19.25,-0x1.3400000000000p+4,-22.374999202787876,-0x1.65ffff2a00000p+4
D3T-C-L7-I01,numeric_tolerance,7,4,0,-27.625,-0x1.ba00000000000p+4,-23.187499336898327,-0x1.72ffff4e00000p+4
D3T-C-L7-I01,numeric_tolerance,7,5,0,-30.375,-0x1.e600000000000p+4,-23.187500101048499,-0x1.7300001b20000p+4
D3T-C-L7-I01,numeric_tolerance,7,6,0,-32.5,-0x1.0400000000000p+5,-22.125000658910722,-0x1.620000b0e0000p+4
D3T-C-L7-I01,numeric_tolerance,7,7,0,-32.125,-0x1.0100000000000p+5,-23.062500321306288,-0x1.7100005640000p+4
D3T-C-L7-I01,numeric_tolerance,7,8,0,-31.5,-0x1.f800000000000p+4,-22.937500206753612,-0x1.6f00003780000p+4
D3T-C-L7-I02,numeric_tolerance,7,0,1,-7.25,-0x1.d000000000000p+2,20.125000873580575,0x1.420000ea80000p+4
D3T-C-L7-I02,numeric_tolerance,7,1,1,-2.5,-0x1.4000000000000p+1,22.687499778810889,0x1.6affffc4a0000p+4
D3T-C-L7-I02,numeric_tolerance,7,2,0,-2,-0x1.0000000000000p+1,-21.812499963212758,-0x1.5cfffff620000p+4
D3T-C-L7-I02,numeric_tolerance,7,3,0,-18.5,-0x1.2800000000000p+4,-22.812499118968844,-0x1.6cffff1380000p+4
D3T-C-L7-I02,numeric_tolerance,7,4,0,-14.75,-0x1.d800000000000p+3,-22.437499739229679,-0x1.66ffffba00000p+4
D3T-C-L7-I02,numeric_tolerance,7,5,0,-19.875,-0x1.3e00000000000p+4,-22.687500389060006,-0x1.6b00006870000p+4
D3T-C-L7-I02,numeric_tolerance,7,6,0,-22.875,-0x1.6e00000000000p+4,-23.562500917818397,-0x1.790000f660000p+4
D3T-C-L7-I02,numeric_tolerance,7,7,0,-28.25,-0x1.c400000000000p+4,-22.999999903608114,-0x1.6fffffe620000p+4
D3T-C-L7-I02,numeric_tolerance,7,8,0,-31.25,-0x1.f400000000000p+4,-22.562499384395778,-0x1.68ffff5ac0000p+4
D3T-C-L7-I03,numeric_tolerance,7,0,1,21.375,0x1.5600000000000p+4,21.937499574385583,0x1.5effff8dc0000p+4
D3T-C-L7-I03,numeric_tolerance,7,1,1,21.25,0x1.5400000000000p+4,22.375000094994903,0x1.6600001980000p+4
D3T-C-L7-I03,numeric_tolerance,7,2,0,15.25,0x1.e800000000000p+3,-22.125000892672688,-0x1.620000efa0000p+4
D3T-C-L7-I03,numeric_tolerance,7,3,0,4.25,0x1.1000000000000p+2,-23.250000443775207,-0x1.7400007720000p+4
D3T-C-L7-I03,numeric_tolerance,7,4,0,20.75,0x1.4c00000000000p+4,-22.624999503139406,-0x1.69ffff7aa0000p+4
D3T-C-L7-I03,numeric_tolerance,7,5,0,-10.75,-0x1.5800000000000p+3,-22.624999763444066,-0x1.69ffffc080000p+4
D3T-C-L7-I03,numeric_tolerance,7,6,0,-24.25,-0x1.8400000000000p+4,-22.500000594183803,-0x1.6800009f80000p+4
D3T-C-L7-I03,numeric_tolerance,7,7,0,-26.25,-0x1.a400000000000p+4,-22.437500145286322,-0x1.6700002700000p+4
D3T-C-L7-I03,numeric_tolerance,7,8,0,-29.625,-0x1.da00000000000p+4,-22.187499455176294,-0x1.62ffff6dc0000p+4
D3T-C-L7-I04,numeric_tolerance,7,0,1,22,0x1.6000000000000p+4,21.31249975413084,0x1.54ffffbe00000p+4
D3T-C-L7-I04,numeric_tolerance,7,1,1,22.5,0x1.6800000000000p+4,21.937500176019967,0x1.5f00002f40000p+4
D3T-C-L7-I04,numeric_tolerance,7,2,0,24.25,0x1.8400000000000p+4,-21.43749907752499,-0x1.56ffff0860000p+4
D3T-C-L7-I04,numeric_tolerance,7,3,0,21.5,0x1.5800000000000p+4,-23.312499047257006,-0x1.74ffff0040000p+4
D3T-C-L7-I04,numeric_tolerance,7,4,0,15.75,0x1.f800000000000p+3,-22.124999833060429,-0x1.61ffffd330000p+4
D3T-C-L7-I04,numeric_tolerance,7,5,0,13.25,0x1.a800000000000p+3,-20.750000212341547,-0x1.4c00003900000p+4
D3T-C-L7-I04,numeric_tolerance,7,6,0,4.75,0x1.3000000000000p+2,-23.312500333879143,-0x1.75000059a0000p+4
D3T-C-L7-I04,numeric_tolerance,7,7,0,-16.5,-0x1.0800000000000p+4,-21.99999956600368,-0x1.5fffff8b80000p+4
D3T-C-L7-I04,numeric_tolerance,7,8,0,-33.125,-0x1.0900000000000p+5,-23.125000094762072,-0x1.7200001970000p+4
D3T-C-L7-I05,numeric_tolerance,7,0,1,10.5,0x1.5000000000000p+3,22.0624990593642,0x1.60ffff0380000p+4
D3T-C-L7-I05,numeric_tolerance,7,1,1,10.75,0x1.5800000000000p+3,21.687500351108611,0x1.5b00005e40000p+4
D3T-C-L7-I05,numeric_tolerance,7,2,0,7.75,0x1.f000000000000p+2,-22.875000924570486,-0x1.6e0000f830000p+4
D3T-C-L7-I05,numeric_tolerance,7,3,0,-0.5,-0x1.0000000000000p-1,-22.437500386033207,-0x1.67000067a0000p+4
D3T-C-L7-I05,numeric_tolerance,7,4,0,-9.5,-0x1.3000000000000p+3,-22.999999997206032,-0x1.6fffffff40000p+4
D3T-C-L7-I05,numeric_tolerance,7,5,0,-16.25,-0x1.0400000000000p+4,-22.187500029802322,-0x1.6300000800000p+4
D3T-C-L7-I05,numeric_tolerance,7,6,0,-20.125,-0x1.4200000000000p+4,-22.562499368330464,-0x1.68ffff5670000p+4
D3T-C-L7-I05,numeric_tolerance,7,7,0,-29.625,-0x1.da00000000000p+4,-23.18670397112146,-0x1.72fcbd4da0000p+4
D3T-C-L7-I05,numeric_tolerance,7,8,0,-30.625,-0x1.ea00000000000p+4,-23.249999249354005,-0x1.73ffff3680000p+4
D3T-C-L7-I06,numeric_tolerance,7,0,1,-11,-0x1.6000000000000p+3,21.06250093691051,0x1.510000fb80000p+4
D3T-C-L7-I06,numeric_tolerance,7,1,1,1.25,0x1.4000000000000p+0,21.562499821186066,0x1.58ffffd000000p+4
D3T-C-L7-I06,numeric_tolerance,7,2,0,1.75,0x1.c000000000000p+0,-21.437500330153853,-0x1.57000058a0000p+4
D3T-C-L7-I06,numeric_tolerance,7,3,0,1,0x1.0000000000000p+0,-23.312500259373337,-0x1.75000045a0000p+4
D3T-C-L7-I06,numeric_tolerance,7,4,0,-14.25,-0x1.c800000000000p+3,-22.937499582767487,-0x1.6effff9000000p+4
D3T-C-L7-I06,numeric_tolerance,7,5,0,-22.875,-0x1.6e00000000000p+4,-22.562500615604222,-0x1.690000a540000p+4
D3T-C-L7-I06,numeric_tolerance,7,6,0,-28.875,-0x1.ce00000000000p+4,-22.749999235849828,-0x1.6bffff32e0000p+4
D3T-C-L7-I06,numeric_tolerance,7,7,0,-31.375,-0x1.f600000000000p+4,-22.499999416060746,-0x1.67ffff6340000p+4
D3T-C-L7-I06,numeric_tolerance,7,8,0,-33.5,-0x1.0c00000000000p+5,-23.312499758787453,-0x1.74ffffbf40000p+4
D3T-C-L7-I07,numeric_tolerance,7,0,1,0,0x0.0p+0,21.749999737367034,0x1.5bffffb980000p+4
D3T-C-L7-I07,numeric_tolerance,7,1,1,7.75,0x1.f000000000000p+2,22.187500692438334,0x1.630000b9e0000p+4
D3T-C-L7-I07,numeric_tolerance,7,2,0,-3.5,-0x1.c000000000000p+1,-21.812499486841261,-0x1.5cffff7640000p+4
D3T-C-L7-I07,numeric_tolerance,7,3,0,-15.75,-0x1.f800000000000p+3,-22.750000896863639,-0x1.6c0000f0c0000p+4
D3T-C-L7-I07,numeric_tolerance,7,4,0,-14.5,-0x1.d000000000000p+3,-22.68749955156818,-0x1.6affff87a0000p+4
D3T-C-L7-I07,numeric_tolerance,7,5,0,-18,-0x1.2000000000000p+4,-22.625000450760126,-0x1.6a00007900000p+4
D3T-C-L7-I07,numeric_tolerance,7,6,0,-24,-0x1.8000000000000p+4,-21.437500507570803,-0x1.5700008840000p+4
D3T-C-L7-I07,numeric_tolerance,7,7,0,-29.75,-0x1.dc00000000000p+4,-23.24999948265031,-0x1.73ffff7520000p+4
D3T-C-L7-I07,numeric_tolerance,7,8,0,-29.5,-0x1.d800000000000p+4,-23.812500369735062,-0x1.7d00006340000p+4
D3T-C-L7-I08,numeric_tolerance,7,0,1,28.625,0x1.ca00000000000p+4,22.437500171363354,0x1.6700002e00000p+4
D3T-C-L7-I08,numeric_tolerance,7,1,1,29.25,0x1.d400000000000p+4,20.937500219792128,0x1.4f00003b00000p+4
D3T-C-L7-I08,numeric_tolerance,7,2,0,14.5,0x1.d000000000000p+3,-23.125000362051651,-0x1.7200006130000p+4
D3T-C-L7-I08,numeric_tolerance,7,3,0,18,0x1.2000000000000p+4,-23.000000056112185,-0x1.7000000f10000p+4
D3T-C-L7-I08,numeric_tolerance,7,4,0,19.5,0x1.3800000000000p+4,-23.00000028591603,-0x1.7000004cc0000p+4
D3T-C-L7-I08,numeric_tolerance,7,5,0,17.75,0x1.1c00000000000p+4,-21.562500822823495,-0x1.590000dce0000p+4
D3T-C-L7-I08,numeric_tolerance,7,6,0,7.75,0x1.f000000000000p+2,-23.00000011920929,-0x1.7000002000000p+4
D3T-C-L7-I08,numeric_tolerance,7,7,0,-6.75,-0x1.b000000000000p+2,-21.312500366475433,-0x1.5500006260000p+4
D3T-C-L7-I08,numeric_tolerance,7,8,0,-34.625,-0x1.1500000000000p+5,-23.437500834465027,-0x1.770000e000000p+4
D3T-C-L7-I09,numeric_tolerance,7,0,1,-26,-0x1.a000000000000p+4,21.937500774860382,0x1.5f0000d000000p+4
D3T-C-L7-I09,numeric_tolerance,7,1,1,-27.5,-0x1.b800000000000p+4,21.437500620260835,0x1.570000a680000p+4
D3T-C-L7-I09,numeric_tolerance,7,2,0,-28.25,-0x1.c400000000000p+4,-21.31249941047281,-0x1.54ffff61c0000p+4
D3T-C-L7-I09,numeric_tolerance,7,3,0,-30,-0x1.e000000000000p+4,-22.81249976856634,-0x1.6cffffc1e0000p+4
D3T-C-L7-I09,numeric_tolerance,7,4,0,-31,-0x1.f000000000000p+4,-22.499999083578587,-0x1.67ffff0a00000p+4
D3T-C-L7-I09,numeric_tolerance,7,5,0,-30.5,-0x1.e800000000000p+4,-22.000000736676157,-0x1.600000c5c0000p+4
D3T-C-L7-I09,numeric_tolerance,7,6,0,-33.5,-0x1.0c00000000000p+5,-22.812500579748303,-0x1.6d00009ba0000p+4
D3T-C-L7-I09,numeric_tolerance,7,7,0,-33.5,-0x1.0c00000000000p+5,-22.874999294057488,-0x1.6dffff4280000p+4
D3T-C-L7-I09,numeric_tolerance,7,8,0,-33,-0x1.0800000000000p+5,-22.874999911990017,-0x1.6dffffe860000p+4
D3T-C-L7-I10,numeric_tolerance,7,0,1,11.25,0x1.6800000000000p+3,21.437499170191586,0x1.56ffff2140000p+4
D3T-C-L7-I10,numeric_tolerance,7,1,1,11.5,0x1.7000000000000p+3,21.6249995008111,0x1.59ffff7a00000p+4
D3T-C-L7-I10,numeric_tolerance,7,2,0,15,0x1.e000000000000p+3,-22.562500073574483,-0x1.69000013c0000p+4
D3T-C-L7-I10,numeric_tolerance,7,3,0,14,0x1.c000000000000p+3,-22.312499458901584,-0x1.64ffff6ec0000p+4
D3T-C-L7-I10,numeric_tolerance,7,4,0,7.25,0x1.d000000000000p+2,-22.500000920612365,-0x1.680000f720000p+4
D3T-C-L7-I10,numeric_tolerance,7,5,0,-10.25,-0x1.4800000000000p+3,-22.937499796971679,-0x1.6effffc980000p+4
D3T-C-L7-I10,numeric_tolerance,7,6,0,-19.5,-0x1.3800000000000p+4,-22.56250040512532,-0x1.6900006cc0000p+4
D3T-C-L7-I10,numeric_tolerance,7,7,0,-25.125,-0x1.9200000000000p+4,-23.250000467989594,-0x1.7400007da0000p+4
D3T-C-L7-I10,numeric_tolerance,7,8,0,-32.125,-0x1.0100000000000p+5,-23.624999182298779,-0x1.79ffff2480000p+4
D3T-C-L7-I11,numeric_tolerance,7,0,1,0.5,0x1.0000000000000p-1,20.874999385327101,0x1.4dffff5b00000p+4
D3T-C-L7-I11,numeric_tolerance,7,1,1,9.25,0x1.2800000000000p+3,20.749999416992068,0x1.4bffff6380000p+4
D3T-C-L7-I11,numeric_tolerance,7,2,0,0.5,0x1.0000000000000p-1,-22.437499142484739,-0x1.66ffff19d0000p+4
D3T-C-L7-I11,numeric_tolerance,7,3,0,-15,-0x1.e000000000000p+3,-22.812500548548996,-0x1.6d00009340000p+4
D3T-C-L7-I11,numeric_tolerance,7,4,0,-19.625,-0x1.3a00000000000p+4,-22.812500380212441,-0x1.6d00006610000p+4
D3T-C-L7-I11,numeric_tolerance,7,5,0,-25.375,-0x1.9600000000000p+4,-22.624999947845936,-0x1.69fffff200000p+4
D3T-C-L7-I11,numeric_tolerance,7,6,0,-29.875,-0x1.de00000000000p+4,-22.624999227467924,-0x1.69ffff30a0000p+4
D3T-C-L7-I11,numeric_tolerance,7,7,0,-30,-0x1.e000000000000p+4,-22.937500693835318,-0x1.6f0000ba40000p+4
D3T-C-L7-I11,numeric_tolerance,7,8,0,-30.875,-0x1.ee00000000000p+4,-23.12499917903915,-0x1.71ffff23a0000p+4
D3T-C-L8-I00,numeric_tolerance,8,0,1,23.125,0x1.7200000000000p+4,22.250000225380063,0x1.6400003c80000p+4
D3T-C-L8-I00,numeric_tolerance,8,1,0,4,0x1.0000000000000p+2,-21.49999926937744,-0x1.57ffff3be0000p+4
D3T-C-L8-I00,numeric_tolerance,8,2,0,7,0x1.c000000000000p+2,-21.750000223517418,-0x1.5c00003c00000p+4
D3T-C-L8-I00,numeric_tolerance,8,3,0,-10.5,-0x1.5000000000000p+3,-22.874999199993908,-0x1.6dffff2940000p+4
D3T-C-L8-I00,numeric_tolerance,8,4,0,7,0x1.c000000000000p+2,-22.062499159015715,-0x1.60ffff1e40000p+4
D3T-C-L8-I00,numeric_tolerance,8,5,0,-19.125,-0x1.3200000000000p+4,-22.250000196043402,-0x1.64000034a0000p+4
D3T-C-L8-I00,numeric_tolerance,8,6,0,-24.875,-0x1.8e00000000000p+4,-23.250000067520887,-0x1.7400001220000p+4
D3T-C-L8-I00,numeric_tolerance,8,7,0,-28.75,-0x1.cc00000000000p+4,-22.999999224208295,-0x1.6fffff2fc0000p+4
D3T-C-L8-I00,numeric_tolerance,8,8,0,-34.375,-0x1.1300000000000p+5,-23.250000111293048,-0x1.7400001de0000p+4
D3T-C-L8-I01,numeric_tolerance,8,0,1,17.75,0x1.1c00000000000p+4,20.937499842606485,0x1.4effffd5c0000p+4
D3T-C-L8-I01,numeric_tolerance,8,1,0,16.75,0x1.0c00000000000p+4,-21.99999920418486,-0x1.5fffff2a60000p+4
D3T-C-L8-I01,numeric_tolerance,8,2,0,14,0x1.c000000000000p+3,-22.562499950174242,-0x1.68fffff2a0000p+4
D3T-C-L8-I01,numeric_tolerance,8,3,0,-11.25,-0x1.6800000000000p+3,-23.499999781837687,-0x1.77ffffc570000p+4
D3T-C-L8-I01,numeric_tolerance,8,4,0,2,0x1.0000000000000p+1,-22.625000391155481,-0x1.6a00006900000p+4
D3T-C-L8-I01,numeric_tolerance,8,5,0,-8,-0x1.0000000000000p+3,-22.687499352032319,-0x1.6affff5210000p+4
D3T-C-L8-I01,numeric_tolerance,8,6,0,-14.5,-0x1.d000000000000p+3,-22.875000355765224,-0x1.6e00005f80000p+4
D3T-C-L8-I01,numeric_tolerance,8,7,0,-28.625,-0x1.ca00000000000p+4,-22.437499674968421,-0x1.66ffffa8c0000p+4
D3T-C-L8-I01,numeric_tolerance,8,8,0,-30.875,-0x1.ee00000000000p+4,-23.374999084509909,-0x1.75ffff0a40000p+4
D3T-C-L8-I02,numeric_tolerance,8,0,1,10,0x1.4000000000000p+3,20.500000529456884,0x1.4800008e20000p+4
D3T-C-L8-I02,numeric_tolerance,8,1,0,9.75,0x1.3800000000000p+3,-22.812499483581632,-0x1.6cffff7560000p+4
D3T-C-L8-I02,numeric_tolerance,8,2,0,12.25,0x1.8800000000000p+3,-22.562500584404916,-0x1.6900009ce0000p+4
D3T-C-L8-I02,numeric_tolerance,8,3,0,-2.5,-0x1.4000000000000p+1,-22.687500462401658,-0x1.6b00007c20000p+4
D3T-C-L8-I02,numeric_tolerance,8,4,0,-5.5,-0x1.6000000000000p+2,-22.124999132938683,-0x1.61ffff1740000p+4
D3T-C-L8-I02,numeric_tolerance,8,5,0,-15.25,-0x1.e800000000000p+3,-22.062499585095793,-0x1.60ffff90a0000p+4
D3T-C-L8-I02,numeric_tolerance,8,6,0,-20.375,-0x1.4600000000000p+4,-22.187499905005097,-0x1.62ffffe680000p+4
D3T-C-L8-I02,numeric_tolerance,8,7,0,-24.625,-0x1.8a00000000000p+4,-22.93749909941107,-0x1.6effff0e40000p+4
D3T-C-L8-I02,numeric_tolerance,8,8,0,-30.625,-0x1.ea00000000000p+4,-23.750000509433448,-0x1.7c000088c0000p+4
D3T-C-L8-I03,numeric_tolerance,8,0,1,21,0x1.5000000000000p+4,20.562499780440703,0x1.48ffffc510000p+4
D3T-C-L8-I03,numeric_tolerance,8,1,0,17.25,0x1.1400000000000p+4,-22.812500791158527,-0x1.6d0000d460000p+4
D3T-C-L8-I03,numeric_tolerance,8,2,0,15.5,0x1.f000000000000p+3,-22.625000163912773,-0x1.6a00002c00000p+4
D3T-C-L8-I03,numeric_tolerance,8,3,0,3,0x1.8000000000000p+1,-23.000000493135303,-0x1.7000008460000p+4
D3T-C-L8-I03,numeric_tolerance,8,4,0,14.25,0x1.c800000000000p+3,-22.437500326428562,-0x1.67000057a0000p+4
D3T-C-L8-I03,numeric_tolerance,8,5,0,-8.75,-0x1.1800000000000p+3,-22.875000160187483,-0x1.6e00002b00000p+4
D3T-C-L8-I03,numeric_tolerance,8,6,0,-14.75,-0x1.d800000000000p+3,-22.687500134110451,-0x1.6b00002400000p+4
D3T-C-L8-I03,numeric_tolerance,8,7,0,-26.375,-0x1.a600000000000p+4,-22.37499906308949,-0x1.65ffff0480000p+4
D3T-C-L8-I03,numeric_tolerance,8,8,0,-27.875,-0x1.be00000000000p+4,-23.124999119900167,-0x1.71ffff13c0000p+4
D3T-C-L8-I04,numeric_tolerance,8,0,1,-1.5,-0x1.8000000000000p+0,20.812499765772372,0x1.4cffffc120000p+4
D3T-C-L8-I04,numeric_tolerance,8,1,0,-5.25,-0x1.5000000000000p+2,-23.000000586733222,-0x1.7000009d80000p+4
D3T-C-L8-I04,numeric_tolerance,8,2,0,-2.75,-0x1.6000000000000p+1,-23.000000394880772,-0x1.7000006a00000p+4
D3T-C-L8-I04,numeric_tolerance,8,3,0,-9.5,-0x1.3000000000000p+3,-23.24999920418486,-0x1.73ffff2a60000p+4
D3T-C-L8-I04,numeric_tolerance,8,4,0,-7.75,-0x1.f000000000000p+2,-22.874999850057065,-0x1.6dffffd7c0000p+4
D3T-C-L8-I04,numeric_tolerance,8,5,0,-19.75,-0x1.3c00000000000p+4,-22.687500201165676,-0x1.6b00003600000p+4
D3T-C-L8-I04,numeric_tolerance,8,6,0,-22.125,-0x1.6200000000000p+4,-22.875000283587724,-0x1.6e00004c20000p+4
D3T-C-L8-I04,numeric_tolerance,8,7,0,-27.375,-0x1.b600000000000p+4,-22.87499977950938,-0x1.6dffffc4d0000p+4
D3T-C-L8-I04,numeric_tolerance,8,8,0,-30.125,-0x1.e200000000000p+4,-22.812499542720616,-0x1.6cffff8540000p+4
D3T-C-L8-I05,numeric_tolerance,8,0,1,7,0x1.c000000000000p+2,20.749999185558408,0x1.4bffff2560000p+4
D3T-C-L8-I05,numeric_tolerance,8,1,0,-6.5,-0x1.a000000000000p+2,-21.187499202322215,-0x1.52ffff29e0000p+4
D3T-C-L8-I05,numeric_tolerance,8,2,0,-5.25,-0x1.5000000000000p+2,-22.187499078456312,-0x1.62ffff08a0000p+4
D3T-C-L8-I05,numeric_tolerance,8,3,0,-19.625,-0x1.3a00000000000p+4,-22.437499297317117,-0x1.66ffff4360000p+4
D3T-C-L8-I05,numeric_tolerance,8,4,0,-19.125,-0x1.3200000000000p+4,-22.874999705702066,-0x1.6dffffb100000p+4
D3T-C-L8-I05,numeric_tolerance,8,5,0,-26.625,-0x1.aa00000000000p+4,-21.812499212101102,-0x1.5cffff2c80000p+4
D3T-C-L8-I05,numeric_tolerance,8,6,0,-26.5,-0x1.a800000000000p+4,-22.687500510830432,-0x1.6b00008920000p+4
D3T-C-L8-I05,numeric_tolerance,8,7,0,-31.125,-0x1.f200000000000p+4,-22.562500894069672,-0x1.690000f000000p+4
D3T-C-L8-I05,numeric_tolerance,8,8,0,-30.75,-0x1.ec00000000000p+4,-21.812499092891812,-0x1.5cffff0c80000p+4
D3T-C-L8-I06,numeric_tolerance,8,0,1,14.25,0x1.c800000000000p+3,21.625000877305865,0x1.5a0000eb80000p+4
D3T-C-L8-I06,numeric_tolerance,8,1,0,11.75,0x1.7800000000000p+3,-23.562500389060006,-0x1.7900006870000p+4
D3T-C-L8-I06,numeric_tolerance,8,2,0,13.75,0x1.b800000000000p+3,-21.812499541789293,-0x1.5cffff8500000p+4
D3T-C-L8-I06,numeric_tolerance,8,3,0,-4,-0x1.0000000000000p+2,-23.124999566702172,-0x1.71ffff8bb0000p+4
D3T-C-L8-I06,numeric_tolerance,8,4,0,4.25,0x1.1000000000000p+2,-22.687499309424311,-0x1.6affff46a0000p+4
D3T-C-L8-I06,numeric_tolerance,8,5,0,-12,-0x1.8000000000000p+3,-21.749999295920134,-0x1.5bffff4300000p+4
D3T-C-L8-I06,numeric_tolerance,8,6,0,-20.5,-0x1.4800000000000p+4,-22.687500698491931,-0x1.6b0000bb80000p+4
D3T-C-L8-I06,numeric_tolerance,8,7,0,-27,-0x1.b000000000000p+4,-22.750000176019967,-0x1.6c00002f40000p+4
D3T-C-L8-I06,numeric_tolerance,8,8,0,-32.375,-0x1.0300000000000p+5,-23.375000280328095,-0x1.7600004b40000p+4
D3T-C-L8-I07,numeric_tolerance,8,0,1,-28.125,-0x1.c200000000000p+4,21.687500684056431,0x1.5b0000b7a0000p+4
D3T-C-L8-I07,numeric_tolerance,8,1,0,-23.875,-0x1.7e00000000000p+4,-22.687499210704118,-0x1.6affff2c20000p+4
D3T-C-L8-I07,numeric_tolerance,8,2,0,-22.875,-0x1.6e00000000000p+4,-23.000000129686669,-0x1.70000022d0000p+4
D3T-C-L8-I07,numeric_tolerance,8,3,0,-29.5,-0x1.d800000000000p+4,-22.437500942498446,-0x1.670000fd00000p+4
D3T-C-L8-I07,numeric_tolerance,8,4,0,-29,-0x1.d000000000000p+4,-22.812499765539542,-0x1.6cffffc110000p+4
D3T-C-L8-I07,numeric_tolerance,8,5,0,-32.875,-0x1.0700000000000p+5,-22.250000436324626,-0x1.6400007520000p+4
D3T-C-L8-I07,numeric_tolerance,8,6,0,-34.125,-0x1.1100000000000p+5,-22.812499311752617,-0x1.6cffff4740000p+4
D3T-C-L8-I07,numeric_tolerance,8,7,0,-33.75,-0x1.0e00000000000p+5,-22.749999505467713,-0x1.6bffff7b40000p+4
D3T-C-L8-I07,numeric_tolerance,8,8,0,-33.5,-0x1.0c00000000000p+5,-22.500000243075192,-0x1.6800004140000p+4
D3T-C-L8-I08,numeric_tolerance,8,0,1,17.25,0x1.1400000000000p+4,20.312500144354999,0x1.45000026c0000p+4
D3T-C-L8-I08,numeric_tolerance,8,1,0,22.75,0x1.6c00000000000p+4,-21.375000273343176,-0x1.5600004960000p+4
D3T-C-L8-I08,numeric_tolerance,8,2,0,12.25,0x1.8800000000000p+3,-21.437499951571226,-0x1.56fffff300000p+4
D3T-C-L8-I08,numeric_tolerance,8,3,0,-1,-0x1.0000000000000p+0,-23.124999185558408,-0x1.71ffff2560000p+4
D3T-C-L8-I08,numeric_tolerance,8,4,0,-8,-0x1.0000000000000p+3,-22.625000577419996,-0x1.6a00009b00000p+4
D3T-C-L8-I08,numeric_tolerance,8,5,0,-19.5,-0x1.3800000000000p+4,-23.062499120365828,-0x1.70ffff13e0000p+4
D3T-C-L8-I08,numeric_tolerance,8,6,0,-25.75,-0x1.9c00000000000p+4,-23.12499994924292,-0x1.71fffff260000p+4
D3T-C-L8-I08,numeric_tolerance,8,7,0,-28,-0x1.c000000000000p+4,-21.812500254251063,-0x1.5d00004440000p+4
D3T-C-L8-I08,numeric_tolerance,8,8,0,-34.375,-0x1.1300000000000p+5,-23.312500394647941,-0x1.75000069f0000p+4
D3T-C-L8-I09,numeric_tolerance,8,0,1,24,0x1.8000000000000p+4,20.437500034458935,0x1.4700000940000p+4
D3T-C-L8-I09,numeric_tolerance,8,1,0,23.25,0x1.7400000000000p+4,-21.687499560881406,-0x1.5affff8a20000p+4
D3T-C-L8-I09,numeric_tolerance,8,2,0,21.25,0x1.5400000000000p+4,-22.812500730156898,-0x1.6d0000c400000p+4
D3T-C-L8-I09,numeric_tolerance,8,3,0,13,0x1.a000000000000p+3,-22.562500160885975,-0x1.6900002b30000p+4
D3T-C-L8-I09,numeric_tolerance,8,4,0,12.25,0x1.8800000000000p+3,-21.562499890103936,-0x1.58ffffe280000p+4
D3T-C-L8-I09,numeric_tolerance,8,5,0,-4,-0x1.0000000000000p+2,-22.312500229571015,-0x1.6500003da0000p+4
D3T-C-L8-I09,numeric_tolerance,8,6,0,-14.5,-0x1.d000000000000p+3,-22.249999427236617,-0x1.63ffff6640000p+4
D3T-C-L8-I09,numeric_tolerance,8,7,0,-25.375,-0x1.9600000000000p+4,-22.500000359257683,-0x1.6800006070000p+4
D3T-C-L8-I09,numeric_tolerance,8,8,0,-29,-0x1.d000000000000p+4,-21.937500896863639,-0x1.5f0000f0c0000p+4
D3T-C-L8-I10,numeric_tolerance,8,0,1,-3,-0x1.8000000000000p+1,20.812500673346221,0x1.4d0000b4c0000p+4
D3T-C-L8-I10,numeric_tolerance,8,1,0,-7.25,-0x1.d000000000000p+2,-21.749999134335667,-0x1.5bffff17a0000p+4
D3T-C-L8-I10,numeric_tolerance,8,2,0,-3.5,-0x1.c000000000000p+1,-22.374999798834324,-0x1.65ffffca00000p+4
D3T-C-L8-I10,numeric_tolerance,8,3,0,-4,-0x1.0000000000000p+2,-23.18750037997961,-0x1.7300006600000p+4
D3T-C-L8-I10,numeric_tolerance,8,4,0,-15.125,-0x1.e400000000000p+3,-21.937499746214598,-0x1.5effffbbe0000p+4
D3T-C-L8-I10,numeric_tolerance,8,5,0,-18.5,-0x1.2800000000000p+4,-22.249999986495823,-0x1.63fffffc60000p+4
D3T-C-L8-I10,numeric_tolerance,8,6,0,-27.875,-0x1.be00000000000p+4,-23.000000833999366,-0x1.700000dfe0000p+4
D3T-C-L8-I10,numeric_tolerance,8,7,0,-29.375,-0x1.d600000000000p+4,-22.812499566935003,-0x1.6cffff8bc0000p+4
D3T-C-L8-I10,numeric_tolerance,8,8,0,-34.125,-0x1.1100000000000p+5,-23.062499968335032,-0x1.70fffff780000p+4
D3T-C-L8-I11,numeric_tolerance,8,0,1,-8,-0x1.0000000000000p+3,21.499999438412488,0x1.57ffff6940000p+4
D3T-C-L8-I11,numeric_tolerance,8,1,0,-11.25,-0x1.6800000000000p+3,-23.06250006519258,-0x1.7100001180000p+4
D3T-C-L8-I11,numeric_tolerance,8,2,0,-12,-0x1.8000000000000p+3,-22.499999638646841,-0x1.67ffff9f00000p+4
D3T-C-L8-I11,numeric_tolerance,8,3,0,-17.25,-0x1.1400000000000p+4,-23.562499718740582,-0x1.78ffffb480000p+4
D3T-C-L8-I11,numeric_tolerance,8,4,0,-20,-0x1.4000000000000p+4,-23.125000469386578,-0x1.7200007e00000p+4
D3T-C-L8-I11,numeric_tolerance,8,5,0,-24.875,-0x1.8e00000000000p+4,-22.749999376945198,-0x1.6bffff58c0000p+4
D3T-C-L8-I11,numeric_tolerance,8,6,0,-26.75,-0x1.ac00000000000p+4,-23.624999243533239,-0x1.79ffff34f0000p+4
D3T-C-L8-I11,numeric_tolerance,8,7,0,-28.875,-0x1.ce00000000000p+4,-22.562500938773155,-0x1.690000fc00000p+4
D3T-C-L8-I11,numeric_tolerance,8,8,0,-29.5,-0x1.d800000000000p+4,-22.624999634921551,-0x1.69ffff9e00000p+4
