study,version,model,revision,protocol,template,score_representation,split,scope,family,subset,n_expected_tasks,n_complete_tasks,n_nontrivial,n_all_pass,n_all_fail,accuracy,accuracy_n,accuracy_lo95,accuracy_hi95,TCE,TCE_n,TCE_lo95,TCE_hi95,TRR,TRR_n,TRR_lo95,TRR_hi95,TRR_count,FSRR,FSRR_n,FSRR_lo95,FSRR_hi95,FSRR_count,trr_success_fsrr_failure,trr_success_fsrr_failure_n,trr_success_fsrr_failure_lo95,trr_success_fsrr_failure_hi95,trr_success_fsrr_failure_count,TRR_including_trivial,FSRR_including_trivial,TRR_success_FSRR_failure_share_of_TRR_success,post_hoc,bootstrap_seed,bootstrap_replicates,interval_method
CODE,original_8k_old_scorer,Qwen/Qwen2.5-14B-Instruct,cf98f3b3bbb457ad9e2bb7baf9a0125b6b88caa8,immediate_readout,explicit,bare,main,all_valid,ALL,all,80,80,54,26,0,0.74166666666666659,80,0.67222222222222228,0.80416666666666681,2.3624999999999998,80,1.7625,2.9874999999999998,0.87037037037037035,54,0.77777777777777779,0.94444444444444442,47,0.81481481481481477,54,0.70370370370370372,0.90740740740740744,44,0.055555555555555552,54,0,0.12962962962962962,3,0.91249999999999998,0.875,0.063829787234042548,True,20260911,5000,artifact/task-cluster percentile 95%; degenerate intervals are not population certainty
CODE,original_8k_old_scorer,Qwen/Qwen2.5-14B-Instruct,cf98f3b3bbb457ad9e2bb7baf9a0125b6b88caa8,immediate_readout,explicit,bare,main,all_valid,ALL,nontrivial,54,54,54,0,0,0.7325102880658434,54,0.65226337448559668,0.80864197530864201,2.2407407407407409,54,1.5555555555555556,2.9444444444444446,0.87037037037037035,54,0.77777777777777779,0.94444444444444442,47,0.81481481481481477,54,0.70370370370370372,0.90740740740740744,44,0.055555555555555552,54,0,0.12962962962962962,3,0.87037037037037035,0.81481481481481477,0.063829787234042548,True,20260911,5000,artifact/task-cluster percentile 95%; degenerate intervals are not population certainty
CODE,original_8k_old_scorer,Qwen/Qwen2.5-14B-Instruct,cf98f3b3bbb457ad9e2bb7baf9a0125b6b88caa8,immediate_readout,explicit,bare,main,all_valid,ALL,all_pass,26,26,0,26,0,0.76068376068376076,26,0.63675213675213671,0.86752136752136755,2.6153846153846154,26,1.4990384615384618,3.8461538461538463,,0,,,0,,0,,,0,,0,,,0,1,1,,True,20260911,5000,artifact/task-cluster percentile 95%; degenerate intervals are not population certainty
CODE,original_8k_old_scorer,Qwen/Qwen2.5-14B-Instruct,cf98f3b3bbb457ad9e2bb7baf9a0125b6b88caa8,immediate_readout,explicit,bare,main,all_valid,ALL,all_fail,0,0,0,0,0,,0,,,,0,,,,0,,,0,,0,,,0,,0,,,0,,,,True,20260911,5000,artifact/task-cluster percentile 95%; degenerate intervals are not population certainty
CODE,original_8k_old_scorer,Qwen/Qwen2.5-14B-Instruct,cf98f3b3bbb457ad9e2bb7baf9a0125b6b88caa8,immediate_readout,explicit,bare,main,all_valid,ALL,partial,23,23,23,0,0,0.62318840579710144,23,0.52173913043478271,0.71980676328502424,3.2173913043478262,23,2.3043478260869565,4.1304347826086953,0.69565217391304346,23,0.52173913043478259,0.86956521739130432,16,0.56521739130434778,23,0.34782608695652173,0.78260869565217395,13,0.13043478260869565,23,0,0.2608695652173913,3,0.69565217391304346,0.56521739130434778,0.1875,True,20260911,5000,artifact/task-cluster percentile 95%; degenerate intervals are not population certainty
CODE,original_8k_old_scorer,Qwen/Qwen2.5-14B-Instruct,cf98f3b3bbb457ad9e2bb7baf9a0125b6b88caa8,immediate_readout,explicit,whitespace_union,main,all_valid,ALL,all,80,80,54,26,0,0.73750000000000004,80,0.66805555555555551,0.80138888888888893,2.3875000000000002,80,1.7875000000000001,3.0125000000000002,0.87037037037037035,54,0.77777777777777779,0.94444444444444442,47,0.81481481481481477,54,0.70370370370370372,0.90740740740740744,44,0.055555555555555552,54,0,0.12962962962962962,3,0.91249999999999998,0.875,0.063829787234042548,True,20260911,5000,artifact/task-cluster percentile 95%; degenerate intervals are not population certainty
CODE,original_8k_old_scorer,Qwen/Qwen2.5-14B-Instruct,cf98f3b3bbb457ad9e2bb7baf9a0125b6b88caa8,immediate_readout,explicit,whitespace_union,main,all_valid,ALL,nontrivial,54,54,54,0,0,0.72839506172839485,54,0.64609053497942381,0.80658436213991758,2.2592592592592591,54,1.5740740740740742,2.9629629629629628,0.87037037037037035,54,0.77777777777777779,0.94444444444444442,47,0.81481481481481477,54,0.70370370370370372,0.90740740740740744,44,0.055555555555555552,54,0,0.12962962962962962,3,0.87037037037037035,0.81481481481481477,0.063829787234042548,True,20260911,5000,artifact/task-cluster percentile 95%; degenerate intervals are not population certainty
CODE,original_8k_old_scorer,Qwen/Qwen2.5-14B-Instruct,cf98f3b3bbb457ad9e2bb7baf9a0125b6b88caa8,immediate_readout,explicit,whitespace_union,main,all_valid,ALL,all_pass,26,26,0,26,0,0.7564102564102565,26,0.63247863247863245,0.86752136752136744,2.6538461538461537,26,1.5,3.8846153846153846,,0,,,0,,0,,,0,,0,,,0,1,1,,True,20260911,5000,artifact/task-cluster percentile 95%; degenerate intervals are not population certainty
CODE,original_8k_old_scorer,Qwen/Qwen2.5-14B-Instruct,cf98f3b3bbb457ad9e2bb7baf9a0125b6b88caa8,immediate_readout,explicit,whitespace_union,main,all_valid,ALL,all_fail,0,0,0,0,0,,0,,,,0,,,,0,,,0,,0,,,0,,0,,,0,,,,True,20260911,5000,artifact/task-cluster percentile 95%; degenerate intervals are not population certainty
CODE,original_8k_old_scorer,Qwen/Qwen2.5-14B-Instruct,cf98f3b3bbb457ad9e2bb7baf9a0125b6b88caa8,immediate_readout,explicit,whitespace_union,main,all_valid,ALL,partial,23,23,23,0,0,0.61352657004830913,23,0.51207729468599039,0.71014492753623204,3.2608695652173911,23,2.347826086956522,4.1739130434782608,0.69565217391304346,23,0.52173913043478259,0.86956521739130432,16,0.56521739130434778,23,0.34782608695652173,0.78260869565217395,13,0.13043478260869565,23,0,0.2608695652173913,3,0.69565217391304346,0.56521739130434778,0.1875,True,20260911,5000,artifact/task-cluster percentile 95%; degenerate intervals are not population certainty
CODE,original_8k_old_scorer,Qwen/Qwen2.5-14B-Instruct,cf98f3b3bbb457ad9e2bb7baf9a0125b6b88caa8,immediate_readout,original,bare,main,all_valid,ALL,all,80,80,54,26,0,0.72083333333333333,80,0.64583333333333326,0.78888888888888897,2.4125000000000001,80,1.8,3.0874999999999999,0.27777777777777779,54,0.16666666666666666,0.40740740740740738,15,0.27777777777777779,54,0.16666666666666666,0.40740740740740738,15,0,54,0,0,0,0.51249999999999996,0.51249999999999996,0,True,20260911,5000,artifact/task-cluster percentile 95%; degenerate intervals are not population certainty
CODE,original_8k_old_scorer,Qwen/Qwen2.5-14B-Instruct,cf98f3b3bbb457ad9e2bb7baf9a0125b6b88caa8,immediate_readout,original,bare,main,all_valid,ALL,nontrivial,54,54,54,0,0,0.64197530864197527,54,0.55555555555555558,0.72021604938271522,3.074074074074074,54,2.3518518518518516,3.8148148148148149,0.27777777777777779,54,0.16666666666666666,0.40740740740740738,15,0.27777777777777779,54,0.16666666666666666,0.40740740740740738,15,0,54,0,0,0,0.27777777777777779,0.27777777777777779,0,True,20260911,5000,artifact/task-cluster percentile 95%; degenerate intervals are not population certainty
CODE,original_8k_old_scorer,Qwen/Qwen2.5-14B-Instruct,cf98f3b3bbb457ad9e2bb7baf9a0125b6b88caa8,immediate_readout,original,bare,main,all_valid,ALL,all_pass,26,26,0,26,0,0.88461538461538458,26,0.76495726495726502,0.99572649572649574,1.0384615384615385,26,0.038461538461538464,2.1153846153846154,,0,,,0,,0,,,0,,0,,,0,1,1,,True,20260911,5000,artifact/task-cluster percentile 95%; degenerate intervals are not population certainty
CODE,original_8k_old_scorer,Qwen/Qwen2.5-14B-Instruct,cf98f3b3bbb457ad9e2bb7baf9a0125b6b88caa8,immediate_readout,original,bare,main,all_valid,ALL,all_fail,0,0,0,0,0,,0,,,,0,,,,0,,,0,,0,,,0,,0,,,0,,,,True,20260911,5000,artifact/task-cluster percentile 95%; degenerate intervals are not population certainty
CODE,original_8k_old_scorer,Qwen/Qwen2.5-14B-Instruct,cf98f3b3bbb457ad9e2bb7baf9a0125b6b88caa8,immediate_readout,original,bare,main,all_valid,ALL,partial,23,23,23,0,0,0.54106280193236711,23,0.43478260869565216,0.64734299516908211,4.3478260869565215,23,3.3467391304347833,5.3913043478260869,0.34782608695652173,23,0.17391304347826086,0.56521739130434778,8,0.34782608695652173,23,0.17391304347826086,0.56521739130434778,8,0,23,0,0,0,0.34782608695652173,0.34782608695652173,0,True,20260911,5000,artifact/task-cluster percentile 95%; degenerate intervals are not population certainty
CODE,original_8k_old_scorer,Qwen/Qwen2.5-14B-Instruct,cf98f3b3bbb457ad9e2bb7baf9a0125b6b88caa8,immediate_readout,original,whitespace_union,main,all_valid,ALL,all,80,80,54,26,0,0.71805555555555556,80,0.64305555555555549,0.78749999999999998,2.4249999999999998,80,1.8,3.1000000000000001,0.29629629629629628,54,0.18518518518518517,0.42592592592592593,16,0.29629629629629628,54,0.18518518518518517,0.42592592592592593,16,0,54,0,0,0,0.52500000000000002,0.52500000000000002,0,True,20260911,5000,artifact/task-cluster percentile 95%; degenerate intervals are not population certainty
CODE,original_8k_old_scorer,Qwen/Qwen2.5-14B-Instruct,cf98f3b3bbb457ad9e2bb7baf9a0125b6b88caa8,immediate_readout,original,whitespace_union,main,all_valid,ALL,nontrivial,54,54,54,0,0,0.63991769547325095,54,0.55349794238683125,0.72016460905349744,3.074074074074074,54,2.3518518518518516,3.8148148148148149,0.29629629629629628,54,0.18518518518518517,0.42592592592592593,16,0.29629629629629628,54,0.18518518518518517,0.42592592592592593,16,0,54,0,0,0,0.29629629629629628,0.29629629629629628,0,True,20260911,5000,artifact/task-cluster percentile 95%; degenerate intervals are not population certainty
CODE,original_8k_old_scorer,Qwen/Qwen2.5-14B-Instruct,cf98f3b3bbb457ad9e2bb7baf9a0125b6b88caa8,immediate_readout,original,whitespace_union,main,all_valid,ALL,all_pass,26,26,0,26,0,0.88034188034188032,26,0.7564102564102565,0.99572649572649574,1.0769230769230769,26,0.038461538461538464,2.1923076923076925,,0,,,0,,0,,,0,,0,,,0,1,1,,True,20260911,5000,artifact/task-cluster percentile 95%; degenerate intervals are not population certainty
CODE,original_8k_old_scorer,Qwen/Qwen2.5-14B-Instruct,cf98f3b3bbb457ad9e2bb7baf9a0125b6b88caa8,immediate_readout,original,whitespace_union,main,all_valid,ALL,all_fail,0,0,0,0,0,,0,,,,0,,,,0,,,0,,0,,,0,,0,,,0,,,,True,20260911,5000,artifact/task-cluster percentile 95%; degenerate intervals are not population certainty
CODE,original_8k_old_scorer,Qwen/Qwen2.5-14B-Instruct,cf98f3b3bbb457ad9e2bb7baf9a0125b6b88caa8,immediate_readout,original,whitespace_union,main,all_valid,ALL,partial,23,23,23,0,0,0.53623188405797106,23,0.42995169082125606,0.64251207729468607,4.3478260869565215,23,3.3467391304347833,5.3913043478260869,0.34782608695652173,23,0.17391304347826086,0.56521739130434778,8,0.34782608695652173,23,0.17391304347826086,0.56521739130434778,8,0,23,0,0,0,0.34782608695652173,0.34782608695652173,0,True,20260911,5000,artifact/task-cluster percentile 95%; degenerate intervals are not population certainty
CODE,original_8k_old_scorer,Qwen/Qwen3-30B-A3B-Thinking-2507,144afc2f379b542fdd4e85a1fcd5e1f79112d95d,native_reason_then_score,explicit,bare,main,all_valid,ALL,all,80,67,44,23,0,0.96185737976782748,67,0.92537313432835833,0.99004975124378125,0.34328358208955223,67,0.074626865671641784,0.70149253731343286,0.97727272727272729,44,0.93181818181818177,1,43,0.97727272727272729,44,0.93181818181818177,1,43,0,44,0,0,0,0.9850746268656716,0.9850746268656716,0,True,20260911,5000,artifact/task-cluster percentile 95%; degenerate intervals are not population certainty
CODE,original_8k_old_scorer,Qwen/Qwen3-30B-A3B-Thinking-2507,144afc2f379b542fdd4e85a1fcd5e1f79112d95d,native_reason_then_score,explicit,bare,main,all_valid,ALL,nontrivial,54,44,44,0,0,0.95454545454545459,44,0.90909090909090906,0.98989898989898994,0.38636363636363635,44,0,0.81818181818181823,0.97727272727272729,44,0.93181818181818177,1,43,0.97727272727272729,44,0.93181818181818177,1,43,0,44,0,0,0,0.97727272727272729,0.97727272727272729,0,True,20260911,5000,artifact/task-cluster percentile 95%; degenerate intervals are not population certainty
CODE,original_8k_old_scorer,Qwen/Qwen3-30B-A3B-Thinking-2507,144afc2f379b542fdd4e85a1fcd5e1f79112d95d,native_reason_then_score,explicit,bare,main,all_valid,ALL,all_pass,26,23,0,23,0,0.97584541062801922,23,0.92753623188405787,1,0.2608695652173913,23,0,0.78260869565217395,,0,,,0,,0,,,0,,0,,,0,1,1,,True,20260911,5000,artifact/task-cluster percentile 95%; degenerate intervals are not population certainty
CODE,original_8k_old_scorer,Qwen/Qwen3-30B-A3B-Thinking-2507,144afc2f379b542fdd4e85a1fcd5e1f79112d95d,native_reason_then_score,explicit,bare,main,all_valid,ALL,all_fail,0,0,0,0,0,,0,,,,0,,,,0,,,0,,0,,,0,,0,,,0,,,,True,20260911,5000,artifact/task-cluster percentile 95%; degenerate intervals are not population certainty
CODE,original_8k_old_scorer,Qwen/Qwen3-30B-A3B-Thinking-2507,144afc2f379b542fdd4e85a1fcd5e1f79112d95d,native_reason_then_score,explicit,bare,main,all_valid,ALL,partial,23,18,18,0,0,0.99382716049382713,18,0.98148148148148151,1,0.33333333333333331,18,0,1,0.94444444444444442,18,0.83333333333333337,1,17,0.94444444444444442,18,0.83333333333333337,1,17,0,18,0,0,0,0.94444444444444442,0.94444444444444442,0,True,20260911,5000,artifact/task-cluster percentile 95%; degenerate intervals are not population certainty
CODE,original_8k_old_scorer,Qwen/Qwen3-30B-A3B-Thinking-2507,144afc2f379b542fdd4e85a1fcd5e1f79112d95d,native_reason_then_score,explicit,whitespace_union,main,all_valid,ALL,all,80,67,44,23,0,0.96185737976782748,67,0.92537313432835833,0.99004975124378125,0.34328358208955223,67,0.074626865671641784,0.70149253731343286,0.97727272727272729,44,0.93181818181818177,1,43,0.97727272727272729,44,0.93181818181818177,1,43,0,44,0,0,0,0.9850746268656716,0.9850746268656716,0,True,20260911,5000,artifact/task-cluster percentile 95%; degenerate intervals are not population certainty
CODE,original_8k_old_scorer,Qwen/Qwen3-30B-A3B-Thinking-2507,144afc2f379b542fdd4e85a1fcd5e1f79112d95d,native_reason_then_score,explicit,whitespace_union,main,all_valid,ALL,nontrivial,54,44,44,0,0,0.95454545454545459,44,0.90909090909090906,0.98989898989898994,0.38636363636363635,44,0,0.81818181818181823,0.97727272727272729,44,0.93181818181818177,1,43,0.97727272727272729,44,0.93181818181818177,1,43,0,44,0,0,0,0.97727272727272729,0.97727272727272729,0,True,20260911,5000,artifact/task-cluster percentile 95%; degenerate intervals are not population certainty
CODE,original_8k_old_scorer,Qwen/Qwen3-30B-A3B-Thinking-2507,144afc2f379b542fdd4e85a1fcd5e1f79112d95d,native_reason_then_score,explicit,whitespace_union,main,all_valid,ALL,all_pass,26,23,0,23,0,0.97584541062801922,23,0.92753623188405787,1,0.2608695652173913,23,0,0.78260869565217395,,0,,,0,,0,,,0,,0,,,0,1,1,,True,20260911,5000,artifact/task-cluster percentile 95%; degenerate intervals are not population certainty
CODE,original_8k_old_scorer,Qwen/Qwen3-30B-A3B-Thinking-2507,144afc2f379b542fdd4e85a1fcd5e1f79112d95d,native_reason_then_score,explicit,whitespace_union,main,all_valid,ALL,all_fail,0,0,0,0,0,,0,,,,0,,,,0,,,0,,0,,,0,,0,,,0,,,,True,20260911,5000,artifact/task-cluster percentile 95%; degenerate intervals are not population certainty
CODE,original_8k_old_scorer,Qwen/Qwen3-30B-A3B-Thinking-2507,144afc2f379b542fdd4e85a1fcd5e1f79112d95d,native_reason_then_score,explicit,whitespace_union,main,all_valid,ALL,partial,23,18,18,0,0,0.99382716049382713,18,0.98148148148148151,1,0.33333333333333331,18,0,1,0.94444444444444442,18,0.83333333333333337,1,17,0.94444444444444442,18,0.83333333333333337,1,17,0,18,0,0,0,0.94444444444444442,0.94444444444444442,0,True,20260911,5000,artifact/task-cluster percentile 95%; degenerate intervals are not population certainty
CODE,original_8k_old_scorer,Qwen/Qwen3-30B-A3B-Thinking-2507,144afc2f379b542fdd4e85a1fcd5e1f79112d95d,native_reason_then_score,original,bare,main,all_valid,ALL,all,80,66,43,23,0,0.98316498316498313,66,0.95454545454545459,1,0.15151515151515152,66,0,0.40909090909090912,0.97674418604651159,43,0.93023255813953487,1,42,0.97674418604651159,43,0.93023255813953487,1,42,0,43,0,0,0,0.98484848484848486,0.98484848484848486,0,True,20260911,5000,artifact/task-cluster percentile 95%; degenerate intervals are not population certainty
CODE,original_8k_old_scorer,Qwen/Qwen3-30B-A3B-Thinking-2507,144afc2f379b542fdd4e85a1fcd5e1f79112d95d,native_reason_then_score,original,bare,main,all_valid,ALL,nontrivial,54,43,43,0,0,0.97416020671834613,43,0.93016795865633073,1,0.23255813953488372,43,0,0.62848837209301478,0.97674418604651159,43,0.93023255813953487,1,42,0.97674418604651159,43,0.93023255813953487,1,42,0,43,0,0,0,0.97674418604651159,0.97674418604651159,0,True,20260911,5000,artifact/task-cluster percentile 95%; degenerate intervals are not population certainty
CODE,original_8k_old_scorer,Qwen/Qwen3-30B-A3B-Thinking-2507,144afc2f379b542fdd4e85a1fcd5e1f79112d95d,native_reason_then_score,original,bare,main,all_valid,ALL,all_pass,26,23,0,23,0,1,23,1,1,0,23,0,0,,0,,,0,,0,,,0,,0,,,0,1,1,,True,20260911,5000,artifact/task-cluster percentile 95%; degenerate intervals are not population certainty
CODE,original_8k_old_scorer,Qwen/Qwen3-30B-A3B-Thinking-2507,144afc2f379b542fdd4e85a1fcd5e1f79112d95d,native_reason_then_score,original,bare,main,all_valid,ALL,all_fail,0,0,0,0,0,,0,,,,0,,,,0,,,0,,0,,,0,,0,,,0,,,,True,20260911,5000,artifact/task-cluster percentile 95%; degenerate intervals are not population certainty
CODE,original_8k_old_scorer,Qwen/Qwen3-30B-A3B-Thinking-2507,144afc2f379b542fdd4e85a1fcd5e1f79112d95d,native_reason_then_score,original,bare,main,all_valid,ALL,partial,23,20,20,0,0,0.98888888888888893,20,0.97222222222222232,1,0.10000000000000001,20,0,0.25,0.94999999999999996,20,0.84999999999999998,1,19,0.94999999999999996,20,0.84999999999999998,1,19,0,20,0,0,0,0.94999999999999996,0.94999999999999996,0,True,20260911,5000,artifact/task-cluster percentile 95%; degenerate intervals are not population certainty
CODE,original_8k_old_scorer,Qwen/Qwen3-30B-A3B-Thinking-2507,144afc2f379b542fdd4e85a1fcd5e1f79112d95d,native_reason_then_score,original,whitespace_union,main,all_valid,ALL,all,80,66,43,23,0,0.98316498316498313,66,0.95454545454545459,1,0.15151515151515152,66,0,0.40909090909090912,0.97674418604651159,43,0.93023255813953487,1,42,0.97674418604651159,43,0.93023255813953487,1,42,0,43,0,0,0,0.98484848484848486,0.98484848484848486,0,True,20260911,5000,artifact/task-cluster percentile 95%; degenerate intervals are not population certainty
CODE,original_8k_old_scorer,Qwen/Qwen3-30B-A3B-Thinking-2507,144afc2f379b542fdd4e85a1fcd5e1f79112d95d,native_reason_then_score,original,whitespace_union,main,all_valid,ALL,nontrivial,54,43,43,0,0,0.97416020671834613,43,0.93016795865633073,1,0.23255813953488372,43,0,0.62848837209301478,0.97674418604651159,43,0.93023255813953487,1,42,0.97674418604651159,43,0.93023255813953487,1,42,0,43,0,0,0,0.97674418604651159,0.97674418604651159,0,True,20260911,5000,artifact/task-cluster percentile 95%; degenerate intervals are not population certainty
CODE,original_8k_old_scorer,Qwen/Qwen3-30B-A3B-Thinking-2507,144afc2f379b542fdd4e85a1fcd5e1f79112d95d,native_reason_then_score,original,whitespace_union,main,all_valid,ALL,all_pass,26,23,0,23,0,1,23,1,1,0,23,0,0,,0,,,0,,0,,,0,,0,,,0,1,1,,True,20260911,5000,artifact/task-cluster percentile 95%; degenerate intervals are not population certainty
CODE,original_8k_old_scorer,Qwen/Qwen3-30B-A3B-Thinking-2507,144afc2f379b542fdd4e85a1fcd5e1f79112d95d,native_reason_then_score,original,whitespace_union,main,all_valid,ALL,all_fail,0,0,0,0,0,,0,,,,0,,,,0,,,0,,0,,,0,,0,,,0,,,,True,20260911,5000,artifact/task-cluster percentile 95%; degenerate intervals are not population certainty
CODE,original_8k_old_scorer,Qwen/Qwen3-30B-A3B-Thinking-2507,144afc2f379b542fdd4e85a1fcd5e1f79112d95d,native_reason_then_score,original,whitespace_union,main,all_valid,ALL,partial,23,20,20,0,0,0.98888888888888893,20,0.97222222222222232,1,0.10000000000000001,20,0,0.25,0.94999999999999996,20,0.84999999999999998,1,19,0.94999999999999996,20,0.84999999999999998,1,19,0,20,0,0,0,0.94999999999999996,0.94999999999999996,0,True,20260911,5000,artifact/task-cluster percentile 95%; degenerate intervals are not population certainty
CODE,original_8k_old_scorer,google/gemma-2-9b-it,11c9b309abf73637e4b6f9a3fa1e92e615547819,immediate_readout,explicit,bare,main,all_valid,ALL,all,80,80,54,26,0,0.50833333333333341,80,0.43333333333333329,0.58194444444444438,3.8125,80,3.0874999999999999,4.5625,0.68518518518518523,54,0.55555555555555558,0.79629629629629628,37,0.31481481481481483,54,0.20370370370370369,0.44444444444444442,17,0.37037037037037035,54,0.24074074074074073,0.5,20,0.78749999999999998,0.53749999999999998,0.54054054054054057,True,20260911,5000,artifact/task-cluster percentile 95%; degenerate intervals are not population certainty
CODE,original_8k_old_scorer,google/gemma-2-9b-it,11c9b309abf73637e4b6f9a3fa1e92e615547819,immediate_readout,explicit,bare,main,all_valid,ALL,nontrivial,54,54,54,0,0,0.37242798353909451,54,0.30658436213991763,0.43827160493827155,4.1851851851851851,54,3.3333333333333335,5.0555555555555554,0.68518518518518523,54,0.55555555555555558,0.79629629629629628,37,0.31481481481481483,54,0.20370370370370369,0.44444444444444442,17,0.37037037037037035,54,0.24074074074074073,0.5,20,0.68518518518518523,0.31481481481481483,0.54054054054054057,True,20260911,5000,artifact/task-cluster percentile 95%; degenerate intervals are not population certainty
CODE,original_8k_old_scorer,google/gemma-2-9b-it,11c9b309abf73637e4b6f9a3fa1e92e615547819,immediate_readout,explicit,bare,main,all_valid,ALL,all_pass,26,26,0,26,0,0.79059829059829068,26,0.65811965811965811,0.91025641025641013,3.0384615384615383,26,1.7307692307692308,4.4230769230769234,,0,,,0,,0,,,0,,0,,,0,1,1,,True,20260911,5000,artifact/task-cluster percentile 95%; degenerate intervals are not population certainty
CODE,original_8k_old_scorer,google/gemma-2-9b-it,11c9b309abf73637e4b6f9a3fa1e92e615547819,immediate_readout,explicit,bare,main,all_valid,ALL,all_fail,0,0,0,0,0,,0,,,,0,,,,0,,,0,,0,,,0,,0,,,0,,,,True,20260911,5000,artifact/task-cluster percentile 95%; degenerate intervals are not population certainty
CODE,original_8k_old_scorer,google/gemma-2-9b-it,11c9b309abf73637e4b6f9a3fa1e92e615547819,immediate_readout,explicit,bare,main,all_valid,ALL,partial,23,23,23,0,0,0.45893719806763278,23,0.3671497584541063,0.55555555555555547,4.5217391304347823,23,3.5217391304347827,5.4782608695652177,0.30434782608695654,23,0.13043478260869565,0.47934782608694071,7,0.13043478260869565,23,0,0.30434782608695654,3,0.17391304347826086,23,0.043478260869565216,0.34782608695652173,4,0.30434782608695654,0.13043478260869565,0.5714285714285714,True,20260911,5000,artifact/task-cluster percentile 95%; degenerate intervals are not population certainty
CODE,original_8k_old_scorer,google/gemma-2-9b-it,11c9b309abf73637e4b6f9a3fa1e92e615547819,immediate_readout,explicit,whitespace_union,main,all_valid,ALL,all,80,80,54,26,0,0.50833333333333341,80,0.43333333333333329,0.58194444444444438,3.8125,80,3.0874999999999999,4.5625,0.70370370370370372,54,0.57407407407407407,0.81481481481481477,38,0.33333333333333331,54,0.20370370370370369,0.46296296296296297,18,0.37037037037037035,54,0.24074074074074073,0.5,20,0.80000000000000004,0.55000000000000004,0.52631578947368418,True,20260911,5000,artifact/task-cluster percentile 95%; degenerate intervals are not population certainty
CODE,original_8k_old_scorer,google/gemma-2-9b-it,11c9b309abf73637e4b6f9a3fa1e92e615547819,immediate_readout,explicit,whitespace_union,main,all_valid,ALL,nontrivial,54,54,54,0,0,0.37242798353909451,54,0.30658436213991763,0.43827160493827155,4.1851851851851851,54,3.3333333333333335,5.0555555555555554,0.70370370370370372,54,0.57407407407407407,0.81481481481481477,38,0.33333333333333331,54,0.20370370370370369,0.46296296296296297,18,0.37037037037037035,54,0.24074074074074073,0.5,20,0.70370370370370372,0.33333333333333331,0.52631578947368418,True,20260911,5000,artifact/task-cluster percentile 95%; degenerate intervals are not population certainty
CODE,original_8k_old_scorer,google/gemma-2-9b-it,11c9b309abf73637e4b6f9a3fa1e92e615547819,immediate_readout,explicit,whitespace_union,main,all_valid,ALL,all_pass,26,26,0,26,0,0.79059829059829068,26,0.65811965811965811,0.91025641025641013,3.0384615384615383,26,1.7307692307692308,4.4230769230769234,,0,,,0,,0,,,0,,0,,,0,1,1,,True,20260911,5000,artifact/task-cluster percentile 95%; degenerate intervals are not population certainty
CODE,original_8k_old_scorer,google/gemma-2-9b-it,11c9b309abf73637e4b6f9a3fa1e92e615547819,immediate_readout,explicit,whitespace_union,main,all_valid,ALL,all_fail,0,0,0,0,0,,0,,,,0,,,,0,,,0,,0,,,0,,0,,,0,,,,True,20260911,5000,artifact/task-cluster percentile 95%; degenerate intervals are not population certainty
CODE,original_8k_old_scorer,google/gemma-2-9b-it,11c9b309abf73637e4b6f9a3fa1e92e615547819,immediate_readout,explicit,whitespace_union,main,all_valid,ALL,partial,23,23,23,0,0,0.45893719806763278,23,0.3671497584541063,0.55555555555555547,4.5217391304347823,23,3.5217391304347827,5.4782608695652177,0.34782608695652173,23,0.17391304347826086,0.56521739130434778,8,0.17391304347826086,23,0.043478260869565216,0.34782608695652173,4,0.17391304347826086,23,0.043478260869565216,0.34782608695652173,4,0.34782608695652173,0.17391304347826086,0.5,True,20260911,5000,artifact/task-cluster percentile 95%; degenerate intervals are not population certainty
CODE,original_8k_old_scorer,google/gemma-2-9b-it,11c9b309abf73637e4b6f9a3fa1e92e615547819,immediate_readout,original,bare,main,all_valid,ALL,all,80,80,54,26,0,0.47916666666666663,80,0.39579861111111109,0.56527777777777766,4.3875000000000002,80,3.6000000000000001,5.1749999999999998,0.092592592592592587,54,0.018518518518518517,0.16666666666666666,5,0.037037037037037035,54,0,0.092592592592592587,2,0.055555555555555552,54,0,0.1111111111111111,3,0.38750000000000001,0.34999999999999998,0.59999999999999998,True,20260911,5000,artifact/task-cluster percentile 95%; degenerate intervals are not population certainty
CODE,original_8k_old_scorer,google/gemma-2-9b-it,11c9b309abf73637e4b6f9a3fa1e92e615547819,immediate_readout,original,bare,main,all_valid,ALL,nontrivial,54,54,54,0,0,0.31687242798353904,54,0.24279835390946503,0.39300411522633738,5.6851851851851851,54,4.9074074074074074,6.4259259259259256,0.092592592592592587,54,0.018518518518518517,0.16666666666666666,5,0.037037037037037035,54,0,0.092592592592592587,2,0.055555555555555552,54,0,0.1111111111111111,3,0.092592592592592587,0.037037037037037035,0.59999999999999998,True,20260911,5000,artifact/task-cluster percentile 95%; degenerate intervals are not population certainty
CODE,original_8k_old_scorer,google/gemma-2-9b-it,11c9b309abf73637e4b6f9a3fa1e92e615547819,immediate_readout,original,bare,main,all_valid,ALL,all_pass,26,26,0,26,0,0.81623931623931623,26,0.66239316239316237,0.96153846153846156,1.6923076923076923,26,0.34615384615384615,3.0769230769230771,,0,,,0,,0,,,0,,0,,,0,1,1,,True,20260911,5000,artifact/task-cluster percentile 95%; degenerate intervals are not population certainty
CODE,original_8k_old_scorer,google/gemma-2-9b-it,11c9b309abf73637e4b6f9a3fa1e92e615547819,immediate_readout,original,bare,main,all_valid,ALL,all_fail,0,0,0,0,0,,0,,,,0,,,,0,,,0,,0,,,0,,0,,,0,,,,True,20260911,5000,artifact/task-cluster percentile 95%; degenerate intervals are not population certainty
CODE,original_8k_old_scorer,google/gemma-2-9b-it,11c9b309abf73637e4b6f9a3fa1e92e615547819,immediate_readout,original,bare,main,all_valid,ALL,partial,23,23,23,0,0,0.47342995169082125,23,0.36231884057971009,0.58454106280193241,4.7826086956521738,23,3.7826086956521738,5.7826086956521738,0.13043478260869565,23,0,0.2608695652173913,3,0.043478260869565216,23,0,0.13043478260869565,1,0.086956521739130432,23,0,0.21739130434782608,2,0.13043478260869565,0.043478260869565216,0.66666666666666663,True,20260911,5000,artifact/task-cluster percentile 95%; degenerate intervals are not population certainty
CODE,original_8k_old_scorer,google/gemma-2-9b-it,11c9b309abf73637e4b6f9a3fa1e92e615547819,immediate_readout,original,whitespace_union,main,all_valid,ALL,all,80,80,54,26,0,0.47777777777777769,80,0.3930555555555556,0.56388888888888888,4.3875000000000002,80,3.6000000000000001,5.1749999999999998,0.092592592592592587,54,0.018518518518518517,0.16666666666666666,5,0.037037037037037035,54,0,0.092592592592592587,2,0.055555555555555552,54,0,0.1111111111111111,3,0.38750000000000001,0.34999999999999998,0.59999999999999998,True,20260911,5000,artifact/task-cluster percentile 95%; degenerate intervals are not population certainty
CODE,original_8k_old_scorer,google/gemma-2-9b-it,11c9b309abf73637e4b6f9a3fa1e92e615547819,immediate_readout,original,whitespace_union,main,all_valid,ALL,nontrivial,54,54,54,0,0,0.31687242798353904,54,0.24279835390946503,0.39300411522633738,5.6851851851851851,54,4.9074074074074074,6.4259259259259256,0.092592592592592587,54,0.018518518518518517,0.16666666666666666,5,0.037037037037037035,54,0,0.092592592592592587,2,0.055555555555555552,54,0,0.1111111111111111,3,0.092592592592592587,0.037037037037037035,0.59999999999999998,True,20260911,5000,artifact/task-cluster percentile 95%; degenerate intervals are not population certainty
CODE,original_8k_old_scorer,google/gemma-2-9b-it,11c9b309abf73637e4b6f9a3fa1e92e615547819,immediate_readout,original,whitespace_union,main,all_valid,ALL,all_pass,26,26,0,26,0,0.81196581196581197,26,0.65811965811965811,0.96153846153846156,1.6923076923076923,26,0.34615384615384615,3.0769230769230771,,0,,,0,,0,,,0,,0,,,0,1,1,,True,20260911,5000,artifact/task-cluster percentile 95%; degenerate intervals are not population certainty
CODE,original_8k_old_scorer,google/gemma-2-9b-it,11c9b309abf73637e4b6f9a3fa1e92e615547819,immediate_readout,original,whitespace_union,main,all_valid,ALL,all_fail,0,0,0,0,0,,0,,,,0,,,,0,,,0,,0,,,0,,0,,,0,,,,True,20260911,5000,artifact/task-cluster percentile 95%; degenerate intervals are not population certainty
CODE,original_8k_old_scorer,google/gemma-2-9b-it,11c9b309abf73637e4b6f9a3fa1e92e615547819,immediate_readout,original,whitespace_union,main,all_valid,ALL,partial,23,23,23,0,0,0.47342995169082125,23,0.36231884057971009,0.58454106280193241,4.7826086956521738,23,3.7826086956521738,5.7826086956521738,0.13043478260869565,23,0,0.2608695652173913,3,0.043478260869565216,23,0,0.13043478260869565,1,0.086956521739130432,23,0,0.21739130434782608,2,0.13043478260869565,0.043478260869565216,0.66666666666666663,True,20260911,5000,artifact/task-cluster percentile 95%; degenerate intervals are not population certainty
CODE,original_8k_old_scorer,meta-llama/Llama-3.1-8B-Instruct,0e9e39f249a16976918f6564b8830bc894c89659,immediate_readout,explicit,bare,main,all_valid,ALL,all,80,80,54,26,0,0.54722222222222217,80,0.47499999999999998,0.61805555555555558,3.7875000000000001,80,3.0625,4.5125000000000002,0.7592592592592593,54,0.64814814814814814,0.87037037037037035,41,0.66666666666666663,54,0.53703703703703709,0.79629629629629628,36,0.092592592592592587,54,0.018518518518518517,0.16666666666666666,5,0.83750000000000002,0.77500000000000002,0.12195121951219512,True,20260911,5000,artifact/task-cluster percentile 95%; degenerate intervals are not population certainty
CODE,original_8k_old_scorer,meta-llama/Llama-3.1-8B-Instruct,0e9e39f249a16976918f6564b8830bc894c89659,immediate_readout,explicit,bare,main,all_valid,ALL,nontrivial,54,54,54,0,0,0.46090534979423869,54,0.38271604938271614,0.54115226337448563,4.0185185185185182,54,3.1666666666666665,4.8518518518518521,0.7592592592592593,54,0.64814814814814814,0.87037037037037035,41,0.66666666666666663,54,0.53703703703703709,0.79629629629629628,36,0.092592592592592587,54,0.018518518518518517,0.16666666666666666,5,0.7592592592592593,0.66666666666666663,0.12195121951219512,True,20260911,5000,artifact/task-cluster percentile 95%; degenerate intervals are not population certainty
CODE,original_8k_old_scorer,meta-llama/Llama-3.1-8B-Instruct,0e9e39f249a16976918f6564b8830bc894c89659,immediate_readout,explicit,bare,main,all_valid,ALL,all_pass,26,26,0,26,0,0.72649572649572636,26,0.60683760683760679,0.84188034188034189,3.3076923076923075,26,2,4.615384615384615,,0,,,0,,0,,,0,,0,,,0,1,1,,True,20260911,5000,artifact/task-cluster percentile 95%; degenerate intervals are not population certainty
CODE,original_8k_old_scorer,meta-llama/Llama-3.1-8B-Instruct,0e9e39f249a16976918f6564b8830bc894c89659,immediate_readout,explicit,bare,main,all_valid,ALL,all_fail,0,0,0,0,0,,0,,,,0,,,,0,,,0,,0,,,0,,0,,,0,,,,True,20260911,5000,artifact/task-cluster percentile 95%; degenerate intervals are not population certainty
CODE,original_8k_old_scorer,meta-llama/Llama-3.1-8B-Instruct,0e9e39f249a16976918f6564b8830bc894c89659,immediate_readout,explicit,bare,main,all_valid,ALL,partial,23,23,23,0,0,0.59903381642512077,23,0.50724637681159412,0.68599033816425137,3.0434782608695654,23,2.0869565217391304,4.0434782608695654,0.43478260869565216,23,0.2608695652173913,0.65217391304347827,10,0.2608695652173913,23,0.086956521739130432,0.43478260869565216,6,0.17391304347826086,23,0.043478260869565216,0.34782608695652173,4,0.43478260869565216,0.2608695652173913,0.40000000000000002,True,20260911,5000,artifact/task-cluster percentile 95%; degenerate intervals are not population certainty
CODE,original_8k_old_scorer,meta-llama/Llama-3.1-8B-Instruct,0e9e39f249a16976918f6564b8830bc894c89659,immediate_readout,explicit,whitespace_union,main,all_valid,ALL,all,80,80,54,26,0,0.5541666666666667,80,0.47916666666666663,0.62916666666666665,3.6749999999999998,80,2.9500000000000002,4.4000000000000004,0.79629629629629628,54,0.68518518518518523,0.88935185185184507,43,0.68518518518518523,54,0.55555555555555558,0.79629629629629628,37,0.1111111111111111,54,0.037037037037037035,0.20370370370370369,6,0.86250000000000004,0.78749999999999998,0.13953488372093023,True,20260911,5000,artifact/task-cluster percentile 95%; degenerate intervals are not population certainty
CODE,original_8k_old_scorer,meta-llama/Llama-3.1-8B-Instruct,0e9e39f249a16976918f6564b8830bc894c89659,immediate_readout,explicit,whitespace_union,main,all_valid,ALL,nontrivial,54,54,54,0,0,0.51028806584362141,54,0.42592592592592593,0.59465020576131689,3.6481481481481484,54,2.8148148148148149,4.4814814814814818,0.79629629629629628,54,0.68518518518518523,0.88935185185184507,43,0.68518518518518523,54,0.55555555555555558,0.79629629629629628,37,0.1111111111111111,54,0.037037037037037035,0.20370370370370369,6,0.79629629629629628,0.68518518518518523,0.13953488372093023,True,20260911,5000,artifact/task-cluster percentile 95%; degenerate intervals are not population certainty
CODE,original_8k_old_scorer,meta-llama/Llama-3.1-8B-Instruct,0e9e39f249a16976918f6564b8830bc894c89659,immediate_readout,explicit,whitespace_union,main,all_valid,ALL,all_pass,26,26,0,26,0,0.64529914529914534,26,0.50427350427350437,0.78205128205128205,3.7307692307692308,26,2.3846153846153846,5.115384615384615,,0,,,0,,0,,,0,,0,,,0,1,1,,True,20260911,5000,artifact/task-cluster percentile 95%; degenerate intervals are not population certainty
CODE,original_8k_old_scorer,meta-llama/Llama-3.1-8B-Instruct,0e9e39f249a16976918f6564b8830bc894c89659,immediate_readout,explicit,whitespace_union,main,all_valid,ALL,all_fail,0,0,0,0,0,,0,,,,0,,,,0,,,0,,0,,,0,,0,,,0,,,,True,20260911,5000,artifact/task-cluster percentile 95%; degenerate intervals are not population certainty
CODE,original_8k_old_scorer,meta-llama/Llama-3.1-8B-Instruct,0e9e39f249a16976918f6564b8830bc894c89659,immediate_readout,explicit,whitespace_union,main,all_valid,ALL,partial,23,23,23,0,0,0.59903381642512088,23,0.48792270531400972,0.70531400966183566,3.0869565217391304,23,2.0434782608695654,4.1304347826086953,0.52173913043478259,23,0.30434782608695654,0.73913043478260865,12,0.30434782608695654,23,0.13043478260869565,0.52173913043478259,7,0.21739130434782608,23,0.043478260869565216,0.39130434782608697,5,0.52173913043478259,0.30434782608695654,0.41666666666666669,True,20260911,5000,artifact/task-cluster percentile 95%; degenerate intervals are not population certainty
CODE,original_8k_old_scorer,meta-llama/Llama-3.1-8B-Instruct,0e9e39f249a16976918f6564b8830bc894c89659,immediate_readout,original,bare,main,all_valid,ALL,all,80,80,54,26,0,0.57222222222222219,80,0.48888888888888893,0.6513888888888888,4.3499999999999996,80,3.5625,5.1500000000000004,0,54,0,0,0,0,54,0,0,0,0,54,0,0,0,0.32500000000000001,0.32500000000000001,,True,20260911,5000,artifact/task-cluster percentile 95%; degenerate intervals are not population certainty
CODE,original_8k_old_scorer,meta-llama/Llama-3.1-8B-Instruct,0e9e39f249a16976918f6564b8830bc894c89659,immediate_readout,original,bare,main,all_valid,ALL,nontrivial,54,54,54,0,0,0.50617283950617287,54,0.41152263374485593,0.5967078189300411,3.1111111111111112,54,2.4074074074074074,3.8703703703703702,0,54,0,0,0,0,54,0,0,0,0,54,0,0,0,0,0,,True,20260911,5000,artifact/task-cluster percentile 95%; degenerate intervals are not population certainty
CODE,original_8k_old_scorer,meta-llama/Llama-3.1-8B-Instruct,0e9e39f249a16976918f6564b8830bc894c89659,immediate_readout,original,bare,main,all_valid,ALL,all_pass,26,26,0,26,0,0.70940170940170932,26,0.5641025641025641,0.83771367521367368,6.9230769230769234,26,5.5384615384615383,8.3076923076923084,,0,,,0,,0,,,0,,0,,,0,1,1,,True,20260911,5000,artifact/task-cluster percentile 95%; degenerate intervals are not population certainty
CODE,original_8k_old_scorer,meta-llama/Llama-3.1-8B-Instruct,0e9e39f249a16976918f6564b8830bc894c89659,immediate_readout,original,bare,main,all_valid,ALL,all_fail,0,0,0,0,0,,0,,,,0,,,,0,,,0,,0,,,0,,0,,,0,,,,True,20260911,5000,artifact/task-cluster percentile 95%; degenerate intervals are not population certainty
CODE,original_8k_old_scorer,meta-llama/Llama-3.1-8B-Instruct,0e9e39f249a16976918f6564b8830bc894c89659,immediate_readout,original,bare,main,all_valid,ALL,partial,23,23,23,0,0,0.35265700483091778,23,0.2657004830917874,0.44444444444444425,5.6521739130434785,23,4.7391304347826084,6.5217391304347823,0,23,0,0,0,0,23,0,0,0,0,23,0,0,0,0,0,,True,20260911,5000,artifact/task-cluster percentile 95%; degenerate intervals are not population certainty
CODE,original_8k_old_scorer,meta-llama/Llama-3.1-8B-Instruct,0e9e39f249a16976918f6564b8830bc894c89659,immediate_readout,original,whitespace_union,main,all_valid,ALL,all,80,80,54,26,0,0.56527777777777777,80,0.48472222222222222,0.64027777777777772,4.5750000000000002,80,3.7875000000000001,5.3499999999999996,0,54,0,0,0,0,54,0,0,0,0,54,0,0,0,0.32500000000000001,0.32500000000000001,,True,20260911,5000,artifact/task-cluster percentile 95%; degenerate intervals are not population certainty
CODE,original_8k_old_scorer,meta-llama/Llama-3.1-8B-Instruct,0e9e39f249a16976918f6564b8830bc894c89659,immediate_readout,original,whitespace_union,main,all_valid,ALL,nontrivial,54,54,54,0,0,0.51646090534979427,54,0.42592592592592593,0.60288065843621397,3.1111111111111112,54,2.4074074074074074,3.8703703703703702,0,54,0,0,0,0,54,0,0,0,0,54,0,0,0,0,0,,True,20260911,5000,artifact/task-cluster percentile 95%; degenerate intervals are not population certainty
CODE,original_8k_old_scorer,meta-llama/Llama-3.1-8B-Instruct,0e9e39f249a16976918f6564b8830bc894c89659,immediate_readout,original,whitespace_union,main,all_valid,ALL,all_pass,26,26,0,26,0,0.66666666666666663,26,0.52564102564102566,0.79487179487179493,7.615384615384615,26,6.2307692307692308,8.6538461538461533,,0,,,0,,0,,,0,,0,,,0,1,1,,True,20260911,5000,artifact/task-cluster percentile 95%; degenerate intervals are not population certainty
CODE,original_8k_old_scorer,meta-llama/Llama-3.1-8B-Instruct,0e9e39f249a16976918f6564b8830bc894c89659,immediate_readout,original,whitespace_union,main,all_valid,ALL,all_fail,0,0,0,0,0,,0,,,,0,,,,0,,,0,,0,,,0,,0,,,0,,,,True,20260911,5000,artifact/task-cluster percentile 95%; degenerate intervals are not population certainty
CODE,original_8k_old_scorer,meta-llama/Llama-3.1-8B-Instruct,0e9e39f249a16976918f6564b8830bc894c89659,immediate_readout,original,whitespace_union,main,all_valid,ALL,partial,23,23,23,0,0,0.34299516908212552,23,0.2608695652173913,0.42995169082125584,5.6521739130434785,23,4.7391304347826084,6.5217391304347823,0,23,0,0,0,0,23,0,0,0,0,23,0,0,0,0,0,,True,20260911,5000,artifact/task-cluster percentile 95%; degenerate intervals are not population certainty
CODE,original_8k_old_scorer,mistralai/Mistral-7B-Instruct-v0.3,c170c708c41dac9275d15a8fff4eca08d52bab71,immediate_readout,explicit,bare,main,all_valid,ALL,all,80,80,54,26,0,0.53333333333333333,80,0.44722222222222224,0.61944444444444435,4.1875,80,3.4125000000000001,4.9625000000000004,0.20370370370370369,54,0.1111111111111111,0.31481481481481483,11,0.1111111111111111,54,0.037037037037037035,0.20370370370370369,6,0.092592592592592587,54,0.018518518518518517,0.18518518518518517,5,0.46250000000000002,0.40000000000000002,0.45454545454545453,True,20260911,5000,artifact/task-cluster percentile 95%; degenerate intervals are not population certainty
CODE,original_8k_old_scorer,mistralai/Mistral-7B-Instruct-v0.3,c170c708c41dac9275d15a8fff4eca08d52bab71,immediate_readout,explicit,bare,main,all_valid,ALL,nontrivial,54,54,54,0,0,0.33744855967078186,54,0.25925925925925924,0.41975308641975312,5.9444444444444446,54,5.1851851851851851,6.6481481481481479,0.20370370370370369,54,0.1111111111111111,0.31481481481481483,11,0.1111111111111111,54,0.037037037037037035,0.20370370370370369,6,0.092592592592592587,54,0.018518518518518517,0.18518518518518517,5,0.20370370370370369,0.1111111111111111,0.45454545454545453,True,20260911,5000,artifact/task-cluster percentile 95%; degenerate intervals are not population certainty
CODE,original_8k_old_scorer,mistralai/Mistral-7B-Instruct-v0.3,c170c708c41dac9275d15a8fff4eca08d52bab71,immediate_readout,explicit,bare,main,all_valid,ALL,all_pass,26,26,0,26,0,0.94017094017094016,26,0.84615384615384615,1,0.53846153846153844,26,0,1.3846153846153846,,0,,,0,,0,,,0,,0,,,0,1,1,,True,20260911,5000,artifact/task-cluster percentile 95%; degenerate intervals are not population certainty
CODE,original_8k_old_scorer,mistralai/Mistral-7B-Instruct-v0.3,c170c708c41dac9275d15a8fff4eca08d52bab71,immediate_readout,explicit,bare,main,all_valid,ALL,all_fail,0,0,0,0,0,,0,,,,0,,,,0,,,0,,0,,,0,,0,,,0,,,,True,20260911,5000,artifact/task-cluster percentile 95%; degenerate intervals are not population certainty
CODE,original_8k_old_scorer,mistralai/Mistral-7B-Instruct-v0.3,c170c708c41dac9275d15a8fff4eca08d52bab71,immediate_readout,explicit,bare,main,all_valid,ALL,partial,23,23,23,0,0,0.60869565217391308,23,0.50724637681159412,0.70543478260869408,3.5217391304347827,23,2.6510869565217394,4.4347826086956523,0.21739130434782608,23,0.086956521739130432,0.39130434782608697,5,0.13043478260869565,23,0,0.30434782608695654,3,0.086956521739130432,23,0,0.21739130434782608,2,0.21739130434782608,0.13043478260869565,0.40000000000000002,True,20260911,5000,artifact/task-cluster percentile 95%; degenerate intervals are not population certainty
CODE,original_8k_old_scorer,mistralai/Mistral-7B-Instruct-v0.3,c170c708c41dac9275d15a8fff4eca08d52bab71,immediate_readout,explicit,whitespace_union,main,all_valid,ALL,all,80,80,54,26,0,0.53333333333333333,80,0.44722222222222224,0.61944444444444435,4.1875,80,3.4125000000000001,4.9625000000000004,0.20370370370370369,54,0.1111111111111111,0.31481481481481483,11,0.1111111111111111,54,0.037037037037037035,0.20370370370370369,6,0.092592592592592587,54,0.018518518518518517,0.18518518518518517,5,0.46250000000000002,0.40000000000000002,0.45454545454545453,True,20260911,5000,artifact/task-cluster percentile 95%; degenerate intervals are not population certainty
CODE,original_8k_old_scorer,mistralai/Mistral-7B-Instruct-v0.3,c170c708c41dac9275d15a8fff4eca08d52bab71,immediate_readout,explicit,whitespace_union,main,all_valid,ALL,nontrivial,54,54,54,0,0,0.33744855967078186,54,0.25925925925925924,0.41975308641975312,5.9444444444444446,54,5.1851851851851851,6.6481481481481479,0.20370370370370369,54,0.1111111111111111,0.31481481481481483,11,0.1111111111111111,54,0.037037037037037035,0.20370370370370369,6,0.092592592592592587,54,0.018518518518518517,0.18518518518518517,5,0.20370370370370369,0.1111111111111111,0.45454545454545453,True,20260911,5000,artifact/task-cluster percentile 95%; degenerate intervals are not population certainty
CODE,original_8k_old_scorer,mistralai/Mistral-7B-Instruct-v0.3,c170c708c41dac9275d15a8fff4eca08d52bab71,immediate_readout,explicit,whitespace_union,main,all_valid,ALL,all_pass,26,26,0,26,0,0.94017094017094016,26,0.84615384615384615,1,0.53846153846153844,26,0,1.3846153846153846,,0,,,0,,0,,,0,,0,,,0,1,1,,True,20260911,5000,artifact/task-cluster percentile 95%; degenerate intervals are not population certainty
CODE,original_8k_old_scorer,mistralai/Mistral-7B-Instruct-v0.3,c170c708c41dac9275d15a8fff4eca08d52bab71,immediate_readout,explicit,whitespace_union,main,all_valid,ALL,all_fail,0,0,0,0,0,,0,,,,0,,,,0,,,0,,0,,,0,,0,,,0,,,,True,20260911,5000,artifact/task-cluster percentile 95%; degenerate intervals are not population certainty
CODE,original_8k_old_scorer,mistralai/Mistral-7B-Instruct-v0.3,c170c708c41dac9275d15a8fff4eca08d52bab71,immediate_readout,explicit,whitespace_union,main,all_valid,ALL,partial,23,23,23,0,0,0.60869565217391308,23,0.50724637681159412,0.70543478260869408,3.5217391304347827,23,2.6510869565217394,4.4347826086956523,0.21739130434782608,23,0.086956521739130432,0.39130434782608697,5,0.13043478260869565,23,0,0.30434782608695654,3,0.086956521739130432,23,0,0.21739130434782608,2,0.21739130434782608,0.13043478260869565,0.40000000000000002,True,20260911,5000,artifact/task-cluster percentile 95%; degenerate intervals are not population certainty
CODE,original_8k_old_scorer,mistralai/Mistral-7B-Instruct-v0.3,c170c708c41dac9275d15a8fff4eca08d52bab71,immediate_readout,original,bare,main,all_valid,ALL,all,80,80,54,26,0,0.44722222222222224,80,0.37083333333333335,0.52361111111111103,4.9124999999999996,80,4.1246875000000003,5.6875,0,54,0,0,0,0,54,0,0,0,0,54,0,0,0,0.32500000000000001,0.32500000000000001,,True,20260911,5000,artifact/task-cluster percentile 95%; degenerate intervals are not population certainty
CODE,original_8k_old_scorer,mistralai/Mistral-7B-Instruct-v0.3,c170c708c41dac9275d15a8fff4eca08d52bab71,immediate_readout,original,bare,main,all_valid,ALL,nontrivial,54,54,54,0,0,0.26543209876543211,54,0.20164609053497942,0.32921810699588477,3.2777777777777777,54,2.5370370370370372,4.0555555555555554,0,54,0,0,0,0,54,0,0,0,0,54,0,0,0,0,0,,True,20260911,5000,artifact/task-cluster percentile 95%; degenerate intervals are not population certainty
CODE,original_8k_old_scorer,mistralai/Mistral-7B-Instruct-v0.3,c170c708c41dac9275d15a8fff4eca08d52bab71,immediate_readout,original,bare,main,all_valid,ALL,all_pass,26,26,0,26,0,0.82478632478632474,26,0.72649572649572647,0.89743589743589758,8.3076923076923084,26,7.2692307692307692,9,,0,,,0,,0,,,0,,0,,,0,1,1,,True,20260911,5000,artifact/task-cluster percentile 95%; degenerate intervals are not population certainty
CODE,original_8k_old_scorer,mistralai/Mistral-7B-Instruct-v0.3,c170c708c41dac9275d15a8fff4eca08d52bab71,immediate_readout,original,bare,main,all_valid,ALL,all_fail,0,0,0,0,0,,0,,,,0,,,,0,,,0,,0,,,0,,0,,,0,,,,True,20260911,5000,artifact/task-cluster percentile 95%; degenerate intervals are not population certainty
CODE,original_8k_old_scorer,mistralai/Mistral-7B-Instruct-v0.3,c170c708c41dac9275d15a8fff4eca08d52bab71,immediate_readout,original,bare,main,all_valid,ALL,partial,23,23,23,0,0,0.41545893719806765,23,0.323671497584541,0.51207729468599017,5.4347826086956523,23,4.4782608695652177,6.3478260869565215,0,23,0,0,0,0,23,0,0,0,0,23,0,0,0,0,0,,True,20260911,5000,artifact/task-cluster percentile 95%; degenerate intervals are not population certainty
CODE,original_8k_old_scorer,mistralai/Mistral-7B-Instruct-v0.3,c170c708c41dac9275d15a8fff4eca08d52bab71,immediate_readout,original,whitespace_union,main,all_valid,ALL,all,80,80,54,26,0,0.47361111111111115,80,0.38888888888888884,0.56111111111111112,3.9874999999999998,80,3.2124999999999999,4.7999999999999998,0,54,0,0,0,0,54,0,0,0,0,54,0,0,0,0.32500000000000001,0.32500000000000001,,True,20260911,5000,artifact/task-cluster percentile 95%; degenerate intervals are not population certainty
CODE,original_8k_old_scorer,mistralai/Mistral-7B-Instruct-v0.3,c170c708c41dac9275d15a8fff4eca08d52bab71,immediate_readout,original,whitespace_union,main,all_valid,ALL,nontrivial,54,54,54,0,0,0.26337448559670779,54,0.19135802469135801,0.34156378600823051,3.7407407407407409,54,2.9444444444444446,4.5560185185185116,0,54,0,0,0,0,54,0,0,0,0,54,0,0,0,0,0,,True,20260911,5000,artifact/task-cluster percentile 95%; degenerate intervals are not population certainty
CODE,original_8k_old_scorer,mistralai/Mistral-7B-Instruct-v0.3,c170c708c41dac9275d15a8fff4eca08d52bab71,immediate_readout,original,whitespace_union,main,all_valid,ALL,all_pass,26,26,0,26,0,0.91025641025641013,26,0.82478632478632474,0.96581196581196571,4.5,26,2.7692307692307692,6.2307692307692308,,0,,,0,,0,,,0,,0,,,0,1,1,,True,20260911,5000,artifact/task-cluster percentile 95%; degenerate intervals are not population certainty
CODE,original_8k_old_scorer,mistralai/Mistral-7B-Instruct-v0.3,c170c708c41dac9275d15a8fff4eca08d52bab71,immediate_readout,original,whitespace_union,main,all_valid,ALL,all_fail,0,0,0,0,0,,0,,,,0,,,,0,,,0,,0,,,0,,0,,,0,,,,True,20260911,5000,artifact/task-cluster percentile 95%; degenerate intervals are not population certainty
CODE,original_8k_old_scorer,mistralai/Mistral-7B-Instruct-v0.3,c170c708c41dac9275d15a8fff4eca08d52bab71,immediate_readout,original,whitespace_union,main,all_valid,ALL,partial,23,23,23,0,0,0.51207729468599028,23,0.41050724637681152,0.61352657004830924,5.3043478260869561,23,4.3478260869565215,6.2173913043478262,0,23,0,0,0,0,23,0,0,0,0,23,0,0,0,0,0,,True,20260911,5000,artifact/task-cluster percentile 95%; degenerate intervals are not population certainty
CODE,original_8k_shared_prefix_scorer,Qwen/Qwen2.5-14B-Instruct,cf98f3b3bbb457ad9e2bb7baf9a0125b6b88caa8,immediate_readout,explicit,bare,main,all_valid,ALL,all,80,80,54,26,0,0.74166666666666659,80,0.67222222222222228,0.80416666666666681,2.3624999999999998,80,1.7625,2.9874999999999998,0.87037037037037035,54,0.77777777777777779,0.94444444444444442,47,0.81481481481481477,54,0.70370370370370372,0.90740740740740744,44,0.055555555555555552,54,0,0.12962962962962962,3,0.91249999999999998,0.875,0.063829787234042548,True,20260911,5000,artifact/task-cluster percentile 95%; degenerate intervals are not population certainty
CODE,original_8k_shared_prefix_scorer,Qwen/Qwen2.5-14B-Instruct,cf98f3b3bbb457ad9e2bb7baf9a0125b6b88caa8,immediate_readout,explicit,bare,main,all_valid,ALL,nontrivial,54,54,54,0,0,0.7325102880658434,54,0.65226337448559668,0.80864197530864201,2.2407407407407409,54,1.5555555555555556,2.9444444444444446,0.87037037037037035,54,0.77777777777777779,0.94444444444444442,47,0.81481481481481477,54,0.70370370370370372,0.90740740740740744,44,0.055555555555555552,54,0,0.12962962962962962,3,0.87037037037037035,0.81481481481481477,0.063829787234042548,True,20260911,5000,artifact/task-cluster percentile 95%; degenerate intervals are not population certainty
CODE,original_8k_shared_prefix_scorer,Qwen/Qwen2.5-14B-Instruct,cf98f3b3bbb457ad9e2bb7baf9a0125b6b88caa8,immediate_readout,explicit,bare,main,all_valid,ALL,all_pass,26,26,0,26,0,0.76068376068376076,26,0.63675213675213671,0.86752136752136755,2.6153846153846154,26,1.4990384615384618,3.8461538461538463,,0,,,0,,0,,,0,,0,,,0,1,1,,True,20260911,5000,artifact/task-cluster percentile 95%; degenerate intervals are not population certainty
CODE,original_8k_shared_prefix_scorer,Qwen/Qwen2.5-14B-Instruct,cf98f3b3bbb457ad9e2bb7baf9a0125b6b88caa8,immediate_readout,explicit,bare,main,all_valid,ALL,all_fail,0,0,0,0,0,,0,,,,0,,,,0,,,0,,0,,,0,,0,,,0,,,,True,20260911,5000,artifact/task-cluster percentile 95%; degenerate intervals are not population certainty
CODE,original_8k_shared_prefix_scorer,Qwen/Qwen2.5-14B-Instruct,cf98f3b3bbb457ad9e2bb7baf9a0125b6b88caa8,immediate_readout,explicit,bare,main,all_valid,ALL,partial,23,23,23,0,0,0.62318840579710144,23,0.52173913043478271,0.71980676328502424,3.2173913043478262,23,2.3043478260869565,4.1304347826086953,0.69565217391304346,23,0.52173913043478259,0.86956521739130432,16,0.56521739130434778,23,0.34782608695652173,0.78260869565217395,13,0.13043478260869565,23,0,0.2608695652173913,3,0.69565217391304346,0.56521739130434778,0.1875,True,20260911,5000,artifact/task-cluster percentile 95%; degenerate intervals are not population certainty
CODE,original_8k_shared_prefix_scorer,Qwen/Qwen2.5-14B-Instruct,cf98f3b3bbb457ad9e2bb7baf9a0125b6b88caa8,immediate_readout,explicit,whitespace_union,main,all_valid,ALL,all,80,80,54,26,0,0.73750000000000004,80,0.66805555555555551,0.80138888888888893,2.3875000000000002,80,1.7875000000000001,3.0125000000000002,0.87037037037037035,54,0.77777777777777779,0.94444444444444442,47,0.81481481481481477,54,0.70370370370370372,0.90740740740740744,44,0.055555555555555552,54,0,0.12962962962962962,3,0.91249999999999998,0.875,0.063829787234042548,True,20260911,5000,artifact/task-cluster percentile 95%; degenerate intervals are not population certainty
CODE,original_8k_shared_prefix_scorer,Qwen/Qwen2.5-14B-Instruct,cf98f3b3bbb457ad9e2bb7baf9a0125b6b88caa8,immediate_readout,explicit,whitespace_union,main,all_valid,ALL,nontrivial,54,54,54,0,0,0.72839506172839485,54,0.64609053497942381,0.80658436213991758,2.2592592592592591,54,1.5740740740740742,2.9629629629629628,0.87037037037037035,54,0.77777777777777779,0.94444444444444442,47,0.81481481481481477,54,0.70370370370370372,0.90740740740740744,44,0.055555555555555552,54,0,0.12962962962962962,3,0.87037037037037035,0.81481481481481477,0.063829787234042548,True,20260911,5000,artifact/task-cluster percentile 95%; degenerate intervals are not population certainty
CODE,original_8k_shared_prefix_scorer,Qwen/Qwen2.5-14B-Instruct,cf98f3b3bbb457ad9e2bb7baf9a0125b6b88caa8,immediate_readout,explicit,whitespace_union,main,all_valid,ALL,all_pass,26,26,0,26,0,0.7564102564102565,26,0.63247863247863245,0.86752136752136744,2.6538461538461537,26,1.5,3.8846153846153846,,0,,,0,,0,,,0,,0,,,0,1,1,,True,20260911,5000,artifact/task-cluster percentile 95%; degenerate intervals are not population certainty
CODE,original_8k_shared_prefix_scorer,Qwen/Qwen2.5-14B-Instruct,cf98f3b3bbb457ad9e2bb7baf9a0125b6b88caa8,immediate_readout,explicit,whitespace_union,main,all_valid,ALL,all_fail,0,0,0,0,0,,0,,,,0,,,,0,,,0,,0,,,0,,0,,,0,,,,True,20260911,5000,artifact/task-cluster percentile 95%; degenerate intervals are not population certainty
CODE,original_8k_shared_prefix_scorer,Qwen/Qwen2.5-14B-Instruct,cf98f3b3bbb457ad9e2bb7baf9a0125b6b88caa8,immediate_readout,explicit,whitespace_union,main,all_valid,ALL,partial,23,23,23,0,0,0.61352657004830913,23,0.51207729468599039,0.71014492753623204,3.2608695652173911,23,2.347826086956522,4.1739130434782608,0.69565217391304346,23,0.52173913043478259,0.86956521739130432,16,0.56521739130434778,23,0.34782608695652173,0.78260869565217395,13,0.13043478260869565,23,0,0.2608695652173913,3,0.69565217391304346,0.56521739130434778,0.1875,True,20260911,5000,artifact/task-cluster percentile 95%; degenerate intervals are not population certainty
CODE,original_8k_shared_prefix_scorer,Qwen/Qwen2.5-14B-Instruct,cf98f3b3bbb457ad9e2bb7baf9a0125b6b88caa8,immediate_readout,original,bare,main,all_valid,ALL,all,80,80,54,26,0,0.72083333333333333,80,0.64583333333333326,0.78888888888888897,2.4125000000000001,80,1.8,3.0874999999999999,0.27777777777777779,54,0.16666666666666666,0.40740740740740738,15,0.27777777777777779,54,0.16666666666666666,0.40740740740740738,15,0,54,0,0,0,0.51249999999999996,0.51249999999999996,0,True,20260911,5000,artifact/task-cluster percentile 95%; degenerate intervals are not population certainty
CODE,original_8k_shared_prefix_scorer,Qwen/Qwen2.5-14B-Instruct,cf98f3b3bbb457ad9e2bb7baf9a0125b6b88caa8,immediate_readout,original,bare,main,all_valid,ALL,nontrivial,54,54,54,0,0,0.64197530864197527,54,0.55555555555555558,0.72021604938271522,3.074074074074074,54,2.3518518518518516,3.8148148148148149,0.27777777777777779,54,0.16666666666666666,0.40740740740740738,15,0.27777777777777779,54,0.16666666666666666,0.40740740740740738,15,0,54,0,0,0,0.27777777777777779,0.27777777777777779,0,True,20260911,5000,artifact/task-cluster percentile 95%; degenerate intervals are not population certainty
CODE,original_8k_shared_prefix_scorer,Qwen/Qwen2.5-14B-Instruct,cf98f3b3bbb457ad9e2bb7baf9a0125b6b88caa8,immediate_readout,original,bare,main,all_valid,ALL,all_pass,26,26,0,26,0,0.88461538461538458,26,0.76495726495726502,0.99572649572649574,1.0384615384615385,26,0.038461538461538464,2.1153846153846154,,0,,,0,,0,,,0,,0,,,0,1,1,,True,20260911,5000,artifact/task-cluster percentile 95%; degenerate intervals are not population certainty
CODE,original_8k_shared_prefix_scorer,Qwen/Qwen2.5-14B-Instruct,cf98f3b3bbb457ad9e2bb7baf9a0125b6b88caa8,immediate_readout,original,bare,main,all_valid,ALL,all_fail,0,0,0,0,0,,0,,,,0,,,,0,,,0,,0,,,0,,0,,,0,,,,True,20260911,5000,artifact/task-cluster percentile 95%; degenerate intervals are not population certainty
CODE,original_8k_shared_prefix_scorer,Qwen/Qwen2.5-14B-Instruct,cf98f3b3bbb457ad9e2bb7baf9a0125b6b88caa8,immediate_readout,original,bare,main,all_valid,ALL,partial,23,23,23,0,0,0.54106280193236711,23,0.43478260869565216,0.64734299516908211,4.3478260869565215,23,3.3467391304347833,5.3913043478260869,0.34782608695652173,23,0.17391304347826086,0.56521739130434778,8,0.34782608695652173,23,0.17391304347826086,0.56521739130434778,8,0,23,0,0,0,0.34782608695652173,0.34782608695652173,0,True,20260911,5000,artifact/task-cluster percentile 95%; degenerate intervals are not population certainty
CODE,original_8k_shared_prefix_scorer,Qwen/Qwen2.5-14B-Instruct,cf98f3b3bbb457ad9e2bb7baf9a0125b6b88caa8,immediate_readout,original,whitespace_union,main,all_valid,ALL,all,80,80,54,26,0,0.71805555555555556,80,0.64305555555555549,0.78749999999999998,2.4249999999999998,80,1.8,3.1000000000000001,0.29629629629629628,54,0.18518518518518517,0.42592592592592593,16,0.29629629629629628,54,0.18518518518518517,0.42592592592592593,16,0,54,0,0,0,0.52500000000000002,0.52500000000000002,0,True,20260911,5000,artifact/task-cluster percentile 95%; degenerate intervals are not population certainty
CODE,original_8k_shared_prefix_scorer,Qwen/Qwen2.5-14B-Instruct,cf98f3b3bbb457ad9e2bb7baf9a0125b6b88caa8,immediate_readout,original,whitespace_union,main,all_valid,ALL,nontrivial,54,54,54,0,0,0.63991769547325095,54,0.55349794238683125,0.72016460905349744,3.074074074074074,54,2.3518518518518516,3.8148148148148149,0.29629629629629628,54,0.18518518518518517,0.42592592592592593,16,0.29629629629629628,54,0.18518518518518517,0.42592592592592593,16,0,54,0,0,0,0.29629629629629628,0.29629629629629628,0,True,20260911,5000,artifact/task-cluster percentile 95%; degenerate intervals are not population certainty
CODE,original_8k_shared_prefix_scorer,Qwen/Qwen2.5-14B-Instruct,cf98f3b3bbb457ad9e2bb7baf9a0125b6b88caa8,immediate_readout,original,whitespace_union,main,all_valid,ALL,all_pass,26,26,0,26,0,0.88034188034188032,26,0.7564102564102565,0.99572649572649574,1.0769230769230769,26,0.038461538461538464,2.1923076923076925,,0,,,0,,0,,,0,,0,,,0,1,1,,True,20260911,5000,artifact/task-cluster percentile 95%; degenerate intervals are not population certainty
CODE,original_8k_shared_prefix_scorer,Qwen/Qwen2.5-14B-Instruct,cf98f3b3bbb457ad9e2bb7baf9a0125b6b88caa8,immediate_readout,original,whitespace_union,main,all_valid,ALL,all_fail,0,0,0,0,0,,0,,,,0,,,,0,,,0,,0,,,0,,0,,,0,,,,True,20260911,5000,artifact/task-cluster percentile 95%; degenerate intervals are not population certainty
CODE,original_8k_shared_prefix_scorer,Qwen/Qwen2.5-14B-Instruct,cf98f3b3bbb457ad9e2bb7baf9a0125b6b88caa8,immediate_readout,original,whitespace_union,main,all_valid,ALL,partial,23,23,23,0,0,0.53623188405797106,23,0.42995169082125606,0.64251207729468607,4.3478260869565215,23,3.3467391304347833,5.3913043478260869,0.34782608695652173,23,0.17391304347826086,0.56521739130434778,8,0.34782608695652173,23,0.17391304347826086,0.56521739130434778,8,0,23,0,0,0,0.34782608695652173,0.34782608695652173,0,True,20260911,5000,artifact/task-cluster percentile 95%; degenerate intervals are not population certainty
CODE,original_8k_shared_prefix_scorer,Qwen/Qwen3-30B-A3B-Thinking-2507,144afc2f379b542fdd4e85a1fcd5e1f79112d95d,native_reason_then_score,explicit,bare,main,all_valid,ALL,all,80,68,45,23,0,0.96241830065359479,68,0.92647058823529416,0.99019607843137269,0.33823529411764708,68,0.073529411764705885,0.67647058823529416,0.97777777777777775,45,0.93333333333333335,1,44,0.97777777777777775,45,0.93333333333333335,1,44,0,45,0,0,0,0.98529411764705888,0.98529411764705888,0,True,20260911,5000,artifact/task-cluster percentile 95%; degenerate intervals are not population certainty
CODE,original_8k_shared_prefix_scorer,Qwen/Qwen3-30B-A3B-Thinking-2507,144afc2f379b542fdd4e85a1fcd5e1f79112d95d,native_reason_then_score,explicit,bare,main,all_valid,ALL,nontrivial,54,45,45,0,0,0.9555555555555556,45,0.90864197530864188,0.99012345679012348,0.37777777777777777,45,0,0.84444444444444444,0.97777777777777775,45,0.93333333333333335,1,44,0.97777777777777775,45,0.93333333333333335,1,44,0,45,0,0,0,0.97777777777777775,0.97777777777777775,0,True,20260911,5000,artifact/task-cluster percentile 95%; degenerate intervals are not population certainty
CODE,original_8k_shared_prefix_scorer,Qwen/Qwen3-30B-A3B-Thinking-2507,144afc2f379b542fdd4e85a1fcd5e1f79112d95d,native_reason_then_score,explicit,bare,main,all_valid,ALL,all_pass,26,23,0,23,0,0.97584541062801922,23,0.92753623188405787,1,0.2608695652173913,23,0,0.78260869565217395,,0,,,0,,0,,,0,,0,,,0,1,1,,True,20260911,5000,artifact/task-cluster percentile 95%; degenerate intervals are not population certainty
CODE,original_8k_shared_prefix_scorer,Qwen/Qwen3-30B-A3B-Thinking-2507,144afc2f379b542fdd4e85a1fcd5e1f79112d95d,native_reason_then_score,explicit,bare,main,all_valid,ALL,all_fail,0,0,0,0,0,,0,,,,0,,,,0,,,0,,0,,,0,,0,,,0,,,,True,20260911,5000,artifact/task-cluster percentile 95%; degenerate intervals are not population certainty
CODE,original_8k_shared_prefix_scorer,Qwen/Qwen3-30B-A3B-Thinking-2507,144afc2f379b542fdd4e85a1fcd5e1f79112d95d,native_reason_then_score,explicit,bare,main,all_valid,ALL,partial,23,19,19,0,0,0.99415204678362579,19,0.98245614035087703,1,0.31578947368421051,19,0,0.94736842105263153,0.94736842105263153,19,0.84210526315789469,1,18,0.94736842105263153,19,0.84210526315789469,1,18,0,19,0,0,0,0.94736842105263153,0.94736842105263153,0,True,20260911,5000,artifact/task-cluster percentile 95%; degenerate intervals are not population certainty
CODE,original_8k_shared_prefix_scorer,Qwen/Qwen3-30B-A3B-Thinking-2507,144afc2f379b542fdd4e85a1fcd5e1f79112d95d,native_reason_then_score,explicit,whitespace_union,main,all_valid,ALL,all,80,68,45,23,0,0.96241830065359479,68,0.92647058823529416,0.99019607843137269,0.33823529411764708,68,0.073529411764705885,0.67647058823529416,0.97777777777777775,45,0.93333333333333335,1,44,0.97777777777777775,45,0.93333333333333335,1,44,0,45,0,0,0,0.98529411764705888,0.98529411764705888,0,True,20260911,5000,artifact/task-cluster percentile 95%; degenerate intervals are not population certainty
CODE,original_8k_shared_prefix_scorer,Qwen/Qwen3-30B-A3B-Thinking-2507,144afc2f379b542fdd4e85a1fcd5e1f79112d95d,native_reason_then_score,explicit,whitespace_union,main,all_valid,ALL,nontrivial,54,45,45,0,0,0.9555555555555556,45,0.90864197530864188,0.99012345679012348,0.37777777777777777,45,0,0.84444444444444444,0.97777777777777775,45,0.93333333333333335,1,44,0.97777777777777775,45,0.93333333333333335,1,44,0,45,0,0,0,0.97777777777777775,0.97777777777777775,0,True,20260911,5000,artifact/task-cluster percentile 95%; degenerate intervals are not population certainty
CODE,original_8k_shared_prefix_scorer,Qwen/Qwen3-30B-A3B-Thinking-2507,144afc2f379b542fdd4e85a1fcd5e1f79112d95d,native_reason_then_score,explicit,whitespace_union,main,all_valid,ALL,all_pass,26,23,0,23,0,0.97584541062801922,23,0.92753623188405787,1,0.2608695652173913,23,0,0.78260869565217395,,0,,,0,,0,,,0,,0,,,0,1,1,,True,20260911,5000,artifact/task-cluster percentile 95%; degenerate intervals are not population certainty
CODE,original_8k_shared_prefix_scorer,Qwen/Qwen3-30B-A3B-Thinking-2507,144afc2f379b542fdd4e85a1fcd5e1f79112d95d,native_reason_then_score,explicit,whitespace_union,main,all_valid,ALL,all_fail,0,0,0,0,0,,0,,,,0,,,,0,,,0,,0,,,0,,0,,,0,,,,True,20260911,5000,artifact/task-cluster percentile 95%; degenerate intervals are not population certainty
CODE,original_8k_shared_prefix_scorer,Qwen/Qwen3-30B-A3B-Thinking-2507,144afc2f379b542fdd4e85a1fcd5e1f79112d95d,native_reason_then_score,explicit,whitespace_union,main,all_valid,ALL,partial,23,19,19,0,0,0.99415204678362579,19,0.98245614035087703,1,0.31578947368421051,19,0,0.94736842105263153,0.94736842105263153,19,0.84210526315789469,1,18,0.94736842105263153,19,0.84210526315789469,1,18,0,19,0,0,0,0.94736842105263153,0.94736842105263153,0,True,20260911,5000,artifact/task-cluster percentile 95%; degenerate intervals are not population certainty
CODE,original_8k_shared_prefix_scorer,Qwen/Qwen3-30B-A3B-Thinking-2507,144afc2f379b542fdd4e85a1fcd5e1f79112d95d,native_reason_then_score,original,bare,main,all_valid,ALL,all,80,66,43,23,0,0.98316498316498313,66,0.95454545454545459,1,0.15151515151515152,66,0,0.40909090909090912,0.97674418604651159,43,0.93023255813953487,1,42,0.97674418604651159,43,0.93023255813953487,1,42,0,43,0,0,0,0.98484848484848486,0.98484848484848486,0,True,20260911,5000,artifact/task-cluster percentile 95%; degenerate intervals are not population certainty
CODE,original_8k_shared_prefix_scorer,Qwen/Qwen3-30B-A3B-Thinking-2507,144afc2f379b542fdd4e85a1fcd5e1f79112d95d,native_reason_then_score,original,bare,main,all_valid,ALL,nontrivial,54,43,43,0,0,0.97416020671834613,43,0.93016795865633073,1,0.23255813953488372,43,0,0.62848837209301478,0.97674418604651159,43,0.93023255813953487,1,42,0.97674418604651159,43,0.93023255813953487,1,42,0,43,0,0,0,0.97674418604651159,0.97674418604651159,0,True,20260911,5000,artifact/task-cluster percentile 95%; degenerate intervals are not population certainty
CODE,original_8k_shared_prefix_scorer,Qwen/Qwen3-30B-A3B-Thinking-2507,144afc2f379b542fdd4e85a1fcd5e1f79112d95d,native_reason_then_score,original,bare,main,all_valid,ALL,all_pass,26,23,0,23,0,1,23,1,1,0,23,0,0,,0,,,0,,0,,,0,,0,,,0,1,1,,True,20260911,5000,artifact/task-cluster percentile 95%; degenerate intervals are not population certainty
CODE,original_8k_shared_prefix_scorer,Qwen/Qwen3-30B-A3B-Thinking-2507,144afc2f379b542fdd4e85a1fcd5e1f79112d95d,native_reason_then_score,original,bare,main,all_valid,ALL,all_fail,0,0,0,0,0,,0,,,,0,,,,0,,,0,,0,,,0,,0,,,0,,,,True,20260911,5000,artifact/task-cluster percentile 95%; degenerate intervals are not population certainty
CODE,original_8k_shared_prefix_scorer,Qwen/Qwen3-30B-A3B-Thinking-2507,144afc2f379b542fdd4e85a1fcd5e1f79112d95d,native_reason_then_score,original,bare,main,all_valid,ALL,partial,23,20,20,0,0,0.98888888888888893,20,0.97222222222222232,1,0.10000000000000001,20,0,0.25,0.94999999999999996,20,0.84999999999999998,1,19,0.94999999999999996,20,0.84999999999999998,1,19,0,20,0,0,0,0.94999999999999996,0.94999999999999996,0,True,20260911,5000,artifact/task-cluster percentile 95%; degenerate intervals are not population certainty
CODE,original_8k_shared_prefix_scorer,Qwen/Qwen3-30B-A3B-Thinking-2507,144afc2f379b542fdd4e85a1fcd5e1f79112d95d,native_reason_then_score,original,whitespace_union,main,all_valid,ALL,all,80,66,43,23,0,0.98316498316498313,66,0.95454545454545459,1,0.15151515151515152,66,0,0.40909090909090912,0.97674418604651159,43,0.93023255813953487,1,42,0.97674418604651159,43,0.93023255813953487,1,42,0,43,0,0,0,0.98484848484848486,0.98484848484848486,0,True,20260911,5000,artifact/task-cluster percentile 95%; degenerate intervals are not population certainty
CODE,original_8k_shared_prefix_scorer,Qwen/Qwen3-30B-A3B-Thinking-2507,144afc2f379b542fdd4e85a1fcd5e1f79112d95d,native_reason_then_score,original,whitespace_union,main,all_valid,ALL,nontrivial,54,43,43,0,0,0.97416020671834613,43,0.93016795865633073,1,0.23255813953488372,43,0,0.62848837209301478,0.97674418604651159,43,0.93023255813953487,1,42,0.97674418604651159,43,0.93023255813953487,1,42,0,43,0,0,0,0.97674418604651159,0.97674418604651159,0,True,20260911,5000,artifact/task-cluster percentile 95%; degenerate intervals are not population certainty
CODE,original_8k_shared_prefix_scorer,Qwen/Qwen3-30B-A3B-Thinking-2507,144afc2f379b542fdd4e85a1fcd5e1f79112d95d,native_reason_then_score,original,whitespace_union,main,all_valid,ALL,all_pass,26,23,0,23,0,1,23,1,1,0,23,0,0,,0,,,0,,0,,,0,,0,,,0,1,1,,True,20260911,5000,artifact/task-cluster percentile 95%; degenerate intervals are not population certainty
CODE,original_8k_shared_prefix_scorer,Qwen/Qwen3-30B-A3B-Thinking-2507,144afc2f379b542fdd4e85a1fcd5e1f79112d95d,native_reason_then_score,original,whitespace_union,main,all_valid,ALL,all_fail,0,0,0,0,0,,0,,,,0,,,,0,,,0,,0,,,0,,0,,,0,,,,True,20260911,5000,artifact/task-cluster percentile 95%; degenerate intervals are not population certainty
CODE,original_8k_shared_prefix_scorer,Qwen/Qwen3-30B-A3B-Thinking-2507,144afc2f379b542fdd4e85a1fcd5e1f79112d95d,native_reason_then_score,original,whitespace_union,main,all_valid,ALL,partial,23,20,20,0,0,0.98888888888888893,20,0.97222222222222232,1,0.10000000000000001,20,0,0.25,0.94999999999999996,20,0.84999999999999998,1,19,0.94999999999999996,20,0.84999999999999998,1,19,0,20,0,0,0,0.94999999999999996,0.94999999999999996,0,True,20260911,5000,artifact/task-cluster percentile 95%; degenerate intervals are not population certainty
CODE,original_8k_shared_prefix_scorer,google/gemma-2-9b-it,11c9b309abf73637e4b6f9a3fa1e92e615547819,immediate_readout,explicit,bare,main,all_valid,ALL,all,80,80,54,26,0,0.50833333333333341,80,0.43333333333333329,0.58194444444444438,3.8125,80,3.0874999999999999,4.5625,0.68518518518518523,54,0.55555555555555558,0.79629629629629628,37,0.31481481481481483,54,0.20370370370370369,0.44444444444444442,17,0.37037037037037035,54,0.24074074074074073,0.5,20,0.78749999999999998,0.53749999999999998,0.54054054054054057,True,20260911,5000,artifact/task-cluster percentile 95%; degenerate intervals are not population certainty
CODE,original_8k_shared_prefix_scorer,google/gemma-2-9b-it,11c9b309abf73637e4b6f9a3fa1e92e615547819,immediate_readout,explicit,bare,main,all_valid,ALL,nontrivial,54,54,54,0,0,0.37242798353909451,54,0.30658436213991763,0.43827160493827155,4.1851851851851851,54,3.3333333333333335,5.0555555555555554,0.68518518518518523,54,0.55555555555555558,0.79629629629629628,37,0.31481481481481483,54,0.20370370370370369,0.44444444444444442,17,0.37037037037037035,54,0.24074074074074073,0.5,20,0.68518518518518523,0.31481481481481483,0.54054054054054057,True,20260911,5000,artifact/task-cluster percentile 95%; degenerate intervals are not population certainty
CODE,original_8k_shared_prefix_scorer,google/gemma-2-9b-it,11c9b309abf73637e4b6f9a3fa1e92e615547819,immediate_readout,explicit,bare,main,all_valid,ALL,all_pass,26,26,0,26,0,0.79059829059829068,26,0.65811965811965811,0.91025641025641013,3.0384615384615383,26,1.7307692307692308,4.4230769230769234,,0,,,0,,0,,,0,,0,,,0,1,1,,True,20260911,5000,artifact/task-cluster percentile 95%; degenerate intervals are not population certainty
CODE,original_8k_shared_prefix_scorer,google/gemma-2-9b-it,11c9b309abf73637e4b6f9a3fa1e92e615547819,immediate_readout,explicit,bare,main,all_valid,ALL,all_fail,0,0,0,0,0,,0,,,,0,,,,0,,,0,,0,,,0,,0,,,0,,,,True,20260911,5000,artifact/task-cluster percentile 95%; degenerate intervals are not population certainty
CODE,original_8k_shared_prefix_scorer,google/gemma-2-9b-it,11c9b309abf73637e4b6f9a3fa1e92e615547819,immediate_readout,explicit,bare,main,all_valid,ALL,partial,23,23,23,0,0,0.45893719806763278,23,0.3671497584541063,0.55555555555555547,4.5217391304347823,23,3.5217391304347827,5.4782608695652177,0.30434782608695654,23,0.13043478260869565,0.47934782608694071,7,0.13043478260869565,23,0,0.30434782608695654,3,0.17391304347826086,23,0.043478260869565216,0.34782608695652173,4,0.30434782608695654,0.13043478260869565,0.5714285714285714,True,20260911,5000,artifact/task-cluster percentile 95%; degenerate intervals are not population certainty
CODE,original_8k_shared_prefix_scorer,google/gemma-2-9b-it,11c9b309abf73637e4b6f9a3fa1e92e615547819,immediate_readout,explicit,whitespace_union,main,all_valid,ALL,all,80,80,54,26,0,0.50833333333333341,80,0.43333333333333329,0.58194444444444438,3.8125,80,3.0874999999999999,4.5625,0.70370370370370372,54,0.57407407407407407,0.81481481481481477,38,0.33333333333333331,54,0.20370370370370369,0.46296296296296297,18,0.37037037037037035,54,0.24074074074074073,0.5,20,0.80000000000000004,0.55000000000000004,0.52631578947368418,True,20260911,5000,artifact/task-cluster percentile 95%; degenerate intervals are not population certainty
CODE,original_8k_shared_prefix_scorer,google/gemma-2-9b-it,11c9b309abf73637e4b6f9a3fa1e92e615547819,immediate_readout,explicit,whitespace_union,main,all_valid,ALL,nontrivial,54,54,54,0,0,0.37242798353909451,54,0.30658436213991763,0.43827160493827155,4.1851851851851851,54,3.3333333333333335,5.0555555555555554,0.70370370370370372,54,0.57407407407407407,0.81481481481481477,38,0.33333333333333331,54,0.20370370370370369,0.46296296296296297,18,0.37037037037037035,54,0.24074074074074073,0.5,20,0.70370370370370372,0.33333333333333331,0.52631578947368418,True,20260911,5000,artifact/task-cluster percentile 95%; degenerate intervals are not population certainty
CODE,original_8k_shared_prefix_scorer,google/gemma-2-9b-it,11c9b309abf73637e4b6f9a3fa1e92e615547819,immediate_readout,explicit,whitespace_union,main,all_valid,ALL,all_pass,26,26,0,26,0,0.79059829059829068,26,0.65811965811965811,0.91025641025641013,3.0384615384615383,26,1.7307692307692308,4.4230769230769234,,0,,,0,,0,,,0,,0,,,0,1,1,,True,20260911,5000,artifact/task-cluster percentile 95%; degenerate intervals are not population certainty
CODE,original_8k_shared_prefix_scorer,google/gemma-2-9b-it,11c9b309abf73637e4b6f9a3fa1e92e615547819,immediate_readout,explicit,whitespace_union,main,all_valid,ALL,all_fail,0,0,0,0,0,,0,,,,0,,,,0,,,0,,0,,,0,,0,,,0,,,,True,20260911,5000,artifact/task-cluster percentile 95%; degenerate intervals are not population certainty
CODE,original_8k_shared_prefix_scorer,google/gemma-2-9b-it,11c9b309abf73637e4b6f9a3fa1e92e615547819,immediate_readout,explicit,whitespace_union,main,all_valid,ALL,partial,23,23,23,0,0,0.45893719806763278,23,0.3671497584541063,0.55555555555555547,4.5217391304347823,23,3.5217391304347827,5.4782608695652177,0.34782608695652173,23,0.17391304347826086,0.56521739130434778,8,0.17391304347826086,23,0.043478260869565216,0.34782608695652173,4,0.17391304347826086,23,0.043478260869565216,0.34782608695652173,4,0.34782608695652173,0.17391304347826086,0.5,True,20260911,5000,artifact/task-cluster percentile 95%; degenerate intervals are not population certainty
CODE,original_8k_shared_prefix_scorer,google/gemma-2-9b-it,11c9b309abf73637e4b6f9a3fa1e92e615547819,immediate_readout,original,bare,main,all_valid,ALL,all,80,80,54,26,0,0.47916666666666663,80,0.39579861111111109,0.56527777777777766,4.3875000000000002,80,3.6000000000000001,5.1749999999999998,0.092592592592592587,54,0.018518518518518517,0.16666666666666666,5,0.037037037037037035,54,0,0.092592592592592587,2,0.055555555555555552,54,0,0.1111111111111111,3,0.38750000000000001,0.34999999999999998,0.59999999999999998,True,20260911,5000,artifact/task-cluster percentile 95%; degenerate intervals are not population certainty
CODE,original_8k_shared_prefix_scorer,google/gemma-2-9b-it,11c9b309abf73637e4b6f9a3fa1e92e615547819,immediate_readout,original,bare,main,all_valid,ALL,nontrivial,54,54,54,0,0,0.31687242798353904,54,0.24279835390946503,0.39300411522633738,5.6851851851851851,54,4.9074074074074074,6.4259259259259256,0.092592592592592587,54,0.018518518518518517,0.16666666666666666,5,0.037037037037037035,54,0,0.092592592592592587,2,0.055555555555555552,54,0,0.1111111111111111,3,0.092592592592592587,0.037037037037037035,0.59999999999999998,True,20260911,5000,artifact/task-cluster percentile 95%; degenerate intervals are not population certainty
CODE,original_8k_shared_prefix_scorer,google/gemma-2-9b-it,11c9b309abf73637e4b6f9a3fa1e92e615547819,immediate_readout,original,bare,main,all_valid,ALL,all_pass,26,26,0,26,0,0.81623931623931623,26,0.66239316239316237,0.96153846153846156,1.6923076923076923,26,0.34615384615384615,3.0769230769230771,,0,,,0,,0,,,0,,0,,,0,1,1,,True,20260911,5000,artifact/task-cluster percentile 95%; degenerate intervals are not population certainty
CODE,original_8k_shared_prefix_scorer,google/gemma-2-9b-it,11c9b309abf73637e4b6f9a3fa1e92e615547819,immediate_readout,original,bare,main,all_valid,ALL,all_fail,0,0,0,0,0,,0,,,,0,,,,0,,,0,,0,,,0,,0,,,0,,,,True,20260911,5000,artifact/task-cluster percentile 95%; degenerate intervals are not population certainty
CODE,original_8k_shared_prefix_scorer,google/gemma-2-9b-it,11c9b309abf73637e4b6f9a3fa1e92e615547819,immediate_readout,original,bare,main,all_valid,ALL,partial,23,23,23,0,0,0.47342995169082125,23,0.36231884057971009,0.58454106280193241,4.7826086956521738,23,3.7826086956521738,5.7826086956521738,0.13043478260869565,23,0,0.2608695652173913,3,0.043478260869565216,23,0,0.13043478260869565,1,0.086956521739130432,23,0,0.21739130434782608,2,0.13043478260869565,0.043478260869565216,0.66666666666666663,True,20260911,5000,artifact/task-cluster percentile 95%; degenerate intervals are not population certainty
CODE,original_8k_shared_prefix_scorer,google/gemma-2-9b-it,11c9b309abf73637e4b6f9a3fa1e92e615547819,immediate_readout,original,whitespace_union,main,all_valid,ALL,all,80,80,54,26,0,0.47777777777777769,80,0.3930555555555556,0.56388888888888888,4.3875000000000002,80,3.6000000000000001,5.1749999999999998,0.092592592592592587,54,0.018518518518518517,0.16666666666666666,5,0.037037037037037035,54,0,0.092592592592592587,2,0.055555555555555552,54,0,0.1111111111111111,3,0.38750000000000001,0.34999999999999998,0.59999999999999998,True,20260911,5000,artifact/task-cluster percentile 95%; degenerate intervals are not population certainty
CODE,original_8k_shared_prefix_scorer,google/gemma-2-9b-it,11c9b309abf73637e4b6f9a3fa1e92e615547819,immediate_readout,original,whitespace_union,main,all_valid,ALL,nontrivial,54,54,54,0,0,0.31687242798353904,54,0.24279835390946503,0.39300411522633738,5.6851851851851851,54,4.9074074074074074,6.4259259259259256,0.092592592592592587,54,0.018518518518518517,0.16666666666666666,5,0.037037037037037035,54,0,0.092592592592592587,2,0.055555555555555552,54,0,0.1111111111111111,3,0.092592592592592587,0.037037037037037035,0.59999999999999998,True,20260911,5000,artifact/task-cluster percentile 95%; degenerate intervals are not population certainty
CODE,original_8k_shared_prefix_scorer,google/gemma-2-9b-it,11c9b309abf73637e4b6f9a3fa1e92e615547819,immediate_readout,original,whitespace_union,main,all_valid,ALL,all_pass,26,26,0,26,0,0.81196581196581197,26,0.65811965811965811,0.96153846153846156,1.6923076923076923,26,0.34615384615384615,3.0769230769230771,,0,,,0,,0,,,0,,0,,,0,1,1,,True,20260911,5000,artifact/task-cluster percentile 95%; degenerate intervals are not population certainty
CODE,original_8k_shared_prefix_scorer,google/gemma-2-9b-it,11c9b309abf73637e4b6f9a3fa1e92e615547819,immediate_readout,original,whitespace_union,main,all_valid,ALL,all_fail,0,0,0,0,0,,0,,,,0,,,,0,,,0,,0,,,0,,0,,,0,,,,True,20260911,5000,artifact/task-cluster percentile 95%; degenerate intervals are not population certainty
CODE,original_8k_shared_prefix_scorer,google/gemma-2-9b-it,11c9b309abf73637e4b6f9a3fa1e92e615547819,immediate_readout,original,whitespace_union,main,all_valid,ALL,partial,23,23,23,0,0,0.47342995169082125,23,0.36231884057971009,0.58454106280193241,4.7826086956521738,23,3.7826086956521738,5.7826086956521738,0.13043478260869565,23,0,0.2608695652173913,3,0.043478260869565216,23,0,0.13043478260869565,1,0.086956521739130432,23,0,0.21739130434782608,2,0.13043478260869565,0.043478260869565216,0.66666666666666663,True,20260911,5000,artifact/task-cluster percentile 95%; degenerate intervals are not population certainty
CODE,original_8k_shared_prefix_scorer,meta-llama/Llama-3.1-8B-Instruct,0e9e39f249a16976918f6564b8830bc894c89659,immediate_readout,explicit,bare,main,all_valid,ALL,all,80,80,54,26,0,0.54722222222222217,80,0.47499999999999998,0.61805555555555558,3.7875000000000001,80,3.0625,4.5125000000000002,0.7592592592592593,54,0.64814814814814814,0.87037037037037035,41,0.66666666666666663,54,0.53703703703703709,0.79629629629629628,36,0.092592592592592587,54,0.018518518518518517,0.16666666666666666,5,0.83750000000000002,0.77500000000000002,0.12195121951219512,True,20260911,5000,artifact/task-cluster percentile 95%; degenerate intervals are not population certainty
CODE,original_8k_shared_prefix_scorer,meta-llama/Llama-3.1-8B-Instruct,0e9e39f249a16976918f6564b8830bc894c89659,immediate_readout,explicit,bare,main,all_valid,ALL,nontrivial,54,54,54,0,0,0.46090534979423869,54,0.38271604938271614,0.54115226337448563,4.0185185185185182,54,3.1666666666666665,4.8518518518518521,0.7592592592592593,54,0.64814814814814814,0.87037037037037035,41,0.66666666666666663,54,0.53703703703703709,0.79629629629629628,36,0.092592592592592587,54,0.018518518518518517,0.16666666666666666,5,0.7592592592592593,0.66666666666666663,0.12195121951219512,True,20260911,5000,artifact/task-cluster percentile 95%; degenerate intervals are not population certainty
CODE,original_8k_shared_prefix_scorer,meta-llama/Llama-3.1-8B-Instruct,0e9e39f249a16976918f6564b8830bc894c89659,immediate_readout,explicit,bare,main,all_valid,ALL,all_pass,26,26,0,26,0,0.72649572649572636,26,0.60683760683760679,0.84188034188034189,3.3076923076923075,26,2,4.615384615384615,,0,,,0,,0,,,0,,0,,,0,1,1,,True,20260911,5000,artifact/task-cluster percentile 95%; degenerate intervals are not population certainty
CODE,original_8k_shared_prefix_scorer,meta-llama/Llama-3.1-8B-Instruct,0e9e39f249a16976918f6564b8830bc894c89659,immediate_readout,explicit,bare,main,all_valid,ALL,all_fail,0,0,0,0,0,,0,,,,0,,,,0,,,0,,0,,,0,,0,,,0,,,,True,20260911,5000,artifact/task-cluster percentile 95%; degenerate intervals are not population certainty
CODE,original_8k_shared_prefix_scorer,meta-llama/Llama-3.1-8B-Instruct,0e9e39f249a16976918f6564b8830bc894c89659,immediate_readout,explicit,bare,main,all_valid,ALL,partial,23,23,23,0,0,0.59903381642512077,23,0.50724637681159412,0.68599033816425137,3.0434782608695654,23,2.0869565217391304,4.0434782608695654,0.43478260869565216,23,0.2608695652173913,0.65217391304347827,10,0.2608695652173913,23,0.086956521739130432,0.43478260869565216,6,0.17391304347826086,23,0.043478260869565216,0.34782608695652173,4,0.43478260869565216,0.2608695652173913,0.40000000000000002,True,20260911,5000,artifact/task-cluster percentile 95%; degenerate intervals are not population certainty
CODE,original_8k_shared_prefix_scorer,meta-llama/Llama-3.1-8B-Instruct,0e9e39f249a16976918f6564b8830bc894c89659,immediate_readout,explicit,whitespace_union,main,all_valid,ALL,all,80,80,54,26,0,0.5541666666666667,80,0.47916666666666663,0.62916666666666665,3.6749999999999998,80,2.9500000000000002,4.4000000000000004,0.79629629629629628,54,0.68518518518518523,0.88935185185184507,43,0.68518518518518523,54,0.55555555555555558,0.79629629629629628,37,0.1111111111111111,54,0.037037037037037035,0.20370370370370369,6,0.86250000000000004,0.78749999999999998,0.13953488372093023,True,20260911,5000,artifact/task-cluster percentile 95%; degenerate intervals are not population certainty
CODE,original_8k_shared_prefix_scorer,meta-llama/Llama-3.1-8B-Instruct,0e9e39f249a16976918f6564b8830bc894c89659,immediate_readout,explicit,whitespace_union,main,all_valid,ALL,nontrivial,54,54,54,0,0,0.51028806584362141,54,0.42592592592592593,0.59465020576131689,3.6481481481481484,54,2.8148148148148149,4.4814814814814818,0.79629629629629628,54,0.68518518518518523,0.88935185185184507,43,0.68518518518518523,54,0.55555555555555558,0.79629629629629628,37,0.1111111111111111,54,0.037037037037037035,0.20370370370370369,6,0.79629629629629628,0.68518518518518523,0.13953488372093023,True,20260911,5000,artifact/task-cluster percentile 95%; degenerate intervals are not population certainty
CODE,original_8k_shared_prefix_scorer,meta-llama/Llama-3.1-8B-Instruct,0e9e39f249a16976918f6564b8830bc894c89659,immediate_readout,explicit,whitespace_union,main,all_valid,ALL,all_pass,26,26,0,26,0,0.64529914529914534,26,0.50427350427350437,0.78205128205128205,3.7307692307692308,26,2.3846153846153846,5.115384615384615,,0,,,0,,0,,,0,,0,,,0,1,1,,True,20260911,5000,artifact/task-cluster percentile 95%; degenerate intervals are not population certainty
CODE,original_8k_shared_prefix_scorer,meta-llama/Llama-3.1-8B-Instruct,0e9e39f249a16976918f6564b8830bc894c89659,immediate_readout,explicit,whitespace_union,main,all_valid,ALL,all_fail,0,0,0,0,0,,0,,,,0,,,,0,,,0,,0,,,0,,0,,,0,,,,True,20260911,5000,artifact/task-cluster percentile 95%; degenerate intervals are not population certainty
CODE,original_8k_shared_prefix_scorer,meta-llama/Llama-3.1-8B-Instruct,0e9e39f249a16976918f6564b8830bc894c89659,immediate_readout,explicit,whitespace_union,main,all_valid,ALL,partial,23,23,23,0,0,0.59903381642512088,23,0.48792270531400972,0.70531400966183566,3.0869565217391304,23,2.0434782608695654,4.1304347826086953,0.52173913043478259,23,0.30434782608695654,0.73913043478260865,12,0.30434782608695654,23,0.13043478260869565,0.52173913043478259,7,0.21739130434782608,23,0.043478260869565216,0.39130434782608697,5,0.52173913043478259,0.30434782608695654,0.41666666666666669,True,20260911,5000,artifact/task-cluster percentile 95%; degenerate intervals are not population certainty
CODE,original_8k_shared_prefix_scorer,meta-llama/Llama-3.1-8B-Instruct,0e9e39f249a16976918f6564b8830bc894c89659,immediate_readout,original,bare,main,all_valid,ALL,all,80,80,54,26,0,0.57222222222222219,80,0.48888888888888893,0.6513888888888888,4.3499999999999996,80,3.5625,5.1500000000000004,0,54,0,0,0,0,54,0,0,0,0,54,0,0,0,0.32500000000000001,0.32500000000000001,,True,20260911,5000,artifact/task-cluster percentile 95%; degenerate intervals are not population certainty
CODE,original_8k_shared_prefix_scorer,meta-llama/Llama-3.1-8B-Instruct,0e9e39f249a16976918f6564b8830bc894c89659,immediate_readout,original,bare,main,all_valid,ALL,nontrivial,54,54,54,0,0,0.50617283950617287,54,0.41152263374485593,0.5967078189300411,3.1111111111111112,54,2.4074074074074074,3.8703703703703702,0,54,0,0,0,0,54,0,0,0,0,54,0,0,0,0,0,,True,20260911,5000,artifact/task-cluster percentile 95%; degenerate intervals are not population certainty
CODE,original_8k_shared_prefix_scorer,meta-llama/Llama-3.1-8B-Instruct,0e9e39f249a16976918f6564b8830bc894c89659,immediate_readout,original,bare,main,all_valid,ALL,all_pass,26,26,0,26,0,0.70940170940170932,26,0.5641025641025641,0.83771367521367368,6.9230769230769234,26,5.5384615384615383,8.3076923076923084,,0,,,0,,0,,,0,,0,,,0,1,1,,True,20260911,5000,artifact/task-cluster percentile 95%; degenerate intervals are not population certainty
CODE,original_8k_shared_prefix_scorer,meta-llama/Llama-3.1-8B-Instruct,0e9e39f249a16976918f6564b8830bc894c89659,immediate_readout,original,bare,main,all_valid,ALL,all_fail,0,0,0,0,0,,0,,,,0,,,,0,,,0,,0,,,0,,0,,,0,,,,True,20260911,5000,artifact/task-cluster percentile 95%; degenerate intervals are not population certainty
CODE,original_8k_shared_prefix_scorer,meta-llama/Llama-3.1-8B-Instruct,0e9e39f249a16976918f6564b8830bc894c89659,immediate_readout,original,bare,main,all_valid,ALL,partial,23,23,23,0,0,0.35265700483091778,23,0.2657004830917874,0.44444444444444425,5.6521739130434785,23,4.7391304347826084,6.5217391304347823,0,23,0,0,0,0,23,0,0,0,0,23,0,0,0,0,0,,True,20260911,5000,artifact/task-cluster percentile 95%; degenerate intervals are not population certainty
CODE,original_8k_shared_prefix_scorer,meta-llama/Llama-3.1-8B-Instruct,0e9e39f249a16976918f6564b8830bc894c89659,immediate_readout,original,whitespace_union,main,all_valid,ALL,all,80,80,54,26,0,0.56527777777777777,80,0.48472222222222222,0.64027777777777772,4.5750000000000002,80,3.7875000000000001,5.3499999999999996,0,54,0,0,0,0,54,0,0,0,0,54,0,0,0,0.32500000000000001,0.32500000000000001,,True,20260911,5000,artifact/task-cluster percentile 95%; degenerate intervals are not population certainty
CODE,original_8k_shared_prefix_scorer,meta-llama/Llama-3.1-8B-Instruct,0e9e39f249a16976918f6564b8830bc894c89659,immediate_readout,original,whitespace_union,main,all_valid,ALL,nontrivial,54,54,54,0,0,0.51646090534979427,54,0.42592592592592593,0.60288065843621397,3.1111111111111112,54,2.4074074074074074,3.8703703703703702,0,54,0,0,0,0,54,0,0,0,0,54,0,0,0,0,0,,True,20260911,5000,artifact/task-cluster percentile 95%; degenerate intervals are not population certainty
CODE,original_8k_shared_prefix_scorer,meta-llama/Llama-3.1-8B-Instruct,0e9e39f249a16976918f6564b8830bc894c89659,immediate_readout,original,whitespace_union,main,all_valid,ALL,all_pass,26,26,0,26,0,0.66666666666666663,26,0.52564102564102566,0.79487179487179493,7.615384615384615,26,6.2307692307692308,8.6538461538461533,,0,,,0,,0,,,0,,0,,,0,1,1,,True,20260911,5000,artifact/task-cluster percentile 95%; degenerate intervals are not population certainty
CODE,original_8k_shared_prefix_scorer,meta-llama/Llama-3.1-8B-Instruct,0e9e39f249a16976918f6564b8830bc894c89659,immediate_readout,original,whitespace_union,main,all_valid,ALL,all_fail,0,0,0,0,0,,0,,,,0,,,,0,,,0,,0,,,0,,0,,,0,,,,True,20260911,5000,artifact/task-cluster percentile 95%; degenerate intervals are not population certainty
CODE,original_8k_shared_prefix_scorer,meta-llama/Llama-3.1-8B-Instruct,0e9e39f249a16976918f6564b8830bc894c89659,immediate_readout,original,whitespace_union,main,all_valid,ALL,partial,23,23,23,0,0,0.34299516908212552,23,0.2608695652173913,0.42995169082125584,5.6521739130434785,23,4.7391304347826084,6.5217391304347823,0,23,0,0,0,0,23,0,0,0,0,23,0,0,0,0,0,,True,20260911,5000,artifact/task-cluster percentile 95%; degenerate intervals are not population certainty
CODE,original_8k_shared_prefix_scorer,mistralai/Mistral-7B-Instruct-v0.3,c170c708c41dac9275d15a8fff4eca08d52bab71,immediate_readout,explicit,bare,main,all_valid,ALL,all,80,80,54,26,0,0.53333333333333333,80,0.44722222222222224,0.61944444444444435,4.1875,80,3.4125000000000001,4.9625000000000004,0.20370370370370369,54,0.1111111111111111,0.31481481481481483,11,0.1111111111111111,54,0.037037037037037035,0.20370370370370369,6,0.092592592592592587,54,0.018518518518518517,0.18518518518518517,5,0.46250000000000002,0.40000000000000002,0.45454545454545453,True,20260911,5000,artifact/task-cluster percentile 95%; degenerate intervals are not population certainty
CODE,original_8k_shared_prefix_scorer,mistralai/Mistral-7B-Instruct-v0.3,c170c708c41dac9275d15a8fff4eca08d52bab71,immediate_readout,explicit,bare,main,all_valid,ALL,nontrivial,54,54,54,0,0,0.33744855967078186,54,0.25925925925925924,0.41975308641975312,5.9444444444444446,54,5.1851851851851851,6.6481481481481479,0.20370370370370369,54,0.1111111111111111,0.31481481481481483,11,0.1111111111111111,54,0.037037037037037035,0.20370370370370369,6,0.092592592592592587,54,0.018518518518518517,0.18518518518518517,5,0.20370370370370369,0.1111111111111111,0.45454545454545453,True,20260911,5000,artifact/task-cluster percentile 95%; degenerate intervals are not population certainty
CODE,original_8k_shared_prefix_scorer,mistralai/Mistral-7B-Instruct-v0.3,c170c708c41dac9275d15a8fff4eca08d52bab71,immediate_readout,explicit,bare,main,all_valid,ALL,all_pass,26,26,0,26,0,0.94017094017094016,26,0.84615384615384615,1,0.53846153846153844,26,0,1.3846153846153846,,0,,,0,,0,,,0,,0,,,0,1,1,,True,20260911,5000,artifact/task-cluster percentile 95%; degenerate intervals are not population certainty
CODE,original_8k_shared_prefix_scorer,mistralai/Mistral-7B-Instruct-v0.3,c170c708c41dac9275d15a8fff4eca08d52bab71,immediate_readout,explicit,bare,main,all_valid,ALL,all_fail,0,0,0,0,0,,0,,,,0,,,,0,,,0,,0,,,0,,0,,,0,,,,True,20260911,5000,artifact/task-cluster percentile 95%; degenerate intervals are not population certainty
CODE,original_8k_shared_prefix_scorer,mistralai/Mistral-7B-Instruct-v0.3,c170c708c41dac9275d15a8fff4eca08d52bab71,immediate_readout,explicit,bare,main,all_valid,ALL,partial,23,23,23,0,0,0.60869565217391308,23,0.50724637681159412,0.70543478260869408,3.5217391304347827,23,2.6510869565217394,4.4347826086956523,0.21739130434782608,23,0.086956521739130432,0.39130434782608697,5,0.13043478260869565,23,0,0.30434782608695654,3,0.086956521739130432,23,0,0.21739130434782608,2,0.21739130434782608,0.13043478260869565,0.40000000000000002,True,20260911,5000,artifact/task-cluster percentile 95%; degenerate intervals are not population certainty
CODE,original_8k_shared_prefix_scorer,mistralai/Mistral-7B-Instruct-v0.3,c170c708c41dac9275d15a8fff4eca08d52bab71,immediate_readout,explicit,whitespace_union,main,all_valid,ALL,all,80,80,54,26,0,0.53333333333333333,80,0.44722222222222224,0.61944444444444435,4.1875,80,3.4125000000000001,4.9625000000000004,0.20370370370370369,54,0.1111111111111111,0.31481481481481483,11,0.1111111111111111,54,0.037037037037037035,0.20370370370370369,6,0.092592592592592587,54,0.018518518518518517,0.18518518518518517,5,0.46250000000000002,0.40000000000000002,0.45454545454545453,True,20260911,5000,artifact/task-cluster percentile 95%; degenerate intervals are not population certainty
CODE,original_8k_shared_prefix_scorer,mistralai/Mistral-7B-Instruct-v0.3,c170c708c41dac9275d15a8fff4eca08d52bab71,immediate_readout,explicit,whitespace_union,main,all_valid,ALL,nontrivial,54,54,54,0,0,0.33744855967078186,54,0.25925925925925924,0.41975308641975312,5.9444444444444446,54,5.1851851851851851,6.6481481481481479,0.20370370370370369,54,0.1111111111111111,0.31481481481481483,11,0.1111111111111111,54,0.037037037037037035,0.20370370370370369,6,0.092592592592592587,54,0.018518518518518517,0.18518518518518517,5,0.20370370370370369,0.1111111111111111,0.45454545454545453,True,20260911,5000,artifact/task-cluster percentile 95%; degenerate intervals are not population certainty
CODE,original_8k_shared_prefix_scorer,mistralai/Mistral-7B-Instruct-v0.3,c170c708c41dac9275d15a8fff4eca08d52bab71,immediate_readout,explicit,whitespace_union,main,all_valid,ALL,all_pass,26,26,0,26,0,0.94017094017094016,26,0.84615384615384615,1,0.53846153846153844,26,0,1.3846153846153846,,0,,,0,,0,,,0,,0,,,0,1,1,,True,20260911,5000,artifact/task-cluster percentile 95%; degenerate intervals are not population certainty
CODE,original_8k_shared_prefix_scorer,mistralai/Mistral-7B-Instruct-v0.3,c170c708c41dac9275d15a8fff4eca08d52bab71,immediate_readout,explicit,whitespace_union,main,all_valid,ALL,all_fail,0,0,0,0,0,,0,,,,0,,,,0,,,0,,0,,,0,,0,,,0,,,,True,20260911,5000,artifact/task-cluster percentile 95%; degenerate intervals are not population certainty
CODE,original_8k_shared_prefix_scorer,mistralai/Mistral-7B-Instruct-v0.3,c170c708c41dac9275d15a8fff4eca08d52bab71,immediate_readout,explicit,whitespace_union,main,all_valid,ALL,partial,23,23,23,0,0,0.60869565217391308,23,0.50724637681159412,0.70543478260869408,3.5217391304347827,23,2.6510869565217394,4.4347826086956523,0.21739130434782608,23,0.086956521739130432,0.39130434782608697,5,0.13043478260869565,23,0,0.30434782608695654,3,0.086956521739130432,23,0,0.21739130434782608,2,0.21739130434782608,0.13043478260869565,0.40000000000000002,True,20260911,5000,artifact/task-cluster percentile 95%; degenerate intervals are not population certainty
CODE,original_8k_shared_prefix_scorer,mistralai/Mistral-7B-Instruct-v0.3,c170c708c41dac9275d15a8fff4eca08d52bab71,immediate_readout,original,bare,main,all_valid,ALL,all,80,80,54,26,0,0.44722222222222224,80,0.37083333333333335,0.52361111111111103,4.9124999999999996,80,4.1246875000000003,5.6875,0,54,0,0,0,0,54,0,0,0,0,54,0,0,0,0.32500000000000001,0.32500000000000001,,True,20260911,5000,artifact/task-cluster percentile 95%; degenerate intervals are not population certainty
CODE,original_8k_shared_prefix_scorer,mistralai/Mistral-7B-Instruct-v0.3,c170c708c41dac9275d15a8fff4eca08d52bab71,immediate_readout,original,bare,main,all_valid,ALL,nontrivial,54,54,54,0,0,0.26543209876543211,54,0.20164609053497942,0.32921810699588477,3.2777777777777777,54,2.5370370370370372,4.0555555555555554,0,54,0,0,0,0,54,0,0,0,0,54,0,0,0,0,0,,True,20260911,5000,artifact/task-cluster percentile 95%; degenerate intervals are not population certainty
CODE,original_8k_shared_prefix_scorer,mistralai/Mistral-7B-Instruct-v0.3,c170c708c41dac9275d15a8fff4eca08d52bab71,immediate_readout,original,bare,main,all_valid,ALL,all_pass,26,26,0,26,0,0.82478632478632474,26,0.72649572649572647,0.89743589743589758,8.3076923076923084,26,7.2692307692307692,9,,0,,,0,,0,,,0,,0,,,0,1,1,,True,20260911,5000,artifact/task-cluster percentile 95%; degenerate intervals are not population certainty
CODE,original_8k_shared_prefix_scorer,mistralai/Mistral-7B-Instruct-v0.3,c170c708c41dac9275d15a8fff4eca08d52bab71,immediate_readout,original,bare,main,all_valid,ALL,all_fail,0,0,0,0,0,,0,,,,0,,,,0,,,0,,0,,,0,,0,,,0,,,,True,20260911,5000,artifact/task-cluster percentile 95%; degenerate intervals are not population certainty
CODE,original_8k_shared_prefix_scorer,mistralai/Mistral-7B-Instruct-v0.3,c170c708c41dac9275d15a8fff4eca08d52bab71,immediate_readout,original,bare,main,all_valid,ALL,partial,23,23,23,0,0,0.41545893719806765,23,0.323671497584541,0.51207729468599017,5.4347826086956523,23,4.4782608695652177,6.3478260869565215,0,23,0,0,0,0,23,0,0,0,0,23,0,0,0,0,0,,True,20260911,5000,artifact/task-cluster percentile 95%; degenerate intervals are not population certainty
CODE,original_8k_shared_prefix_scorer,mistralai/Mistral-7B-Instruct-v0.3,c170c708c41dac9275d15a8fff4eca08d52bab71,immediate_readout,original,whitespace_union,main,all_valid,ALL,all,80,80,54,26,0,0.47361111111111115,80,0.38888888888888884,0.56111111111111112,3.9874999999999998,80,3.2124999999999999,4.7999999999999998,0,54,0,0,0,0,54,0,0,0,0,54,0,0,0,0.32500000000000001,0.32500000000000001,,True,20260911,5000,artifact/task-cluster percentile 95%; degenerate intervals are not population certainty
CODE,original_8k_shared_prefix_scorer,mistralai/Mistral-7B-Instruct-v0.3,c170c708c41dac9275d15a8fff4eca08d52bab71,immediate_readout,original,whitespace_union,main,all_valid,ALL,nontrivial,54,54,54,0,0,0.26337448559670779,54,0.19135802469135801,0.34156378600823051,3.7407407407407409,54,2.9444444444444446,4.5560185185185116,0,54,0,0,0,0,54,0,0,0,0,54,0,0,0,0,0,,True,20260911,5000,artifact/task-cluster percentile 95%; degenerate intervals are not population certainty
CODE,original_8k_shared_prefix_scorer,mistralai/Mistral-7B-Instruct-v0.3,c170c708c41dac9275d15a8fff4eca08d52bab71,immediate_readout,original,whitespace_union,main,all_valid,ALL,all_pass,26,26,0,26,0,0.91025641025641013,26,0.82478632478632474,0.96581196581196571,4.5,26,2.7692307692307692,6.2307692307692308,,0,,,0,,0,,,0,,0,,,0,1,1,,True,20260911,5000,artifact/task-cluster percentile 95%; degenerate intervals are not population certainty
CODE,original_8k_shared_prefix_scorer,mistralai/Mistral-7B-Instruct-v0.3,c170c708c41dac9275d15a8fff4eca08d52bab71,immediate_readout,original,whitespace_union,main,all_valid,ALL,all_fail,0,0,0,0,0,,0,,,,0,,,,0,,,0,,0,,,0,,0,,,0,,,,True,20260911,5000,artifact/task-cluster percentile 95%; degenerate intervals are not population certainty
CODE,original_8k_shared_prefix_scorer,mistralai/Mistral-7B-Instruct-v0.3,c170c708c41dac9275d15a8fff4eca08d52bab71,immediate_readout,original,whitespace_union,main,all_valid,ALL,partial,23,23,23,0,0,0.51207729468599028,23,0.41050724637681152,0.61352657004830924,5.3043478260869561,23,4.3478260869565215,6.2173913043478262,0,23,0,0,0,0,23,0,0,0,0,23,0,0,0,0,0,,True,20260911,5000,artifact/task-cluster percentile 95%; degenerate intervals are not population certainty
CODE,two_stage_32k_shared_prefix_scorer,Qwen/Qwen2.5-14B-Instruct,cf98f3b3bbb457ad9e2bb7baf9a0125b6b88caa8,immediate_readout,explicit,bare,main,all_valid,ALL,all,80,80,54,26,0,0.74166666666666659,80,0.67222222222222228,0.80416666666666681,2.3624999999999998,80,1.7625,2.9874999999999998,0.87037037037037035,54,0.77777777777777779,0.94444444444444442,47,0.81481481481481477,54,0.70370370370370372,0.90740740740740744,44,0.055555555555555552,54,0,0.12962962962962962,3,0.91249999999999998,0.875,0.063829787234042548,True,20260911,5000,artifact/task-cluster percentile 95%; degenerate intervals are not population certainty
CODE,two_stage_32k_shared_prefix_scorer,Qwen/Qwen2.5-14B-Instruct,cf98f3b3bbb457ad9e2bb7baf9a0125b6b88caa8,immediate_readout,explicit,bare,main,all_valid,ALL,nontrivial,54,54,54,0,0,0.7325102880658434,54,0.65226337448559668,0.80864197530864201,2.2407407407407409,54,1.5555555555555556,2.9444444444444446,0.87037037037037035,54,0.77777777777777779,0.94444444444444442,47,0.81481481481481477,54,0.70370370370370372,0.90740740740740744,44,0.055555555555555552,54,0,0.12962962962962962,3,0.87037037037037035,0.81481481481481477,0.063829787234042548,True,20260911,5000,artifact/task-cluster percentile 95%; degenerate intervals are not population certainty
CODE,two_stage_32k_shared_prefix_scorer,Qwen/Qwen2.5-14B-Instruct,cf98f3b3bbb457ad9e2bb7baf9a0125b6b88caa8,immediate_readout,explicit,bare,main,all_valid,ALL,all_pass,26,26,0,26,0,0.76068376068376076,26,0.63675213675213671,0.86752136752136755,2.6153846153846154,26,1.4990384615384618,3.8461538461538463,,0,,,0,,0,,,0,,0,,,0,1,1,,True,20260911,5000,artifact/task-cluster percentile 95%; degenerate intervals are not population certainty
CODE,two_stage_32k_shared_prefix_scorer,Qwen/Qwen2.5-14B-Instruct,cf98f3b3bbb457ad9e2bb7baf9a0125b6b88caa8,immediate_readout,explicit,bare,main,all_valid,ALL,all_fail,0,0,0,0,0,,0,,,,0,,,,0,,,0,,0,,,0,,0,,,0,,,,True,20260911,5000,artifact/task-cluster percentile 95%; degenerate intervals are not population certainty
CODE,two_stage_32k_shared_prefix_scorer,Qwen/Qwen2.5-14B-Instruct,cf98f3b3bbb457ad9e2bb7baf9a0125b6b88caa8,immediate_readout,explicit,bare,main,all_valid,ALL,partial,23,23,23,0,0,0.62318840579710144,23,0.52173913043478271,0.71980676328502424,3.2173913043478262,23,2.3043478260869565,4.1304347826086953,0.69565217391304346,23,0.52173913043478259,0.86956521739130432,16,0.56521739130434778,23,0.34782608695652173,0.78260869565217395,13,0.13043478260869565,23,0,0.2608695652173913,3,0.69565217391304346,0.56521739130434778,0.1875,True,20260911,5000,artifact/task-cluster percentile 95%; degenerate intervals are not population certainty
CODE,two_stage_32k_shared_prefix_scorer,Qwen/Qwen2.5-14B-Instruct,cf98f3b3bbb457ad9e2bb7baf9a0125b6b88caa8,immediate_readout,explicit,whitespace_union,main,all_valid,ALL,all,80,80,54,26,0,0.73750000000000004,80,0.66805555555555551,0.80138888888888893,2.3875000000000002,80,1.7875000000000001,3.0125000000000002,0.87037037037037035,54,0.77777777777777779,0.94444444444444442,47,0.81481481481481477,54,0.70370370370370372,0.90740740740740744,44,0.055555555555555552,54,0,0.12962962962962962,3,0.91249999999999998,0.875,0.063829787234042548,True,20260911,5000,artifact/task-cluster percentile 95%; degenerate intervals are not population certainty
CODE,two_stage_32k_shared_prefix_scorer,Qwen/Qwen2.5-14B-Instruct,cf98f3b3bbb457ad9e2bb7baf9a0125b6b88caa8,immediate_readout,explicit,whitespace_union,main,all_valid,ALL,nontrivial,54,54,54,0,0,0.72839506172839485,54,0.64609053497942381,0.80658436213991758,2.2592592592592591,54,1.5740740740740742,2.9629629629629628,0.87037037037037035,54,0.77777777777777779,0.94444444444444442,47,0.81481481481481477,54,0.70370370370370372,0.90740740740740744,44,0.055555555555555552,54,0,0.12962962962962962,3,0.87037037037037035,0.81481481481481477,0.063829787234042548,True,20260911,5000,artifact/task-cluster percentile 95%; degenerate intervals are not population certainty
CODE,two_stage_32k_shared_prefix_scorer,Qwen/Qwen2.5-14B-Instruct,cf98f3b3bbb457ad9e2bb7baf9a0125b6b88caa8,immediate_readout,explicit,whitespace_union,main,all_valid,ALL,all_pass,26,26,0,26,0,0.7564102564102565,26,0.63247863247863245,0.86752136752136744,2.6538461538461537,26,1.5,3.8846153846153846,,0,,,0,,0,,,0,,0,,,0,1,1,,True,20260911,5000,artifact/task-cluster percentile 95%; degenerate intervals are not population certainty
CODE,two_stage_32k_shared_prefix_scorer,Qwen/Qwen2.5-14B-Instruct,cf98f3b3bbb457ad9e2bb7baf9a0125b6b88caa8,immediate_readout,explicit,whitespace_union,main,all_valid,ALL,all_fail,0,0,0,0,0,,0,,,,0,,,,0,,,0,,0,,,0,,0,,,0,,,,True,20260911,5000,artifact/task-cluster percentile 95%; degenerate intervals are not population certainty
CODE,two_stage_32k_shared_prefix_scorer,Qwen/Qwen2.5-14B-Instruct,cf98f3b3bbb457ad9e2bb7baf9a0125b6b88caa8,immediate_readout,explicit,whitespace_union,main,all_valid,ALL,partial,23,23,23,0,0,0.61352657004830913,23,0.51207729468599039,0.71014492753623204,3.2608695652173911,23,2.347826086956522,4.1739130434782608,0.69565217391304346,23,0.52173913043478259,0.86956521739130432,16,0.56521739130434778,23,0.34782608695652173,0.78260869565217395,13,0.13043478260869565,23,0,0.2608695652173913,3,0.69565217391304346,0.56521739130434778,0.1875,True,20260911,5000,artifact/task-cluster percentile 95%; degenerate intervals are not population certainty
CODE,two_stage_32k_shared_prefix_scorer,Qwen/Qwen2.5-14B-Instruct,cf98f3b3bbb457ad9e2bb7baf9a0125b6b88caa8,immediate_readout,original,bare,main,all_valid,ALL,all,80,80,54,26,0,0.72083333333333333,80,0.64583333333333326,0.78888888888888897,2.4125000000000001,80,1.8,3.0874999999999999,0.27777777777777779,54,0.16666666666666666,0.40740740740740738,15,0.27777777777777779,54,0.16666666666666666,0.40740740740740738,15,0,54,0,0,0,0.51249999999999996,0.51249999999999996,0,True,20260911,5000,artifact/task-cluster percentile 95%; degenerate intervals are not population certainty
CODE,two_stage_32k_shared_prefix_scorer,Qwen/Qwen2.5-14B-Instruct,cf98f3b3bbb457ad9e2bb7baf9a0125b6b88caa8,immediate_readout,original,bare,main,all_valid,ALL,nontrivial,54,54,54,0,0,0.64197530864197527,54,0.55555555555555558,0.72021604938271522,3.074074074074074,54,2.3518518518518516,3.8148148148148149,0.27777777777777779,54,0.16666666666666666,0.40740740740740738,15,0.27777777777777779,54,0.16666666666666666,0.40740740740740738,15,0,54,0,0,0,0.27777777777777779,0.27777777777777779,0,True,20260911,5000,artifact/task-cluster percentile 95%; degenerate intervals are not population certainty
CODE,two_stage_32k_shared_prefix_scorer,Qwen/Qwen2.5-14B-Instruct,cf98f3b3bbb457ad9e2bb7baf9a0125b6b88caa8,immediate_readout,original,bare,main,all_valid,ALL,all_pass,26,26,0,26,0,0.88461538461538458,26,0.76495726495726502,0.99572649572649574,1.0384615384615385,26,0.038461538461538464,2.1153846153846154,,0,,,0,,0,,,0,,0,,,0,1,1,,True,20260911,5000,artifact/task-cluster percentile 95%; degenerate intervals are not population certainty
CODE,two_stage_32k_shared_prefix_scorer,Qwen/Qwen2.5-14B-Instruct,cf98f3b3bbb457ad9e2bb7baf9a0125b6b88caa8,immediate_readout,original,bare,main,all_valid,ALL,all_fail,0,0,0,0,0,,0,,,,0,,,,0,,,0,,0,,,0,,0,,,0,,,,True,20260911,5000,artifact/task-cluster percentile 95%; degenerate intervals are not population certainty
CODE,two_stage_32k_shared_prefix_scorer,Qwen/Qwen2.5-14B-Instruct,cf98f3b3bbb457ad9e2bb7baf9a0125b6b88caa8,immediate_readout,original,bare,main,all_valid,ALL,partial,23,23,23,0,0,0.54106280193236711,23,0.43478260869565216,0.64734299516908211,4.3478260869565215,23,3.3467391304347833,5.3913043478260869,0.34782608695652173,23,0.17391304347826086,0.56521739130434778,8,0.34782608695652173,23,0.17391304347826086,0.56521739130434778,8,0,23,0,0,0,0.34782608695652173,0.34782608695652173,0,True,20260911,5000,artifact/task-cluster percentile 95%; degenerate intervals are not population certainty
CODE,two_stage_32k_shared_prefix_scorer,Qwen/Qwen2.5-14B-Instruct,cf98f3b3bbb457ad9e2bb7baf9a0125b6b88caa8,immediate_readout,original,whitespace_union,main,all_valid,ALL,all,80,80,54,26,0,0.71805555555555556,80,0.64305555555555549,0.78749999999999998,2.4249999999999998,80,1.8,3.1000000000000001,0.29629629629629628,54,0.18518518518518517,0.42592592592592593,16,0.29629629629629628,54,0.18518518518518517,0.42592592592592593,16,0,54,0,0,0,0.52500000000000002,0.52500000000000002,0,True,20260911,5000,artifact/task-cluster percentile 95%; degenerate intervals are not population certainty
CODE,two_stage_32k_shared_prefix_scorer,Qwen/Qwen2.5-14B-Instruct,cf98f3b3bbb457ad9e2bb7baf9a0125b6b88caa8,immediate_readout,original,whitespace_union,main,all_valid,ALL,nontrivial,54,54,54,0,0,0.63991769547325095,54,0.55349794238683125,0.72016460905349744,3.074074074074074,54,2.3518518518518516,3.8148148148148149,0.29629629629629628,54,0.18518518518518517,0.42592592592592593,16,0.29629629629629628,54,0.18518518518518517,0.42592592592592593,16,0,54,0,0,0,0.29629629629629628,0.29629629629629628,0,True,20260911,5000,artifact/task-cluster percentile 95%; degenerate intervals are not population certainty
CODE,two_stage_32k_shared_prefix_scorer,Qwen/Qwen2.5-14B-Instruct,cf98f3b3bbb457ad9e2bb7baf9a0125b6b88caa8,immediate_readout,original,whitespace_union,main,all_valid,ALL,all_pass,26,26,0,26,0,0.88034188034188032,26,0.7564102564102565,0.99572649572649574,1.0769230769230769,26,0.038461538461538464,2.1923076923076925,,0,,,0,,0,,,0,,0,,,0,1,1,,True,20260911,5000,artifact/task-cluster percentile 95%; degenerate intervals are not population certainty
CODE,two_stage_32k_shared_prefix_scorer,Qwen/Qwen2.5-14B-Instruct,cf98f3b3bbb457ad9e2bb7baf9a0125b6b88caa8,immediate_readout,original,whitespace_union,main,all_valid,ALL,all_fail,0,0,0,0,0,,0,,,,0,,,,0,,,0,,0,,,0,,0,,,0,,,,True,20260911,5000,artifact/task-cluster percentile 95%; degenerate intervals are not population certainty
CODE,two_stage_32k_shared_prefix_scorer,Qwen/Qwen2.5-14B-Instruct,cf98f3b3bbb457ad9e2bb7baf9a0125b6b88caa8,immediate_readout,original,whitespace_union,main,all_valid,ALL,partial,23,23,23,0,0,0.53623188405797106,23,0.42995169082125606,0.64251207729468607,4.3478260869565215,23,3.3467391304347833,5.3913043478260869,0.34782608695652173,23,0.17391304347826086,0.56521739130434778,8,0.34782608695652173,23,0.17391304347826086,0.56521739130434778,8,0,23,0,0,0,0.34782608695652173,0.34782608695652173,0,True,20260911,5000,artifact/task-cluster percentile 95%; degenerate intervals are not population certainty
CODE,two_stage_32k_shared_prefix_scorer,Qwen/Qwen3-30B-A3B-Thinking-2507,144afc2f379b542fdd4e85a1fcd5e1f79112d95d,native_reason_then_score,explicit,bare,main,all_valid,ALL,all,80,80,54,26,0,0.95833333333333337,80,0.92638888888888893,0.98472222222222217,0.3125,80,0.074999999999999997,0.61250000000000004,0.98148148148148151,54,0.94444444444444442,1,53,0.96296296296296291,54,0.90740740740740744,1,52,0.018518518518518517,54,0,0.055555555555555552,1,0.98750000000000004,0.97499999999999998,0.018867924528301886,True,20260911,5000,artifact/task-cluster percentile 95%; degenerate intervals are not population certainty
CODE,two_stage_32k_shared_prefix_scorer,Qwen/Qwen3-30B-A3B-Thinking-2507,144afc2f379b542fdd4e85a1fcd5e1f79112d95d,native_reason_then_score,explicit,bare,main,all_valid,ALL,nontrivial,54,54,54,0,0,0.94855967078189296,54,0.90534979423868311,0.98353909465020584,0.35185185185185186,54,0.037037037037037035,0.7407407407407407,0.98148148148148151,54,0.94444444444444442,1,53,0.96296296296296291,54,0.90740740740740744,1,52,0.018518518518518517,54,0,0.055555555555555552,1,0.98148148148148151,0.96296296296296291,0.018867924528301886,True,20260911,5000,artifact/task-cluster percentile 95%; degenerate intervals are not population certainty
CODE,two_stage_32k_shared_prefix_scorer,Qwen/Qwen3-30B-A3B-Thinking-2507,144afc2f379b542fdd4e85a1fcd5e1f79112d95d,native_reason_then_score,explicit,bare,main,all_valid,ALL,all_pass,26,26,0,26,0,0.9786324786324786,26,0.9358974358974359,1,0.23076923076923078,26,0,0.69230769230769229,,0,,,0,,0,,,0,,0,,,0,1,1,,True,20260911,5000,artifact/task-cluster percentile 95%; degenerate intervals are not population certainty
CODE,two_stage_32k_shared_prefix_scorer,Qwen/Qwen3-30B-A3B-Thinking-2507,144afc2f379b542fdd4e85a1fcd5e1f79112d95d,native_reason_then_score,explicit,bare,main,all_valid,ALL,all_fail,0,0,0,0,0,,0,,,,0,,,,0,,,0,,0,,,0,,0,,,0,,,,True,20260911,5000,artifact/task-cluster percentile 95%; degenerate intervals are not population certainty
CODE,two_stage_32k_shared_prefix_scorer,Qwen/Qwen3-30B-A3B-Thinking-2507,144afc2f379b542fdd4e85a1fcd5e1f79112d95d,native_reason_then_score,explicit,bare,main,all_valid,ALL,partial,23,23,23,0,0,0.9903381642512078,23,0.97584541062801944,1,0.2608695652173913,23,0,0.78260869565217395,0.95652173913043481,23,0.86956521739130432,1,22,0.91304347826086951,23,0.78260869565217395,1,21,0.043478260869565216,23,0,0.13043478260869565,1,0.95652173913043481,0.91304347826086951,0.045454545454545456,True,20260911,5000,artifact/task-cluster percentile 95%; degenerate intervals are not population certainty
CODE,two_stage_32k_shared_prefix_scorer,Qwen/Qwen3-30B-A3B-Thinking-2507,144afc2f379b542fdd4e85a1fcd5e1f79112d95d,native_reason_then_score,explicit,whitespace_union,main,all_valid,ALL,all,80,80,54,26,0,0.95833333333333337,80,0.92638888888888893,0.98472222222222217,0.3125,80,0.074999999999999997,0.61250000000000004,0.98148148148148151,54,0.94444444444444442,1,53,0.96296296296296291,54,0.90740740740740744,1,52,0.018518518518518517,54,0,0.055555555555555552,1,0.98750000000000004,0.97499999999999998,0.018867924528301886,True,20260911,5000,artifact/task-cluster percentile 95%; degenerate intervals are not population certainty
CODE,two_stage_32k_shared_prefix_scorer,Qwen/Qwen3-30B-A3B-Thinking-2507,144afc2f379b542fdd4e85a1fcd5e1f79112d95d,native_reason_then_score,explicit,whitespace_union,main,all_valid,ALL,nontrivial,54,54,54,0,0,0.94855967078189296,54,0.90534979423868311,0.98353909465020584,0.35185185185185186,54,0.037037037037037035,0.7407407407407407,0.98148148148148151,54,0.94444444444444442,1,53,0.96296296296296291,54,0.90740740740740744,1,52,0.018518518518518517,54,0,0.055555555555555552,1,0.98148148148148151,0.96296296296296291,0.018867924528301886,True,20260911,5000,artifact/task-cluster percentile 95%; degenerate intervals are not population certainty
CODE,two_stage_32k_shared_prefix_scorer,Qwen/Qwen3-30B-A3B-Thinking-2507,144afc2f379b542fdd4e85a1fcd5e1f79112d95d,native_reason_then_score,explicit,whitespace_union,main,all_valid,ALL,all_pass,26,26,0,26,0,0.9786324786324786,26,0.9358974358974359,1,0.23076923076923078,26,0,0.69230769230769229,,0,,,0,,0,,,0,,0,,,0,1,1,,True,20260911,5000,artifact/task-cluster percentile 95%; degenerate intervals are not population certainty
CODE,two_stage_32k_shared_prefix_scorer,Qwen/Qwen3-30B-A3B-Thinking-2507,144afc2f379b542fdd4e85a1fcd5e1f79112d95d,native_reason_then_score,explicit,whitespace_union,main,all_valid,ALL,all_fail,0,0,0,0,0,,0,,,,0,,,,0,,,0,,0,,,0,,0,,,0,,,,True,20260911,5000,artifact/task-cluster percentile 95%; degenerate intervals are not population certainty
CODE,two_stage_32k_shared_prefix_scorer,Qwen/Qwen3-30B-A3B-Thinking-2507,144afc2f379b542fdd4e85a1fcd5e1f79112d95d,native_reason_then_score,explicit,whitespace_union,main,all_valid,ALL,partial,23,23,23,0,0,0.9903381642512078,23,0.97584541062801944,1,0.2608695652173913,23,0,0.78260869565217395,0.95652173913043481,23,0.86956521739130432,1,22,0.91304347826086951,23,0.78260869565217395,1,21,0.043478260869565216,23,0,0.13043478260869565,1,0.95652173913043481,0.91304347826086951,0.045454545454545456,True,20260911,5000,artifact/task-cluster percentile 95%; degenerate intervals are not population certainty
CODE,two_stage_32k_shared_prefix_scorer,Qwen/Qwen3-30B-A3B-Thinking-2507,144afc2f379b542fdd4e85a1fcd5e1f79112d95d,native_reason_then_score,original,bare,main,all_valid,ALL,all,80,78,53,25,0,0.95584045584045563,78,0.91737891737891741,0.98717948717948723,0.42307692307692307,78,0.14102564102564102,0.7823717948717902,0.96226415094339623,53,0.90566037735849059,1,51,0.96226415094339623,53,0.90566037735849059,1,51,0,53,0,0,0,0.97435897435897434,0.97435897435897434,0,True,20260911,5000,artifact/task-cluster percentile 95%; degenerate intervals are not population certainty
CODE,two_stage_32k_shared_prefix_scorer,Qwen/Qwen3-30B-A3B-Thinking-2507,144afc2f379b542fdd4e85a1fcd5e1f79112d95d,native_reason_then_score,original,bare,main,all_valid,ALL,nontrivial,54,53,53,0,0,0.93920335429769397,53,0.88050314465408797,0.9853249475890985,0.52830188679245282,53,0.13207547169811321,1.0377358490566038,0.96226415094339623,53,0.90566037735849059,1,51,0.96226415094339623,53,0.90566037735849059,1,51,0,53,0,0,0,0.96226415094339623,0.96226415094339623,0,True,20260911,5000,artifact/task-cluster percentile 95%; degenerate intervals are not population certainty
CODE,two_stage_32k_shared_prefix_scorer,Qwen/Qwen3-30B-A3B-Thinking-2507,144afc2f379b542fdd4e85a1fcd5e1f79112d95d,native_reason_then_score,original,bare,main,all_valid,ALL,all_pass,26,25,0,25,0,0.99111111111111116,25,0.97777777777777775,1,0.20000000000000001,25,0,0.56000000000000005,,0,,,0,,0,,,0,,0,,,0,1,1,,True,20260911,5000,artifact/task-cluster percentile 95%; degenerate intervals are not population certainty
CODE,two_stage_32k_shared_prefix_scorer,Qwen/Qwen3-30B-A3B-Thinking-2507,144afc2f379b542fdd4e85a1fcd5e1f79112d95d,native_reason_then_score,original,bare,main,all_valid,ALL,all_fail,0,0,0,0,0,,0,,,,0,,,,0,,,0,,0,,,0,,0,,,0,,,,True,20260911,5000,artifact/task-cluster percentile 95%; degenerate intervals are not population certainty
CODE,two_stage_32k_shared_prefix_scorer,Qwen/Qwen3-30B-A3B-Thinking-2507,144afc2f379b542fdd4e85a1fcd5e1f79112d95d,native_reason_then_score,original,bare,main,all_valid,ALL,partial,23,23,23,0,0,0.98067632850241548,23,0.95652173913043481,1,0.13043478260869565,23,0,0.2619565217391146,0.91304347826086951,23,0.78260869565217395,1,21,0.91304347826086951,23,0.78260869565217395,1,21,0,23,0,0,0,0.91304347826086951,0.91304347826086951,0,True,20260911,5000,artifact/task-cluster percentile 95%; degenerate intervals are not population certainty
CODE,two_stage_32k_shared_prefix_scorer,Qwen/Qwen3-30B-A3B-Thinking-2507,144afc2f379b542fdd4e85a1fcd5e1f79112d95d,native_reason_then_score,original,whitespace_union,main,all_valid,ALL,all,80,78,53,25,0,0.95584045584045563,78,0.91737891737891741,0.98717948717948723,0.42307692307692307,78,0.14102564102564102,0.7823717948717902,0.96226415094339623,53,0.90566037735849059,1,51,0.96226415094339623,53,0.90566037735849059,1,51,0,53,0,0,0,0.97435897435897434,0.97435897435897434,0,True,20260911,5000,artifact/task-cluster percentile 95%; degenerate intervals are not population certainty
CODE,two_stage_32k_shared_prefix_scorer,Qwen/Qwen3-30B-A3B-Thinking-2507,144afc2f379b542fdd4e85a1fcd5e1f79112d95d,native_reason_then_score,original,whitespace_union,main,all_valid,ALL,nontrivial,54,53,53,0,0,0.93920335429769397,53,0.88050314465408797,0.9853249475890985,0.52830188679245282,53,0.13207547169811321,1.0377358490566038,0.96226415094339623,53,0.90566037735849059,1,51,0.96226415094339623,53,0.90566037735849059,1,51,0,53,0,0,0,0.96226415094339623,0.96226415094339623,0,True,20260911,5000,artifact/task-cluster percentile 95%; degenerate intervals are not population certainty
CODE,two_stage_32k_shared_prefix_scorer,Qwen/Qwen3-30B-A3B-Thinking-2507,144afc2f379b542fdd4e85a1fcd5e1f79112d95d,native_reason_then_score,original,whitespace_union,main,all_valid,ALL,all_pass,26,25,0,25,0,0.99111111111111116,25,0.97777777777777775,1,0.20000000000000001,25,0,0.56000000000000005,,0,,,0,,0,,,0,,0,,,0,1,1,,True,20260911,5000,artifact/task-cluster percentile 95%; degenerate intervals are not population certainty
CODE,two_stage_32k_shared_prefix_scorer,Qwen/Qwen3-30B-A3B-Thinking-2507,144afc2f379b542fdd4e85a1fcd5e1f79112d95d,native_reason_then_score,original,whitespace_union,main,all_valid,ALL,all_fail,0,0,0,0,0,,0,,,,0,,,,0,,,0,,0,,,0,,0,,,0,,,,True,20260911,5000,artifact/task-cluster percentile 95%; degenerate intervals are not population certainty
CODE,two_stage_32k_shared_prefix_scorer,Qwen/Qwen3-30B-A3B-Thinking-2507,144afc2f379b542fdd4e85a1fcd5e1f79112d95d,native_reason_then_score,original,whitespace_union,main,all_valid,ALL,partial,23,23,23,0,0,0.98067632850241548,23,0.95652173913043481,1,0.13043478260869565,23,0,0.2619565217391146,0.91304347826086951,23,0.78260869565217395,1,21,0.91304347826086951,23,0.78260869565217395,1,21,0,23,0,0,0,0.91304347826086951,0.91304347826086951,0,True,20260911,5000,artifact/task-cluster percentile 95%; degenerate intervals are not population certainty
CODE,two_stage_32k_shared_prefix_scorer,google/gemma-2-9b-it,11c9b309abf73637e4b6f9a3fa1e92e615547819,immediate_readout,explicit,bare,main,all_valid,ALL,all,80,80,54,26,0,0.50833333333333341,80,0.43333333333333329,0.58194444444444438,3.8125,80,3.0874999999999999,4.5625,0.68518518518518523,54,0.55555555555555558,0.79629629629629628,37,0.31481481481481483,54,0.20370370370370369,0.44444444444444442,17,0.37037037037037035,54,0.24074074074074073,0.5,20,0.78749999999999998,0.53749999999999998,0.54054054054054057,True,20260911,5000,artifact/task-cluster percentile 95%; degenerate intervals are not population certainty
CODE,two_stage_32k_shared_prefix_scorer,google/gemma-2-9b-it,11c9b309abf73637e4b6f9a3fa1e92e615547819,immediate_readout,explicit,bare,main,all_valid,ALL,nontrivial,54,54,54,0,0,0.37242798353909451,54,0.30658436213991763,0.43827160493827155,4.1851851851851851,54,3.3333333333333335,5.0555555555555554,0.68518518518518523,54,0.55555555555555558,0.79629629629629628,37,0.31481481481481483,54,0.20370370370370369,0.44444444444444442,17,0.37037037037037035,54,0.24074074074074073,0.5,20,0.68518518518518523,0.31481481481481483,0.54054054054054057,True,20260911,5000,artifact/task-cluster percentile 95%; degenerate intervals are not population certainty
CODE,two_stage_32k_shared_prefix_scorer,google/gemma-2-9b-it,11c9b309abf73637e4b6f9a3fa1e92e615547819,immediate_readout,explicit,bare,main,all_valid,ALL,all_pass,26,26,0,26,0,0.79059829059829068,26,0.65811965811965811,0.91025641025641013,3.0384615384615383,26,1.7307692307692308,4.4230769230769234,,0,,,0,,0,,,0,,0,,,0,1,1,,True,20260911,5000,artifact/task-cluster percentile 95%; degenerate intervals are not population certainty
CODE,two_stage_32k_shared_prefix_scorer,google/gemma-2-9b-it,11c9b309abf73637e4b6f9a3fa1e92e615547819,immediate_readout,explicit,bare,main,all_valid,ALL,all_fail,0,0,0,0,0,,0,,,,0,,,,0,,,0,,0,,,0,,0,,,0,,,,True,20260911,5000,artifact/task-cluster percentile 95%; degenerate intervals are not population certainty
CODE,two_stage_32k_shared_prefix_scorer,google/gemma-2-9b-it,11c9b309abf73637e4b6f9a3fa1e92e615547819,immediate_readout,explicit,bare,main,all_valid,ALL,partial,23,23,23,0,0,0.45893719806763278,23,0.3671497584541063,0.55555555555555547,4.5217391304347823,23,3.5217391304347827,5.4782608695652177,0.30434782608695654,23,0.13043478260869565,0.47934782608694071,7,0.13043478260869565,23,0,0.30434782608695654,3,0.17391304347826086,23,0.043478260869565216,0.34782608695652173,4,0.30434782608695654,0.13043478260869565,0.5714285714285714,True,20260911,5000,artifact/task-cluster percentile 95%; degenerate intervals are not population certainty
CODE,two_stage_32k_shared_prefix_scorer,google/gemma-2-9b-it,11c9b309abf73637e4b6f9a3fa1e92e615547819,immediate_readout,explicit,whitespace_union,main,all_valid,ALL,all,80,80,54,26,0,0.50833333333333341,80,0.43333333333333329,0.58194444444444438,3.8125,80,3.0874999999999999,4.5625,0.70370370370370372,54,0.57407407407407407,0.81481481481481477,38,0.33333333333333331,54,0.20370370370370369,0.46296296296296297,18,0.37037037037037035,54,0.24074074074074073,0.5,20,0.80000000000000004,0.55000000000000004,0.52631578947368418,True,20260911,5000,artifact/task-cluster percentile 95%; degenerate intervals are not population certainty
CODE,two_stage_32k_shared_prefix_scorer,google/gemma-2-9b-it,11c9b309abf73637e4b6f9a3fa1e92e615547819,immediate_readout,explicit,whitespace_union,main,all_valid,ALL,nontrivial,54,54,54,0,0,0.37242798353909451,54,0.30658436213991763,0.43827160493827155,4.1851851851851851,54,3.3333333333333335,5.0555555555555554,0.70370370370370372,54,0.57407407407407407,0.81481481481481477,38,0.33333333333333331,54,0.20370370370370369,0.46296296296296297,18,0.37037037037037035,54,0.24074074074074073,0.5,20,0.70370370370370372,0.33333333333333331,0.52631578947368418,True,20260911,5000,artifact/task-cluster percentile 95%; degenerate intervals are not population certainty
CODE,two_stage_32k_shared_prefix_scorer,google/gemma-2-9b-it,11c9b309abf73637e4b6f9a3fa1e92e615547819,immediate_readout,explicit,whitespace_union,main,all_valid,ALL,all_pass,26,26,0,26,0,0.79059829059829068,26,0.65811965811965811,0.91025641025641013,3.0384615384615383,26,1.7307692307692308,4.4230769230769234,,0,,,0,,0,,,0,,0,,,0,1,1,,True,20260911,5000,artifact/task-cluster percentile 95%; degenerate intervals are not population certainty
CODE,two_stage_32k_shared_prefix_scorer,google/gemma-2-9b-it,11c9b309abf73637e4b6f9a3fa1e92e615547819,immediate_readout,explicit,whitespace_union,main,all_valid,ALL,all_fail,0,0,0,0,0,,0,,,,0,,,,0,,,0,,0,,,0,,0,,,0,,,,True,20260911,5000,artifact/task-cluster percentile 95%; degenerate intervals are not population certainty
CODE,two_stage_32k_shared_prefix_scorer,google/gemma-2-9b-it,11c9b309abf73637e4b6f9a3fa1e92e615547819,immediate_readout,explicit,whitespace_union,main,all_valid,ALL,partial,23,23,23,0,0,0.45893719806763278,23,0.3671497584541063,0.55555555555555547,4.5217391304347823,23,3.5217391304347827,5.4782608695652177,0.34782608695652173,23,0.17391304347826086,0.56521739130434778,8,0.17391304347826086,23,0.043478260869565216,0.34782608695652173,4,0.17391304347826086,23,0.043478260869565216,0.34782608695652173,4,0.34782608695652173,0.17391304347826086,0.5,True,20260911,5000,artifact/task-cluster percentile 95%; degenerate intervals are not population certainty
CODE,two_stage_32k_shared_prefix_scorer,google/gemma-2-9b-it,11c9b309abf73637e4b6f9a3fa1e92e615547819,immediate_readout,original,bare,main,all_valid,ALL,all,80,80,54,26,0,0.47916666666666663,80,0.39579861111111109,0.56527777777777766,4.3875000000000002,80,3.6000000000000001,5.1749999999999998,0.092592592592592587,54,0.018518518518518517,0.16666666666666666,5,0.037037037037037035,54,0,0.092592592592592587,2,0.055555555555555552,54,0,0.1111111111111111,3,0.38750000000000001,0.34999999999999998,0.59999999999999998,True,20260911,5000,artifact/task-cluster percentile 95%; degenerate intervals are not population certainty
CODE,two_stage_32k_shared_prefix_scorer,google/gemma-2-9b-it,11c9b309abf73637e4b6f9a3fa1e92e615547819,immediate_readout,original,bare,main,all_valid,ALL,nontrivial,54,54,54,0,0,0.31687242798353904,54,0.24279835390946503,0.39300411522633738,5.6851851851851851,54,4.9074074074074074,6.4259259259259256,0.092592592592592587,54,0.018518518518518517,0.16666666666666666,5,0.037037037037037035,54,0,0.092592592592592587,2,0.055555555555555552,54,0,0.1111111111111111,3,0.092592592592592587,0.037037037037037035,0.59999999999999998,True,20260911,5000,artifact/task-cluster percentile 95%; degenerate intervals are not population certainty
CODE,two_stage_32k_shared_prefix_scorer,google/gemma-2-9b-it,11c9b309abf73637e4b6f9a3fa1e92e615547819,immediate_readout,original,bare,main,all_valid,ALL,all_pass,26,26,0,26,0,0.81623931623931623,26,0.66239316239316237,0.96153846153846156,1.6923076923076923,26,0.34615384615384615,3.0769230769230771,,0,,,0,,0,,,0,,0,,,0,1,1,,True,20260911,5000,artifact/task-cluster percentile 95%; degenerate intervals are not population certainty
CODE,two_stage_32k_shared_prefix_scorer,google/gemma-2-9b-it,11c9b309abf73637e4b6f9a3fa1e92e615547819,immediate_readout,original,bare,main,all_valid,ALL,all_fail,0,0,0,0,0,,0,,,,0,,,,0,,,0,,0,,,0,,0,,,0,,,,True,20260911,5000,artifact/task-cluster percentile 95%; degenerate intervals are not population certainty
CODE,two_stage_32k_shared_prefix_scorer,google/gemma-2-9b-it,11c9b309abf73637e4b6f9a3fa1e92e615547819,immediate_readout,original,bare,main,all_valid,ALL,partial,23,23,23,0,0,0.47342995169082125,23,0.36231884057971009,0.58454106280193241,4.7826086956521738,23,3.7826086956521738,5.7826086956521738,0.13043478260869565,23,0,0.2608695652173913,3,0.043478260869565216,23,0,0.13043478260869565,1,0.086956521739130432,23,0,0.21739130434782608,2,0.13043478260869565,0.043478260869565216,0.66666666666666663,True,20260911,5000,artifact/task-cluster percentile 95%; degenerate intervals are not population certainty
CODE,two_stage_32k_shared_prefix_scorer,google/gemma-2-9b-it,11c9b309abf73637e4b6f9a3fa1e92e615547819,immediate_readout,original,whitespace_union,main,all_valid,ALL,all,80,80,54,26,0,0.47777777777777769,80,0.3930555555555556,0.56388888888888888,4.3875000000000002,80,3.6000000000000001,5.1749999999999998,0.092592592592592587,54,0.018518518518518517,0.16666666666666666,5,0.037037037037037035,54,0,0.092592592592592587,2,0.055555555555555552,54,0,0.1111111111111111,3,0.38750000000000001,0.34999999999999998,0.59999999999999998,True,20260911,5000,artifact/task-cluster percentile 95%; degenerate intervals are not population certainty
CODE,two_stage_32k_shared_prefix_scorer,google/gemma-2-9b-it,11c9b309abf73637e4b6f9a3fa1e92e615547819,immediate_readout,original,whitespace_union,main,all_valid,ALL,nontrivial,54,54,54,0,0,0.31687242798353904,54,0.24279835390946503,0.39300411522633738,5.6851851851851851,54,4.9074074074074074,6.4259259259259256,0.092592592592592587,54,0.018518518518518517,0.16666666666666666,5,0.037037037037037035,54,0,0.092592592592592587,2,0.055555555555555552,54,0,0.1111111111111111,3,0.092592592592592587,0.037037037037037035,0.59999999999999998,True,20260911,5000,artifact/task-cluster percentile 95%; degenerate intervals are not population certainty
CODE,two_stage_32k_shared_prefix_scorer,google/gemma-2-9b-it,11c9b309abf73637e4b6f9a3fa1e92e615547819,immediate_readout,original,whitespace_union,main,all_valid,ALL,all_pass,26,26,0,26,0,0.81196581196581197,26,0.65811965811965811,0.96153846153846156,1.6923076923076923,26,0.34615384615384615,3.0769230769230771,,0,,,0,,0,,,0,,0,,,0,1,1,,True,20260911,5000,artifact/task-cluster percentile 95%; degenerate intervals are not population certainty
CODE,two_stage_32k_shared_prefix_scorer,google/gemma-2-9b-it,11c9b309abf73637e4b6f9a3fa1e92e615547819,immediate_readout,original,whitespace_union,main,all_valid,ALL,all_fail,0,0,0,0,0,,0,,,,0,,,,0,,,0,,0,,,0,,0,,,0,,,,True,20260911,5000,artifact/task-cluster percentile 95%; degenerate intervals are not population certainty
CODE,two_stage_32k_shared_prefix_scorer,google/gemma-2-9b-it,11c9b309abf73637e4b6f9a3fa1e92e615547819,immediate_readout,original,whitespace_union,main,all_valid,ALL,partial,23,23,23,0,0,0.47342995169082125,23,0.36231884057971009,0.58454106280193241,4.7826086956521738,23,3.7826086956521738,5.7826086956521738,0.13043478260869565,23,0,0.2608695652173913,3,0.043478260869565216,23,0,0.13043478260869565,1,0.086956521739130432,23,0,0.21739130434782608,2,0.13043478260869565,0.043478260869565216,0.66666666666666663,True,20260911,5000,artifact/task-cluster percentile 95%; degenerate intervals are not population certainty
CODE,two_stage_32k_shared_prefix_scorer,meta-llama/Llama-3.1-8B-Instruct,0e9e39f249a16976918f6564b8830bc894c89659,immediate_readout,explicit,bare,main,all_valid,ALL,all,80,80,54,26,0,0.54722222222222217,80,0.47499999999999998,0.61805555555555558,3.7875000000000001,80,3.0625,4.5125000000000002,0.7592592592592593,54,0.64814814814814814,0.87037037037037035,41,0.66666666666666663,54,0.53703703703703709,0.79629629629629628,36,0.092592592592592587,54,0.018518518518518517,0.16666666666666666,5,0.83750000000000002,0.77500000000000002,0.12195121951219512,True,20260911,5000,artifact/task-cluster percentile 95%; degenerate intervals are not population certainty
CODE,two_stage_32k_shared_prefix_scorer,meta-llama/Llama-3.1-8B-Instruct,0e9e39f249a16976918f6564b8830bc894c89659,immediate_readout,explicit,bare,main,all_valid,ALL,nontrivial,54,54,54,0,0,0.46090534979423869,54,0.38271604938271614,0.54115226337448563,4.0185185185185182,54,3.1666666666666665,4.8518518518518521,0.7592592592592593,54,0.64814814814814814,0.87037037037037035,41,0.66666666666666663,54,0.53703703703703709,0.79629629629629628,36,0.092592592592592587,54,0.018518518518518517,0.16666666666666666,5,0.7592592592592593,0.66666666666666663,0.12195121951219512,True,20260911,5000,artifact/task-cluster percentile 95%; degenerate intervals are not population certainty
CODE,two_stage_32k_shared_prefix_scorer,meta-llama/Llama-3.1-8B-Instruct,0e9e39f249a16976918f6564b8830bc894c89659,immediate_readout,explicit,bare,main,all_valid,ALL,all_pass,26,26,0,26,0,0.72649572649572636,26,0.60683760683760679,0.84188034188034189,3.3076923076923075,26,2,4.615384615384615,,0,,,0,,0,,,0,,0,,,0,1,1,,True,20260911,5000,artifact/task-cluster percentile 95%; degenerate intervals are not population certainty
CODE,two_stage_32k_shared_prefix_scorer,meta-llama/Llama-3.1-8B-Instruct,0e9e39f249a16976918f6564b8830bc894c89659,immediate_readout,explicit,bare,main,all_valid,ALL,all_fail,0,0,0,0,0,,0,,,,0,,,,0,,,0,,0,,,0,,0,,,0,,,,True,20260911,5000,artifact/task-cluster percentile 95%; degenerate intervals are not population certainty
CODE,two_stage_32k_shared_prefix_scorer,meta-llama/Llama-3.1-8B-Instruct,0e9e39f249a16976918f6564b8830bc894c89659,immediate_readout,explicit,bare,main,all_valid,ALL,partial,23,23,23,0,0,0.59903381642512077,23,0.50724637681159412,0.68599033816425137,3.0434782608695654,23,2.0869565217391304,4.0434782608695654,0.43478260869565216,23,0.2608695652173913,0.65217391304347827,10,0.2608695652173913,23,0.086956521739130432,0.43478260869565216,6,0.17391304347826086,23,0.043478260869565216,0.34782608695652173,4,0.43478260869565216,0.2608695652173913,0.40000000000000002,True,20260911,5000,artifact/task-cluster percentile 95%; degenerate intervals are not population certainty
CODE,two_stage_32k_shared_prefix_scorer,meta-llama/Llama-3.1-8B-Instruct,0e9e39f249a16976918f6564b8830bc894c89659,immediate_readout,explicit,whitespace_union,main,all_valid,ALL,all,80,80,54,26,0,0.5541666666666667,80,0.47916666666666663,0.62916666666666665,3.6749999999999998,80,2.9500000000000002,4.4000000000000004,0.79629629629629628,54,0.68518518518518523,0.88935185185184507,43,0.68518518518518523,54,0.55555555555555558,0.79629629629629628,37,0.1111111111111111,54,0.037037037037037035,0.20370370370370369,6,0.86250000000000004,0.78749999999999998,0.13953488372093023,True,20260911,5000,artifact/task-cluster percentile 95%; degenerate intervals are not population certainty
CODE,two_stage_32k_shared_prefix_scorer,meta-llama/Llama-3.1-8B-Instruct,0e9e39f249a16976918f6564b8830bc894c89659,immediate_readout,explicit,whitespace_union,main,all_valid,ALL,nontrivial,54,54,54,0,0,0.51028806584362141,54,0.42592592592592593,0.59465020576131689,3.6481481481481484,54,2.8148148148148149,4.4814814814814818,0.79629629629629628,54,0.68518518518518523,0.88935185185184507,43,0.68518518518518523,54,0.55555555555555558,0.79629629629629628,37,0.1111111111111111,54,0.037037037037037035,0.20370370370370369,6,0.79629629629629628,0.68518518518518523,0.13953488372093023,True,20260911,5000,artifact/task-cluster percentile 95%; degenerate intervals are not population certainty
CODE,two_stage_32k_shared_prefix_scorer,meta-llama/Llama-3.1-8B-Instruct,0e9e39f249a16976918f6564b8830bc894c89659,immediate_readout,explicit,whitespace_union,main,all_valid,ALL,all_pass,26,26,0,26,0,0.64529914529914534,26,0.50427350427350437,0.78205128205128205,3.7307692307692308,26,2.3846153846153846,5.115384615384615,,0,,,0,,0,,,0,,0,,,0,1,1,,True,20260911,5000,artifact/task-cluster percentile 95%; degenerate intervals are not population certainty
CODE,two_stage_32k_shared_prefix_scorer,meta-llama/Llama-3.1-8B-Instruct,0e9e39f249a16976918f6564b8830bc894c89659,immediate_readout,explicit,whitespace_union,main,all_valid,ALL,all_fail,0,0,0,0,0,,0,,,,0,,,,0,,,0,,0,,,0,,0,,,0,,,,True,20260911,5000,artifact/task-cluster percentile 95%; degenerate intervals are not population certainty
CODE,two_stage_32k_shared_prefix_scorer,meta-llama/Llama-3.1-8B-Instruct,0e9e39f249a16976918f6564b8830bc894c89659,immediate_readout,explicit,whitespace_union,main,all_valid,ALL,partial,23,23,23,0,0,0.59903381642512088,23,0.48792270531400972,0.70531400966183566,3.0869565217391304,23,2.0434782608695654,4.1304347826086953,0.52173913043478259,23,0.30434782608695654,0.73913043478260865,12,0.30434782608695654,23,0.13043478260869565,0.52173913043478259,7,0.21739130434782608,23,0.043478260869565216,0.39130434782608697,5,0.52173913043478259,0.30434782608695654,0.41666666666666669,True,20260911,5000,artifact/task-cluster percentile 95%; degenerate intervals are not population certainty
CODE,two_stage_32k_shared_prefix_scorer,meta-llama/Llama-3.1-8B-Instruct,0e9e39f249a16976918f6564b8830bc894c89659,immediate_readout,original,bare,main,all_valid,ALL,all,80,80,54,26,0,0.57222222222222219,80,0.48888888888888893,0.6513888888888888,4.3499999999999996,80,3.5625,5.1500000000000004,0,54,0,0,0,0,54,0,0,0,0,54,0,0,0,0.32500000000000001,0.32500000000000001,,True,20260911,5000,artifact/task-cluster percentile 95%; degenerate intervals are not population certainty
CODE,two_stage_32k_shared_prefix_scorer,meta-llama/Llama-3.1-8B-Instruct,0e9e39f249a16976918f6564b8830bc894c89659,immediate_readout,original,bare,main,all_valid,ALL,nontrivial,54,54,54,0,0,0.50617283950617287,54,0.41152263374485593,0.5967078189300411,3.1111111111111112,54,2.4074074074074074,3.8703703703703702,0,54,0,0,0,0,54,0,0,0,0,54,0,0,0,0,0,,True,20260911,5000,artifact/task-cluster percentile 95%; degenerate intervals are not population certainty
CODE,two_stage_32k_shared_prefix_scorer,meta-llama/Llama-3.1-8B-Instruct,0e9e39f249a16976918f6564b8830bc894c89659,immediate_readout,original,bare,main,all_valid,ALL,all_pass,26,26,0,26,0,0.70940170940170932,26,0.5641025641025641,0.83771367521367368,6.9230769230769234,26,5.5384615384615383,8.3076923076923084,,0,,,0,,0,,,0,,0,,,0,1,1,,True,20260911,5000,artifact/task-cluster percentile 95%; degenerate intervals are not population certainty
CODE,two_stage_32k_shared_prefix_scorer,meta-llama/Llama-3.1-8B-Instruct,0e9e39f249a16976918f6564b8830bc894c89659,immediate_readout,original,bare,main,all_valid,ALL,all_fail,0,0,0,0,0,,0,,,,0,,,,0,,,0,,0,,,0,,0,,,0,,,,True,20260911,5000,artifact/task-cluster percentile 95%; degenerate intervals are not population certainty
CODE,two_stage_32k_shared_prefix_scorer,meta-llama/Llama-3.1-8B-Instruct,0e9e39f249a16976918f6564b8830bc894c89659,immediate_readout,original,bare,main,all_valid,ALL,partial,23,23,23,0,0,0.35265700483091778,23,0.2657004830917874,0.44444444444444425,5.6521739130434785,23,4.7391304347826084,6.5217391304347823,0,23,0,0,0,0,23,0,0,0,0,23,0,0,0,0,0,,True,20260911,5000,artifact/task-cluster percentile 95%; degenerate intervals are not population certainty
CODE,two_stage_32k_shared_prefix_scorer,meta-llama/Llama-3.1-8B-Instruct,0e9e39f249a16976918f6564b8830bc894c89659,immediate_readout,original,whitespace_union,main,all_valid,ALL,all,80,80,54,26,0,0.56527777777777777,80,0.48472222222222222,0.64027777777777772,4.5750000000000002,80,3.7875000000000001,5.3499999999999996,0,54,0,0,0,0,54,0,0,0,0,54,0,0,0,0.32500000000000001,0.32500000000000001,,True,20260911,5000,artifact/task-cluster percentile 95%; degenerate intervals are not population certainty
CODE,two_stage_32k_shared_prefix_scorer,meta-llama/Llama-3.1-8B-Instruct,0e9e39f249a16976918f6564b8830bc894c89659,immediate_readout,original,whitespace_union,main,all_valid,ALL,nontrivial,54,54,54,0,0,0.51646090534979427,54,0.42592592592592593,0.60288065843621397,3.1111111111111112,54,2.4074074074074074,3.8703703703703702,0,54,0,0,0,0,54,0,0,0,0,54,0,0,0,0,0,,True,20260911,5000,artifact/task-cluster percentile 95%; degenerate intervals are not population certainty
CODE,two_stage_32k_shared_prefix_scorer,meta-llama/Llama-3.1-8B-Instruct,0e9e39f249a16976918f6564b8830bc894c89659,immediate_readout,original,whitespace_union,main,all_valid,ALL,all_pass,26,26,0,26,0,0.66666666666666663,26,0.52564102564102566,0.79487179487179493,7.615384615384615,26,6.2307692307692308,8.6538461538461533,,0,,,0,,0,,,0,,0,,,0,1,1,,True,20260911,5000,artifact/task-cluster percentile 95%; degenerate intervals are not population certainty
CODE,two_stage_32k_shared_prefix_scorer,meta-llama/Llama-3.1-8B-Instruct,0e9e39f249a16976918f6564b8830bc894c89659,immediate_readout,original,whitespace_union,main,all_valid,ALL,all_fail,0,0,0,0,0,,0,,,,0,,,,0,,,0,,0,,,0,,0,,,0,,,,True,20260911,5000,artifact/task-cluster percentile 95%; degenerate intervals are not population certainty
CODE,two_stage_32k_shared_prefix_scorer,meta-llama/Llama-3.1-8B-Instruct,0e9e39f249a16976918f6564b8830bc894c89659,immediate_readout,original,whitespace_union,main,all_valid,ALL,partial,23,23,23,0,0,0.34299516908212552,23,0.2608695652173913,0.42995169082125584,5.6521739130434785,23,4.7391304347826084,6.5217391304347823,0,23,0,0,0,0,23,0,0,0,0,23,0,0,0,0,0,,True,20260911,5000,artifact/task-cluster percentile 95%; degenerate intervals are not population certainty
CODE,two_stage_32k_shared_prefix_scorer,mistralai/Mistral-7B-Instruct-v0.3,c170c708c41dac9275d15a8fff4eca08d52bab71,immediate_readout,explicit,bare,main,all_valid,ALL,all,80,80,54,26,0,0.53333333333333333,80,0.44722222222222224,0.61944444444444435,4.1875,80,3.4125000000000001,4.9625000000000004,0.20370370370370369,54,0.1111111111111111,0.31481481481481483,11,0.1111111111111111,54,0.037037037037037035,0.20370370370370369,6,0.092592592592592587,54,0.018518518518518517,0.18518518518518517,5,0.46250000000000002,0.40000000000000002,0.45454545454545453,True,20260911,5000,artifact/task-cluster percentile 95%; degenerate intervals are not population certainty
CODE,two_stage_32k_shared_prefix_scorer,mistralai/Mistral-7B-Instruct-v0.3,c170c708c41dac9275d15a8fff4eca08d52bab71,immediate_readout,explicit,bare,main,all_valid,ALL,nontrivial,54,54,54,0,0,0.33744855967078186,54,0.25925925925925924,0.41975308641975312,5.9444444444444446,54,5.1851851851851851,6.6481481481481479,0.20370370370370369,54,0.1111111111111111,0.31481481481481483,11,0.1111111111111111,54,0.037037037037037035,0.20370370370370369,6,0.092592592592592587,54,0.018518518518518517,0.18518518518518517,5,0.20370370370370369,0.1111111111111111,0.45454545454545453,True,20260911,5000,artifact/task-cluster percentile 95%; degenerate intervals are not population certainty
CODE,two_stage_32k_shared_prefix_scorer,mistralai/Mistral-7B-Instruct-v0.3,c170c708c41dac9275d15a8fff4eca08d52bab71,immediate_readout,explicit,bare,main,all_valid,ALL,all_pass,26,26,0,26,0,0.94017094017094016,26,0.84615384615384615,1,0.53846153846153844,26,0,1.3846153846153846,,0,,,0,,0,,,0,,0,,,0,1,1,,True,20260911,5000,artifact/task-cluster percentile 95%; degenerate intervals are not population certainty
CODE,two_stage_32k_shared_prefix_scorer,mistralai/Mistral-7B-Instruct-v0.3,c170c708c41dac9275d15a8fff4eca08d52bab71,immediate_readout,explicit,bare,main,all_valid,ALL,all_fail,0,0,0,0,0,,0,,,,0,,,,0,,,0,,0,,,0,,0,,,0,,,,True,20260911,5000,artifact/task-cluster percentile 95%; degenerate intervals are not population certainty
CODE,two_stage_32k_shared_prefix_scorer,mistralai/Mistral-7B-Instruct-v0.3,c170c708c41dac9275d15a8fff4eca08d52bab71,immediate_readout,explicit,bare,main,all_valid,ALL,partial,23,23,23,0,0,0.60869565217391308,23,0.50724637681159412,0.70543478260869408,3.5217391304347827,23,2.6510869565217394,4.4347826086956523,0.21739130434782608,23,0.086956521739130432,0.39130434782608697,5,0.13043478260869565,23,0,0.30434782608695654,3,0.086956521739130432,23,0,0.21739130434782608,2,0.21739130434782608,0.13043478260869565,0.40000000000000002,True,20260911,5000,artifact/task-cluster percentile 95%; degenerate intervals are not population certainty
CODE,two_stage_32k_shared_prefix_scorer,mistralai/Mistral-7B-Instruct-v0.3,c170c708c41dac9275d15a8fff4eca08d52bab71,immediate_readout,explicit,whitespace_union,main,all_valid,ALL,all,80,80,54,26,0,0.53333333333333333,80,0.44722222222222224,0.61944444444444435,4.1875,80,3.4125000000000001,4.9625000000000004,0.20370370370370369,54,0.1111111111111111,0.31481481481481483,11,0.1111111111111111,54,0.037037037037037035,0.20370370370370369,6,0.092592592592592587,54,0.018518518518518517,0.18518518518518517,5,0.46250000000000002,0.40000000000000002,0.45454545454545453,True,20260911,5000,artifact/task-cluster percentile 95%; degenerate intervals are not population certainty
CODE,two_stage_32k_shared_prefix_scorer,mistralai/Mistral-7B-Instruct-v0.3,c170c708c41dac9275d15a8fff4eca08d52bab71,immediate_readout,explicit,whitespace_union,main,all_valid,ALL,nontrivial,54,54,54,0,0,0.33744855967078186,54,0.25925925925925924,0.41975308641975312,5.9444444444444446,54,5.1851851851851851,6.6481481481481479,0.20370370370370369,54,0.1111111111111111,0.31481481481481483,11,0.1111111111111111,54,0.037037037037037035,0.20370370370370369,6,0.092592592592592587,54,0.018518518518518517,0.18518518518518517,5,0.20370370370370369,0.1111111111111111,0.45454545454545453,True,20260911,5000,artifact/task-cluster percentile 95%; degenerate intervals are not population certainty
CODE,two_stage_32k_shared_prefix_scorer,mistralai/Mistral-7B-Instruct-v0.3,c170c708c41dac9275d15a8fff4eca08d52bab71,immediate_readout,explicit,whitespace_union,main,all_valid,ALL,all_pass,26,26,0,26,0,0.94017094017094016,26,0.84615384615384615,1,0.53846153846153844,26,0,1.3846153846153846,,0,,,0,,0,,,0,,0,,,0,1,1,,True,20260911,5000,artifact/task-cluster percentile 95%; degenerate intervals are not population certainty
CODE,two_stage_32k_shared_prefix_scorer,mistralai/Mistral-7B-Instruct-v0.3,c170c708c41dac9275d15a8fff4eca08d52bab71,immediate_readout,explicit,whitespace_union,main,all_valid,ALL,all_fail,0,0,0,0,0,,0,,,,0,,,,0,,,0,,0,,,0,,0,,,0,,,,True,20260911,5000,artifact/task-cluster percentile 95%; degenerate intervals are not population certainty
CODE,two_stage_32k_shared_prefix_scorer,mistralai/Mistral-7B-Instruct-v0.3,c170c708c41dac9275d15a8fff4eca08d52bab71,immediate_readout,explicit,whitespace_union,main,all_valid,ALL,partial,23,23,23,0,0,0.60869565217391308,23,0.50724637681159412,0.70543478260869408,3.5217391304347827,23,2.6510869565217394,4.4347826086956523,0.21739130434782608,23,0.086956521739130432,0.39130434782608697,5,0.13043478260869565,23,0,0.30434782608695654,3,0.086956521739130432,23,0,0.21739130434782608,2,0.21739130434782608,0.13043478260869565,0.40000000000000002,True,20260911,5000,artifact/task-cluster percentile 95%; degenerate intervals are not population certainty
CODE,two_stage_32k_shared_prefix_scorer,mistralai/Mistral-7B-Instruct-v0.3,c170c708c41dac9275d15a8fff4eca08d52bab71,immediate_readout,original,bare,main,all_valid,ALL,all,80,80,54,26,0,0.44722222222222224,80,0.37083333333333335,0.52361111111111103,4.9124999999999996,80,4.1246875000000003,5.6875,0,54,0,0,0,0,54,0,0,0,0,54,0,0,0,0.32500000000000001,0.32500000000000001,,True,20260911,5000,artifact/task-cluster percentile 95%; degenerate intervals are not population certainty
CODE,two_stage_32k_shared_prefix_scorer,mistralai/Mistral-7B-Instruct-v0.3,c170c708c41dac9275d15a8fff4eca08d52bab71,immediate_readout,original,bare,main,all_valid,ALL,nontrivial,54,54,54,0,0,0.26543209876543211,54,0.20164609053497942,0.32921810699588477,3.2777777777777777,54,2.5370370370370372,4.0555555555555554,0,54,0,0,0,0,54,0,0,0,0,54,0,0,0,0,0,,True,20260911,5000,artifact/task-cluster percentile 95%; degenerate intervals are not population certainty
CODE,two_stage_32k_shared_prefix_scorer,mistralai/Mistral-7B-Instruct-v0.3,c170c708c41dac9275d15a8fff4eca08d52bab71,immediate_readout,original,bare,main,all_valid,ALL,all_pass,26,26,0,26,0,0.82478632478632474,26,0.72649572649572647,0.89743589743589758,8.3076923076923084,26,7.2692307692307692,9,,0,,,0,,0,,,0,,0,,,0,1,1,,True,20260911,5000,artifact/task-cluster percentile 95%; degenerate intervals are not population certainty
CODE,two_stage_32k_shared_prefix_scorer,mistralai/Mistral-7B-Instruct-v0.3,c170c708c41dac9275d15a8fff4eca08d52bab71,immediate_readout,original,bare,main,all_valid,ALL,all_fail,0,0,0,0,0,,0,,,,0,,,,0,,,0,,0,,,0,,0,,,0,,,,True,20260911,5000,artifact/task-cluster percentile 95%; degenerate intervals are not population certainty
CODE,two_stage_32k_shared_prefix_scorer,mistralai/Mistral-7B-Instruct-v0.3,c170c708c41dac9275d15a8fff4eca08d52bab71,immediate_readout,original,bare,main,all_valid,ALL,partial,23,23,23,0,0,0.41545893719806765,23,0.323671497584541,0.51207729468599017,5.4347826086956523,23,4.4782608695652177,6.3478260869565215,0,23,0,0,0,0,23,0,0,0,0,23,0,0,0,0,0,,True,20260911,5000,artifact/task-cluster percentile 95%; degenerate intervals are not population certainty
CODE,two_stage_32k_shared_prefix_scorer,mistralai/Mistral-7B-Instruct-v0.3,c170c708c41dac9275d15a8fff4eca08d52bab71,immediate_readout,original,whitespace_union,main,all_valid,ALL,all,80,80,54,26,0,0.47361111111111115,80,0.38888888888888884,0.56111111111111112,3.9874999999999998,80,3.2124999999999999,4.7999999999999998,0,54,0,0,0,0,54,0,0,0,0,54,0,0,0,0.32500000000000001,0.32500000000000001,,True,20260911,5000,artifact/task-cluster percentile 95%; degenerate intervals are not population certainty
CODE,two_stage_32k_shared_prefix_scorer,mistralai/Mistral-7B-Instruct-v0.3,c170c708c41dac9275d15a8fff4eca08d52bab71,immediate_readout,original,whitespace_union,main,all_valid,ALL,nontrivial,54,54,54,0,0,0.26337448559670779,54,0.19135802469135801,0.34156378600823051,3.7407407407407409,54,2.9444444444444446,4.5560185185185116,0,54,0,0,0,0,54,0,0,0,0,54,0,0,0,0,0,,True,20260911,5000,artifact/task-cluster percentile 95%; degenerate intervals are not population certainty
CODE,two_stage_32k_shared_prefix_scorer,mistralai/Mistral-7B-Instruct-v0.3,c170c708c41dac9275d15a8fff4eca08d52bab71,immediate_readout,original,whitespace_union,main,all_valid,ALL,all_pass,26,26,0,26,0,0.91025641025641013,26,0.82478632478632474,0.96581196581196571,4.5,26,2.7692307692307692,6.2307692307692308,,0,,,0,,0,,,0,,0,,,0,1,1,,True,20260911,5000,artifact/task-cluster percentile 95%; degenerate intervals are not population certainty
CODE,two_stage_32k_shared_prefix_scorer,mistralai/Mistral-7B-Instruct-v0.3,c170c708c41dac9275d15a8fff4eca08d52bab71,immediate_readout,original,whitespace_union,main,all_valid,ALL,all_fail,0,0,0,0,0,,0,,,,0,,,,0,,,0,,0,,,0,,0,,,0,,,,True,20260911,5000,artifact/task-cluster percentile 95%; degenerate intervals are not population certainty
CODE,two_stage_32k_shared_prefix_scorer,mistralai/Mistral-7B-Instruct-v0.3,c170c708c41dac9275d15a8fff4eca08d52bab71,immediate_readout,original,whitespace_union,main,all_valid,ALL,partial,23,23,23,0,0,0.51207729468599028,23,0.41050724637681152,0.61352657004830924,5.3043478260869561,23,4.3478260869565215,6.2173913043478262,0,23,0,0,0,0,23,0,0,0,0,23,0,0,0,0,0,,True,20260911,5000,artifact/task-cluster percentile 95%; degenerate intervals are not population certainty
CODE,original_8k_old_scorer,Qwen/Qwen2.5-14B-Instruct,cf98f3b3bbb457ad9e2bb7baf9a0125b6b88caa8,immediate_readout,explicit,bare,main,five_models_two_templates_common,ALL,all,62,62,40,22,0,0.74014336917562717,62,0.66308243727598559,0.81182795698924737,2.4193548387096775,62,1.7419354838709677,3.129032258064516,0.875,40,0.77500000000000002,0.97499999999999998,35,0.84999999999999998,40,0.72499999999999998,0.94999999999999996,34,0.025000000000000001,40,0,0.074999999999999997,1,0.91935483870967738,0.90322580645161288,0.028571428571428571,True,20260911,5000,artifact/task-cluster percentile 95%; degenerate intervals are not population certainty
CODE,original_8k_old_scorer,Qwen/Qwen2.5-14B-Instruct,cf98f3b3bbb457ad9e2bb7baf9a0125b6b88caa8,immediate_readout,explicit,bare,main,five_models_two_templates_common,ALL,nontrivial,40,40,40,0,0,0.7416666666666667,40,0.65000000000000002,0.83055555555555549,2.2250000000000001,40,1.45,3.0499999999999998,0.875,40,0.77500000000000002,0.97499999999999998,35,0.84999999999999998,40,0.72499999999999998,0.94999999999999996,34,0.025000000000000001,40,0,0.074999999999999997,1,0.875,0.84999999999999998,0.028571428571428571,True,20260911,5000,artifact/task-cluster percentile 95%; degenerate intervals are not population certainty
CODE,original_8k_old_scorer,Qwen/Qwen2.5-14B-Instruct,cf98f3b3bbb457ad9e2bb7baf9a0125b6b88caa8,immediate_readout,explicit,bare,main,five_models_two_templates_common,ALL,partial,17,17,17,0,0,0.6470588235294118,17,0.52287581699346408,0.76470588235294112,3.2352941176470589,17,2.1176470588235294,4.3529411764705879,0.70588235294117652,17,0.47058823529411764,0.88235294117647056,12,0.6470588235294118,17,0.41176470588235292,0.88235294117647056,11,0.058823529411764705,17,0,0.17647058823529413,1,0.70588235294117652,0.6470588235294118,0.083333333333333329,True,20260911,5000,artifact/task-cluster percentile 95%; degenerate intervals are not population certainty
CODE,original_8k_old_scorer,Qwen/Qwen2.5-14B-Instruct,cf98f3b3bbb457ad9e2bb7baf9a0125b6b88caa8,immediate_readout,explicit,whitespace_union,main,five_models_two_templates_common,ALL,all,62,62,40,22,0,0.73476702508960567,62,0.65770609318996409,0.80645161290322576,2.4516129032258065,62,1.7741935483870968,3.161290322580645,0.875,40,0.77500000000000002,0.97499999999999998,35,0.84999999999999998,40,0.72499999999999998,0.94999999999999996,34,0.025000000000000001,40,0,0.074999999999999997,1,0.91935483870967738,0.90322580645161288,0.028571428571428571,True,20260911,5000,artifact/task-cluster percentile 95%; degenerate intervals are not population certainty
CODE,original_8k_old_scorer,Qwen/Qwen2.5-14B-Instruct,cf98f3b3bbb457ad9e2bb7baf9a0125b6b88caa8,immediate_readout,explicit,whitespace_union,main,five_models_two_templates_common,ALL,nontrivial,40,40,40,0,0,0.73611111111111116,40,0.64444444444444449,0.82499999999999996,2.25,40,1.4750000000000001,3.0750000000000002,0.875,40,0.77500000000000002,0.97499999999999998,35,0.84999999999999998,40,0.72499999999999998,0.94999999999999996,34,0.025000000000000001,40,0,0.074999999999999997,1,0.875,0.84999999999999998,0.028571428571428571,True,20260911,5000,artifact/task-cluster percentile 95%; degenerate intervals are not population certainty
CODE,original_8k_old_scorer,Qwen/Qwen2.5-14B-Instruct,cf98f3b3bbb457ad9e2bb7baf9a0125b6b88caa8,immediate_readout,explicit,whitespace_union,main,five_models_two_templates_common,ALL,partial,17,17,17,0,0,0.63398692810457513,17,0.50980392156862742,0.75816993464052285,3.2941176470588234,17,2.1764705882352939,4.4117647058823533,0.70588235294117652,17,0.47058823529411764,0.88235294117647056,12,0.6470588235294118,17,0.41176470588235292,0.88235294117647056,11,0.058823529411764705,17,0,0.17647058823529413,1,0.70588235294117652,0.6470588235294118,0.083333333333333329,True,20260911,5000,artifact/task-cluster percentile 95%; degenerate intervals are not population certainty
CODE,original_8k_old_scorer,Qwen/Qwen2.5-14B-Instruct,cf98f3b3bbb457ad9e2bb7baf9a0125b6b88caa8,immediate_readout,original,bare,main,five_models_two_templates_common,ALL,all,62,62,40,22,0,0.73835125448028671,62,0.65412186379928317,0.81541218637992807,2.2580645161290325,62,1.564516129032258,3,0.27500000000000002,40,0.14999999999999999,0.42499999999999999,11,0.27500000000000002,40,0.14999999999999999,0.42499999999999999,11,0,40,0,0,0,0.532258064516129,0.532258064516129,0,True,20260911,5000,artifact/task-cluster percentile 95%; degenerate intervals are not population certainty
CODE,original_8k_old_scorer,Qwen/Qwen2.5-14B-Instruct,cf98f3b3bbb457ad9e2bb7baf9a0125b6b88caa8,immediate_readout,original,bare,main,five_models_two_templates_common,ALL,nontrivial,40,40,40,0,0,0.6694444444444444,40,0.57499999999999996,0.76111111111111107,2.8250000000000002,40,2.0249999999999999,3.6749999999999998,0.27500000000000002,40,0.14999999999999999,0.42499999999999999,11,0.27500000000000002,40,0.14999999999999999,0.42499999999999999,11,0,40,0,0,0,0.27500000000000002,0.27500000000000002,0,True,20260911,5000,artifact/task-cluster percentile 95%; degenerate intervals are not population certainty
CODE,original_8k_old_scorer,Qwen/Qwen2.5-14B-Instruct,cf98f3b3bbb457ad9e2bb7baf9a0125b6b88caa8,immediate_readout,original,bare,main,five_models_two_templates_common,ALL,partial,17,17,17,0,0,0.59477124183006524,17,0.45751633986928103,0.71895424836601307,3.6470588235294117,17,2.5294117647058822,4.9411764705882355,0.35294117647058826,17,0.11764705882352941,0.58823529411764708,6,0.35294117647058826,17,0.11764705882352941,0.58823529411764708,6,0,17,0,0,0,0.35294117647058826,0.35294117647058826,0,True,20260911,5000,artifact/task-cluster percentile 95%; degenerate intervals are not population certainty
CODE,original_8k_old_scorer,Qwen/Qwen2.5-14B-Instruct,cf98f3b3bbb457ad9e2bb7baf9a0125b6b88caa8,immediate_readout,original,whitespace_union,main,five_models_two_templates_common,ALL,all,62,62,40,22,0,0.73655913978494625,62,0.65232974910394248,0.81362007168458772,2.274193548387097,62,1.5806451612903225,3.032258064516129,0.29999999999999999,40,0.17499999999999999,0.45000000000000001,12,0.29999999999999999,40,0.17499999999999999,0.45000000000000001,12,0,40,0,0,0,0.54838709677419351,0.54838709677419351,0,True,20260911,5000,artifact/task-cluster percentile 95%; degenerate intervals are not population certainty
CODE,original_8k_old_scorer,Qwen/Qwen2.5-14B-Instruct,cf98f3b3bbb457ad9e2bb7baf9a0125b6b88caa8,immediate_readout,original,whitespace_union,main,five_models_two_templates_common,ALL,nontrivial,40,40,40,0,0,0.6694444444444444,40,0.57499999999999996,0.76111111111111107,2.8250000000000002,40,2.0249999999999999,3.6749999999999998,0.29999999999999999,40,0.17499999999999999,0.45000000000000001,12,0.29999999999999999,40,0.17499999999999999,0.45000000000000001,12,0,40,0,0,0,0.29999999999999999,0.29999999999999999,0,True,20260911,5000,artifact/task-cluster percentile 95%; degenerate intervals are not population certainty
CODE,original_8k_old_scorer,Qwen/Qwen2.5-14B-Instruct,cf98f3b3bbb457ad9e2bb7baf9a0125b6b88caa8,immediate_readout,original,whitespace_union,main,five_models_two_templates_common,ALL,partial,17,17,17,0,0,0.59477124183006524,17,0.45751633986928103,0.71895424836601307,3.6470588235294117,17,2.5294117647058822,4.9411764705882355,0.35294117647058826,17,0.11764705882352941,0.58823529411764708,6,0.35294117647058826,17,0.11764705882352941,0.58823529411764708,6,0,17,0,0,0,0.35294117647058826,0.35294117647058826,0,True,20260911,5000,artifact/task-cluster percentile 95%; degenerate intervals are not population certainty
CODE,original_8k_old_scorer,Qwen/Qwen3-30B-A3B-Thinking-2507,144afc2f379b542fdd4e85a1fcd5e1f79112d95d,native_reason_then_score,explicit,bare,main,five_models_two_templates_common,ALL,all,62,62,40,22,0,0.98028673835125446,62,0.94982078853046592,0.99820788530465943,0.19354838709677419,62,0,0.4838709677419355,0.97499999999999998,40,0.92500000000000004,1,39,0.97499999999999998,40,0.92500000000000004,1,39,0,40,0,0,0,0.9838709677419355,0.9838709677419355,0,True,20260911,5000,artifact/task-cluster percentile 95%; degenerate intervals are not population certainty
CODE,original_8k_old_scorer,Qwen/Qwen3-30B-A3B-Thinking-2507,144afc2f379b542fdd4e85a1fcd5e1f79112d95d,native_reason_then_score,explicit,bare,main,five_models_two_templates_common,ALL,nontrivial,40,40,40,0,0,0.96944444444444444,40,0.92500000000000004,0.99722222222222212,0.29999999999999999,40,0,0.75,0.97499999999999998,40,0.92500000000000004,1,39,0.97499999999999998,40,0.92500000000000004,1,39,0,40,0,0,0,0.97499999999999998,0.97499999999999998,0,True,20260911,5000,artifact/task-cluster percentile 95%; degenerate intervals are not population certainty
CODE,original_8k_old_scorer,Qwen/Qwen3-30B-A3B-Thinking-2507,144afc2f379b542fdd4e85a1fcd5e1f79112d95d,native_reason_then_score,explicit,bare,main,five_models_two_templates_common,ALL,partial,17,17,17,0,0,0.99346405228758172,17,0.98039215686274495,1,0.35294117647058826,17,0,1.0588235294117647,0.94117647058823528,17,0.82352941176470584,1,16,0.94117647058823528,17,0.82352941176470584,1,16,0,17,0,0,0,0.94117647058823528,0.94117647058823528,0,True,20260911,5000,artifact/task-cluster percentile 95%; degenerate intervals are not population certainty
CODE,original_8k_old_scorer,Qwen/Qwen3-30B-A3B-Thinking-2507,144afc2f379b542fdd4e85a1fcd5e1f79112d95d,native_reason_then_score,explicit,whitespace_union,main,five_models_two_templates_common,ALL,all,62,62,40,22,0,0.98028673835125446,62,0.94982078853046592,0.99820788530465943,0.19354838709677419,62,0,0.4838709677419355,0.97499999999999998,40,0.92500000000000004,1,39,0.97499999999999998,40,0.92500000000000004,1,39,0,40,0,0,0,0.9838709677419355,0.9838709677419355,0,True,20260911,5000,artifact/task-cluster percentile 95%; degenerate intervals are not population certainty
CODE,original_8k_old_scorer,Qwen/Qwen3-30B-A3B-Thinking-2507,144afc2f379b542fdd4e85a1fcd5e1f79112d95d,native_reason_then_score,explicit,whitespace_union,main,five_models_two_templates_common,ALL,nontrivial,40,40,40,0,0,0.96944444444444444,40,0.92500000000000004,0.99722222222222212,0.29999999999999999,40,0,0.75,0.97499999999999998,40,0.92500000000000004,1,39,0.97499999999999998,40,0.92500000000000004,1,39,0,40,0,0,0,0.97499999999999998,0.97499999999999998,0,True,20260911,5000,artifact/task-cluster percentile 95%; degenerate intervals are not population certainty
CODE,original_8k_old_scorer,Qwen/Qwen3-30B-A3B-Thinking-2507,144afc2f379b542fdd4e85a1fcd5e1f79112d95d,native_reason_then_score,explicit,whitespace_union,main,five_models_two_templates_common,ALL,partial,17,17,17,0,0,0.99346405228758172,17,0.98039215686274495,1,0.35294117647058826,17,0,1.0588235294117647,0.94117647058823528,17,0.82352941176470584,1,16,0.94117647058823528,17,0.82352941176470584,1,16,0,17,0,0,0,0.94117647058823528,0.94117647058823528,0,True,20260911,5000,artifact/task-cluster percentile 95%; degenerate intervals are not population certainty
CODE,original_8k_old_scorer,Qwen/Qwen3-30B-A3B-Thinking-2507,144afc2f379b542fdd4e85a1fcd5e1f79112d95d,native_reason_then_score,original,bare,main,five_models_two_templates_common,ALL,all,62,62,40,22,0,0.9838709677419355,62,0.95340501792114685,1,0.14516129032258066,62,0,0.41935483870967744,0.97499999999999998,40,0.92500000000000004,1,39,0.97499999999999998,40,0.92500000000000004,1,39,0,40,0,0,0,0.9838709677419355,0.9838709677419355,0,True,20260911,5000,artifact/task-cluster percentile 95%; degenerate intervals are not population certainty
CODE,original_8k_old_scorer,Qwen/Qwen3-30B-A3B-Thinking-2507,144afc2f379b542fdd4e85a1fcd5e1f79112d95d,native_reason_then_score,original,bare,main,five_models_two_templates_common,ALL,nontrivial,40,40,40,0,0,0.97499999999999998,40,0.92777777777777781,1,0.22500000000000001,40,0,0.65000000000000002,0.97499999999999998,40,0.92500000000000004,1,39,0.97499999999999998,40,0.92500000000000004,1,39,0,40,0,0,0,0.97499999999999998,0.97499999999999998,0,True,20260911,5000,artifact/task-cluster percentile 95%; degenerate intervals are not population certainty
CODE,original_8k_old_scorer,Qwen/Qwen3-30B-A3B-Thinking-2507,144afc2f379b542fdd4e85a1fcd5e1f79112d95d,native_reason_then_score,original,bare,main,five_models_two_templates_common,ALL,partial,17,17,17,0,0,0.99346405228758172,17,0.98039215686274495,1,0.058823529411764705,17,0,0.17647058823529413,0.94117647058823528,17,0.82352941176470584,1,16,0.94117647058823528,17,0.82352941176470584,1,16,0,17,0,0,0,0.94117647058823528,0.94117647058823528,0,True,20260911,5000,artifact/task-cluster percentile 95%; degenerate intervals are not population certainty
CODE,original_8k_old_scorer,Qwen/Qwen3-30B-A3B-Thinking-2507,144afc2f379b542fdd4e85a1fcd5e1f79112d95d,native_reason_then_score,original,whitespace_union,main,five_models_two_templates_common,ALL,all,62,62,40,22,0,0.9838709677419355,62,0.95340501792114685,1,0.14516129032258066,62,0,0.41935483870967744,0.97499999999999998,40,0.92500000000000004,1,39,0.97499999999999998,40,0.92500000000000004,1,39,0,40,0,0,0,0.9838709677419355,0.9838709677419355,0,True,20260911,5000,artifact/task-cluster percentile 95%; degenerate intervals are not population certainty
CODE,original_8k_old_scorer,Qwen/Qwen3-30B-A3B-Thinking-2507,144afc2f379b542fdd4e85a1fcd5e1f79112d95d,native_reason_then_score,original,whitespace_union,main,five_models_two_templates_common,ALL,nontrivial,40,40,40,0,0,0.97499999999999998,40,0.92777777777777781,1,0.22500000000000001,40,0,0.65000000000000002,0.97499999999999998,40,0.92500000000000004,1,39,0.97499999999999998,40,0.92500000000000004,1,39,0,40,0,0,0,0.97499999999999998,0.97499999999999998,0,True,20260911,5000,artifact/task-cluster percentile 95%; degenerate intervals are not population certainty
CODE,original_8k_old_scorer,Qwen/Qwen3-30B-A3B-Thinking-2507,144afc2f379b542fdd4e85a1fcd5e1f79112d95d,native_reason_then_score,original,whitespace_union,main,five_models_two_templates_common,ALL,partial,17,17,17,0,0,0.99346405228758172,17,0.98039215686274495,1,0.058823529411764705,17,0,0.17647058823529413,0.94117647058823528,17,0.82352941176470584,1,16,0.94117647058823528,17,0.82352941176470584,1,16,0,17,0,0,0,0.94117647058823528,0.94117647058823528,0,True,20260911,5000,artifact/task-cluster percentile 95%; degenerate intervals are not population certainty
CODE,original_8k_old_scorer,google/gemma-2-9b-it,11c9b309abf73637e4b6f9a3fa1e92e615547819,immediate_readout,explicit,bare,main,five_models_two_templates_common,ALL,all,62,62,40,22,0,0.51792114695340496,62,0.4318996415770609,0.60219534050179158,3.725806451612903,62,2.870967741935484,4.596774193548387,0.65000000000000002,40,0.5,0.80000000000000004,26,0.29999999999999999,40,0.17499999999999999,0.45000000000000001,12,0.34999999999999998,40,0.20000000000000001,0.5,14,0.77419354838709675,0.54838709677419351,0.53846153846153844,True,20260911,5000,artifact/task-cluster percentile 95%; degenerate intervals are not population certainty
CODE,original_8k_old_scorer,google/gemma-2-9b-it,11c9b309abf73637e4b6f9a3fa1e92e615547819,immediate_readout,explicit,bare,main,five_models_two_templates_common,ALL,nontrivial,40,40,40,0,0,0.38055555555555559,40,0.29999999999999999,0.46388888888888891,4.1500000000000004,40,3.125,5.2000000000000002,0.65000000000000002,40,0.5,0.80000000000000004,26,0.29999999999999999,40,0.17499999999999999,0.45000000000000001,12,0.34999999999999998,40,0.20000000000000001,0.5,14,0.65000000000000002,0.29999999999999999,0.53846153846153844,True,20260911,5000,artifact/task-cluster percentile 95%; degenerate intervals are not population certainty
CODE,original_8k_old_scorer,google/gemma-2-9b-it,11c9b309abf73637e4b6f9a3fa1e92e615547819,immediate_readout,explicit,bare,main,five_models_two_templates_common,ALL,partial,17,17,17,0,0,0.49019607843137247,17,0.3856209150326797,0.60784313725490202,4.117647058823529,17,2.9411764705882355,5.2352941176470589,0.23529411764705882,17,0.058823529411764705,0.47058823529411764,4,0.11764705882352941,17,0,0.29411764705882354,2,0.11764705882352941,17,0,0.29411764705882354,2,0.23529411764705882,0.11764705882352941,0.5,True,20260911,5000,artifact/task-cluster percentile 95%; degenerate intervals are not population certainty
CODE,original_8k_old_scorer,google/gemma-2-9b-it,11c9b309abf73637e4b6f9a3fa1e92e615547819,immediate_readout,explicit,whitespace_union,main,five_models_two_templates_common,ALL,all,62,62,40,22,0,0.51792114695340496,62,0.4318996415770609,0.60219534050179158,3.725806451612903,62,2.870967741935484,4.596774193548387,0.67500000000000004,40,0.52500000000000002,0.82499999999999996,27,0.32500000000000001,40,0.17499999999999999,0.47499999999999998,13,0.34999999999999998,40,0.20000000000000001,0.5,14,0.79032258064516125,0.56451612903225812,0.51851851851851849,True,20260911,5000,artifact/task-cluster percentile 95%; degenerate intervals are not population certainty
CODE,original_8k_old_scorer,google/gemma-2-9b-it,11c9b309abf73637e4b6f9a3fa1e92e615547819,immediate_readout,explicit,whitespace_union,main,five_models_two_templates_common,ALL,nontrivial,40,40,40,0,0,0.38055555555555559,40,0.29999999999999999,0.46388888888888891,4.1500000000000004,40,3.125,5.2000000000000002,0.67500000000000004,40,0.52500000000000002,0.82499999999999996,27,0.32500000000000001,40,0.17499999999999999,0.47499999999999998,13,0.34999999999999998,40,0.20000000000000001,0.5,14,0.67500000000000004,0.32500000000000001,0.51851851851851849,True,20260911,5000,artifact/task-cluster percentile 95%; degenerate intervals are not population certainty
CODE,original_8k_old_scorer,google/gemma-2-9b-it,11c9b309abf73637e4b6f9a3fa1e92e615547819,immediate_readout,explicit,whitespace_union,main,five_models_two_templates_common,ALL,partial,17,17,17,0,0,0.49019607843137247,17,0.3856209150326797,0.60784313725490202,4.117647058823529,17,2.9411764705882355,5.2352941176470589,0.29411764705882354,17,0.1161764705882358,0.52941176470588236,5,0.17647058823529413,17,0,0.35294117647058826,3,0.11764705882352941,17,0,0.29411764705882354,2,0.29411764705882354,0.17647058823529413,0.40000000000000002,True,20260911,5000,artifact/task-cluster percentile 95%; degenerate intervals are not population certainty
CODE,original_8k_old_scorer,google/gemma-2-9b-it,11c9b309abf73637e4b6f9a3fa1e92e615547819,immediate_readout,original,bare,main,five_models_two_templates_common,ALL,all,62,62,40,22,0,0.48924731182795694,62,0.39068100358422936,0.58781362007168458,4.435483870967742,62,3.5479838709677418,5.354838709677419,0.050000000000000003,40,0,0.125,2,0.050000000000000003,40,0,0.125,2,0,40,0,0,0,0.38709677419354838,0.38709677419354838,0,True,20260911,5000,artifact/task-cluster percentile 95%; degenerate intervals are not population certainty
CODE,original_8k_old_scorer,google/gemma-2-9b-it,11c9b309abf73637e4b6f9a3fa1e92e615547819,immediate_readout,original,bare,main,five_models_two_templates_common,ALL,nontrivial,40,40,40,0,0,0.32777777777777778,40,0.23888888888888887,0.42229166666666568,5.7750000000000004,40,4.8499999999999996,6.6500000000000004,0.050000000000000003,40,0,0.125,2,0.050000000000000003,40,0,0.125,2,0,40,0,0,0,0.050000000000000003,0.050000000000000003,0,True,20260911,5000,artifact/task-cluster percentile 95%; degenerate intervals are not population certainty
CODE,original_8k_old_scorer,google/gemma-2-9b-it,11c9b309abf73637e4b6f9a3fa1e92e615547819,immediate_readout,original,bare,main,five_models_two_templates_common,ALL,partial,17,17,17,0,0,0.51633986928104569,17,0.3856209150326797,0.6470588235294118,4.4117647058823533,17,3.2338235294117652,5.5882352941176467,0.058823529411764705,17,0,0.17647058823529413,1,0.058823529411764705,17,0,0.17647058823529413,1,0,17,0,0,0,0.058823529411764705,0.058823529411764705,0,True,20260911,5000,artifact/task-cluster percentile 95%; degenerate intervals are not population certainty
CODE,original_8k_old_scorer,google/gemma-2-9b-it,11c9b309abf73637e4b6f9a3fa1e92e615547819,immediate_readout,original,whitespace_union,main,five_models_two_templates_common,ALL,all,62,62,40,22,0,0.48745519713261648,62,0.38709677419354838,0.58602150537634412,4.435483870967742,62,3.5479838709677418,5.354838709677419,0.050000000000000003,40,0,0.125,2,0.050000000000000003,40,0,0.125,2,0,40,0,0,0,0.38709677419354838,0.38709677419354838,0,True,20260911,5000,artifact/task-cluster percentile 95%; degenerate intervals are not population certainty
CODE,original_8k_old_scorer,google/gemma-2-9b-it,11c9b309abf73637e4b6f9a3fa1e92e615547819,immediate_readout,original,whitespace_union,main,five_models_two_templates_common,ALL,nontrivial,40,40,40,0,0,0.32777777777777778,40,0.23888888888888887,0.42229166666666568,5.7750000000000004,40,4.8499999999999996,6.6500000000000004,0.050000000000000003,40,0,0.125,2,0.050000000000000003,40,0,0.125,2,0,40,0,0,0,0.050000000000000003,0.050000000000000003,0,True,20260911,5000,artifact/task-cluster percentile 95%; degenerate intervals are not population certainty
CODE,original_8k_old_scorer,google/gemma-2-9b-it,11c9b309abf73637e4b6f9a3fa1e92e615547819,immediate_readout,original,whitespace_union,main,five_models_two_templates_common,ALL,partial,17,17,17,0,0,0.51633986928104569,17,0.3856209150326797,0.6470588235294118,4.4117647058823533,17,3.2338235294117652,5.5882352941176467,0.058823529411764705,17,0,0.17647058823529413,1,0.058823529411764705,17,0,0.17647058823529413,1,0,17,0,0,0,0.058823529411764705,0.058823529411764705,0,True,20260911,5000,artifact/task-cluster percentile 95%; degenerate intervals are not population certainty
CODE,original_8k_old_scorer,meta-llama/Llama-3.1-8B-Instruct,0e9e39f249a16976918f6564b8830bc894c89659,immediate_readout,explicit,bare,main,five_models_two_templates_common,ALL,all,62,62,40,22,0,0.58064516129032273,62,0.4963709677419354,0.66133512544802808,3.6129032258064515,62,2.8225806451612905,4.435483870967742,0.72499999999999998,40,0.57499999999999996,0.84999999999999998,29,0.65000000000000002,40,0.5,0.80000000000000004,26,0.074999999999999997,40,0,0.17499999999999999,3,0.82258064516129037,0.77419354838709675,0.10344827586206896,True,20260911,5000,artifact/task-cluster percentile 95%; degenerate intervals are not population certainty
CODE,original_8k_old_scorer,meta-llama/Llama-3.1-8B-Instruct,0e9e39f249a16976918f6564b8830bc894c89659,immediate_readout,explicit,bare,main,five_models_two_templates_common,ALL,nontrivial,40,40,40,0,0,0.48333333333333328,40,0.3888888888888889,0.57777777777777772,3.8999999999999999,40,2.9743750000000002,4.875,0.72499999999999998,40,0.57499999999999996,0.84999999999999998,29,0.65000000000000002,40,0.5,0.80000000000000004,26,0.074999999999999997,40,0,0.17499999999999999,3,0.72499999999999998,0.65000000000000002,0.10344827586206896,True,20260911,5000,artifact/task-cluster percentile 95%; degenerate intervals are not population certainty
CODE,original_8k_old_scorer,meta-llama/Llama-3.1-8B-Instruct,0e9e39f249a16976918f6564b8830bc894c89659,immediate_readout,explicit,bare,main,five_models_two_templates_common,ALL,partial,17,17,17,0,0,0.6143790849673203,17,0.49673202614379086,0.72549019607843146,3.3529411764705883,17,2.2352941176470589,4.4705882352941178,0.35294117647058826,17,0.11764705882352941,0.58823529411764708,6,0.23529411764705882,17,0.058823529411764705,0.47058823529411764,4,0.11764705882352941,17,0,0.29411764705882354,2,0.35294117647058826,0.23529411764705882,0.33333333333333331,True,20260911,5000,artifact/task-cluster percentile 95%; degenerate intervals are not population certainty
CODE,original_8k_old_scorer,meta-llama/Llama-3.1-8B-Instruct,0e9e39f249a16976918f6564b8830bc894c89659,immediate_readout,explicit,whitespace_union,main,five_models_two_templates_common,ALL,all,62,62,40,22,0,0.58602150537634412,62,0.49999999999999994,0.66666666666666674,3.467741935483871,62,2.6774193548387095,4.274193548387097,0.77500000000000002,40,0.65000000000000002,0.90000000000000002,31,0.67500000000000004,40,0.52500000000000002,0.82499999999999996,27,0.10000000000000001,40,0.025000000000000001,0.20000000000000001,4,0.85483870967741937,0.79032258064516125,0.12903225806451613,True,20260911,5000,artifact/task-cluster percentile 95%; degenerate intervals are not population certainty
CODE,original_8k_old_scorer,meta-llama/Llama-3.1-8B-Instruct,0e9e39f249a16976918f6564b8830bc894c89659,immediate_readout,explicit,whitespace_union,main,five_models_two_templates_common,ALL,nontrivial,40,40,40,0,0,0.53611111111111109,40,0.43888888888888894,0.63333333333333319,3.4500000000000002,40,2.5249999999999999,4.4249999999999998,0.77500000000000002,40,0.65000000000000002,0.90000000000000002,31,0.67500000000000004,40,0.52500000000000002,0.82499999999999996,27,0.10000000000000001,40,0.025000000000000001,0.20000000000000001,4,0.77500000000000002,0.67500000000000004,0.12903225806451613,True,20260911,5000,artifact/task-cluster percentile 95%; degenerate intervals are not population certainty
CODE,original_8k_old_scorer,meta-llama/Llama-3.1-8B-Instruct,0e9e39f249a16976918f6564b8830bc894c89659,immediate_readout,explicit,whitespace_union,main,five_models_two_templates_common,ALL,partial,17,17,17,0,0,0.59477124183006536,17,0.46405228758169931,0.71895424836601307,3.3529411764705883,17,2.2352941176470589,4.5294117647058822,0.47058823529411764,17,0.23529411764705882,0.70588235294117652,8,0.29411764705882354,17,0.11764705882352941,0.52941176470588236,5,0.17647058823529413,17,0,0.35294117647058826,3,0.47058823529411764,0.29411764705882354,0.375,True,20260911,5000,artifact/task-cluster percentile 95%; degenerate intervals are not population certainty
CODE,original_8k_old_scorer,meta-llama/Llama-3.1-8B-Instruct,0e9e39f249a16976918f6564b8830bc894c89659,immediate_readout,original,bare,main,five_models_two_templates_common,ALL,all,62,62,40,22,0,0.56630824372759836,62,0.47665770609318991,0.65412186379928317,4.693548387096774,62,3.806451612903226,5.596774193548387,0,40,0,0,0,0,40,0,0,0,0,40,0,0,0,0.35483870967741937,0.35483870967741937,,True,20260911,5000,artifact/task-cluster percentile 95%; degenerate intervals are not population certainty
CODE,original_8k_old_scorer,meta-llama/Llama-3.1-8B-Instruct,0e9e39f249a16976918f6564b8830bc894c89659,immediate_readout,original,bare,main,five_models_two_templates_common,ALL,nontrivial,40,40,40,0,0,0.51111111111111107,40,0.40277777777777779,0.61388888888888893,3.2250000000000001,40,2.3500000000000001,4.1749999999999998,0,40,0,0,0,0,40,0,0,0,0,40,0,0,0,0,0,,True,20260911,5000,artifact/task-cluster percentile 95%; degenerate intervals are not population certainty
CODE,original_8k_old_scorer,meta-llama/Llama-3.1-8B-Instruct,0e9e39f249a16976918f6564b8830bc894c89659,immediate_readout,original,bare,main,five_models_two_templates_common,ALL,partial,17,17,17,0,0,0.39869281045751631,17,0.29411764705882354,0.50326797385620914,5.8235294117647056,17,4.7647058823529411,6.8235294117647056,0,17,0,0,0,0,17,0,0,0,0,17,0,0,0,0,0,,True,20260911,5000,artifact/task-cluster percentile 95%; degenerate intervals are not population certainty
CODE,original_8k_old_scorer,meta-llama/Llama-3.1-8B-Instruct,0e9e39f249a16976918f6564b8830bc894c89659,immediate_readout,original,whitespace_union,main,five_models_two_templates_common,ALL,all,62,62,40,22,0,0.55197132616487443,62,0.4641577060931899,0.6380376344086014,4.838709677419355,62,3.9350806451612903,5.741935483870968,0,40,0,0,0,0,40,0,0,0,0,40,0,0,0,0.35483870967741937,0.35483870967741937,,True,20260911,5000,artifact/task-cluster percentile 95%; degenerate intervals are not population certainty
CODE,original_8k_old_scorer,meta-llama/Llama-3.1-8B-Instruct,0e9e39f249a16976918f6564b8830bc894c89659,immediate_readout,original,whitespace_union,main,five_models_two_templates_common,ALL,nontrivial,40,40,40,0,0,0.51388888888888884,40,0.40833333333333333,0.61673611111111015,3.2250000000000001,40,2.3500000000000001,4.1749999999999998,0,40,0,0,0,0,40,0,0,0,0,40,0,0,0,0,0,,True,20260911,5000,artifact/task-cluster percentile 95%; degenerate intervals are not population certainty
CODE,original_8k_old_scorer,meta-llama/Llama-3.1-8B-Instruct,0e9e39f249a16976918f6564b8830bc894c89659,immediate_readout,original,whitespace_union,main,five_models_two_templates_common,ALL,partial,17,17,17,0,0,0.37254901960784309,17,0.27450980392156865,0.47712418300653592,5.8235294117647056,17,4.7647058823529411,6.8235294117647056,0,17,0,0,0,0,17,0,0,0,0,17,0,0,0,0,0,,True,20260911,5000,artifact/task-cluster percentile 95%; degenerate intervals are not population certainty
CODE,original_8k_old_scorer,mistralai/Mistral-7B-Instruct-v0.3,c170c708c41dac9275d15a8fff4eca08d52bab71,immediate_readout,explicit,bare,main,five_models_two_templates_common,ALL,all,62,62,40,22,0,0.56451612903225812,62,0.46594982078853053,0.66133512544802808,3.903225806451613,62,3.0318548387096773,4.774193548387097,0.14999999999999999,40,0.050000000000000003,0.27500000000000002,6,0.074999999999999997,40,0,0.17499999999999999,3,0.074999999999999997,40,0,0.17499999999999999,3,0.45161290322580644,0.40322580645161288,0.5,True,20260911,5000,artifact/task-cluster percentile 95%; degenerate intervals are not population certainty
CODE,original_8k_old_scorer,mistralai/Mistral-7B-Instruct-v0.3,c170c708c41dac9275d15a8fff4eca08d52bab71,immediate_readout,explicit,bare,main,five_models_two_templates_common,ALL,nontrivial,40,40,40,0,0,0.36388888888888887,40,0.26944444444444449,0.46944444444444444,5.7000000000000002,40,4.75,6.5750000000000002,0.14999999999999999,40,0.050000000000000003,0.27500000000000002,6,0.074999999999999997,40,0,0.17499999999999999,3,0.074999999999999997,40,0,0.17499999999999999,3,0.14999999999999999,0.074999999999999997,0.5,True,20260911,5000,artifact/task-cluster percentile 95%; degenerate intervals are not population certainty
CODE,original_8k_old_scorer,mistralai/Mistral-7B-Instruct-v0.3,c170c708c41dac9275d15a8fff4eca08d52bab71,immediate_readout,explicit,bare,main,five_models_two_templates_common,ALL,partial,17,17,17,0,0,0.66013071895424835,17,0.54901960784313719,0.76470588235294112,3.0588235294117645,17,2.1176470588235294,4.0588235294117645,0.17647058823529413,17,0,0.35294117647058826,3,0.11764705882352941,17,0,0.29411764705882354,2,0.058823529411764705,17,0,0.17647058823529413,1,0.17647058823529413,0.11764705882352941,0.33333333333333331,True,20260911,5000,artifact/task-cluster percentile 95%; degenerate intervals are not population certainty
CODE,original_8k_old_scorer,mistralai/Mistral-7B-Instruct-v0.3,c170c708c41dac9275d15a8fff4eca08d52bab71,immediate_readout,explicit,whitespace_union,main,five_models_two_templates_common,ALL,all,62,62,40,22,0,0.56451612903225812,62,0.46594982078853053,0.66133512544802808,3.903225806451613,62,3.0318548387096773,4.774193548387097,0.14999999999999999,40,0.050000000000000003,0.27500000000000002,6,0.074999999999999997,40,0,0.17499999999999999,3,0.074999999999999997,40,0,0.17499999999999999,3,0.45161290322580644,0.40322580645161288,0.5,True,20260911,5000,artifact/task-cluster percentile 95%; degenerate intervals are not population certainty
CODE,original_8k_old_scorer,mistralai/Mistral-7B-Instruct-v0.3,c170c708c41dac9275d15a8fff4eca08d52bab71,immediate_readout,explicit,whitespace_union,main,five_models_two_templates_common,ALL,nontrivial,40,40,40,0,0,0.36388888888888887,40,0.26944444444444449,0.46944444444444444,5.7000000000000002,40,4.75,6.5750000000000002,0.14999999999999999,40,0.050000000000000003,0.27500000000000002,6,0.074999999999999997,40,0,0.17499999999999999,3,0.074999999999999997,40,0,0.17499999999999999,3,0.14999999999999999,0.074999999999999997,0.5,True,20260911,5000,artifact/task-cluster percentile 95%; degenerate intervals are not population certainty
CODE,original_8k_old_scorer,mistralai/Mistral-7B-Instruct-v0.3,c170c708c41dac9275d15a8fff4eca08d52bab71,immediate_readout,explicit,whitespace_union,main,five_models_two_templates_common,ALL,partial,17,17,17,0,0,0.66013071895424835,17,0.54901960784313719,0.76470588235294112,3.0588235294117645,17,2.1176470588235294,4.0588235294117645,0.17647058823529413,17,0,0.35294117647058826,3,0.11764705882352941,17,0,0.29411764705882354,2,0.058823529411764705,17,0,0.17647058823529413,1,0.17647058823529413,0.11764705882352941,0.33333333333333331,True,20260911,5000,artifact/task-cluster percentile 95%; degenerate intervals are not population certainty
CODE,original_8k_old_scorer,mistralai/Mistral-7B-Instruct-v0.3,c170c708c41dac9275d15a8fff4eca08d52bab71,immediate_readout,original,bare,main,five_models_two_templates_common,ALL,all,62,62,40,22,0,0.46953405017921146,62,0.38351254480286734,0.5591397849462364,5.354838709677419,62,4.4516129032258061,6.2100806451612849,0,40,0,0,0,0,40,0,0,0,0,40,0,0,0,0.35483870967741937,0.35483870967741937,,True,20260911,5000,artifact/task-cluster percentile 95%; degenerate intervals are not population certainty
CODE,original_8k_old_scorer,mistralai/Mistral-7B-Instruct-v0.3,c170c708c41dac9275d15a8fff4eca08d52bab71,immediate_readout,original,bare,main,five_models_two_templates_common,ALL,nontrivial,40,40,40,0,0,0.28333333333333333,40,0.20555555555555555,0.3666666666666667,3.5750000000000002,40,2.6749999999999998,4.5499999999999998,0,40,0,0,0,0,40,0,0,0,0,40,0,0,0,0,0,,True,20260911,5000,artifact/task-cluster percentile 95%; degenerate intervals are not population certainty
CODE,original_8k_old_scorer,mistralai/Mistral-7B-Instruct-v0.3,c170c708c41dac9275d15a8fff4eca08d52bab71,immediate_readout,original,bare,main,five_models_two_templates_common,ALL,partial,17,17,17,0,0,0.4509803921568627,17,0.33986928104575165,0.56862745098039214,5.8235294117647056,17,4.7647058823529411,6.8235294117647056,0,17,0,0,0,0,17,0,0,0,0,17,0,0,0,0,0,,True,20260911,5000,artifact/task-cluster percentile 95%; degenerate intervals are not population certainty
CODE,original_8k_old_scorer,mistralai/Mistral-7B-Instruct-v0.3,c170c708c41dac9275d15a8fff4eca08d52bab71,immediate_readout,original,whitespace_union,main,five_models_two_templates_common,ALL,all,62,62,40,22,0,0.50358422939068104,62,0.40322580645161288,0.60215053763440851,4.080645161290323,62,3.193548387096774,4.967741935483871,0,40,0,0,0,0,40,0,0,0,0,40,0,0,0,0.35483870967741937,0.35483870967741937,,True,20260911,5000,artifact/task-cluster percentile 95%; degenerate intervals are not population certainty
CODE,original_8k_old_scorer,mistralai/Mistral-7B-Instruct-v0.3,c170c708c41dac9275d15a8fff4eca08d52bab71,immediate_readout,original,whitespace_union,main,five_models_two_templates_common,ALL,nontrivial,40,40,40,0,0,0.28333333333333333,40,0.19166666666666665,0.38055555555555559,3.8500000000000001,40,2.9249999999999998,4.7999999999999998,0,40,0,0,0,0,40,0,0,0,0,40,0,0,0,0,0,,True,20260911,5000,artifact/task-cluster percentile 95%; degenerate intervals are not population certainty
CODE,original_8k_old_scorer,mistralai/Mistral-7B-Instruct-v0.3,c170c708c41dac9275d15a8fff4eca08d52bab71,immediate_readout,original,whitespace_union,main,five_models_two_templates_common,ALL,partial,17,17,17,0,0,0.56209150326797397,17,0.45751633986928103,0.66666666666666674,5.6470588235294121,17,4.5294117647058822,6.7058823529411766,0,17,0,0,0,0,17,0,0,0,0,17,0,0,0,0,0,,True,20260911,5000,artifact/task-cluster percentile 95%; degenerate intervals are not population certainty
CODE,original_8k_shared_prefix_scorer,Qwen/Qwen2.5-14B-Instruct,cf98f3b3bbb457ad9e2bb7baf9a0125b6b88caa8,immediate_readout,explicit,bare,main,five_models_two_templates_common,ALL,all,63,63,41,22,0,0.74250440917107574,63,0.66666666666666652,0.81657848324514981,2.3968253968253967,63,1.7142857142857142,3.126984126984127,0.87804878048780488,41,0.78048780487804881,0.97560975609756095,36,0.85365853658536583,41,0.73170731707317072,0.95121951219512191,35,0.024390243902439025,41,0,0.073170731707317069,1,0.92063492063492058,0.90476190476190477,0.027777777777777776,True,20260911,5000,artifact/task-cluster percentile 95%; degenerate intervals are not population certainty
CODE,original_8k_shared_prefix_scorer,Qwen/Qwen2.5-14B-Instruct,cf98f3b3bbb457ad9e2bb7baf9a0125b6b88caa8,immediate_readout,explicit,bare,main,five_models_two_templates_common,ALL,nontrivial,41,41,41,0,0,0.7452574525745258,41,0.65311653116531165,0.8319783197831977,2.1951219512195124,41,1.4390243902439024,3,0.87804878048780488,41,0.78048780487804881,0.97560975609756095,36,0.85365853658536583,41,0.73170731707317072,0.95121951219512191,35,0.024390243902439025,41,0,0.073170731707317069,1,0.87804878048780488,0.85365853658536583,0.027777777777777776,True,20260911,5000,artifact/task-cluster percentile 95%; degenerate intervals are not population certainty
CODE,original_8k_shared_prefix_scorer,Qwen/Qwen2.5-14B-Instruct,cf98f3b3bbb457ad9e2bb7baf9a0125b6b88caa8,immediate_readout,explicit,bare,main,five_models_two_templates_common,ALL,partial,18,18,18,0,0,0.66049382716049387,18,0.54320987654320996,0.77160493827160492,3.1111111111111112,18,2.1111111111111112,4.166666666666667,0.72222222222222221,18,0.5,0.88888888888888884,13,0.66666666666666663,18,0.44444444444444442,0.88888888888888884,12,0.055555555555555552,18,0,0.16666666666666666,1,0.72222222222222221,0.66666666666666663,0.076923076923076927,True,20260911,5000,artifact/task-cluster percentile 95%; degenerate intervals are not population certainty
CODE,original_8k_shared_prefix_scorer,Qwen/Qwen2.5-14B-Instruct,cf98f3b3bbb457ad9e2bb7baf9a0125b6b88caa8,immediate_readout,explicit,whitespace_union,main,five_models_two_templates_common,ALL,all,63,63,41,22,0,0.73721340388007039,63,0.65961199294532635,0.81128747795414446,2.4285714285714284,63,1.746031746031746,3.1587301587301586,0.87804878048780488,41,0.78048780487804881,0.97560975609756095,36,0.85365853658536583,41,0.73170731707317072,0.95121951219512191,35,0.024390243902439025,41,0,0.073170731707317069,1,0.92063492063492058,0.90476190476190477,0.027777777777777776,True,20260911,5000,artifact/task-cluster percentile 95%; degenerate intervals are not population certainty
CODE,original_8k_shared_prefix_scorer,Qwen/Qwen2.5-14B-Instruct,cf98f3b3bbb457ad9e2bb7baf9a0125b6b88caa8,immediate_readout,explicit,whitespace_union,main,five_models_two_templates_common,ALL,nontrivial,41,41,41,0,0,0.73983739837398366,41,0.64769647696476962,0.82655826558265577,2.2195121951219514,41,1.4634146341463414,3.024390243902439,0.87804878048780488,41,0.78048780487804881,0.97560975609756095,36,0.85365853658536583,41,0.73170731707317072,0.95121951219512191,35,0.024390243902439025,41,0,0.073170731707317069,1,0.87804878048780488,0.85365853658536583,0.027777777777777776,True,20260911,5000,artifact/task-cluster percentile 95%; degenerate intervals are not population certainty
CODE,original_8k_shared_prefix_scorer,Qwen/Qwen2.5-14B-Instruct,cf98f3b3bbb457ad9e2bb7baf9a0125b6b88caa8,immediate_readout,explicit,whitespace_union,main,five_models_two_templates_common,ALL,partial,18,18,18,0,0,0.64814814814814814,18,0.53086419753086422,0.7592592592592593,3.1666666666666665,18,2.1666666666666665,4.2222222222222223,0.72222222222222221,18,0.5,0.88888888888888884,13,0.66666666666666663,18,0.44444444444444442,0.88888888888888884,12,0.055555555555555552,18,0,0.16666666666666666,1,0.72222222222222221,0.66666666666666663,0.076923076923076927,True,20260911,5000,artifact/task-cluster percentile 95%; degenerate intervals are not population certainty
CODE,original_8k_shared_prefix_scorer,Qwen/Qwen2.5-14B-Instruct,cf98f3b3bbb457ad9e2bb7baf9a0125b6b88caa8,immediate_readout,original,bare,main,five_models_two_templates_common,ALL,all,63,63,41,22,0,0.73721340388007039,63,0.6543209876543209,0.81481481481481466,2.3492063492063493,63,1.6507936507936507,3.0952380952380953,0.29268292682926828,41,0.17073170731707318,0.43902439024390244,12,0.29268292682926828,41,0.17073170731707318,0.43902439024390244,12,0,41,0,0,0,0.53968253968253965,0.53968253968253965,0,True,20260911,5000,artifact/task-cluster percentile 95%; degenerate intervals are not population certainty
CODE,original_8k_shared_prefix_scorer,Qwen/Qwen2.5-14B-Instruct,cf98f3b3bbb457ad9e2bb7baf9a0125b6b88caa8,immediate_readout,original,bare,main,five_models_two_templates_common,ALL,nontrivial,41,41,41,0,0,0.66937669376693776,41,0.56910569105691056,0.75609756097560965,2.9512195121951219,41,2.1219512195121952,3.8536585365853657,0.29268292682926828,41,0.17073170731707318,0.43902439024390244,12,0.29268292682926828,41,0.17073170731707318,0.43902439024390244,12,0,41,0,0,0,0.29268292682926828,0.29268292682926828,0,True,20260911,5000,artifact/task-cluster percentile 95%; degenerate intervals are not population certainty
CODE,original_8k_shared_prefix_scorer,Qwen/Qwen2.5-14B-Instruct,cf98f3b3bbb457ad9e2bb7baf9a0125b6b88caa8,immediate_readout,original,bare,main,five_models_two_templates_common,ALL,partial,18,18,18,0,0,0.59876543209876543,18,0.47530864197530853,0.71604938271604945,3.8888888888888888,18,2.7222222222222223,5.166666666666667,0.3888888888888889,18,0.16666666666666666,0.61111111111111116,7,0.3888888888888889,18,0.16666666666666666,0.61111111111111116,7,0,18,0,0,0,0.3888888888888889,0.3888888888888889,0,True,20260911,5000,artifact/task-cluster percentile 95%; degenerate intervals are not population certainty
CODE,original_8k_shared_prefix_scorer,Qwen/Qwen2.5-14B-Instruct,cf98f3b3bbb457ad9e2bb7baf9a0125b6b88caa8,immediate_readout,original,whitespace_union,main,five_models_two_templates_common,ALL,all,63,63,41,22,0,0.7336860670194002,63,0.64902998236331566,0.81305114638447951,2.3650793650793651,63,1.6507936507936507,3.1111111111111112,0.31707317073170732,41,0.17073170731707318,0.46341463414634149,13,0.31707317073170732,41,0.17073170731707318,0.46341463414634149,13,0,41,0,0,0,0.55555555555555558,0.55555555555555558,0,True,20260911,5000,artifact/task-cluster percentile 95%; degenerate intervals are not population certainty
CODE,original_8k_shared_prefix_scorer,Qwen/Qwen2.5-14B-Instruct,cf98f3b3bbb457ad9e2bb7baf9a0125b6b88caa8,immediate_readout,original,whitespace_union,main,five_models_two_templates_common,ALL,nontrivial,41,41,41,0,0,0.66666666666666663,41,0.56903794037940369,0.75338753387533874,2.9512195121951219,41,2.1219512195121952,3.8536585365853657,0.31707317073170732,41,0.17073170731707318,0.46341463414634149,13,0.31707317073170732,41,0.17073170731707318,0.46341463414634149,13,0,41,0,0,0,0.31707317073170732,0.31707317073170732,0,True,20260911,5000,artifact/task-cluster percentile 95%; degenerate intervals are not population certainty
CODE,original_8k_shared_prefix_scorer,Qwen/Qwen2.5-14B-Instruct,cf98f3b3bbb457ad9e2bb7baf9a0125b6b88caa8,immediate_readout,original,whitespace_union,main,five_models_two_templates_common,ALL,partial,18,18,18,0,0,0.59259259259259256,18,0.46913580246913572,0.70987654320987648,3.8888888888888888,18,2.7222222222222223,5.166666666666667,0.3888888888888889,18,0.16666666666666666,0.61111111111111116,7,0.3888888888888889,18,0.16666666666666666,0.61111111111111116,7,0,18,0,0,0,0.3888888888888889,0.3888888888888889,0,True,20260911,5000,artifact/task-cluster percentile 95%; degenerate intervals are not population certainty
CODE,original_8k_shared_prefix_scorer,Qwen/Qwen3-30B-A3B-Thinking-2507,144afc2f379b542fdd4e85a1fcd5e1f79112d95d,native_reason_then_score,explicit,bare,main,five_models_two_templates_common,ALL,all,63,63,41,22,0,0.98059964726631399,63,0.9506172839506174,0.99823633156966485,0.19047619047619047,63,0,0.47619047619047616,0.97560975609756095,41,0.92682926829268297,1,40,0.97560975609756095,41,0.92682926829268297,1,40,0,41,0,0,0,0.98412698412698407,0.98412698412698407,0,True,20260911,5000,artifact/task-cluster percentile 95%; degenerate intervals are not population certainty
CODE,original_8k_shared_prefix_scorer,Qwen/Qwen3-30B-A3B-Thinking-2507,144afc2f379b542fdd4e85a1fcd5e1f79112d95d,native_reason_then_score,explicit,bare,main,five_models_two_templates_common,ALL,nontrivial,41,41,41,0,0,0.97018970189701903,41,0.92682926829268297,0.99728997289972887,0.29268292682926828,41,0,0.73170731707317072,0.97560975609756095,41,0.92682926829268297,1,40,0.97560975609756095,41,0.92682926829268297,1,40,0,41,0,0,0,0.97560975609756095,0.97560975609756095,0,True,20260911,5000,artifact/task-cluster percentile 95%; degenerate intervals are not population certainty
CODE,original_8k_shared_prefix_scorer,Qwen/Qwen3-30B-A3B-Thinking-2507,144afc2f379b542fdd4e85a1fcd5e1f79112d95d,native_reason_then_score,explicit,bare,main,five_models_two_templates_common,ALL,partial,18,18,18,0,0,0.99382716049382713,18,0.98148148148148151,1,0.33333333333333331,18,0,1,0.94444444444444442,18,0.83333333333333337,1,17,0.94444444444444442,18,0.83333333333333337,1,17,0,18,0,0,0,0.94444444444444442,0.94444444444444442,0,True,20260911,5000,artifact/task-cluster percentile 95%; degenerate intervals are not population certainty
CODE,original_8k_shared_prefix_scorer,Qwen/Qwen3-30B-A3B-Thinking-2507,144afc2f379b542fdd4e85a1fcd5e1f79112d95d,native_reason_then_score,explicit,whitespace_union,main,five_models_two_templates_common,ALL,all,63,63,41,22,0,0.98059964726631399,63,0.9506172839506174,0.99823633156966485,0.19047619047619047,63,0,0.47619047619047616,0.97560975609756095,41,0.92682926829268297,1,40,0.97560975609756095,41,0.92682926829268297,1,40,0,41,0,0,0,0.98412698412698407,0.98412698412698407,0,True,20260911,5000,artifact/task-cluster percentile 95%; degenerate intervals are not population certainty
CODE,original_8k_shared_prefix_scorer,Qwen/Qwen3-30B-A3B-Thinking-2507,144afc2f379b542fdd4e85a1fcd5e1f79112d95d,native_reason_then_score,explicit,whitespace_union,main,five_models_two_templates_common,ALL,nontrivial,41,41,41,0,0,0.97018970189701903,41,0.92682926829268297,0.99728997289972887,0.29268292682926828,41,0,0.73170731707317072,0.97560975609756095,41,0.92682926829268297,1,40,0.97560975609756095,41,0.92682926829268297,1,40,0,41,0,0,0,0.97560975609756095,0.97560975609756095,0,True,20260911,5000,artifact/task-cluster percentile 95%; degenerate intervals are not population certainty
CODE,original_8k_shared_prefix_scorer,Qwen/Qwen3-30B-A3B-Thinking-2507,144afc2f379b542fdd4e85a1fcd5e1f79112d95d,native_reason_then_score,explicit,whitespace_union,main,five_models_two_templates_common,ALL,partial,18,18,18,0,0,0.99382716049382713,18,0.98148148148148151,1,0.33333333333333331,18,0,1,0.94444444444444442,18,0.83333333333333337,1,17,0.94444444444444442,18,0.83333333333333337,1,17,0,18,0,0,0,0.94444444444444442,0.94444444444444442,0,True,20260911,5000,artifact/task-cluster percentile 95%; degenerate intervals are not population certainty
CODE,original_8k_shared_prefix_scorer,Qwen/Qwen3-30B-A3B-Thinking-2507,144afc2f379b542fdd4e85a1fcd5e1f79112d95d,native_reason_then_score,original,bare,main,five_models_two_templates_common,ALL,all,63,63,41,22,0,0.98412698412698407,63,0.95414462081128737,1,0.14285714285714285,63,0,0.41269841269841268,0.97560975609756095,41,0.92682926829268297,1,40,0.97560975609756095,41,0.92682926829268297,1,40,0,41,0,0,0,0.98412698412698407,0.98412698412698407,0,True,20260911,5000,artifact/task-cluster percentile 95%; degenerate intervals are not population certainty
CODE,original_8k_shared_prefix_scorer,Qwen/Qwen3-30B-A3B-Thinking-2507,144afc2f379b542fdd4e85a1fcd5e1f79112d95d,native_reason_then_score,original,bare,main,five_models_two_templates_common,ALL,nontrivial,41,41,41,0,0,0.97560975609756095,41,0.92953929539295399,1,0.21951219512195122,41,0,0.63414634146341464,0.97560975609756095,41,0.92682926829268297,1,40,0.97560975609756095,41,0.92682926829268297,1,40,0,41,0,0,0,0.97560975609756095,0.97560975609756095,0,True,20260911,5000,artifact/task-cluster percentile 95%; degenerate intervals are not population certainty
CODE,original_8k_shared_prefix_scorer,Qwen/Qwen3-30B-A3B-Thinking-2507,144afc2f379b542fdd4e85a1fcd5e1f79112d95d,native_reason_then_score,original,bare,main,five_models_two_templates_common,ALL,partial,18,18,18,0,0,0.99382716049382713,18,0.98148148148148151,1,0.055555555555555552,18,0,0.16666666666666666,0.94444444444444442,18,0.83333333333333337,1,17,0.94444444444444442,18,0.83333333333333337,1,17,0,18,0,0,0,0.94444444444444442,0.94444444444444442,0,True,20260911,5000,artifact/task-cluster percentile 95%; degenerate intervals are not population certainty
CODE,original_8k_shared_prefix_scorer,Qwen/Qwen3-30B-A3B-Thinking-2507,144afc2f379b542fdd4e85a1fcd5e1f79112d95d,native_reason_then_score,original,whitespace_union,main,five_models_two_templates_common,ALL,all,63,63,41,22,0,0.98412698412698407,63,0.95414462081128737,1,0.14285714285714285,63,0,0.41269841269841268,0.97560975609756095,41,0.92682926829268297,1,40,0.97560975609756095,41,0.92682926829268297,1,40,0,41,0,0,0,0.98412698412698407,0.98412698412698407,0,True,20260911,5000,artifact/task-cluster percentile 95%; degenerate intervals are not population certainty
CODE,original_8k_shared_prefix_scorer,Qwen/Qwen3-30B-A3B-Thinking-2507,144afc2f379b542fdd4e85a1fcd5e1f79112d95d,native_reason_then_score,original,whitespace_union,main,five_models_two_templates_common,ALL,nontrivial,41,41,41,0,0,0.97560975609756095,41,0.92953929539295399,1,0.21951219512195122,41,0,0.63414634146341464,0.97560975609756095,41,0.92682926829268297,1,40,0.97560975609756095,41,0.92682926829268297,1,40,0,41,0,0,0,0.97560975609756095,0.97560975609756095,0,True,20260911,5000,artifact/task-cluster percentile 95%; degenerate intervals are not population certainty
CODE,original_8k_shared_prefix_scorer,Qwen/Qwen3-30B-A3B-Thinking-2507,144afc2f379b542fdd4e85a1fcd5e1f79112d95d,native_reason_then_score,original,whitespace_union,main,five_models_two_templates_common,ALL,partial,18,18,18,0,0,0.99382716049382713,18,0.98148148148148151,1,0.055555555555555552,18,0,0.16666666666666666,0.94444444444444442,18,0.83333333333333337,1,17,0.94444444444444442,18,0.83333333333333337,1,17,0,18,0,0,0,0.94444444444444442,0.94444444444444442,0,True,20260911,5000,artifact/task-cluster percentile 95%; degenerate intervals are not population certainty
CODE,original_8k_shared_prefix_scorer,google/gemma-2-9b-it,11c9b309abf73637e4b6f9a3fa1e92e615547819,immediate_readout,explicit,bare,main,five_models_two_templates_common,ALL,all,63,63,41,22,0,0.51322751322751314,63,0.42857142857142849,0.60141093474426799,3.7777777777777777,63,2.9206349206349205,4.6031746031746028,0.65853658536585369,41,0.51219512195121952,0.80487804878048785,27,0.31707317073170732,41,0.17073170731707318,0.46341463414634149,13,0.34146341463414637,41,0.1951219512195122,0.48780487804878048,14,0.77777777777777779,0.55555555555555558,0.51851851851851849,True,20260911,5000,artifact/task-cluster percentile 95%; degenerate intervals are not population certainty
CODE,original_8k_shared_prefix_scorer,google/gemma-2-9b-it,11c9b309abf73637e4b6f9a3fa1e92e615547819,immediate_readout,explicit,bare,main,five_models_two_templates_common,ALL,nontrivial,41,41,41,0,0,0.37669376693766937,41,0.29810298102981025,0.45799457994579945,4.2195121951219514,41,3.2195121951219514,5.2439024390243905,0.65853658536585369,41,0.51219512195121952,0.80487804878048785,27,0.31707317073170732,41,0.17073170731707318,0.46341463414634149,13,0.34146341463414637,41,0.1951219512195122,0.48780487804878048,14,0.65853658536585369,0.31707317073170732,0.51851851851851849,True,20260911,5000,artifact/task-cluster percentile 95%; degenerate intervals are not population certainty
CODE,original_8k_shared_prefix_scorer,google/gemma-2-9b-it,11c9b309abf73637e4b6f9a3fa1e92e615547819,immediate_readout,explicit,bare,main,five_models_two_templates_common,ALL,partial,18,18,18,0,0,0.47530864197530864,18,0.37037037037037041,0.58641975308641969,4.2777777777777777,18,3.1111111111111112,5.3888888888888893,0.27777777777777779,18,0.1111111111111111,0.5,5,0.16666666666666666,18,0,0.33333333333333331,3,0.1111111111111111,18,0,0.27777777777777779,2,0.27777777777777779,0.16666666666666666,0.40000000000000002,True,20260911,5000,artifact/task-cluster percentile 95%; degenerate intervals are not population certainty
CODE,original_8k_shared_prefix_scorer,google/gemma-2-9b-it,11c9b309abf73637e4b6f9a3fa1e92e615547819,immediate_readout,explicit,whitespace_union,main,five_models_two_templates_common,ALL,all,63,63,41,22,0,0.51322751322751314,63,0.42857142857142849,0.60141093474426799,3.7777777777777777,63,2.9206349206349205,4.6031746031746028,0.68292682926829273,41,0.53658536585365857,0.82926829268292679,28,0.34146341463414637,41,0.1951219512195122,0.48780487804878048,14,0.34146341463414637,41,0.1951219512195122,0.48780487804878048,14,0.79365079365079361,0.5714285714285714,0.5,True,20260911,5000,artifact/task-cluster percentile 95%; degenerate intervals are not population certainty
CODE,original_8k_shared_prefix_scorer,google/gemma-2-9b-it,11c9b309abf73637e4b6f9a3fa1e92e615547819,immediate_readout,explicit,whitespace_union,main,five_models_two_templates_common,ALL,nontrivial,41,41,41,0,0,0.37669376693766937,41,0.29810298102981025,0.45799457994579945,4.2195121951219514,41,3.2195121951219514,5.2439024390243905,0.68292682926829273,41,0.53658536585365857,0.82926829268292679,28,0.34146341463414637,41,0.1951219512195122,0.48780487804878048,14,0.34146341463414637,41,0.1951219512195122,0.48780487804878048,14,0.68292682926829273,0.34146341463414637,0.5,True,20260911,5000,artifact/task-cluster percentile 95%; degenerate intervals are not population certainty
CODE,original_8k_shared_prefix_scorer,google/gemma-2-9b-it,11c9b309abf73637e4b6f9a3fa1e92e615547819,immediate_readout,explicit,whitespace_union,main,five_models_two_templates_common,ALL,partial,18,18,18,0,0,0.47530864197530864,18,0.37037037037037041,0.58641975308641969,4.2777777777777777,18,3.1111111111111112,5.3888888888888893,0.33333333333333331,18,0.1111111111111111,0.55555555555555558,6,0.22222222222222221,18,0.055555555555555552,0.44444444444444442,4,0.1111111111111111,18,0,0.27777777777777779,2,0.33333333333333331,0.22222222222222221,0.33333333333333331,True,20260911,5000,artifact/task-cluster percentile 95%; degenerate intervals are not population certainty
CODE,original_8k_shared_prefix_scorer,google/gemma-2-9b-it,11c9b309abf73637e4b6f9a3fa1e92e615547819,immediate_readout,original,bare,main,five_models_two_templates_common,ALL,all,63,63,41,22,0,0.48324514991181655,63,0.38447971781305113,0.58201058201058209,4.4920634920634921,63,3.5714285714285716,5.3809523809523814,0.04878048780487805,41,0,0.12195121951219512,2,0.04878048780487805,41,0,0.12195121951219512,2,0,41,0,0,0,0.38095238095238093,0.38095238095238093,0,True,20260911,5000,artifact/task-cluster percentile 95%; degenerate intervals are not population certainty
CODE,original_8k_shared_prefix_scorer,google/gemma-2-9b-it,11c9b309abf73637e4b6f9a3fa1e92e615547819,immediate_readout,original,bare,main,five_models_two_templates_common,ALL,nontrivial,41,41,41,0,0,0.3224932249322493,41,0.2384823848238482,0.4147018970189692,5.8292682926829267,41,4.9268292682926829,6.6829268292682924,0.04878048780487805,41,0,0.12195121951219512,2,0.04878048780487805,41,0,0.12195121951219512,2,0,41,0,0,0,0.04878048780487805,0.04878048780487805,0,True,20260911,5000,artifact/task-cluster percentile 95%; degenerate intervals are not population certainty
CODE,original_8k_shared_prefix_scorer,google/gemma-2-9b-it,11c9b309abf73637e4b6f9a3fa1e92e615547819,immediate_readout,original,bare,main,five_models_two_templates_common,ALL,partial,18,18,18,0,0,0.49382716049382708,18,0.36419753086419748,0.62962962962962965,4.6111111111111107,18,3.3888888888888888,5.833333333333333,0.055555555555555552,18,0,0.16666666666666666,1,0.055555555555555552,18,0,0.16666666666666666,1,0,18,0,0,0,0.055555555555555552,0.055555555555555552,0,True,20260911,5000,artifact/task-cluster percentile 95%; degenerate intervals are not population certainty
CODE,original_8k_shared_prefix_scorer,google/gemma-2-9b-it,11c9b309abf73637e4b6f9a3fa1e92e615547819,immediate_readout,original,whitespace_union,main,five_models_two_templates_common,ALL,all,63,63,41,22,0,0.48148148148148145,63,0.38271604938271603,0.58024691358024705,4.4920634920634921,63,3.5714285714285716,5.3809523809523814,0.04878048780487805,41,0,0.12195121951219512,2,0.04878048780487805,41,0,0.12195121951219512,2,0,41,0,0,0,0.38095238095238093,0.38095238095238093,0,True,20260911,5000,artifact/task-cluster percentile 95%; degenerate intervals are not population certainty
CODE,original_8k_shared_prefix_scorer,google/gemma-2-9b-it,11c9b309abf73637e4b6f9a3fa1e92e615547819,immediate_readout,original,whitespace_union,main,five_models_two_templates_common,ALL,nontrivial,41,41,41,0,0,0.3224932249322493,41,0.2384823848238482,0.4147018970189692,5.8292682926829267,41,4.9268292682926829,6.6829268292682924,0.04878048780487805,41,0,0.12195121951219512,2,0.04878048780487805,41,0,0.12195121951219512,2,0,41,0,0,0,0.04878048780487805,0.04878048780487805,0,True,20260911,5000,artifact/task-cluster percentile 95%; degenerate intervals are not population certainty
CODE,original_8k_shared_prefix_scorer,google/gemma-2-9b-it,11c9b309abf73637e4b6f9a3fa1e92e615547819,immediate_readout,original,whitespace_union,main,five_models_two_templates_common,ALL,partial,18,18,18,0,0,0.49382716049382708,18,0.36419753086419748,0.62962962962962965,4.6111111111111107,18,3.3888888888888888,5.833333333333333,0.055555555555555552,18,0,0.16666666666666666,1,0.055555555555555552,18,0,0.16666666666666666,1,0,18,0,0,0,0.055555555555555552,0.055555555555555552,0,True,20260911,5000,artifact/task-cluster percentile 95%; degenerate intervals are not population certainty
CODE,original_8k_shared_prefix_scorer,meta-llama/Llama-3.1-8B-Instruct,0e9e39f249a16976918f6564b8830bc894c89659,immediate_readout,explicit,bare,main,five_models_two_templates_common,ALL,all,63,63,41,22,0,0.57671957671957685,63,0.49559082892416223,0.6578483245149912,3.6507936507936507,63,2.873015873015873,4.4607142857142801,0.73170731707317072,41,0.58536585365853655,0.85365853658536583,30,0.65853658536585369,41,0.51219512195121952,0.80487804878048785,27,0.073170731707317069,41,0,0.17073170731707318,3,0.82539682539682535,0.77777777777777779,0.10000000000000001,True,20260911,5000,artifact/task-cluster percentile 95%; degenerate intervals are not population certainty
CODE,original_8k_shared_prefix_scorer,meta-llama/Llama-3.1-8B-Instruct,0e9e39f249a16976918f6564b8830bc894c89659,immediate_readout,explicit,bare,main,five_models_two_templates_common,ALL,nontrivial,41,41,41,0,0,0.47967479674796754,41,0.38482384823848242,0.57452574525745248,3.9512195121951219,41,3.024390243902439,4.9024390243902438,0.73170731707317072,41,0.58536585365853655,0.85365853658536583,30,0.65853658536585369,41,0.51219512195121952,0.80487804878048785,27,0.073170731707317069,41,0,0.17073170731707318,3,0.73170731707317072,0.65853658536585369,0.10000000000000001,True,20260911,5000,artifact/task-cluster percentile 95%; degenerate intervals are not population certainty
CODE,original_8k_shared_prefix_scorer,meta-llama/Llama-3.1-8B-Instruct,0e9e39f249a16976918f6564b8830bc894c89659,immediate_readout,explicit,bare,main,five_models_two_templates_common,ALL,partial,18,18,18,0,0,0.59876543209876543,18,0.48765432098765427,0.70987654320987648,3.5,18,2.3888888888888888,4.6111111111111107,0.3888888888888889,18,0.16666666666666666,0.61111111111111116,7,0.27777777777777779,18,0.1111111111111111,0.5,5,0.1111111111111111,18,0,0.27777777777777779,2,0.3888888888888889,0.27777777777777779,0.2857142857142857,True,20260911,5000,artifact/task-cluster percentile 95%; degenerate intervals are not population certainty
CODE,original_8k_shared_prefix_scorer,meta-llama/Llama-3.1-8B-Instruct,0e9e39f249a16976918f6564b8830bc894c89659,immediate_readout,explicit,whitespace_union,main,five_models_two_templates_common,ALL,all,63,63,41,22,0,0.58024691358024694,63,0.49382716049382719,0.66313932980599632,3.5238095238095237,63,2.7619047619047619,4.3492063492063489,0.78048780487804881,41,0.65853658536585369,0.90243902439024393,32,0.68292682926829273,41,0.53658536585365857,0.82926829268292679,28,0.097560975609756101,41,0.024390243902439025,0.1951219512195122,4,0.8571428571428571,0.79365079365079361,0.125,True,20260911,5000,artifact/task-cluster percentile 95%; degenerate intervals are not population certainty
CODE,original_8k_shared_prefix_scorer,meta-llama/Llama-3.1-8B-Instruct,0e9e39f249a16976918f6564b8830bc894c89659,immediate_readout,explicit,whitespace_union,main,five_models_two_templates_common,ALL,nontrivial,41,41,41,0,0,0.52845528455284552,41,0.43089430894308939,0.62330623306233057,3.5365853658536586,41,2.6341463414634148,4.4878048780487809,0.78048780487804881,41,0.65853658536585369,0.90243902439024393,32,0.68292682926829273,41,0.53658536585365857,0.82926829268292679,28,0.097560975609756101,41,0.024390243902439025,0.1951219512195122,4,0.78048780487804881,0.68292682926829273,0.125,True,20260911,5000,artifact/task-cluster percentile 95%; degenerate intervals are not population certainty
CODE,original_8k_shared_prefix_scorer,meta-llama/Llama-3.1-8B-Instruct,0e9e39f249a16976918f6564b8830bc894c89659,immediate_readout,explicit,whitespace_union,main,five_models_two_templates_common,ALL,partial,18,18,18,0,0,0.57407407407407407,18,0.43827160493827161,0.70370370370370372,3.5555555555555554,18,2.3888888888888888,4.7777777777777777,0.5,18,0.27777777777777779,0.72222222222222221,9,0.33333333333333331,18,0.1111111111111111,0.55555555555555558,6,0.16666666666666666,18,0,0.33333333333333331,3,0.5,0.33333333333333331,0.33333333333333331,True,20260911,5000,artifact/task-cluster percentile 95%; degenerate intervals are not population certainty
CODE,original_8k_shared_prefix_scorer,meta-llama/Llama-3.1-8B-Instruct,0e9e39f249a16976918f6564b8830bc894c89659,immediate_readout,original,bare,main,five_models_two_templates_common,ALL,all,63,63,41,22,0,0.55731922398589051,63,0.46560846560846564,0.64726631393298029,4.746031746031746,63,3.8571428571428572,5.6349206349206353,0,41,0,0,0,0,41,0,0,0,0,41,0,0,0,0.34920634920634919,0.34920634920634919,,True,20260911,5000,artifact/task-cluster percentile 95%; degenerate intervals are not population certainty
CODE,original_8k_shared_prefix_scorer,meta-llama/Llama-3.1-8B-Instruct,0e9e39f249a16976918f6564b8830bc894c89659,immediate_readout,original,bare,main,five_models_two_templates_common,ALL,nontrivial,41,41,41,0,0,0.49864498644986444,41,0.38753387533875339,0.60433604336043367,3.3414634146341462,41,2.4634146341463414,4.2682926829268295,0,41,0,0,0,0,41,0,0,0,0,41,0,0,0,0,0,,True,20260911,5000,artifact/task-cluster percentile 95%; degenerate intervals are not population certainty
CODE,original_8k_shared_prefix_scorer,meta-llama/Llama-3.1-8B-Instruct,0e9e39f249a16976918f6564b8830bc894c89659,immediate_readout,original,bare,main,five_models_two_templates_common,ALL,partial,18,18,18,0,0,0.37654320987654322,18,0.27160493827160492,0.48765432098765427,5.9444444444444446,18,4.9444444444444446,6.8888888888888893,0,18,0,0,0,0,18,0,0,0,0,18,0,0,0,0,0,,True,20260911,5000,artifact/task-cluster percentile 95%; degenerate intervals are not population certainty
CODE,original_8k_shared_prefix_scorer,meta-llama/Llama-3.1-8B-Instruct,0e9e39f249a16976918f6564b8830bc894c89659,immediate_readout,original,whitespace_union,main,five_models_two_templates_common,ALL,all,63,63,41,22,0,0.54497354497354489,63,0.45674603174603173,0.63139329805996458,4.8888888888888893,63,4.0158730158730158,5.7623015873015815,0,41,0,0,0,0,41,0,0,0,0,41,0,0,0,0.34920634920634919,0.34920634920634919,,True,20260911,5000,artifact/task-cluster percentile 95%; degenerate intervals are not population certainty
CODE,original_8k_shared_prefix_scorer,meta-llama/Llama-3.1-8B-Instruct,0e9e39f249a16976918f6564b8830bc894c89659,immediate_readout,original,whitespace_union,main,five_models_two_templates_common,ALL,nontrivial,41,41,41,0,0,0.50406504065040658,41,0.39566395663956638,0.6097560975609756,3.3414634146341462,41,2.4634146341463414,4.2682926829268295,0,41,0,0,0,0,41,0,0,0,0,41,0,0,0,0,0,,True,20260911,5000,artifact/task-cluster percentile 95%; degenerate intervals are not population certainty
CODE,original_8k_shared_prefix_scorer,meta-llama/Llama-3.1-8B-Instruct,0e9e39f249a16976918f6564b8830bc894c89659,immediate_readout,original,whitespace_union,main,five_models_two_templates_common,ALL,partial,18,18,18,0,0,0.35802469135802467,18,0.2592592592592593,0.46296296296296302,5.9444444444444446,18,4.9444444444444446,6.8888888888888893,0,18,0,0,0,0,18,0,0,0,0,18,0,0,0,0,0,,True,20260911,5000,artifact/task-cluster percentile 95%; degenerate intervals are not population certainty
CODE,original_8k_shared_prefix_scorer,mistralai/Mistral-7B-Instruct-v0.3,c170c708c41dac9275d15a8fff4eca08d52bab71,immediate_readout,explicit,bare,main,five_models_two_templates_common,ALL,all,63,63,41,22,0,0.5679012345679012,63,0.47089947089947087,0.66490299823633159,3.873015873015873,63,3,4.746031746031746,0.14634146341463414,41,0.04878048780487805,0.26829268292682928,6,0.073170731707317069,41,0,0.14695121951218623,3,0.073170731707317069,41,0,0.17073170731707318,3,0.44444444444444442,0.3968253968253968,0.5,True,20260911,5000,artifact/task-cluster percentile 95%; degenerate intervals are not population certainty
CODE,original_8k_shared_prefix_scorer,mistralai/Mistral-7B-Instruct-v0.3,c170c708c41dac9275d15a8fff4eca08d52bab71,immediate_readout,explicit,bare,main,five_models_two_templates_common,ALL,nontrivial,41,41,41,0,0,0.37398373983739841,41,0.27642276422764234,0.47696476964769641,5.6097560975609753,41,4.6829268292682924,6.4878048780487809,0.14634146341463414,41,0.04878048780487805,0.26829268292682928,6,0.073170731707317069,41,0,0.14695121951218623,3,0.073170731707317069,41,0,0.17073170731707318,3,0.14634146341463414,0.073170731707317069,0.5,True,20260911,5000,artifact/task-cluster percentile 95%; degenerate intervals are not population certainty
CODE,original_8k_shared_prefix_scorer,mistralai/Mistral-7B-Instruct-v0.3,c170c708c41dac9275d15a8fff4eca08d52bab71,immediate_readout,explicit,bare,main,five_models_two_templates_common,ALL,partial,18,18,18,0,0,0.66666666666666663,18,0.56172839506172834,0.76543209876543217,3,18,2.1111111111111112,3.9444444444444446,0.16666666666666666,18,0,0.33333333333333331,3,0.1111111111111111,18,0,0.27777777777777779,2,0.055555555555555552,18,0,0.16666666666666666,1,0.16666666666666666,0.1111111111111111,0.33333333333333331,True,20260911,5000,artifact/task-cluster percentile 95%; degenerate intervals are not population certainty
CODE,original_8k_shared_prefix_scorer,mistralai/Mistral-7B-Instruct-v0.3,c170c708c41dac9275d15a8fff4eca08d52bab71,immediate_readout,explicit,whitespace_union,main,five_models_two_templates_common,ALL,all,63,63,41,22,0,0.5679012345679012,63,0.47089947089947087,0.66490299823633159,3.873015873015873,63,3,4.746031746031746,0.14634146341463414,41,0.04878048780487805,0.26829268292682928,6,0.073170731707317069,41,0,0.14695121951218623,3,0.073170731707317069,41,0,0.17073170731707318,3,0.44444444444444442,0.3968253968253968,0.5,True,20260911,5000,artifact/task-cluster percentile 95%; degenerate intervals are not population certainty
CODE,original_8k_shared_prefix_scorer,mistralai/Mistral-7B-Instruct-v0.3,c170c708c41dac9275d15a8fff4eca08d52bab71,immediate_readout,explicit,whitespace_union,main,five_models_two_templates_common,ALL,nontrivial,41,41,41,0,0,0.37398373983739841,41,0.27642276422764234,0.47696476964769641,5.6097560975609753,41,4.6829268292682924,6.4878048780487809,0.14634146341463414,41,0.04878048780487805,0.26829268292682928,6,0.073170731707317069,41,0,0.14695121951218623,3,0.073170731707317069,41,0,0.17073170731707318,3,0.14634146341463414,0.073170731707317069,0.5,True,20260911,5000,artifact/task-cluster percentile 95%; degenerate intervals are not population certainty
CODE,original_8k_shared_prefix_scorer,mistralai/Mistral-7B-Instruct-v0.3,c170c708c41dac9275d15a8fff4eca08d52bab71,immediate_readout,explicit,whitespace_union,main,five_models_two_templates_common,ALL,partial,18,18,18,0,0,0.66666666666666663,18,0.56172839506172834,0.76543209876543217,3,18,2.1111111111111112,3.9444444444444446,0.16666666666666666,18,0,0.33333333333333331,3,0.1111111111111111,18,0,0.27777777777777779,2,0.055555555555555552,18,0,0.16666666666666666,1,0.16666666666666666,0.1111111111111111,0.33333333333333331,True,20260911,5000,artifact/task-cluster percentile 95%; degenerate intervals are not population certainty
CODE,original_8k_shared_prefix_scorer,mistralai/Mistral-7B-Instruct-v0.3,c170c708c41dac9275d15a8fff4eca08d52bab71,immediate_readout,original,bare,main,five_models_two_templates_common,ALL,all,63,63,41,22,0,0.46560846560846564,63,0.37918871252204583,0.55202821869488528,5.3968253968253972,63,4.5396825396825395,6.253968253968254,0,41,0,0,0,0,41,0,0,0,0,41,0,0,0,0.34920634920634919,0.34920634920634919,,True,20260911,5000,artifact/task-cluster percentile 95%; degenerate intervals are not population certainty
CODE,original_8k_shared_prefix_scorer,mistralai/Mistral-7B-Instruct-v0.3,c170c708c41dac9275d15a8fff4eca08d52bab71,immediate_readout,original,bare,main,five_models_two_templates_common,ALL,nontrivial,41,41,41,0,0,0.28184281842818432,41,0.20860433604336046,0.3631436314363144,3.6829268292682928,41,2.8048780487804876,4.6341463414634143,0,41,0,0,0,0,41,0,0,0,0,41,0,0,0,0,0,,True,20260911,5000,artifact/task-cluster percentile 95%; degenerate intervals are not population certainty
CODE,original_8k_shared_prefix_scorer,mistralai/Mistral-7B-Instruct-v0.3,c170c708c41dac9275d15a8fff4eca08d52bab71,immediate_readout,original,bare,main,five_models_two_templates_common,ALL,partial,18,18,18,0,0,0.43827160493827155,18,0.32716049382716045,0.54938271604938282,5.9444444444444446,18,4.9444444444444446,6.8888888888888893,0,18,0,0,0,0,18,0,0,0,0,18,0,0,0,0,0,,True,20260911,5000,artifact/task-cluster percentile 95%; degenerate intervals are not population certainty
CODE,original_8k_shared_prefix_scorer,mistralai/Mistral-7B-Instruct-v0.3,c170c708c41dac9275d15a8fff4eca08d52bab71,immediate_readout,original,whitespace_union,main,five_models_two_templates_common,ALL,all,63,63,41,22,0,0.50793650793650791,63,0.40917107583774254,0.60670194003527333,4.1428571428571432,63,3.2380952380952381,5.0476190476190474,0,41,0,0,0,0,41,0,0,0,0,41,0,0,0,0.34920634920634919,0.34920634920634919,,True,20260911,5000,artifact/task-cluster percentile 95%; degenerate intervals are not population certainty
CODE,original_8k_shared_prefix_scorer,mistralai/Mistral-7B-Instruct-v0.3,c170c708c41dac9275d15a8fff4eca08d52bab71,immediate_readout,original,whitespace_union,main,five_models_two_templates_common,ALL,nontrivial,41,41,41,0,0,0.29539295392953929,41,0.20325203252032523,0.39295392953929537,3.9512195121951219,41,3.0487804878048781,4.8780487804878048,0,41,0,0,0,0,41,0,0,0,0,41,0,0,0,0,0,,True,20260911,5000,artifact/task-cluster percentile 95%; degenerate intervals are not population certainty
CODE,original_8k_shared_prefix_scorer,mistralai/Mistral-7B-Instruct-v0.3,c170c708c41dac9275d15a8fff4eca08d52bab71,immediate_readout,original,whitespace_union,main,five_models_two_templates_common,ALL,partial,18,18,18,0,0,0.57407407407407407,18,0.46913580246913572,0.67283950617283961,5.7777777777777777,18,4.666666666666667,6.7777777777777777,0,18,0,0,0,0,18,0,0,0,0,18,0,0,0,0,0,,True,20260911,5000,artifact/task-cluster percentile 95%; degenerate intervals are not population certainty
CODE,two_stage_32k_shared_prefix_scorer,Qwen/Qwen2.5-14B-Instruct,cf98f3b3bbb457ad9e2bb7baf9a0125b6b88caa8,immediate_readout,explicit,bare,main,five_models_two_templates_common,ALL,all,78,78,53,25,0,0.73789173789173768,78,0.66809116809116809,0.80199430199430188,2.358974358974359,78,1.7564102564102564,2.9874999999999954,0.86792452830188682,53,0.77358490566037741,0.94339622641509435,46,0.81132075471698117,53,0.69811320754716977,0.90566037735849059,43,0.056603773584905662,53,0,0.13207547169811321,3,0.91025641025641024,0.87179487179487181,0.065217391304347824,True,20260911,5000,artifact/task-cluster percentile 95%; degenerate intervals are not population certainty
CODE,two_stage_32k_shared_prefix_scorer,Qwen/Qwen2.5-14B-Instruct,cf98f3b3bbb457ad9e2bb7baf9a0125b6b88caa8,immediate_readout,explicit,bare,main,five_models_two_templates_common,ALL,nontrivial,53,53,53,0,0,0.72746331236897255,53,0.64989517819706499,0.80503144654088032,2.2830188679245285,53,1.6037735849056605,3,0.86792452830188682,53,0.77358490566037741,0.94339622641509435,46,0.81132075471698117,53,0.69811320754716977,0.90566037735849059,43,0.056603773584905662,53,0,0.13207547169811321,3,0.86792452830188682,0.81132075471698117,0.065217391304347824,True,20260911,5000,artifact/task-cluster percentile 95%; degenerate intervals are not population certainty
CODE,two_stage_32k_shared_prefix_scorer,Qwen/Qwen2.5-14B-Instruct,cf98f3b3bbb457ad9e2bb7baf9a0125b6b88caa8,immediate_readout,explicit,bare,main,five_models_two_templates_common,ALL,partial,23,23,23,0,0,0.62318840579710144,23,0.52173913043478271,0.71980676328502424,3.2173913043478262,23,2.3043478260869565,4.1304347826086953,0.69565217391304346,23,0.52173913043478259,0.86956521739130432,16,0.56521739130434778,23,0.34782608695652173,0.78260869565217395,13,0.13043478260869565,23,0,0.2608695652173913,3,0.69565217391304346,0.56521739130434778,0.1875,True,20260911,5000,artifact/task-cluster percentile 95%; degenerate intervals are not population certainty
CODE,two_stage_32k_shared_prefix_scorer,Qwen/Qwen2.5-14B-Instruct,cf98f3b3bbb457ad9e2bb7baf9a0125b6b88caa8,immediate_readout,explicit,whitespace_union,main,five_models_two_templates_common,ALL,all,78,78,53,25,0,0.73361823361823353,78,0.66381766381766372,0.79772079772079774,2.3846153846153846,78,1.7820512820512822,3.0128205128205128,0.86792452830188682,53,0.77358490566037741,0.94339622641509435,46,0.81132075471698117,53,0.69811320754716977,0.90566037735849059,43,0.056603773584905662,53,0,0.13207547169811321,3,0.91025641025641024,0.87179487179487181,0.065217391304347824,True,20260911,5000,artifact/task-cluster percentile 95%; degenerate intervals are not population certainty
CODE,two_stage_32k_shared_prefix_scorer,Qwen/Qwen2.5-14B-Instruct,cf98f3b3bbb457ad9e2bb7baf9a0125b6b88caa8,immediate_readout,explicit,whitespace_union,main,five_models_two_templates_common,ALL,nontrivial,53,53,53,0,0,0.72327044025157206,53,0.64570230607966439,0.80083857442348005,2.3018867924528301,53,1.6037735849056605,3.0188679245283021,0.86792452830188682,53,0.77358490566037741,0.94339622641509435,46,0.81132075471698117,53,0.69811320754716977,0.90566037735849059,43,0.056603773584905662,53,0,0.13207547169811321,3,0.86792452830188682,0.81132075471698117,0.065217391304347824,True,20260911,5000,artifact/task-cluster percentile 95%; degenerate intervals are not population certainty
CODE,two_stage_32k_shared_prefix_scorer,Qwen/Qwen2.5-14B-Instruct,cf98f3b3bbb457ad9e2bb7baf9a0125b6b88caa8,immediate_readout,explicit,whitespace_union,main,five_models_two_templates_common,ALL,partial,23,23,23,0,0,0.61352657004830913,23,0.51207729468599039,0.71014492753623204,3.2608695652173911,23,2.347826086956522,4.1739130434782608,0.69565217391304346,23,0.52173913043478259,0.86956521739130432,16,0.56521739130434778,23,0.34782608695652173,0.78260869565217395,13,0.13043478260869565,23,0,0.2608695652173913,3,0.69565217391304346,0.56521739130434778,0.1875,True,20260911,5000,artifact/task-cluster percentile 95%; degenerate intervals are not population certainty
CODE,two_stage_32k_shared_prefix_scorer,Qwen/Qwen2.5-14B-Instruct,cf98f3b3bbb457ad9e2bb7baf9a0125b6b88caa8,immediate_readout,original,bare,main,five_models_two_templates_common,ALL,all,78,78,53,25,0,0.71509971509971515,78,0.64099002849002829,0.78632478632478631,2.4615384615384617,78,1.8205128205128205,3.141025641025641,0.28301886792452829,53,0.16981132075471697,0.41509433962264153,15,0.28301886792452829,53,0.16981132075471697,0.41509433962264153,15,0,53,0,0,0,0.51282051282051277,0.51282051282051277,0,True,20260911,5000,artifact/task-cluster percentile 95%; degenerate intervals are not population certainty
CODE,two_stage_32k_shared_prefix_scorer,Qwen/Qwen2.5-14B-Instruct,cf98f3b3bbb457ad9e2bb7baf9a0125b6b88caa8,immediate_readout,original,bare,main,five_models_two_templates_common,ALL,nontrivial,53,53,53,0,0,0.63731656184486374,53,0.5513626834381552,0.71907756813417156,3.1132075471698113,53,2.3396226415094339,3.8679245283018866,0.28301886792452829,53,0.16981132075471697,0.41509433962264153,15,0.28301886792452829,53,0.16981132075471697,0.41509433962264153,15,0,53,0,0,0,0.28301886792452829,0.28301886792452829,0,True,20260911,5000,artifact/task-cluster percentile 95%; degenerate intervals are not population certainty
CODE,two_stage_32k_shared_prefix_scorer,Qwen/Qwen2.5-14B-Instruct,cf98f3b3bbb457ad9e2bb7baf9a0125b6b88caa8,immediate_readout,original,bare,main,five_models_two_templates_common,ALL,partial,23,23,23,0,0,0.54106280193236711,23,0.43478260869565216,0.64734299516908211,4.3478260869565215,23,3.3467391304347833,5.3913043478260869,0.34782608695652173,23,0.17391304347826086,0.56521739130434778,8,0.34782608695652173,23,0.17391304347826086,0.56521739130434778,8,0,23,0,0,0,0.34782608695652173,0.34782608695652173,0,True,20260911,5000,artifact/task-cluster percentile 95%; degenerate intervals are not population certainty
CODE,two_stage_32k_shared_prefix_scorer,Qwen/Qwen2.5-14B-Instruct,cf98f3b3bbb457ad9e2bb7baf9a0125b6b88caa8,immediate_readout,original,whitespace_union,main,five_models_two_templates_common,ALL,all,78,78,53,25,0,0.71225071225071224,78,0.6367521367521366,0.78351139601139541,2.4743589743589745,78,1.8333333333333333,3.1538461538461537,0.30188679245283018,53,0.18867924528301888,0.43396226415094341,16,0.30188679245283018,53,0.18867924528301888,0.43396226415094341,16,0,53,0,0,0,0.52564102564102566,0.52564102564102566,0,True,20260911,5000,artifact/task-cluster percentile 95%; degenerate intervals are not population certainty
CODE,two_stage_32k_shared_prefix_scorer,Qwen/Qwen2.5-14B-Instruct,cf98f3b3bbb457ad9e2bb7baf9a0125b6b88caa8,immediate_readout,original,whitespace_union,main,five_models_two_templates_common,ALL,nontrivial,53,53,53,0,0,0.63522012578616349,53,0.55136268343815509,0.71698113207547132,3.1132075471698113,53,2.3396226415094339,3.8679245283018866,0.30188679245283018,53,0.18867924528301888,0.43396226415094341,16,0.30188679245283018,53,0.18867924528301888,0.43396226415094341,16,0,53,0,0,0,0.30188679245283018,0.30188679245283018,0,True,20260911,5000,artifact/task-cluster percentile 95%; degenerate intervals are not population certainty
CODE,two_stage_32k_shared_prefix_scorer,Qwen/Qwen2.5-14B-Instruct,cf98f3b3bbb457ad9e2bb7baf9a0125b6b88caa8,immediate_readout,original,whitespace_union,main,five_models_two_templates_common,ALL,partial,23,23,23,0,0,0.53623188405797106,23,0.42995169082125606,0.64251207729468607,4.3478260869565215,23,3.3467391304347833,5.3913043478260869,0.34782608695652173,23,0.17391304347826086,0.56521739130434778,8,0.34782608695652173,23,0.17391304347826086,0.56521739130434778,8,0,23,0,0,0,0.34782608695652173,0.34782608695652173,0,True,20260911,5000,artifact/task-cluster percentile 95%; degenerate intervals are not population certainty
CODE,two_stage_32k_shared_prefix_scorer,Qwen/Qwen3-30B-A3B-Thinking-2507,144afc2f379b542fdd4e85a1fcd5e1f79112d95d,native_reason_then_score,explicit,bare,main,five_models_two_templates_common,ALL,all,78,78,53,25,0,0.95726495726495719,78,0.92450142450142458,0.9843304843304842,0.32051282051282054,78,0.076602564102564219,0.62820512820512819,0.98113207547169812,53,0.94339622641509435,1,52,0.96226415094339623,53,0.90566037735849059,1,51,0.018867924528301886,53,0,0.056603773584905662,1,0.98717948717948723,0.97435897435897434,0.019230769230769232,True,20260911,5000,artifact/task-cluster percentile 95%; degenerate intervals are not population certainty
CODE,two_stage_32k_shared_prefix_scorer,Qwen/Qwen3-30B-A3B-Thinking-2507,144afc2f379b542fdd4e85a1fcd5e1f79112d95d,native_reason_then_score,explicit,bare,main,five_models_two_templates_common,ALL,nontrivial,53,53,53,0,0,0.94758909853249484,53,0.90146750524109021,0.98322851153039836,0.35849056603773582,53,0.037735849056603772,0.77358490566037741,0.98113207547169812,53,0.94339622641509435,1,52,0.96226415094339623,53,0.90566037735849059,1,51,0.018867924528301886,53,0,0.056603773584905662,1,0.98113207547169812,0.96226415094339623,0.019230769230769232,True,20260911,5000,artifact/task-cluster percentile 95%; degenerate intervals are not population certainty
CODE,two_stage_32k_shared_prefix_scorer,Qwen/Qwen3-30B-A3B-Thinking-2507,144afc2f379b542fdd4e85a1fcd5e1f79112d95d,native_reason_then_score,explicit,bare,main,five_models_two_templates_common,ALL,partial,23,23,23,0,0,0.9903381642512078,23,0.97584541062801944,1,0.2608695652173913,23,0,0.78260869565217395,0.95652173913043481,23,0.86956521739130432,1,22,0.91304347826086951,23,0.78260869565217395,1,21,0.043478260869565216,23,0,0.13043478260869565,1,0.95652173913043481,0.91304347826086951,0.045454545454545456,True,20260911,5000,artifact/task-cluster percentile 95%; degenerate intervals are not population certainty
CODE,two_stage_32k_shared_prefix_scorer,Qwen/Qwen3-30B-A3B-Thinking-2507,144afc2f379b542fdd4e85a1fcd5e1f79112d95d,native_reason_then_score,explicit,whitespace_union,main,five_models_two_templates_common,ALL,all,78,78,53,25,0,0.95726495726495719,78,0.92450142450142458,0.9843304843304842,0.32051282051282054,78,0.076602564102564219,0.62820512820512819,0.98113207547169812,53,0.94339622641509435,1,52,0.96226415094339623,53,0.90566037735849059,1,51,0.018867924528301886,53,0,0.056603773584905662,1,0.98717948717948723,0.97435897435897434,0.019230769230769232,True,20260911,5000,artifact/task-cluster percentile 95%; degenerate intervals are not population certainty
CODE,two_stage_32k_shared_prefix_scorer,Qwen/Qwen3-30B-A3B-Thinking-2507,144afc2f379b542fdd4e85a1fcd5e1f79112d95d,native_reason_then_score,explicit,whitespace_union,main,five_models_two_templates_common,ALL,nontrivial,53,53,53,0,0,0.94758909853249484,53,0.90146750524109021,0.98322851153039836,0.35849056603773582,53,0.037735849056603772,0.77358490566037741,0.98113207547169812,53,0.94339622641509435,1,52,0.96226415094339623,53,0.90566037735849059,1,51,0.018867924528301886,53,0,0.056603773584905662,1,0.98113207547169812,0.96226415094339623,0.019230769230769232,True,20260911,5000,artifact/task-cluster percentile 95%; degenerate intervals are not population certainty
CODE,two_stage_32k_shared_prefix_scorer,Qwen/Qwen3-30B-A3B-Thinking-2507,144afc2f379b542fdd4e85a1fcd5e1f79112d95d,native_reason_then_score,explicit,whitespace_union,main,five_models_two_templates_common,ALL,partial,23,23,23,0,0,0.9903381642512078,23,0.97584541062801944,1,0.2608695652173913,23,0,0.78260869565217395,0.95652173913043481,23,0.86956521739130432,1,22,0.91304347826086951,23,0.78260869565217395,1,21,0.043478260869565216,23,0,0.13043478260869565,1,0.95652173913043481,0.91304347826086951,0.045454545454545456,True,20260911,5000,artifact/task-cluster percentile 95%; degenerate intervals are not population certainty
CODE,two_stage_32k_shared_prefix_scorer,Qwen/Qwen3-30B-A3B-Thinking-2507,144afc2f379b542fdd4e85a1fcd5e1f79112d95d,native_reason_then_score,original,bare,main,five_models_two_templates_common,ALL,all,78,78,53,25,0,0.95584045584045563,78,0.91737891737891741,0.98717948717948723,0.42307692307692307,78,0.14102564102564102,0.7823717948717902,0.96226415094339623,53,0.90566037735849059,1,51,0.96226415094339623,53,0.90566037735849059,1,51,0,53,0,0,0,0.97435897435897434,0.97435897435897434,0,True,20260911,5000,artifact/task-cluster percentile 95%; degenerate intervals are not population certainty
CODE,two_stage_32k_shared_prefix_scorer,Qwen/Qwen3-30B-A3B-Thinking-2507,144afc2f379b542fdd4e85a1fcd5e1f79112d95d,native_reason_then_score,original,bare,main,five_models_two_templates_common,ALL,nontrivial,53,53,53,0,0,0.93920335429769397,53,0.88050314465408797,0.9853249475890985,0.52830188679245282,53,0.13207547169811321,1.0377358490566038,0.96226415094339623,53,0.90566037735849059,1,51,0.96226415094339623,53,0.90566037735849059,1,51,0,53,0,0,0,0.96226415094339623,0.96226415094339623,0,True,20260911,5000,artifact/task-cluster percentile 95%; degenerate intervals are not population certainty
CODE,two_stage_32k_shared_prefix_scorer,Qwen/Qwen3-30B-A3B-Thinking-2507,144afc2f379b542fdd4e85a1fcd5e1f79112d95d,native_reason_then_score,original,bare,main,five_models_two_templates_common,ALL,partial,23,23,23,0,0,0.98067632850241548,23,0.95652173913043481,1,0.13043478260869565,23,0,0.2619565217391146,0.91304347826086951,23,0.78260869565217395,1,21,0.91304347826086951,23,0.78260869565217395,1,21,0,23,0,0,0,0.91304347826086951,0.91304347826086951,0,True,20260911,5000,artifact/task-cluster percentile 95%; degenerate intervals are not population certainty
CODE,two_stage_32k_shared_prefix_scorer,Qwen/Qwen3-30B-A3B-Thinking-2507,144afc2f379b542fdd4e85a1fcd5e1f79112d95d,native_reason_then_score,original,whitespace_union,main,five_models_two_templates_common,ALL,all,78,78,53,25,0,0.95584045584045563,78,0.91737891737891741,0.98717948717948723,0.42307692307692307,78,0.14102564102564102,0.7823717948717902,0.96226415094339623,53,0.90566037735849059,1,51,0.96226415094339623,53,0.90566037735849059,1,51,0,53,0,0,0,0.97435897435897434,0.97435897435897434,0,True,20260911,5000,artifact/task-cluster percentile 95%; degenerate intervals are not population certainty
CODE,two_stage_32k_shared_prefix_scorer,Qwen/Qwen3-30B-A3B-Thinking-2507,144afc2f379b542fdd4e85a1fcd5e1f79112d95d,native_reason_then_score,original,whitespace_union,main,five_models_two_templates_common,ALL,nontrivial,53,53,53,0,0,0.93920335429769397,53,0.88050314465408797,0.9853249475890985,0.52830188679245282,53,0.13207547169811321,1.0377358490566038,0.96226415094339623,53,0.90566037735849059,1,51,0.96226415094339623,53,0.90566037735849059,1,51,0,53,0,0,0,0.96226415094339623,0.96226415094339623,0,True,20260911,5000,artifact/task-cluster percentile 95%; degenerate intervals are not population certainty
CODE,two_stage_32k_shared_prefix_scorer,Qwen/Qwen3-30B-A3B-Thinking-2507,144afc2f379b542fdd4e85a1fcd5e1f79112d95d,native_reason_then_score,original,whitespace_union,main,five_models_two_templates_common,ALL,partial,23,23,23,0,0,0.98067632850241548,23,0.95652173913043481,1,0.13043478260869565,23,0,0.2619565217391146,0.91304347826086951,23,0.78260869565217395,1,21,0.91304347826086951,23,0.78260869565217395,1,21,0,23,0,0,0,0.91304347826086951,0.91304347826086951,0,True,20260911,5000,artifact/task-cluster percentile 95%; degenerate intervals are not population certainty
CODE,two_stage_32k_shared_prefix_scorer,google/gemma-2-9b-it,11c9b309abf73637e4b6f9a3fa1e92e615547819,immediate_readout,explicit,bare,main,five_models_two_templates_common,ALL,all,78,78,53,25,0,0.50569800569800571,78,0.43019943019943013,0.58547008547008539,3.8974358974358974,78,3.141025641025641,4.6410256410256414,0.67924528301886788,53,0.54716981132075471,0.79245283018867929,36,0.30188679245283018,53,0.18867924528301888,0.43396226415094341,16,0.37735849056603776,53,0.24528301886792453,0.50943396226415094,20,0.78205128205128205,0.52564102564102566,0.55555555555555558,True,20260911,5000,artifact/task-cluster percentile 95%; degenerate intervals are not population certainty
CODE,two_stage_32k_shared_prefix_scorer,google/gemma-2-9b-it,11c9b309abf73637e4b6f9a3fa1e92e615547819,immediate_readout,explicit,bare,main,five_models_two_templates_common,ALL,nontrivial,53,53,53,0,0,0.37526205450733741,53,0.30817610062893086,0.44444444444444442,4.2452830188679247,53,3.3962264150943398,5.132075471698113,0.67924528301886788,53,0.54716981132075471,0.79245283018867929,36,0.30188679245283018,53,0.18867924528301888,0.43396226415094341,16,0.37735849056603776,53,0.24528301886792453,0.50943396226415094,20,0.67924528301886788,0.30188679245283018,0.55555555555555558,True,20260911,5000,artifact/task-cluster percentile 95%; degenerate intervals are not population certainty
CODE,two_stage_32k_shared_prefix_scorer,google/gemma-2-9b-it,11c9b309abf73637e4b6f9a3fa1e92e615547819,immediate_readout,explicit,bare,main,five_models_two_templates_common,ALL,partial,23,23,23,0,0,0.45893719806763278,23,0.3671497584541063,0.55555555555555547,4.5217391304347823,23,3.5217391304347827,5.4782608695652177,0.30434782608695654,23,0.13043478260869565,0.47934782608694071,7,0.13043478260869565,23,0,0.30434782608695654,3,0.17391304347826086,23,0.043478260869565216,0.34782608695652173,4,0.30434782608695654,0.13043478260869565,0.5714285714285714,True,20260911,5000,artifact/task-cluster percentile 95%; degenerate intervals are not population certainty
CODE,two_stage_32k_shared_prefix_scorer,google/gemma-2-9b-it,11c9b309abf73637e4b6f9a3fa1e92e615547819,immediate_readout,explicit,whitespace_union,main,five_models_two_templates_common,ALL,all,78,78,53,25,0,0.50569800569800571,78,0.43019943019943013,0.58547008547008539,3.8974358974358974,78,3.141025641025641,4.6410256410256414,0.69811320754716977,53,0.56603773584905659,0.81132075471698117,37,0.32075471698113206,53,0.18867924528301888,0.45283018867924529,17,0.37735849056603776,53,0.24528301886792453,0.50943396226415094,20,0.79487179487179482,0.53846153846153844,0.54054054054054057,True,20260911,5000,artifact/task-cluster percentile 95%; degenerate intervals are not population certainty
CODE,two_stage_32k_shared_prefix_scorer,google/gemma-2-9b-it,11c9b309abf73637e4b6f9a3fa1e92e615547819,immediate_readout,explicit,whitespace_union,main,five_models_two_templates_common,ALL,nontrivial,53,53,53,0,0,0.37526205450733741,53,0.30817610062893086,0.44444444444444442,4.2452830188679247,53,3.3962264150943398,5.132075471698113,0.69811320754716977,53,0.56603773584905659,0.81132075471698117,37,0.32075471698113206,53,0.18867924528301888,0.45283018867924529,17,0.37735849056603776,53,0.24528301886792453,0.50943396226415094,20,0.69811320754716977,0.32075471698113206,0.54054054054054057,True,20260911,5000,artifact/task-cluster percentile 95%; degenerate intervals are not population certainty
CODE,two_stage_32k_shared_prefix_scorer,google/gemma-2-9b-it,11c9b309abf73637e4b6f9a3fa1e92e615547819,immediate_readout,explicit,whitespace_union,main,five_models_two_templates_common,ALL,partial,23,23,23,0,0,0.45893719806763278,23,0.3671497584541063,0.55555555555555547,4.5217391304347823,23,3.5217391304347827,5.4782608695652177,0.34782608695652173,23,0.17391304347826086,0.56521739130434778,8,0.17391304347826086,23,0.043478260869565216,0.34782608695652173,4,0.17391304347826086,23,0.043478260869565216,0.34782608695652173,4,0.34782608695652173,0.17391304347826086,0.5,True,20260911,5000,artifact/task-cluster percentile 95%; degenerate intervals are not population certainty
CODE,two_stage_32k_shared_prefix_scorer,google/gemma-2-9b-it,11c9b309abf73637e4b6f9a3fa1e92e615547819,immediate_readout,original,bare,main,five_models_two_templates_common,ALL,all,78,78,53,25,0,0.47293447293447299,78,0.38461538461538464,0.56267806267806275,4.4871794871794872,78,3.6923076923076925,5.2692307692307692,0.094339622641509441,53,0.018867924528301886,0.16981132075471697,5,0.037735849056603772,53,0,0.094339622641509441,2,0.056603773584905662,53,0,0.11320754716981132,3,0.38461538461538464,0.34615384615384615,0.59999999999999998,True,20260911,5000,artifact/task-cluster percentile 95%; degenerate intervals are not population certainty
CODE,two_stage_32k_shared_prefix_scorer,google/gemma-2-9b-it,11c9b309abf73637e4b6f9a3fa1e92e615547819,immediate_readout,original,bare,main,five_models_two_templates_common,ALL,nontrivial,53,53,53,0,0,0.31446540880503138,53,0.23899371069182393,0.39412997903563934,5.7735849056603774,53,5,6.4910377358490496,0.094339622641509441,53,0.018867924528301886,0.16981132075471697,5,0.037735849056603772,53,0,0.094339622641509441,2,0.056603773584905662,53,0,0.11320754716981132,3,0.094339622641509441,0.037735849056603772,0.59999999999999998,True,20260911,5000,artifact/task-cluster percentile 95%; degenerate intervals are not population certainty
CODE,two_stage_32k_shared_prefix_scorer,google/gemma-2-9b-it,11c9b309abf73637e4b6f9a3fa1e92e615547819,immediate_readout,original,bare,main,five_models_two_templates_common,ALL,partial,23,23,23,0,0,0.47342995169082125,23,0.36231884057971009,0.58454106280193241,4.7826086956521738,23,3.7826086956521738,5.7826086956521738,0.13043478260869565,23,0,0.2608695652173913,3,0.043478260869565216,23,0,0.13043478260869565,1,0.086956521739130432,23,0,0.21739130434782608,2,0.13043478260869565,0.043478260869565216,0.66666666666666663,True,20260911,5000,artifact/task-cluster percentile 95%; degenerate intervals are not population certainty
CODE,two_stage_32k_shared_prefix_scorer,google/gemma-2-9b-it,11c9b309abf73637e4b6f9a3fa1e92e615547819,immediate_readout,original,whitespace_union,main,five_models_two_templates_common,ALL,all,78,78,53,25,0,0.47150997150997159,78,0.38315527065527061,0.56125356125356129,4.4871794871794872,78,3.6923076923076925,5.2692307692307692,0.094339622641509441,53,0.018867924528301886,0.16981132075471697,5,0.037735849056603772,53,0,0.094339622641509441,2,0.056603773584905662,53,0,0.11320754716981132,3,0.38461538461538464,0.34615384615384615,0.59999999999999998,True,20260911,5000,artifact/task-cluster percentile 95%; degenerate intervals are not population certainty
CODE,two_stage_32k_shared_prefix_scorer,google/gemma-2-9b-it,11c9b309abf73637e4b6f9a3fa1e92e615547819,immediate_readout,original,whitespace_union,main,five_models_two_templates_common,ALL,nontrivial,53,53,53,0,0,0.31446540880503138,53,0.23899371069182393,0.39412997903563934,5.7735849056603774,53,5,6.4910377358490496,0.094339622641509441,53,0.018867924528301886,0.16981132075471697,5,0.037735849056603772,53,0,0.094339622641509441,2,0.056603773584905662,53,0,0.11320754716981132,3,0.094339622641509441,0.037735849056603772,0.59999999999999998,True,20260911,5000,artifact/task-cluster percentile 95%; degenerate intervals are not population certainty
CODE,two_stage_32k_shared_prefix_scorer,google/gemma-2-9b-it,11c9b309abf73637e4b6f9a3fa1e92e615547819,immediate_readout,original,whitespace_union,main,five_models_two_templates_common,ALL,partial,23,23,23,0,0,0.47342995169082125,23,0.36231884057971009,0.58454106280193241,4.7826086956521738,23,3.7826086956521738,5.7826086956521738,0.13043478260869565,23,0,0.2608695652173913,3,0.043478260869565216,23,0,0.13043478260869565,1,0.086956521739130432,23,0,0.21739130434782608,2,0.13043478260869565,0.043478260869565216,0.66666666666666663,True,20260911,5000,artifact/task-cluster percentile 95%; degenerate intervals are not population certainty
CODE,two_stage_32k_shared_prefix_scorer,meta-llama/Llama-3.1-8B-Instruct,0e9e39f249a16976918f6564b8830bc894c89659,immediate_readout,explicit,bare,main,five_models_two_templates_common,ALL,all,78,78,53,25,0,0.54700854700854695,78,0.47578347578347602,0.61965811965811957,3.7820512820512819,78,3.0641025641025643,4.5,0.75471698113207553,53,0.64150943396226412,0.86792452830188682,40,0.660377358490566,53,0.52830188679245282,0.79245283018867929,35,0.094339622641509441,53,0.018867924528301886,0.16981132075471697,5,0.83333333333333337,0.76923076923076927,0.125,True,20260911,5000,artifact/task-cluster percentile 95%; degenerate intervals are not population certainty
CODE,two_stage_32k_shared_prefix_scorer,meta-llama/Llama-3.1-8B-Instruct,0e9e39f249a16976918f6564b8830bc894c89659,immediate_readout,explicit,bare,main,five_models_two_templates_common,ALL,nontrivial,53,53,53,0,0,0.46750524109014685,53,0.38574423480083853,0.54926624737945495,3.9433962264150941,53,3.1132075471698113,4.7735849056603774,0.75471698113207553,53,0.64150943396226412,0.86792452830188682,40,0.660377358490566,53,0.52830188679245282,0.79245283018867929,35,0.094339622641509441,53,0.018867924528301886,0.16981132075471697,5,0.75471698113207553,0.660377358490566,0.125,True,20260911,5000,artifact/task-cluster percentile 95%; degenerate intervals are not population certainty
CODE,two_stage_32k_shared_prefix_scorer,meta-llama/Llama-3.1-8B-Instruct,0e9e39f249a16976918f6564b8830bc894c89659,immediate_readout,explicit,bare,main,five_models_two_templates_common,ALL,partial,23,23,23,0,0,0.59903381642512077,23,0.50724637681159412,0.68599033816425137,3.0434782608695654,23,2.0869565217391304,4.0434782608695654,0.43478260869565216,23,0.2608695652173913,0.65217391304347827,10,0.2608695652173913,23,0.086956521739130432,0.43478260869565216,6,0.17391304347826086,23,0.043478260869565216,0.34782608695652173,4,0.43478260869565216,0.2608695652173913,0.40000000000000002,True,20260911,5000,artifact/task-cluster percentile 95%; degenerate intervals are not population certainty
CODE,two_stage_32k_shared_prefix_scorer,meta-llama/Llama-3.1-8B-Instruct,0e9e39f249a16976918f6564b8830bc894c89659,immediate_readout,explicit,whitespace_union,main,five_models_two_templates_common,ALL,all,78,78,53,25,0,0.55413105413105412,78,0.48144586894586883,0.62820512820512819,3.6666666666666665,78,2.9487179487179489,4.3974358974358978,0.79245283018867929,53,0.67924528301886788,0.8867924528301887,42,0.67924528301886788,53,0.54716981132075471,0.79245283018867929,36,0.11320754716981132,53,0.037735849056603772,0.20754716981132076,6,0.85897435897435892,0.78205128205128205,0.14285714285714285,True,20260911,5000,artifact/task-cluster percentile 95%; degenerate intervals are not population certainty
CODE,two_stage_32k_shared_prefix_scorer,meta-llama/Llama-3.1-8B-Instruct,0e9e39f249a16976918f6564b8830bc894c89659,immediate_readout,explicit,whitespace_union,main,five_models_two_templates_common,ALL,nontrivial,53,53,53,0,0,0.5178197064989517,53,0.43396226415094341,0.60377358490566035,3.5660377358490565,53,2.7358490566037736,4.4150943396226419,0.79245283018867929,53,0.67924528301886788,0.8867924528301887,42,0.67924528301886788,53,0.54716981132075471,0.79245283018867929,36,0.11320754716981132,53,0.037735849056603772,0.20754716981132076,6,0.79245283018867929,0.67924528301886788,0.14285714285714285,True,20260911,5000,artifact/task-cluster percentile 95%; degenerate intervals are not population certainty
CODE,two_stage_32k_shared_prefix_scorer,meta-llama/Llama-3.1-8B-Instruct,0e9e39f249a16976918f6564b8830bc894c89659,immediate_readout,explicit,whitespace_union,main,five_models_two_templates_common,ALL,partial,23,23,23,0,0,0.59903381642512088,23,0.48792270531400972,0.70531400966183566,3.0869565217391304,23,2.0434782608695654,4.1304347826086953,0.52173913043478259,23,0.30434782608695654,0.73913043478260865,12,0.30434782608695654,23,0.13043478260869565,0.52173913043478259,7,0.21739130434782608,23,0.043478260869565216,0.39130434782608697,5,0.52173913043478259,0.30434782608695654,0.41666666666666669,True,20260911,5000,artifact/task-cluster percentile 95%; degenerate intervals are not population certainty
CODE,two_stage_32k_shared_prefix_scorer,meta-llama/Llama-3.1-8B-Instruct,0e9e39f249a16976918f6564b8830bc894c89659,immediate_readout,original,bare,main,five_models_two_templates_common,ALL,all,78,78,53,25,0,0.57122507122507105,78,0.48717948717948728,0.65384615384615363,4.333333333333333,78,3.5384615384615383,5.1541666666666623,0,53,0,0,0,0,53,0,0,0,0,53,0,0,0,0.32051282051282054,0.32051282051282054,,True,20260911,5000,artifact/task-cluster percentile 95%; degenerate intervals are not population certainty
CODE,two_stage_32k_shared_prefix_scorer,meta-llama/Llama-3.1-8B-Instruct,0e9e39f249a16976918f6564b8830bc894c89659,immediate_readout,original,bare,main,five_models_two_templates_common,ALL,nontrivial,53,53,53,0,0,0.50943396226415083,53,0.41928721174004191,0.60167714884696022,3.1509433962264151,53,2.4339622641509435,3.9056603773584904,0,53,0,0,0,0,53,0,0,0,0,53,0,0,0,0,0,,True,20260911,5000,artifact/task-cluster percentile 95%; degenerate intervals are not population certainty
CODE,two_stage_32k_shared_prefix_scorer,meta-llama/Llama-3.1-8B-Instruct,0e9e39f249a16976918f6564b8830bc894c89659,immediate_readout,original,bare,main,five_models_two_templates_common,ALL,partial,23,23,23,0,0,0.35265700483091778,23,0.2657004830917874,0.44444444444444425,5.6521739130434785,23,4.7391304347826084,6.5217391304347823,0,23,0,0,0,0,23,0,0,0,0,23,0,0,0,0,0,,True,20260911,5000,artifact/task-cluster percentile 95%; degenerate intervals are not population certainty
CODE,two_stage_32k_shared_prefix_scorer,meta-llama/Llama-3.1-8B-Instruct,0e9e39f249a16976918f6564b8830bc894c89659,immediate_readout,original,whitespace_union,main,five_models_two_templates_common,ALL,all,78,78,53,25,0,0.56267806267806264,78,0.48433048433048415,0.64245014245014243,4.5641025641025639,78,3.7692307692307692,5.384615384615385,0,53,0,0,0,0,53,0,0,0,0,53,0,0,0,0.32051282051282054,0.32051282051282054,,True,20260911,5000,artifact/task-cluster percentile 95%; degenerate intervals are not population certainty
CODE,two_stage_32k_shared_prefix_scorer,meta-llama/Llama-3.1-8B-Instruct,0e9e39f249a16976918f6564b8830bc894c89659,immediate_readout,original,whitespace_union,main,five_models_two_templates_common,ALL,nontrivial,53,53,53,0,0,0.5178197064989517,53,0.43186582809224311,0.60796645702306074,3.1509433962264151,53,2.4339622641509435,3.9056603773584904,0,53,0,0,0,0,53,0,0,0,0,53,0,0,0,0,0,,True,20260911,5000,artifact/task-cluster percentile 95%; degenerate intervals are not population certainty
CODE,two_stage_32k_shared_prefix_scorer,meta-llama/Llama-3.1-8B-Instruct,0e9e39f249a16976918f6564b8830bc894c89659,immediate_readout,original,whitespace_union,main,five_models_two_templates_common,ALL,partial,23,23,23,0,0,0.34299516908212552,23,0.2608695652173913,0.42995169082125584,5.6521739130434785,23,4.7391304347826084,6.5217391304347823,0,23,0,0,0,0,23,0,0,0,0,23,0,0,0,0,0,,True,20260911,5000,artifact/task-cluster percentile 95%; degenerate intervals are not population certainty
CODE,two_stage_32k_shared_prefix_scorer,mistralai/Mistral-7B-Instruct-v0.3,c170c708c41dac9275d15a8fff4eca08d52bab71,immediate_readout,explicit,bare,main,five_models_two_templates_common,ALL,all,78,78,53,25,0,0.53276353276353283,78,0.44159544159544167,0.62250712250712248,4.1923076923076925,78,3.3846153846153846,5.0128205128205128,0.20754716981132076,53,0.11320754716981132,0.32075471698113206,11,0.11320754716981132,53,0.037735849056603772,0.20754716981132076,6,0.094339622641509441,53,0.018867924528301886,0.16981132075471697,5,0.46153846153846156,0.39743589743589741,0.45454545454545453,True,20260911,5000,artifact/task-cluster percentile 95%; degenerate intervals are not population certainty
CODE,two_stage_32k_shared_prefix_scorer,mistralai/Mistral-7B-Instruct-v0.3,c170c708c41dac9275d15a8fff4eca08d52bab71,immediate_readout,explicit,bare,main,five_models_two_templates_common,ALL,nontrivial,53,53,53,0,0,0.34171907756813419,53,0.26415094339622636,0.42348008385744229,5.9056603773584904,53,5.1698113207547172,6.6226415094339623,0.20754716981132076,53,0.11320754716981132,0.32075471698113206,11,0.11320754716981132,53,0.037735849056603772,0.20754716981132076,6,0.094339622641509441,53,0.018867924528301886,0.16981132075471697,5,0.20754716981132076,0.11320754716981132,0.45454545454545453,True,20260911,5000,artifact/task-cluster percentile 95%; degenerate intervals are not population certainty
CODE,two_stage_32k_shared_prefix_scorer,mistralai/Mistral-7B-Instruct-v0.3,c170c708c41dac9275d15a8fff4eca08d52bab71,immediate_readout,explicit,bare,main,five_models_two_templates_common,ALL,partial,23,23,23,0,0,0.60869565217391308,23,0.50724637681159412,0.70543478260869408,3.5217391304347827,23,2.6510869565217394,4.4347826086956523,0.21739130434782608,23,0.086956521739130432,0.39130434782608697,5,0.13043478260869565,23,0,0.30434782608695654,3,0.086956521739130432,23,0,0.21739130434782608,2,0.21739130434782608,0.13043478260869565,0.40000000000000002,True,20260911,5000,artifact/task-cluster percentile 95%; degenerate intervals are not population certainty
CODE,two_stage_32k_shared_prefix_scorer,mistralai/Mistral-7B-Instruct-v0.3,c170c708c41dac9275d15a8fff4eca08d52bab71,immediate_readout,explicit,whitespace_union,main,five_models_two_templates_common,ALL,all,78,78,53,25,0,0.53276353276353283,78,0.44159544159544167,0.62250712250712248,4.1923076923076925,78,3.3846153846153846,5.0128205128205128,0.20754716981132076,53,0.11320754716981132,0.32075471698113206,11,0.11320754716981132,53,0.037735849056603772,0.20754716981132076,6,0.094339622641509441,53,0.018867924528301886,0.16981132075471697,5,0.46153846153846156,0.39743589743589741,0.45454545454545453,True,20260911,5000,artifact/task-cluster percentile 95%; degenerate intervals are not population certainty
CODE,two_stage_32k_shared_prefix_scorer,mistralai/Mistral-7B-Instruct-v0.3,c170c708c41dac9275d15a8fff4eca08d52bab71,immediate_readout,explicit,whitespace_union,main,five_models_two_templates_common,ALL,nontrivial,53,53,53,0,0,0.34171907756813419,53,0.26415094339622636,0.42348008385744229,5.9056603773584904,53,5.1698113207547172,6.6226415094339623,0.20754716981132076,53,0.11320754716981132,0.32075471698113206,11,0.11320754716981132,53,0.037735849056603772,0.20754716981132076,6,0.094339622641509441,53,0.018867924528301886,0.16981132075471697,5,0.20754716981132076,0.11320754716981132,0.45454545454545453,True,20260911,5000,artifact/task-cluster percentile 95%; degenerate intervals are not population certainty
CODE,two_stage_32k_shared_prefix_scorer,mistralai/Mistral-7B-Instruct-v0.3,c170c708c41dac9275d15a8fff4eca08d52bab71,immediate_readout,explicit,whitespace_union,main,five_models_two_templates_common,ALL,partial,23,23,23,0,0,0.60869565217391308,23,0.50724637681159412,0.70543478260869408,3.5217391304347827,23,2.6510869565217394,4.4347826086956523,0.21739130434782608,23,0.086956521739130432,0.39130434782608697,5,0.13043478260869565,23,0,0.30434782608695654,3,0.086956521739130432,23,0,0.21739130434782608,2,0.21739130434782608,0.13043478260869565,0.40000000000000002,True,20260911,5000,artifact/task-cluster percentile 95%; degenerate intervals are not population certainty
CODE,two_stage_32k_shared_prefix_scorer,mistralai/Mistral-7B-Instruct-v0.3,c170c708c41dac9275d15a8fff4eca08d52bab71,immediate_readout,original,bare,main,five_models_two_templates_common,ALL,all,78,78,53,25,0,0.44729344729344728,78,0.36894586894586889,0.52706552706552701,4.9102564102564106,78,4.0897435897435894,5.7051282051282053,0,53,0,0,0,0,53,0,0,0,0,53,0,0,0,0.32051282051282054,0.32051282051282054,,True,20260911,5000,artifact/task-cluster percentile 95%; degenerate intervals are not population certainty
CODE,two_stage_32k_shared_prefix_scorer,mistralai/Mistral-7B-Instruct-v0.3,c170c708c41dac9275d15a8fff4eca08d52bab71,immediate_readout,original,bare,main,five_models_two_templates_common,ALL,nontrivial,53,53,53,0,0,0.27044025157232704,53,0.20545073375262052,0.33757861635220054,3.3207547169811322,53,2.5849056603773586,4.1132075471698117,0,53,0,0,0,0,53,0,0,0,0,53,0,0,0,0,0,,True,20260911,5000,artifact/task-cluster percentile 95%; degenerate intervals are not population certainty
CODE,two_stage_32k_shared_prefix_scorer,mistralai/Mistral-7B-Instruct-v0.3,c170c708c41dac9275d15a8fff4eca08d52bab71,immediate_readout,original,bare,main,five_models_two_templates_common,ALL,partial,23,23,23,0,0,0.41545893719806765,23,0.323671497584541,0.51207729468599017,5.4347826086956523,23,4.4782608695652177,6.3478260869565215,0,23,0,0,0,0,23,0,0,0,0,23,0,0,0,0,0,,True,20260911,5000,artifact/task-cluster percentile 95%; degenerate intervals are not population certainty
CODE,two_stage_32k_shared_prefix_scorer,mistralai/Mistral-7B-Instruct-v0.3,c170c708c41dac9275d15a8fff4eca08d52bab71,immediate_readout,original,whitespace_union,main,five_models_two_templates_common,ALL,all,78,78,53,25,0,0.47150997150997143,78,0.38176638176638178,0.55986467236467186,3.9871794871794872,78,3.1923076923076925,4.8205128205128203,0,53,0,0,0,0,53,0,0,0,0,53,0,0,0,0.32051282051282054,0.32051282051282054,,True,20260911,5000,artifact/task-cluster percentile 95%; degenerate intervals are not population certainty
CODE,two_stage_32k_shared_prefix_scorer,mistralai/Mistral-7B-Instruct-v0.3,c170c708c41dac9275d15a8fff4eca08d52bab71,immediate_readout,original,whitespace_union,main,five_models_two_templates_common,ALL,nontrivial,53,53,53,0,0,0.2662473794549266,53,0.19077568134171907,0.34381551362683432,3.6603773584905661,53,2.8867924528301887,4.4716981132075473,0,53,0,0,0,0,53,0,0,0,0,53,0,0,0,0,0,,True,20260911,5000,artifact/task-cluster percentile 95%; degenerate intervals are not population certainty
CODE,two_stage_32k_shared_prefix_scorer,mistralai/Mistral-7B-Instruct-v0.3,c170c708c41dac9275d15a8fff4eca08d52bab71,immediate_readout,original,whitespace_union,main,five_models_two_templates_common,ALL,partial,23,23,23,0,0,0.51207729468599028,23,0.41050724637681152,0.61352657004830924,5.3043478260869561,23,4.3478260869565215,6.2173913043478262,0,23,0,0,0,0,23,0,0,0,0,23,0,0,0,0,0,,True,20260911,5000,artifact/task-cluster percentile 95%; degenerate intervals are not population certainty
