study,version,model,revision,protocol,template,score_representation,split,scope,family,subset,n_expected_tasks,n_complete_tasks,n_nontrivial,n_all_pass,n_all_fail,accuracy,accuracy_n,accuracy_lo95,accuracy_hi95,TCE,TCE_n,TCE_lo95,TCE_hi95,TRR,TRR_n,TRR_lo95,TRR_hi95,TRR_count,FSRR,FSRR_n,FSRR_lo95,FSRR_hi95,FSRR_count,trr_success_fsrr_failure,trr_success_fsrr_failure_n,trr_success_fsrr_failure_lo95,trr_success_fsrr_failure_hi95,trr_success_fsrr_failure_count,TRR_including_trivial,FSRR_including_trivial,TRR_success_FSRR_failure_share_of_TRR_success,post_hoc,bootstrap_seed,bootstrap_replicates,interval_method
CODE,original_8k_old_scorer,Qwen/Qwen2.5-14B-Instruct,cf98f3b3bbb457ad9e2bb7baf9a0125b6b88caa8,immediate_readout,explicit,bare,main,all_valid,ALL,all,80,80,54,26,0,0.74166666666666659,80,0.67222222222222228,0.80416666666666681,2.3624999999999998,80,1.7625,2.9874999999999998,0.87037037037037035,54,0.77777777777777779,0.94444444444444442,47,0.81481481481481477,54,0.70370370370370372,0.90740740740740744,44,0.055555555555555552,54,0,0.12962962962962962,3,0.91249999999999998,0.875,0.063829787234042548,True,20260911,5000,artifact/task-cluster percentile 95%; degenerate intervals are not population certainty
CODE,original_8k_old_scorer,Qwen/Qwen2.5-14B-Instruct,cf98f3b3bbb457ad9e2bb7baf9a0125b6b88caa8,immediate_readout,explicit,bare,main,all_valid,ALL,nontrivial,54,54,54,0,0,0.7325102880658434,54,0.65226337448559668,0.80864197530864201,2.2407407407407409,54,1.5555555555555556,2.9444444444444446,0.87037037037037035,54,0.77777777777777779,0.94444444444444442,47,0.81481481481481477,54,0.70370370370370372,0.90740740740740744,44,0.055555555555555552,54,0,0.12962962962962962,3,0.87037037037037035,0.81481481481481477,0.063829787234042548,True,20260911,5000,artifact/task-cluster percentile 95%; degenerate intervals are not population certainty
CODE,original_8k_old_scorer,Qwen/Qwen2.5-14B-Instruct,cf98f3b3bbb457ad9e2bb7baf9a0125b6b88caa8,immediate_readout,explicit,bare,main,all_valid,ALL,all_pass,26,26,0,26,0,0.76068376068376076,26,0.63675213675213671,0.86752136752136755,2.6153846153846154,26,1.4990384615384618,3.8461538461538463,,0,,,0,,0,,,0,,0,,,0,1,1,,True,20260911,5000,artifact/task-cluster percentile 95%; degenerate intervals are not population certainty
CODE,original_8k_old_scorer,Qwen/Qwen2.5-14B-Instruct,cf98f3b3bbb457ad9e2bb7baf9a0125b6b88caa8,immediate_readout,explicit,bare,main,all_valid,ALL,all_fail,0,0,0,0,0,,0,,,,0,,,,0,,,0,,0,,,0,,0,,,0,,,,True,20260911,5000,artifact/task-cluster percentile 95%; degenerate intervals are not population certainty
CODE,original_8k_old_scorer,Qwen/Qwen2.5-14B-Instruct,cf98f3b3bbb457ad9e2bb7baf9a0125b6b88caa8,immediate_readout,explicit,bare,main,all_valid,ALL,partial,23,23,23,0,0,0.62318840579710144,23,0.52173913043478271,0.71980676328502424,3.2173913043478262,23,2.3043478260869565,4.1304347826086953,0.69565217391304346,23,0.52173913043478259,0.86956521739130432,16,0.56521739130434778,23,0.34782608695652173,0.78260869565217395,13,0.13043478260869565,23,0,0.2608695652173913,3,0.69565217391304346,0.56521739130434778,0.1875,True,20260911,5000,artifact/task-cluster percentile 95%; degenerate intervals are not population certainty
CODE,original_8k_old_scorer,Qwen/Qwen2.5-14B-Instruct,cf98f3b3bbb457ad9e2bb7baf9a0125b6b88caa8,immediate_readout,explicit,bare,main,all_valid,code_acceptance,all,80,80,54,26,0,0.74166666666666659,80,0.67222222222222228,0.80416666666666681,2.3624999999999998,80,1.7625,2.9874999999999998,0.87037037037037035,54,0.77777777777777779,0.94444444444444442,47,0.81481481481481477,54,0.70370370370370372,0.90740740740740744,44,0.055555555555555552,54,0,0.12962962962962962,3,0.91249999999999998,0.875,0.063829787234042548,True,20260911,5000,artifact/task-cluster percentile 95%; degenerate intervals are not population certainty
CODE,original_8k_old_scorer,Qwen/Qwen2.5-14B-Instruct,cf98f3b3bbb457ad9e2bb7baf9a0125b6b88caa8,immediate_readout,explicit,bare,main,all_valid,code_acceptance,nontrivial,54,54,54,0,0,0.7325102880658434,54,0.65226337448559668,0.80864197530864201,2.2407407407407409,54,1.5555555555555556,2.9444444444444446,0.87037037037037035,54,0.77777777777777779,0.94444444444444442,47,0.81481481481481477,54,0.70370370370370372,0.90740740740740744,44,0.055555555555555552,54,0,0.12962962962962962,3,0.87037037037037035,0.81481481481481477,0.063829787234042548,True,20260911,5000,artifact/task-cluster percentile 95%; degenerate intervals are not population certainty
CODE,original_8k_old_scorer,Qwen/Qwen2.5-14B-Instruct,cf98f3b3bbb457ad9e2bb7baf9a0125b6b88caa8,immediate_readout,explicit,bare,main,all_valid,code_acceptance,all_pass,26,26,0,26,0,0.76068376068376076,26,0.63675213675213671,0.86752136752136755,2.6153846153846154,26,1.4990384615384618,3.8461538461538463,,0,,,0,,0,,,0,,0,,,0,1,1,,True,20260911,5000,artifact/task-cluster percentile 95%; degenerate intervals are not population certainty
CODE,original_8k_old_scorer,Qwen/Qwen2.5-14B-Instruct,cf98f3b3bbb457ad9e2bb7baf9a0125b6b88caa8,immediate_readout,explicit,bare,main,all_valid,code_acceptance,all_fail,0,0,0,0,0,,0,,,,0,,,,0,,,0,,0,,,0,,0,,,0,,,,True,20260911,5000,artifact/task-cluster percentile 95%; degenerate intervals are not population certainty
CODE,original_8k_old_scorer,Qwen/Qwen2.5-14B-Instruct,cf98f3b3bbb457ad9e2bb7baf9a0125b6b88caa8,immediate_readout,explicit,bare,main,all_valid,code_acceptance,partial,23,23,23,0,0,0.62318840579710144,23,0.52173913043478271,0.71980676328502424,3.2173913043478262,23,2.3043478260869565,4.1304347826086953,0.69565217391304346,23,0.52173913043478259,0.86956521739130432,16,0.56521739130434778,23,0.34782608695652173,0.78260869565217395,13,0.13043478260869565,23,0,0.2608695652173913,3,0.69565217391304346,0.56521739130434778,0.1875,True,20260911,5000,artifact/task-cluster percentile 95%; degenerate intervals are not population certainty
CODE,original_8k_old_scorer,Qwen/Qwen2.5-14B-Instruct,cf98f3b3bbb457ad9e2bb7baf9a0125b6b88caa8,immediate_readout,explicit,bare,smoke,all_valid,ALL,all,3,3,1,2,0,0.70370370370370372,3,0.1111111111111111,1,2.6666666666666665,3,0,8,1,1,1,1,1,1,1,1,1,1,0,1,0,0,0,1,1,0,True,20260911,5000,artifact/task-cluster percentile 95%; degenerate intervals are not population certainty
CODE,original_8k_old_scorer,Qwen/Qwen2.5-14B-Instruct,cf98f3b3bbb457ad9e2bb7baf9a0125b6b88caa8,immediate_readout,explicit,bare,smoke,all_valid,ALL,nontrivial,1,1,1,0,0,1,1,1,1,0,1,0,0,1,1,1,1,1,1,1,1,1,1,0,1,0,0,0,1,1,0,True,20260911,5000,artifact/task-cluster percentile 95%; degenerate intervals are not population certainty
CODE,original_8k_old_scorer,Qwen/Qwen2.5-14B-Instruct,cf98f3b3bbb457ad9e2bb7baf9a0125b6b88caa8,immediate_readout,explicit,bare,smoke,all_valid,ALL,all_pass,2,2,0,2,0,0.55555555555555558,2,0.1111111111111111,1,4,2,0,8,,0,,,0,,0,,,0,,0,,,0,1,1,,True,20260911,5000,artifact/task-cluster percentile 95%; degenerate intervals are not population certainty
CODE,original_8k_old_scorer,Qwen/Qwen2.5-14B-Instruct,cf98f3b3bbb457ad9e2bb7baf9a0125b6b88caa8,immediate_readout,explicit,bare,smoke,all_valid,ALL,all_fail,0,0,0,0,0,,0,,,,0,,,,0,,,0,,0,,,0,,0,,,0,,,,True,20260911,5000,artifact/task-cluster percentile 95%; degenerate intervals are not population certainty
CODE,original_8k_old_scorer,Qwen/Qwen2.5-14B-Instruct,cf98f3b3bbb457ad9e2bb7baf9a0125b6b88caa8,immediate_readout,explicit,bare,smoke,all_valid,ALL,partial,0,0,0,0,0,,0,,,,0,,,,0,,,0,,0,,,0,,0,,,0,,,,True,20260911,5000,artifact/task-cluster percentile 95%; degenerate intervals are not population certainty
CODE,original_8k_old_scorer,Qwen/Qwen2.5-14B-Instruct,cf98f3b3bbb457ad9e2bb7baf9a0125b6b88caa8,immediate_readout,explicit,bare,smoke,all_valid,code_acceptance,all,3,3,1,2,0,0.70370370370370372,3,0.1111111111111111,1,2.6666666666666665,3,0,8,1,1,1,1,1,1,1,1,1,1,0,1,0,0,0,1,1,0,True,20260911,5000,artifact/task-cluster percentile 95%; degenerate intervals are not population certainty
CODE,original_8k_old_scorer,Qwen/Qwen2.5-14B-Instruct,cf98f3b3bbb457ad9e2bb7baf9a0125b6b88caa8,immediate_readout,explicit,bare,smoke,all_valid,code_acceptance,nontrivial,1,1,1,0,0,1,1,1,1,0,1,0,0,1,1,1,1,1,1,1,1,1,1,0,1,0,0,0,1,1,0,True,20260911,5000,artifact/task-cluster percentile 95%; degenerate intervals are not population certainty
CODE,original_8k_old_scorer,Qwen/Qwen2.5-14B-Instruct,cf98f3b3bbb457ad9e2bb7baf9a0125b6b88caa8,immediate_readout,explicit,bare,smoke,all_valid,code_acceptance,all_pass,2,2,0,2,0,0.55555555555555558,2,0.1111111111111111,1,4,2,0,8,,0,,,0,,0,,,0,,0,,,0,1,1,,True,20260911,5000,artifact/task-cluster percentile 95%; degenerate intervals are not population certainty
CODE,original_8k_old_scorer,Qwen/Qwen2.5-14B-Instruct,cf98f3b3bbb457ad9e2bb7baf9a0125b6b88caa8,immediate_readout,explicit,bare,smoke,all_valid,code_acceptance,all_fail,0,0,0,0,0,,0,,,,0,,,,0,,,0,,0,,,0,,0,,,0,,,,True,20260911,5000,artifact/task-cluster percentile 95%; degenerate intervals are not population certainty
CODE,original_8k_old_scorer,Qwen/Qwen2.5-14B-Instruct,cf98f3b3bbb457ad9e2bb7baf9a0125b6b88caa8,immediate_readout,explicit,bare,smoke,all_valid,code_acceptance,partial,0,0,0,0,0,,0,,,,0,,,,0,,,0,,0,,,0,,0,,,0,,,,True,20260911,5000,artifact/task-cluster percentile 95%; degenerate intervals are not population certainty
CODE,original_8k_old_scorer,Qwen/Qwen2.5-14B-Instruct,cf98f3b3bbb457ad9e2bb7baf9a0125b6b88caa8,immediate_readout,explicit,whitespace_union,main,all_valid,ALL,all,80,80,54,26,0,0.73750000000000004,80,0.66805555555555551,0.80138888888888893,2.3875000000000002,80,1.7875000000000001,3.0125000000000002,0.87037037037037035,54,0.77777777777777779,0.94444444444444442,47,0.81481481481481477,54,0.70370370370370372,0.90740740740740744,44,0.055555555555555552,54,0,0.12962962962962962,3,0.91249999999999998,0.875,0.063829787234042548,True,20260911,5000,artifact/task-cluster percentile 95%; degenerate intervals are not population certainty
CODE,original_8k_old_scorer,Qwen/Qwen2.5-14B-Instruct,cf98f3b3bbb457ad9e2bb7baf9a0125b6b88caa8,immediate_readout,explicit,whitespace_union,main,all_valid,ALL,nontrivial,54,54,54,0,0,0.72839506172839485,54,0.64609053497942381,0.80658436213991758,2.2592592592592591,54,1.5740740740740742,2.9629629629629628,0.87037037037037035,54,0.77777777777777779,0.94444444444444442,47,0.81481481481481477,54,0.70370370370370372,0.90740740740740744,44,0.055555555555555552,54,0,0.12962962962962962,3,0.87037037037037035,0.81481481481481477,0.063829787234042548,True,20260911,5000,artifact/task-cluster percentile 95%; degenerate intervals are not population certainty
CODE,original_8k_old_scorer,Qwen/Qwen2.5-14B-Instruct,cf98f3b3bbb457ad9e2bb7baf9a0125b6b88caa8,immediate_readout,explicit,whitespace_union,main,all_valid,ALL,all_pass,26,26,0,26,0,0.7564102564102565,26,0.63247863247863245,0.86752136752136744,2.6538461538461537,26,1.5,3.8846153846153846,,0,,,0,,0,,,0,,0,,,0,1,1,,True,20260911,5000,artifact/task-cluster percentile 95%; degenerate intervals are not population certainty
CODE,original_8k_old_scorer,Qwen/Qwen2.5-14B-Instruct,cf98f3b3bbb457ad9e2bb7baf9a0125b6b88caa8,immediate_readout,explicit,whitespace_union,main,all_valid,ALL,all_fail,0,0,0,0,0,,0,,,,0,,,,0,,,0,,0,,,0,,0,,,0,,,,True,20260911,5000,artifact/task-cluster percentile 95%; degenerate intervals are not population certainty
CODE,original_8k_old_scorer,Qwen/Qwen2.5-14B-Instruct,cf98f3b3bbb457ad9e2bb7baf9a0125b6b88caa8,immediate_readout,explicit,whitespace_union,main,all_valid,ALL,partial,23,23,23,0,0,0.61352657004830913,23,0.51207729468599039,0.71014492753623204,3.2608695652173911,23,2.347826086956522,4.1739130434782608,0.69565217391304346,23,0.52173913043478259,0.86956521739130432,16,0.56521739130434778,23,0.34782608695652173,0.78260869565217395,13,0.13043478260869565,23,0,0.2608695652173913,3,0.69565217391304346,0.56521739130434778,0.1875,True,20260911,5000,artifact/task-cluster percentile 95%; degenerate intervals are not population certainty
CODE,original_8k_old_scorer,Qwen/Qwen2.5-14B-Instruct,cf98f3b3bbb457ad9e2bb7baf9a0125b6b88caa8,immediate_readout,explicit,whitespace_union,main,all_valid,code_acceptance,all,80,80,54,26,0,0.73750000000000004,80,0.66805555555555551,0.80138888888888893,2.3875000000000002,80,1.7875000000000001,3.0125000000000002,0.87037037037037035,54,0.77777777777777779,0.94444444444444442,47,0.81481481481481477,54,0.70370370370370372,0.90740740740740744,44,0.055555555555555552,54,0,0.12962962962962962,3,0.91249999999999998,0.875,0.063829787234042548,True,20260911,5000,artifact/task-cluster percentile 95%; degenerate intervals are not population certainty
CODE,original_8k_old_scorer,Qwen/Qwen2.5-14B-Instruct,cf98f3b3bbb457ad9e2bb7baf9a0125b6b88caa8,immediate_readout,explicit,whitespace_union,main,all_valid,code_acceptance,nontrivial,54,54,54,0,0,0.72839506172839485,54,0.64609053497942381,0.80658436213991758,2.2592592592592591,54,1.5740740740740742,2.9629629629629628,0.87037037037037035,54,0.77777777777777779,0.94444444444444442,47,0.81481481481481477,54,0.70370370370370372,0.90740740740740744,44,0.055555555555555552,54,0,0.12962962962962962,3,0.87037037037037035,0.81481481481481477,0.063829787234042548,True,20260911,5000,artifact/task-cluster percentile 95%; degenerate intervals are not population certainty
CODE,original_8k_old_scorer,Qwen/Qwen2.5-14B-Instruct,cf98f3b3bbb457ad9e2bb7baf9a0125b6b88caa8,immediate_readout,explicit,whitespace_union,main,all_valid,code_acceptance,all_pass,26,26,0,26,0,0.7564102564102565,26,0.63247863247863245,0.86752136752136744,2.6538461538461537,26,1.5,3.8846153846153846,,0,,,0,,0,,,0,,0,,,0,1,1,,True,20260911,5000,artifact/task-cluster percentile 95%; degenerate intervals are not population certainty
CODE,original_8k_old_scorer,Qwen/Qwen2.5-14B-Instruct,cf98f3b3bbb457ad9e2bb7baf9a0125b6b88caa8,immediate_readout,explicit,whitespace_union,main,all_valid,code_acceptance,all_fail,0,0,0,0,0,,0,,,,0,,,,0,,,0,,0,,,0,,0,,,0,,,,True,20260911,5000,artifact/task-cluster percentile 95%; degenerate intervals are not population certainty
CODE,original_8k_old_scorer,Qwen/Qwen2.5-14B-Instruct,cf98f3b3bbb457ad9e2bb7baf9a0125b6b88caa8,immediate_readout,explicit,whitespace_union,main,all_valid,code_acceptance,partial,23,23,23,0,0,0.61352657004830913,23,0.51207729468599039,0.71014492753623204,3.2608695652173911,23,2.347826086956522,4.1739130434782608,0.69565217391304346,23,0.52173913043478259,0.86956521739130432,16,0.56521739130434778,23,0.34782608695652173,0.78260869565217395,13,0.13043478260869565,23,0,0.2608695652173913,3,0.69565217391304346,0.56521739130434778,0.1875,True,20260911,5000,artifact/task-cluster percentile 95%; degenerate intervals are not population certainty
CODE,original_8k_old_scorer,Qwen/Qwen2.5-14B-Instruct,cf98f3b3bbb457ad9e2bb7baf9a0125b6b88caa8,immediate_readout,explicit,whitespace_union,smoke,all_valid,ALL,all,3,3,1,2,0,0.70370370370370372,3,0.1111111111111111,1,2.6666666666666665,3,0,8,1,1,1,1,1,1,1,1,1,1,0,1,0,0,0,1,1,0,True,20260911,5000,artifact/task-cluster percentile 95%; degenerate intervals are not population certainty
CODE,original_8k_old_scorer,Qwen/Qwen2.5-14B-Instruct,cf98f3b3bbb457ad9e2bb7baf9a0125b6b88caa8,immediate_readout,explicit,whitespace_union,smoke,all_valid,ALL,nontrivial,1,1,1,0,0,1,1,1,1,0,1,0,0,1,1,1,1,1,1,1,1,1,1,0,1,0,0,0,1,1,0,True,20260911,5000,artifact/task-cluster percentile 95%; degenerate intervals are not population certainty
CODE,original_8k_old_scorer,Qwen/Qwen2.5-14B-Instruct,cf98f3b3bbb457ad9e2bb7baf9a0125b6b88caa8,immediate_readout,explicit,whitespace_union,smoke,all_valid,ALL,all_pass,2,2,0,2,0,0.55555555555555558,2,0.1111111111111111,1,4,2,0,8,,0,,,0,,0,,,0,,0,,,0,1,1,,True,20260911,5000,artifact/task-cluster percentile 95%; degenerate intervals are not population certainty
CODE,original_8k_old_scorer,Qwen/Qwen2.5-14B-Instruct,cf98f3b3bbb457ad9e2bb7baf9a0125b6b88caa8,immediate_readout,explicit,whitespace_union,smoke,all_valid,ALL,all_fail,0,0,0,0,0,,0,,,,0,,,,0,,,0,,0,,,0,,0,,,0,,,,True,20260911,5000,artifact/task-cluster percentile 95%; degenerate intervals are not population certainty
CODE,original_8k_old_scorer,Qwen/Qwen2.5-14B-Instruct,cf98f3b3bbb457ad9e2bb7baf9a0125b6b88caa8,immediate_readout,explicit,whitespace_union,smoke,all_valid,ALL,partial,0,0,0,0,0,,0,,,,0,,,,0,,,0,,0,,,0,,0,,,0,,,,True,20260911,5000,artifact/task-cluster percentile 95%; degenerate intervals are not population certainty
CODE,original_8k_old_scorer,Qwen/Qwen2.5-14B-Instruct,cf98f3b3bbb457ad9e2bb7baf9a0125b6b88caa8,immediate_readout,explicit,whitespace_union,smoke,all_valid,code_acceptance,all,3,3,1,2,0,0.70370370370370372,3,0.1111111111111111,1,2.6666666666666665,3,0,8,1,1,1,1,1,1,1,1,1,1,0,1,0,0,0,1,1,0,True,20260911,5000,artifact/task-cluster percentile 95%; degenerate intervals are not population certainty
CODE,original_8k_old_scorer,Qwen/Qwen2.5-14B-Instruct,cf98f3b3bbb457ad9e2bb7baf9a0125b6b88caa8,immediate_readout,explicit,whitespace_union,smoke,all_valid,code_acceptance,nontrivial,1,1,1,0,0,1,1,1,1,0,1,0,0,1,1,1,1,1,1,1,1,1,1,0,1,0,0,0,1,1,0,True,20260911,5000,artifact/task-cluster percentile 95%; degenerate intervals are not population certainty
CODE,original_8k_old_scorer,Qwen/Qwen2.5-14B-Instruct,cf98f3b3bbb457ad9e2bb7baf9a0125b6b88caa8,immediate_readout,explicit,whitespace_union,smoke,all_valid,code_acceptance,all_pass,2,2,0,2,0,0.55555555555555558,2,0.1111111111111111,1,4,2,0,8,,0,,,0,,0,,,0,,0,,,0,1,1,,True,20260911,5000,artifact/task-cluster percentile 95%; degenerate intervals are not population certainty
CODE,original_8k_old_scorer,Qwen/Qwen2.5-14B-Instruct,cf98f3b3bbb457ad9e2bb7baf9a0125b6b88caa8,immediate_readout,explicit,whitespace_union,smoke,all_valid,code_acceptance,all_fail,0,0,0,0,0,,0,,,,0,,,,0,,,0,,0,,,0,,0,,,0,,,,True,20260911,5000,artifact/task-cluster percentile 95%; degenerate intervals are not population certainty
CODE,original_8k_old_scorer,Qwen/Qwen2.5-14B-Instruct,cf98f3b3bbb457ad9e2bb7baf9a0125b6b88caa8,immediate_readout,explicit,whitespace_union,smoke,all_valid,code_acceptance,partial,0,0,0,0,0,,0,,,,0,,,,0,,,0,,0,,,0,,0,,,0,,,,True,20260911,5000,artifact/task-cluster percentile 95%; degenerate intervals are not population certainty
CODE,original_8k_old_scorer,Qwen/Qwen2.5-14B-Instruct,cf98f3b3bbb457ad9e2bb7baf9a0125b6b88caa8,immediate_readout,original,bare,main,all_valid,ALL,all,80,80,54,26,0,0.72083333333333333,80,0.64583333333333326,0.78888888888888897,2.4125000000000001,80,1.8,3.0874999999999999,0.27777777777777779,54,0.16666666666666666,0.40740740740740738,15,0.27777777777777779,54,0.16666666666666666,0.40740740740740738,15,0,54,0,0,0,0.51249999999999996,0.51249999999999996,0,True,20260911,5000,artifact/task-cluster percentile 95%; degenerate intervals are not population certainty
CODE,original_8k_old_scorer,Qwen/Qwen2.5-14B-Instruct,cf98f3b3bbb457ad9e2bb7baf9a0125b6b88caa8,immediate_readout,original,bare,main,all_valid,ALL,nontrivial,54,54,54,0,0,0.64197530864197527,54,0.55555555555555558,0.72021604938271522,3.074074074074074,54,2.3518518518518516,3.8148148148148149,0.27777777777777779,54,0.16666666666666666,0.40740740740740738,15,0.27777777777777779,54,0.16666666666666666,0.40740740740740738,15,0,54,0,0,0,0.27777777777777779,0.27777777777777779,0,True,20260911,5000,artifact/task-cluster percentile 95%; degenerate intervals are not population certainty
CODE,original_8k_old_scorer,Qwen/Qwen2.5-14B-Instruct,cf98f3b3bbb457ad9e2bb7baf9a0125b6b88caa8,immediate_readout,original,bare,main,all_valid,ALL,all_pass,26,26,0,26,0,0.88461538461538458,26,0.76495726495726502,0.99572649572649574,1.0384615384615385,26,0.038461538461538464,2.1153846153846154,,0,,,0,,0,,,0,,0,,,0,1,1,,True,20260911,5000,artifact/task-cluster percentile 95%; degenerate intervals are not population certainty
CODE,original_8k_old_scorer,Qwen/Qwen2.5-14B-Instruct,cf98f3b3bbb457ad9e2bb7baf9a0125b6b88caa8,immediate_readout,original,bare,main,all_valid,ALL,all_fail,0,0,0,0,0,,0,,,,0,,,,0,,,0,,0,,,0,,0,,,0,,,,True,20260911,5000,artifact/task-cluster percentile 95%; degenerate intervals are not population certainty
CODE,original_8k_old_scorer,Qwen/Qwen2.5-14B-Instruct,cf98f3b3bbb457ad9e2bb7baf9a0125b6b88caa8,immediate_readout,original,bare,main,all_valid,ALL,partial,23,23,23,0,0,0.54106280193236711,23,0.43478260869565216,0.64734299516908211,4.3478260869565215,23,3.3467391304347833,5.3913043478260869,0.34782608695652173,23,0.17391304347826086,0.56521739130434778,8,0.34782608695652173,23,0.17391304347826086,0.56521739130434778,8,0,23,0,0,0,0.34782608695652173,0.34782608695652173,0,True,20260911,5000,artifact/task-cluster percentile 95%; degenerate intervals are not population certainty
CODE,original_8k_old_scorer,Qwen/Qwen2.5-14B-Instruct,cf98f3b3bbb457ad9e2bb7baf9a0125b6b88caa8,immediate_readout,original,bare,main,all_valid,code_acceptance,all,80,80,54,26,0,0.72083333333333333,80,0.64583333333333326,0.78888888888888897,2.4125000000000001,80,1.8,3.0874999999999999,0.27777777777777779,54,0.16666666666666666,0.40740740740740738,15,0.27777777777777779,54,0.16666666666666666,0.40740740740740738,15,0,54,0,0,0,0.51249999999999996,0.51249999999999996,0,True,20260911,5000,artifact/task-cluster percentile 95%; degenerate intervals are not population certainty
CODE,original_8k_old_scorer,Qwen/Qwen2.5-14B-Instruct,cf98f3b3bbb457ad9e2bb7baf9a0125b6b88caa8,immediate_readout,original,bare,main,all_valid,code_acceptance,nontrivial,54,54,54,0,0,0.64197530864197527,54,0.55555555555555558,0.72021604938271522,3.074074074074074,54,2.3518518518518516,3.8148148148148149,0.27777777777777779,54,0.16666666666666666,0.40740740740740738,15,0.27777777777777779,54,0.16666666666666666,0.40740740740740738,15,0,54,0,0,0,0.27777777777777779,0.27777777777777779,0,True,20260911,5000,artifact/task-cluster percentile 95%; degenerate intervals are not population certainty
CODE,original_8k_old_scorer,Qwen/Qwen2.5-14B-Instruct,cf98f3b3bbb457ad9e2bb7baf9a0125b6b88caa8,immediate_readout,original,bare,main,all_valid,code_acceptance,all_pass,26,26,0,26,0,0.88461538461538458,26,0.76495726495726502,0.99572649572649574,1.0384615384615385,26,0.038461538461538464,2.1153846153846154,,0,,,0,,0,,,0,,0,,,0,1,1,,True,20260911,5000,artifact/task-cluster percentile 95%; degenerate intervals are not population certainty
CODE,original_8k_old_scorer,Qwen/Qwen2.5-14B-Instruct,cf98f3b3bbb457ad9e2bb7baf9a0125b6b88caa8,immediate_readout,original,bare,main,all_valid,code_acceptance,all_fail,0,0,0,0,0,,0,,,,0,,,,0,,,0,,0,,,0,,0,,,0,,,,True,20260911,5000,artifact/task-cluster percentile 95%; degenerate intervals are not population certainty
CODE,original_8k_old_scorer,Qwen/Qwen2.5-14B-Instruct,cf98f3b3bbb457ad9e2bb7baf9a0125b6b88caa8,immediate_readout,original,bare,main,all_valid,code_acceptance,partial,23,23,23,0,0,0.54106280193236711,23,0.43478260869565216,0.64734299516908211,4.3478260869565215,23,3.3467391304347833,5.3913043478260869,0.34782608695652173,23,0.17391304347826086,0.56521739130434778,8,0.34782608695652173,23,0.17391304347826086,0.56521739130434778,8,0,23,0,0,0,0.34782608695652173,0.34782608695652173,0,True,20260911,5000,artifact/task-cluster percentile 95%; degenerate intervals are not population certainty
CODE,original_8k_old_scorer,Qwen/Qwen2.5-14B-Instruct,cf98f3b3bbb457ad9e2bb7baf9a0125b6b88caa8,immediate_readout,original,bare,smoke,all_valid,ALL,all,3,3,1,2,0,0.62962962962962965,3,0,1,3.3333333333333335,3,0,9,0,1,0,0,0,0,1,0,0,0,0,1,0,0,0,0.66666666666666663,0.66666666666666663,,True,20260911,5000,artifact/task-cluster percentile 95%; degenerate intervals are not population certainty
CODE,original_8k_old_scorer,Qwen/Qwen2.5-14B-Instruct,cf98f3b3bbb457ad9e2bb7baf9a0125b6b88caa8,immediate_readout,original,bare,smoke,all_valid,ALL,nontrivial,1,1,1,0,0,0.88888888888888884,1,0.88888888888888884,0.88888888888888884,1,1,1,1,0,1,0,0,0,0,1,0,0,0,0,1,0,0,0,0,0,,True,20260911,5000,artifact/task-cluster percentile 95%; degenerate intervals are not population certainty
CODE,original_8k_old_scorer,Qwen/Qwen2.5-14B-Instruct,cf98f3b3bbb457ad9e2bb7baf9a0125b6b88caa8,immediate_readout,original,bare,smoke,all_valid,ALL,all_pass,2,2,0,2,0,0.5,2,0,1,4.5,2,0,9,,0,,,0,,0,,,0,,0,,,0,1,1,,True,20260911,5000,artifact/task-cluster percentile 95%; degenerate intervals are not population certainty
CODE,original_8k_old_scorer,Qwen/Qwen2.5-14B-Instruct,cf98f3b3bbb457ad9e2bb7baf9a0125b6b88caa8,immediate_readout,original,bare,smoke,all_valid,ALL,all_fail,0,0,0,0,0,,0,,,,0,,,,0,,,0,,0,,,0,,0,,,0,,,,True,20260911,5000,artifact/task-cluster percentile 95%; degenerate intervals are not population certainty
CODE,original_8k_old_scorer,Qwen/Qwen2.5-14B-Instruct,cf98f3b3bbb457ad9e2bb7baf9a0125b6b88caa8,immediate_readout,original,bare,smoke,all_valid,ALL,partial,0,0,0,0,0,,0,,,,0,,,,0,,,0,,0,,,0,,0,,,0,,,,True,20260911,5000,artifact/task-cluster percentile 95%; degenerate intervals are not population certainty
CODE,original_8k_old_scorer,Qwen/Qwen2.5-14B-Instruct,cf98f3b3bbb457ad9e2bb7baf9a0125b6b88caa8,immediate_readout,original,bare,smoke,all_valid,code_acceptance,all,3,3,1,2,0,0.62962962962962965,3,0,1,3.3333333333333335,3,0,9,0,1,0,0,0,0,1,0,0,0,0,1,0,0,0,0.66666666666666663,0.66666666666666663,,True,20260911,5000,artifact/task-cluster percentile 95%; degenerate intervals are not population certainty
CODE,original_8k_old_scorer,Qwen/Qwen2.5-14B-Instruct,cf98f3b3bbb457ad9e2bb7baf9a0125b6b88caa8,immediate_readout,original,bare,smoke,all_valid,code_acceptance,nontrivial,1,1,1,0,0,0.88888888888888884,1,0.88888888888888884,0.88888888888888884,1,1,1,1,0,1,0,0,0,0,1,0,0,0,0,1,0,0,0,0,0,,True,20260911,5000,artifact/task-cluster percentile 95%; degenerate intervals are not population certainty
CODE,original_8k_old_scorer,Qwen/Qwen2.5-14B-Instruct,cf98f3b3bbb457ad9e2bb7baf9a0125b6b88caa8,immediate_readout,original,bare,smoke,all_valid,code_acceptance,all_pass,2,2,0,2,0,0.5,2,0,1,4.5,2,0,9,,0,,,0,,0,,,0,,0,,,0,1,1,,True,20260911,5000,artifact/task-cluster percentile 95%; degenerate intervals are not population certainty
CODE,original_8k_old_scorer,Qwen/Qwen2.5-14B-Instruct,cf98f3b3bbb457ad9e2bb7baf9a0125b6b88caa8,immediate_readout,original,bare,smoke,all_valid,code_acceptance,all_fail,0,0,0,0,0,,0,,,,0,,,,0,,,0,,0,,,0,,0,,,0,,,,True,20260911,5000,artifact/task-cluster percentile 95%; degenerate intervals are not population certainty
CODE,original_8k_old_scorer,Qwen/Qwen2.5-14B-Instruct,cf98f3b3bbb457ad9e2bb7baf9a0125b6b88caa8,immediate_readout,original,bare,smoke,all_valid,code_acceptance,partial,0,0,0,0,0,,0,,,,0,,,,0,,,0,,0,,,0,,0,,,0,,,,True,20260911,5000,artifact/task-cluster percentile 95%; degenerate intervals are not population certainty
CODE,original_8k_old_scorer,Qwen/Qwen2.5-14B-Instruct,cf98f3b3bbb457ad9e2bb7baf9a0125b6b88caa8,immediate_readout,original,whitespace_union,main,all_valid,ALL,all,80,80,54,26,0,0.71805555555555556,80,0.64305555555555549,0.78749999999999998,2.4249999999999998,80,1.8,3.1000000000000001,0.29629629629629628,54,0.18518518518518517,0.42592592592592593,16,0.29629629629629628,54,0.18518518518518517,0.42592592592592593,16,0,54,0,0,0,0.52500000000000002,0.52500000000000002,0,True,20260911,5000,artifact/task-cluster percentile 95%; degenerate intervals are not population certainty
CODE,original_8k_old_scorer,Qwen/Qwen2.5-14B-Instruct,cf98f3b3bbb457ad9e2bb7baf9a0125b6b88caa8,immediate_readout,original,whitespace_union,main,all_valid,ALL,nontrivial,54,54,54,0,0,0.63991769547325095,54,0.55349794238683125,0.72016460905349744,3.074074074074074,54,2.3518518518518516,3.8148148148148149,0.29629629629629628,54,0.18518518518518517,0.42592592592592593,16,0.29629629629629628,54,0.18518518518518517,0.42592592592592593,16,0,54,0,0,0,0.29629629629629628,0.29629629629629628,0,True,20260911,5000,artifact/task-cluster percentile 95%; degenerate intervals are not population certainty
CODE,original_8k_old_scorer,Qwen/Qwen2.5-14B-Instruct,cf98f3b3bbb457ad9e2bb7baf9a0125b6b88caa8,immediate_readout,original,whitespace_union,main,all_valid,ALL,all_pass,26,26,0,26,0,0.88034188034188032,26,0.7564102564102565,0.99572649572649574,1.0769230769230769,26,0.038461538461538464,2.1923076923076925,,0,,,0,,0,,,0,,0,,,0,1,1,,True,20260911,5000,artifact/task-cluster percentile 95%; degenerate intervals are not population certainty
CODE,original_8k_old_scorer,Qwen/Qwen2.5-14B-Instruct,cf98f3b3bbb457ad9e2bb7baf9a0125b6b88caa8,immediate_readout,original,whitespace_union,main,all_valid,ALL,all_fail,0,0,0,0,0,,0,,,,0,,,,0,,,0,,0,,,0,,0,,,0,,,,True,20260911,5000,artifact/task-cluster percentile 95%; degenerate intervals are not population certainty
CODE,original_8k_old_scorer,Qwen/Qwen2.5-14B-Instruct,cf98f3b3bbb457ad9e2bb7baf9a0125b6b88caa8,immediate_readout,original,whitespace_union,main,all_valid,ALL,partial,23,23,23,0,0,0.53623188405797106,23,0.42995169082125606,0.64251207729468607,4.3478260869565215,23,3.3467391304347833,5.3913043478260869,0.34782608695652173,23,0.17391304347826086,0.56521739130434778,8,0.34782608695652173,23,0.17391304347826086,0.56521739130434778,8,0,23,0,0,0,0.34782608695652173,0.34782608695652173,0,True,20260911,5000,artifact/task-cluster percentile 95%; degenerate intervals are not population certainty
CODE,original_8k_old_scorer,Qwen/Qwen2.5-14B-Instruct,cf98f3b3bbb457ad9e2bb7baf9a0125b6b88caa8,immediate_readout,original,whitespace_union,main,all_valid,code_acceptance,all,80,80,54,26,0,0.71805555555555556,80,0.64305555555555549,0.78749999999999998,2.4249999999999998,80,1.8,3.1000000000000001,0.29629629629629628,54,0.18518518518518517,0.42592592592592593,16,0.29629629629629628,54,0.18518518518518517,0.42592592592592593,16,0,54,0,0,0,0.52500000000000002,0.52500000000000002,0,True,20260911,5000,artifact/task-cluster percentile 95%; degenerate intervals are not population certainty
CODE,original_8k_old_scorer,Qwen/Qwen2.5-14B-Instruct,cf98f3b3bbb457ad9e2bb7baf9a0125b6b88caa8,immediate_readout,original,whitespace_union,main,all_valid,code_acceptance,nontrivial,54,54,54,0,0,0.63991769547325095,54,0.55349794238683125,0.72016460905349744,3.074074074074074,54,2.3518518518518516,3.8148148148148149,0.29629629629629628,54,0.18518518518518517,0.42592592592592593,16,0.29629629629629628,54,0.18518518518518517,0.42592592592592593,16,0,54,0,0,0,0.29629629629629628,0.29629629629629628,0,True,20260911,5000,artifact/task-cluster percentile 95%; degenerate intervals are not population certainty
CODE,original_8k_old_scorer,Qwen/Qwen2.5-14B-Instruct,cf98f3b3bbb457ad9e2bb7baf9a0125b6b88caa8,immediate_readout,original,whitespace_union,main,all_valid,code_acceptance,all_pass,26,26,0,26,0,0.88034188034188032,26,0.7564102564102565,0.99572649572649574,1.0769230769230769,26,0.038461538461538464,2.1923076923076925,,0,,,0,,0,,,0,,0,,,0,1,1,,True,20260911,5000,artifact/task-cluster percentile 95%; degenerate intervals are not population certainty
CODE,original_8k_old_scorer,Qwen/Qwen2.5-14B-Instruct,cf98f3b3bbb457ad9e2bb7baf9a0125b6b88caa8,immediate_readout,original,whitespace_union,main,all_valid,code_acceptance,all_fail,0,0,0,0,0,,0,,,,0,,,,0,,,0,,0,,,0,,0,,,0,,,,True,20260911,5000,artifact/task-cluster percentile 95%; degenerate intervals are not population certainty
CODE,original_8k_old_scorer,Qwen/Qwen2.5-14B-Instruct,cf98f3b3bbb457ad9e2bb7baf9a0125b6b88caa8,immediate_readout,original,whitespace_union,main,all_valid,code_acceptance,partial,23,23,23,0,0,0.53623188405797106,23,0.42995169082125606,0.64251207729468607,4.3478260869565215,23,3.3467391304347833,5.3913043478260869,0.34782608695652173,23,0.17391304347826086,0.56521739130434778,8,0.34782608695652173,23,0.17391304347826086,0.56521739130434778,8,0,23,0,0,0,0.34782608695652173,0.34782608695652173,0,True,20260911,5000,artifact/task-cluster percentile 95%; degenerate intervals are not population certainty
CODE,original_8k_old_scorer,Qwen/Qwen2.5-14B-Instruct,cf98f3b3bbb457ad9e2bb7baf9a0125b6b88caa8,immediate_readout,original,whitespace_union,smoke,all_valid,ALL,all,3,3,1,2,0,0.62962962962962965,3,0,1,3.3333333333333335,3,0,9,1,1,1,1,1,1,1,1,1,1,0,1,0,0,0,1,1,0,True,20260911,5000,artifact/task-cluster percentile 95%; degenerate intervals are not population certainty
CODE,original_8k_old_scorer,Qwen/Qwen2.5-14B-Instruct,cf98f3b3bbb457ad9e2bb7baf9a0125b6b88caa8,immediate_readout,original,whitespace_union,smoke,all_valid,ALL,nontrivial,1,1,1,0,0,0.88888888888888884,1,0.88888888888888884,0.88888888888888884,1,1,1,1,1,1,1,1,1,1,1,1,1,1,0,1,0,0,0,1,1,0,True,20260911,5000,artifact/task-cluster percentile 95%; degenerate intervals are not population certainty
CODE,original_8k_old_scorer,Qwen/Qwen2.5-14B-Instruct,cf98f3b3bbb457ad9e2bb7baf9a0125b6b88caa8,immediate_readout,original,whitespace_union,smoke,all_valid,ALL,all_pass,2,2,0,2,0,0.5,2,0,1,4.5,2,0,9,,0,,,0,,0,,,0,,0,,,0,1,1,,True,20260911,5000,artifact/task-cluster percentile 95%; degenerate intervals are not population certainty
CODE,original_8k_old_scorer,Qwen/Qwen2.5-14B-Instruct,cf98f3b3bbb457ad9e2bb7baf9a0125b6b88caa8,immediate_readout,original,whitespace_union,smoke,all_valid,ALL,all_fail,0,0,0,0,0,,0,,,,0,,,,0,,,0,,0,,,0,,0,,,0,,,,True,20260911,5000,artifact/task-cluster percentile 95%; degenerate intervals are not population certainty
CODE,original_8k_old_scorer,Qwen/Qwen2.5-14B-Instruct,cf98f3b3bbb457ad9e2bb7baf9a0125b6b88caa8,immediate_readout,original,whitespace_union,smoke,all_valid,ALL,partial,0,0,0,0,0,,0,,,,0,,,,0,,,0,,0,,,0,,0,,,0,,,,True,20260911,5000,artifact/task-cluster percentile 95%; degenerate intervals are not population certainty
CODE,original_8k_old_scorer,Qwen/Qwen2.5-14B-Instruct,cf98f3b3bbb457ad9e2bb7baf9a0125b6b88caa8,immediate_readout,original,whitespace_union,smoke,all_valid,code_acceptance,all,3,3,1,2,0,0.62962962962962965,3,0,1,3.3333333333333335,3,0,9,1,1,1,1,1,1,1,1,1,1,0,1,0,0,0,1,1,0,True,20260911,5000,artifact/task-cluster percentile 95%; degenerate intervals are not population certainty
CODE,original_8k_old_scorer,Qwen/Qwen2.5-14B-Instruct,cf98f3b3bbb457ad9e2bb7baf9a0125b6b88caa8,immediate_readout,original,whitespace_union,smoke,all_valid,code_acceptance,nontrivial,1,1,1,0,0,0.88888888888888884,1,0.88888888888888884,0.88888888888888884,1,1,1,1,1,1,1,1,1,1,1,1,1,1,0,1,0,0,0,1,1,0,True,20260911,5000,artifact/task-cluster percentile 95%; degenerate intervals are not population certainty
CODE,original_8k_old_scorer,Qwen/Qwen2.5-14B-Instruct,cf98f3b3bbb457ad9e2bb7baf9a0125b6b88caa8,immediate_readout,original,whitespace_union,smoke,all_valid,code_acceptance,all_pass,2,2,0,2,0,0.5,2,0,1,4.5,2,0,9,,0,,,0,,0,,,0,,0,,,0,1,1,,True,20260911,5000,artifact/task-cluster percentile 95%; degenerate intervals are not population certainty
CODE,original_8k_old_scorer,Qwen/Qwen2.5-14B-Instruct,cf98f3b3bbb457ad9e2bb7baf9a0125b6b88caa8,immediate_readout,original,whitespace_union,smoke,all_valid,code_acceptance,all_fail,0,0,0,0,0,,0,,,,0,,,,0,,,0,,0,,,0,,0,,,0,,,,True,20260911,5000,artifact/task-cluster percentile 95%; degenerate intervals are not population certainty
CODE,original_8k_old_scorer,Qwen/Qwen2.5-14B-Instruct,cf98f3b3bbb457ad9e2bb7baf9a0125b6b88caa8,immediate_readout,original,whitespace_union,smoke,all_valid,code_acceptance,partial,0,0,0,0,0,,0,,,,0,,,,0,,,0,,0,,,0,,0,,,0,,,,True,20260911,5000,artifact/task-cluster percentile 95%; degenerate intervals are not population certainty
CODE,original_8k_old_scorer,Qwen/Qwen3-30B-A3B-Thinking-2507,144afc2f379b542fdd4e85a1fcd5e1f79112d95d,native_reason_then_score,explicit,bare,main,all_valid,ALL,all,80,67,44,23,0,0.96185737976782748,67,0.92537313432835833,0.99004975124378125,0.34328358208955223,67,0.074626865671641784,0.70149253731343286,0.97727272727272729,44,0.93181818181818177,1,43,0.97727272727272729,44,0.93181818181818177,1,43,0,44,0,0,0,0.9850746268656716,0.9850746268656716,0,True,20260911,5000,artifact/task-cluster percentile 95%; degenerate intervals are not population certainty
CODE,original_8k_old_scorer,Qwen/Qwen3-30B-A3B-Thinking-2507,144afc2f379b542fdd4e85a1fcd5e1f79112d95d,native_reason_then_score,explicit,bare,main,all_valid,ALL,nontrivial,54,44,44,0,0,0.95454545454545459,44,0.90909090909090906,0.98989898989898994,0.38636363636363635,44,0,0.81818181818181823,0.97727272727272729,44,0.93181818181818177,1,43,0.97727272727272729,44,0.93181818181818177,1,43,0,44,0,0,0,0.97727272727272729,0.97727272727272729,0,True,20260911,5000,artifact/task-cluster percentile 95%; degenerate intervals are not population certainty
CODE,original_8k_old_scorer,Qwen/Qwen3-30B-A3B-Thinking-2507,144afc2f379b542fdd4e85a1fcd5e1f79112d95d,native_reason_then_score,explicit,bare,main,all_valid,ALL,all_pass,26,23,0,23,0,0.97584541062801922,23,0.92753623188405787,1,0.2608695652173913,23,0,0.78260869565217395,,0,,,0,,0,,,0,,0,,,0,1,1,,True,20260911,5000,artifact/task-cluster percentile 95%; degenerate intervals are not population certainty
CODE,original_8k_old_scorer,Qwen/Qwen3-30B-A3B-Thinking-2507,144afc2f379b542fdd4e85a1fcd5e1f79112d95d,native_reason_then_score,explicit,bare,main,all_valid,ALL,all_fail,0,0,0,0,0,,0,,,,0,,,,0,,,0,,0,,,0,,0,,,0,,,,True,20260911,5000,artifact/task-cluster percentile 95%; degenerate intervals are not population certainty
CODE,original_8k_old_scorer,Qwen/Qwen3-30B-A3B-Thinking-2507,144afc2f379b542fdd4e85a1fcd5e1f79112d95d,native_reason_then_score,explicit,bare,main,all_valid,ALL,partial,23,18,18,0,0,0.99382716049382713,18,0.98148148148148151,1,0.33333333333333331,18,0,1,0.94444444444444442,18,0.83333333333333337,1,17,0.94444444444444442,18,0.83333333333333337,1,17,0,18,0,0,0,0.94444444444444442,0.94444444444444442,0,True,20260911,5000,artifact/task-cluster percentile 95%; degenerate intervals are not population certainty
CODE,original_8k_old_scorer,Qwen/Qwen3-30B-A3B-Thinking-2507,144afc2f379b542fdd4e85a1fcd5e1f79112d95d,native_reason_then_score,explicit,bare,main,all_valid,code_acceptance,all,80,67,44,23,0,0.96185737976782748,67,0.92537313432835833,0.99004975124378125,0.34328358208955223,67,0.074626865671641784,0.70149253731343286,0.97727272727272729,44,0.93181818181818177,1,43,0.97727272727272729,44,0.93181818181818177,1,43,0,44,0,0,0,0.9850746268656716,0.9850746268656716,0,True,20260911,5000,artifact/task-cluster percentile 95%; degenerate intervals are not population certainty
CODE,original_8k_old_scorer,Qwen/Qwen3-30B-A3B-Thinking-2507,144afc2f379b542fdd4e85a1fcd5e1f79112d95d,native_reason_then_score,explicit,bare,main,all_valid,code_acceptance,nontrivial,54,44,44,0,0,0.95454545454545459,44,0.90909090909090906,0.98989898989898994,0.38636363636363635,44,0,0.81818181818181823,0.97727272727272729,44,0.93181818181818177,1,43,0.97727272727272729,44,0.93181818181818177,1,43,0,44,0,0,0,0.97727272727272729,0.97727272727272729,0,True,20260911,5000,artifact/task-cluster percentile 95%; degenerate intervals are not population certainty
CODE,original_8k_old_scorer,Qwen/Qwen3-30B-A3B-Thinking-2507,144afc2f379b542fdd4e85a1fcd5e1f79112d95d,native_reason_then_score,explicit,bare,main,all_valid,code_acceptance,all_pass,26,23,0,23,0,0.97584541062801922,23,0.92753623188405787,1,0.2608695652173913,23,0,0.78260869565217395,,0,,,0,,0,,,0,,0,,,0,1,1,,True,20260911,5000,artifact/task-cluster percentile 95%; degenerate intervals are not population certainty
CODE,original_8k_old_scorer,Qwen/Qwen3-30B-A3B-Thinking-2507,144afc2f379b542fdd4e85a1fcd5e1f79112d95d,native_reason_then_score,explicit,bare,main,all_valid,code_acceptance,all_fail,0,0,0,0,0,,0,,,,0,,,,0,,,0,,0,,,0,,0,,,0,,,,True,20260911,5000,artifact/task-cluster percentile 95%; degenerate intervals are not population certainty
CODE,original_8k_old_scorer,Qwen/Qwen3-30B-A3B-Thinking-2507,144afc2f379b542fdd4e85a1fcd5e1f79112d95d,native_reason_then_score,explicit,bare,main,all_valid,code_acceptance,partial,23,18,18,0,0,0.99382716049382713,18,0.98148148148148151,1,0.33333333333333331,18,0,1,0.94444444444444442,18,0.83333333333333337,1,17,0.94444444444444442,18,0.83333333333333337,1,17,0,18,0,0,0,0.94444444444444442,0.94444444444444442,0,True,20260911,5000,artifact/task-cluster percentile 95%; degenerate intervals are not population certainty
CODE,original_8k_old_scorer,Qwen/Qwen3-30B-A3B-Thinking-2507,144afc2f379b542fdd4e85a1fcd5e1f79112d95d,native_reason_then_score,explicit,bare,smoke,all_valid,ALL,all,3,2,0,2,0,1,2,1,1,0,2,0,0,,0,,,0,,0,,,0,,0,,,0,1,1,,True,20260911,5000,artifact/task-cluster percentile 95%; degenerate intervals are not population certainty
CODE,original_8k_old_scorer,Qwen/Qwen3-30B-A3B-Thinking-2507,144afc2f379b542fdd4e85a1fcd5e1f79112d95d,native_reason_then_score,explicit,bare,smoke,all_valid,ALL,nontrivial,1,0,0,0,0,,0,,,,0,,,,0,,,0,,0,,,0,,0,,,0,,,,True,20260911,5000,artifact/task-cluster percentile 95%; degenerate intervals are not population certainty
CODE,original_8k_old_scorer,Qwen/Qwen3-30B-A3B-Thinking-2507,144afc2f379b542fdd4e85a1fcd5e1f79112d95d,native_reason_then_score,explicit,bare,smoke,all_valid,ALL,all_pass,2,2,0,2,0,1,2,1,1,0,2,0,0,,0,,,0,,0,,,0,,0,,,0,1,1,,True,20260911,5000,artifact/task-cluster percentile 95%; degenerate intervals are not population certainty
CODE,original_8k_old_scorer,Qwen/Qwen3-30B-A3B-Thinking-2507,144afc2f379b542fdd4e85a1fcd5e1f79112d95d,native_reason_then_score,explicit,bare,smoke,all_valid,ALL,all_fail,0,0,0,0,0,,0,,,,0,,,,0,,,0,,0,,,0,,0,,,0,,,,True,20260911,5000,artifact/task-cluster percentile 95%; degenerate intervals are not population certainty
CODE,original_8k_old_scorer,Qwen/Qwen3-30B-A3B-Thinking-2507,144afc2f379b542fdd4e85a1fcd5e1f79112d95d,native_reason_then_score,explicit,bare,smoke,all_valid,ALL,partial,0,0,0,0,0,,0,,,,0,,,,0,,,0,,0,,,0,,0,,,0,,,,True,20260911,5000,artifact/task-cluster percentile 95%; degenerate intervals are not population certainty
CODE,original_8k_old_scorer,Qwen/Qwen3-30B-A3B-Thinking-2507,144afc2f379b542fdd4e85a1fcd5e1f79112d95d,native_reason_then_score,explicit,bare,smoke,all_valid,code_acceptance,all,3,2,0,2,0,1,2,1,1,0,2,0,0,,0,,,0,,0,,,0,,0,,,0,1,1,,True,20260911,5000,artifact/task-cluster percentile 95%; degenerate intervals are not population certainty
CODE,original_8k_old_scorer,Qwen/Qwen3-30B-A3B-Thinking-2507,144afc2f379b542fdd4e85a1fcd5e1f79112d95d,native_reason_then_score,explicit,bare,smoke,all_valid,code_acceptance,nontrivial,1,0,0,0,0,,0,,,,0,,,,0,,,0,,0,,,0,,0,,,0,,,,True,20260911,5000,artifact/task-cluster percentile 95%; degenerate intervals are not population certainty
CODE,original_8k_old_scorer,Qwen/Qwen3-30B-A3B-Thinking-2507,144afc2f379b542fdd4e85a1fcd5e1f79112d95d,native_reason_then_score,explicit,bare,smoke,all_valid,code_acceptance,all_pass,2,2,0,2,0,1,2,1,1,0,2,0,0,,0,,,0,,0,,,0,,0,,,0,1,1,,True,20260911,5000,artifact/task-cluster percentile 95%; degenerate intervals are not population certainty
CODE,original_8k_old_scorer,Qwen/Qwen3-30B-A3B-Thinking-2507,144afc2f379b542fdd4e85a1fcd5e1f79112d95d,native_reason_then_score,explicit,bare,smoke,all_valid,code_acceptance,all_fail,0,0,0,0,0,,0,,,,0,,,,0,,,0,,0,,,0,,0,,,0,,,,True,20260911,5000,artifact/task-cluster percentile 95%; degenerate intervals are not population certainty
CODE,original_8k_old_scorer,Qwen/Qwen3-30B-A3B-Thinking-2507,144afc2f379b542fdd4e85a1fcd5e1f79112d95d,native_reason_then_score,explicit,bare,smoke,all_valid,code_acceptance,partial,0,0,0,0,0,,0,,,,0,,,,0,,,0,,0,,,0,,0,,,0,,,,True,20260911,5000,artifact/task-cluster percentile 95%; degenerate intervals are not population certainty
CODE,original_8k_old_scorer,Qwen/Qwen3-30B-A3B-Thinking-2507,144afc2f379b542fdd4e85a1fcd5e1f79112d95d,native_reason_then_score,explicit,whitespace_union,main,all_valid,ALL,all,80,67,44,23,0,0.96185737976782748,67,0.92537313432835833,0.99004975124378125,0.34328358208955223,67,0.074626865671641784,0.70149253731343286,0.97727272727272729,44,0.93181818181818177,1,43,0.97727272727272729,44,0.93181818181818177,1,43,0,44,0,0,0,0.9850746268656716,0.9850746268656716,0,True,20260911,5000,artifact/task-cluster percentile 95%; degenerate intervals are not population certainty
CODE,original_8k_old_scorer,Qwen/Qwen3-30B-A3B-Thinking-2507,144afc2f379b542fdd4e85a1fcd5e1f79112d95d,native_reason_then_score,explicit,whitespace_union,main,all_valid,ALL,nontrivial,54,44,44,0,0,0.95454545454545459,44,0.90909090909090906,0.98989898989898994,0.38636363636363635,44,0,0.81818181818181823,0.97727272727272729,44,0.93181818181818177,1,43,0.97727272727272729,44,0.93181818181818177,1,43,0,44,0,0,0,0.97727272727272729,0.97727272727272729,0,True,20260911,5000,artifact/task-cluster percentile 95%; degenerate intervals are not population certainty
CODE,original_8k_old_scorer,Qwen/Qwen3-30B-A3B-Thinking-2507,144afc2f379b542fdd4e85a1fcd5e1f79112d95d,native_reason_then_score,explicit,whitespace_union,main,all_valid,ALL,all_pass,26,23,0,23,0,0.97584541062801922,23,0.92753623188405787,1,0.2608695652173913,23,0,0.78260869565217395,,0,,,0,,0,,,0,,0,,,0,1,1,,True,20260911,5000,artifact/task-cluster percentile 95%; degenerate intervals are not population certainty
CODE,original_8k_old_scorer,Qwen/Qwen3-30B-A3B-Thinking-2507,144afc2f379b542fdd4e85a1fcd5e1f79112d95d,native_reason_then_score,explicit,whitespace_union,main,all_valid,ALL,all_fail,0,0,0,0,0,,0,,,,0,,,,0,,,0,,0,,,0,,0,,,0,,,,True,20260911,5000,artifact/task-cluster percentile 95%; degenerate intervals are not population certainty
CODE,original_8k_old_scorer,Qwen/Qwen3-30B-A3B-Thinking-2507,144afc2f379b542fdd4e85a1fcd5e1f79112d95d,native_reason_then_score,explicit,whitespace_union,main,all_valid,ALL,partial,23,18,18,0,0,0.99382716049382713,18,0.98148148148148151,1,0.33333333333333331,18,0,1,0.94444444444444442,18,0.83333333333333337,1,17,0.94444444444444442,18,0.83333333333333337,1,17,0,18,0,0,0,0.94444444444444442,0.94444444444444442,0,True,20260911,5000,artifact/task-cluster percentile 95%; degenerate intervals are not population certainty
CODE,original_8k_old_scorer,Qwen/Qwen3-30B-A3B-Thinking-2507,144afc2f379b542fdd4e85a1fcd5e1f79112d95d,native_reason_then_score,explicit,whitespace_union,main,all_valid,code_acceptance,all,80,67,44,23,0,0.96185737976782748,67,0.92537313432835833,0.99004975124378125,0.34328358208955223,67,0.074626865671641784,0.70149253731343286,0.97727272727272729,44,0.93181818181818177,1,43,0.97727272727272729,44,0.93181818181818177,1,43,0,44,0,0,0,0.9850746268656716,0.9850746268656716,0,True,20260911,5000,artifact/task-cluster percentile 95%; degenerate intervals are not population certainty
CODE,original_8k_old_scorer,Qwen/Qwen3-30B-A3B-Thinking-2507,144afc2f379b542fdd4e85a1fcd5e1f79112d95d,native_reason_then_score,explicit,whitespace_union,main,all_valid,code_acceptance,nontrivial,54,44,44,0,0,0.95454545454545459,44,0.90909090909090906,0.98989898989898994,0.38636363636363635,44,0,0.81818181818181823,0.97727272727272729,44,0.93181818181818177,1,43,0.97727272727272729,44,0.93181818181818177,1,43,0,44,0,0,0,0.97727272727272729,0.97727272727272729,0,True,20260911,5000,artifact/task-cluster percentile 95%; degenerate intervals are not population certainty
CODE,original_8k_old_scorer,Qwen/Qwen3-30B-A3B-Thinking-2507,144afc2f379b542fdd4e85a1fcd5e1f79112d95d,native_reason_then_score,explicit,whitespace_union,main,all_valid,code_acceptance,all_pass,26,23,0,23,0,0.97584541062801922,23,0.92753623188405787,1,0.2608695652173913,23,0,0.78260869565217395,,0,,,0,,0,,,0,,0,,,0,1,1,,True,20260911,5000,artifact/task-cluster percentile 95%; degenerate intervals are not population certainty
CODE,original_8k_old_scorer,Qwen/Qwen3-30B-A3B-Thinking-2507,144afc2f379b542fdd4e85a1fcd5e1f79112d95d,native_reason_then_score,explicit,whitespace_union,main,all_valid,code_acceptance,all_fail,0,0,0,0,0,,0,,,,0,,,,0,,,0,,0,,,0,,0,,,0,,,,True,20260911,5000,artifact/task-cluster percentile 95%; degenerate intervals are not population certainty
CODE,original_8k_old_scorer,Qwen/Qwen3-30B-A3B-Thinking-2507,144afc2f379b542fdd4e85a1fcd5e1f79112d95d,native_reason_then_score,explicit,whitespace_union,main,all_valid,code_acceptance,partial,23,18,18,0,0,0.99382716049382713,18,0.98148148148148151,1,0.33333333333333331,18,0,1,0.94444444444444442,18,0.83333333333333337,1,17,0.94444444444444442,18,0.83333333333333337,1,17,0,18,0,0,0,0.94444444444444442,0.94444444444444442,0,True,20260911,5000,artifact/task-cluster percentile 95%; degenerate intervals are not population certainty
CODE,original_8k_old_scorer,Qwen/Qwen3-30B-A3B-Thinking-2507,144afc2f379b542fdd4e85a1fcd5e1f79112d95d,native_reason_then_score,explicit,whitespace_union,smoke,all_valid,ALL,all,3,2,0,2,0,1,2,1,1,0,2,0,0,,0,,,0,,0,,,0,,0,,,0,1,1,,True,20260911,5000,artifact/task-cluster percentile 95%; degenerate intervals are not population certainty
CODE,original_8k_old_scorer,Qwen/Qwen3-30B-A3B-Thinking-2507,144afc2f379b542fdd4e85a1fcd5e1f79112d95d,native_reason_then_score,explicit,whitespace_union,smoke,all_valid,ALL,nontrivial,1,0,0,0,0,,0,,,,0,,,,0,,,0,,0,,,0,,0,,,0,,,,True,20260911,5000,artifact/task-cluster percentile 95%; degenerate intervals are not population certainty
CODE,original_8k_old_scorer,Qwen/Qwen3-30B-A3B-Thinking-2507,144afc2f379b542fdd4e85a1fcd5e1f79112d95d,native_reason_then_score,explicit,whitespace_union,smoke,all_valid,ALL,all_pass,2,2,0,2,0,1,2,1,1,0,2,0,0,,0,,,0,,0,,,0,,0,,,0,1,1,,True,20260911,5000,artifact/task-cluster percentile 95%; degenerate intervals are not population certainty
CODE,original_8k_old_scorer,Qwen/Qwen3-30B-A3B-Thinking-2507,144afc2f379b542fdd4e85a1fcd5e1f79112d95d,native_reason_then_score,explicit,whitespace_union,smoke,all_valid,ALL,all_fail,0,0,0,0,0,,0,,,,0,,,,0,,,0,,0,,,0,,0,,,0,,,,True,20260911,5000,artifact/task-cluster percentile 95%; degenerate intervals are not population certainty
CODE,original_8k_old_scorer,Qwen/Qwen3-30B-A3B-Thinking-2507,144afc2f379b542fdd4e85a1fcd5e1f79112d95d,native_reason_then_score,explicit,whitespace_union,smoke,all_valid,ALL,partial,0,0,0,0,0,,0,,,,0,,,,0,,,0,,0,,,0,,0,,,0,,,,True,20260911,5000,artifact/task-cluster percentile 95%; degenerate intervals are not population certainty
CODE,original_8k_old_scorer,Qwen/Qwen3-30B-A3B-Thinking-2507,144afc2f379b542fdd4e85a1fcd5e1f79112d95d,native_reason_then_score,explicit,whitespace_union,smoke,all_valid,code_acceptance,all,3,2,0,2,0,1,2,1,1,0,2,0,0,,0,,,0,,0,,,0,,0,,,0,1,1,,True,20260911,5000,artifact/task-cluster percentile 95%; degenerate intervals are not population certainty
CODE,original_8k_old_scorer,Qwen/Qwen3-30B-A3B-Thinking-2507,144afc2f379b542fdd4e85a1fcd5e1f79112d95d,native_reason_then_score,explicit,whitespace_union,smoke,all_valid,code_acceptance,nontrivial,1,0,0,0,0,,0,,,,0,,,,0,,,0,,0,,,0,,0,,,0,,,,True,20260911,5000,artifact/task-cluster percentile 95%; degenerate intervals are not population certainty
CODE,original_8k_old_scorer,Qwen/Qwen3-30B-A3B-Thinking-2507,144afc2f379b542fdd4e85a1fcd5e1f79112d95d,native_reason_then_score,explicit,whitespace_union,smoke,all_valid,code_acceptance,all_pass,2,2,0,2,0,1,2,1,1,0,2,0,0,,0,,,0,,0,,,0,,0,,,0,1,1,,True,20260911,5000,artifact/task-cluster percentile 95%; degenerate intervals are not population certainty
CODE,original_8k_old_scorer,Qwen/Qwen3-30B-A3B-Thinking-2507,144afc2f379b542fdd4e85a1fcd5e1f79112d95d,native_reason_then_score,explicit,whitespace_union,smoke,all_valid,code_acceptance,all_fail,0,0,0,0,0,,0,,,,0,,,,0,,,0,,0,,,0,,0,,,0,,,,True,20260911,5000,artifact/task-cluster percentile 95%; degenerate intervals are not population certainty
CODE,original_8k_old_scorer,Qwen/Qwen3-30B-A3B-Thinking-2507,144afc2f379b542fdd4e85a1fcd5e1f79112d95d,native_reason_then_score,explicit,whitespace_union,smoke,all_valid,code_acceptance,partial,0,0,0,0,0,,0,,,,0,,,,0,,,0,,0,,,0,,0,,,0,,,,True,20260911,5000,artifact/task-cluster percentile 95%; degenerate intervals are not population certainty
CODE,original_8k_old_scorer,Qwen/Qwen3-30B-A3B-Thinking-2507,144afc2f379b542fdd4e85a1fcd5e1f79112d95d,native_reason_then_score,original,bare,main,all_valid,ALL,all,80,66,43,23,0,0.98316498316498313,66,0.95454545454545459,1,0.15151515151515152,66,0,0.40909090909090912,0.97674418604651159,43,0.93023255813953487,1,42,0.97674418604651159,43,0.93023255813953487,1,42,0,43,0,0,0,0.98484848484848486,0.98484848484848486,0,True,20260911,5000,artifact/task-cluster percentile 95%; degenerate intervals are not population certainty
CODE,original_8k_old_scorer,Qwen/Qwen3-30B-A3B-Thinking-2507,144afc2f379b542fdd4e85a1fcd5e1f79112d95d,native_reason_then_score,original,bare,main,all_valid,ALL,nontrivial,54,43,43,0,0,0.97416020671834613,43,0.93016795865633073,1,0.23255813953488372,43,0,0.62848837209301478,0.97674418604651159,43,0.93023255813953487,1,42,0.97674418604651159,43,0.93023255813953487,1,42,0,43,0,0,0,0.97674418604651159,0.97674418604651159,0,True,20260911,5000,artifact/task-cluster percentile 95%; degenerate intervals are not population certainty
CODE,original_8k_old_scorer,Qwen/Qwen3-30B-A3B-Thinking-2507,144afc2f379b542fdd4e85a1fcd5e1f79112d95d,native_reason_then_score,original,bare,main,all_valid,ALL,all_pass,26,23,0,23,0,1,23,1,1,0,23,0,0,,0,,,0,,0,,,0,,0,,,0,1,1,,True,20260911,5000,artifact/task-cluster percentile 95%; degenerate intervals are not population certainty
CODE,original_8k_old_scorer,Qwen/Qwen3-30B-A3B-Thinking-2507,144afc2f379b542fdd4e85a1fcd5e1f79112d95d,native_reason_then_score,original,bare,main,all_valid,ALL,all_fail,0,0,0,0,0,,0,,,,0,,,,0,,,0,,0,,,0,,0,,,0,,,,True,20260911,5000,artifact/task-cluster percentile 95%; degenerate intervals are not population certainty
CODE,original_8k_old_scorer,Qwen/Qwen3-30B-A3B-Thinking-2507,144afc2f379b542fdd4e85a1fcd5e1f79112d95d,native_reason_then_score,original,bare,main,all_valid,ALL,partial,23,20,20,0,0,0.98888888888888893,20,0.97222222222222232,1,0.10000000000000001,20,0,0.25,0.94999999999999996,20,0.84999999999999998,1,19,0.94999999999999996,20,0.84999999999999998,1,19,0,20,0,0,0,0.94999999999999996,0.94999999999999996,0,True,20260911,5000,artifact/task-cluster percentile 95%; degenerate intervals are not population certainty
CODE,original_8k_old_scorer,Qwen/Qwen3-30B-A3B-Thinking-2507,144afc2f379b542fdd4e85a1fcd5e1f79112d95d,native_reason_then_score,original,bare,main,all_valid,code_acceptance,all,80,66,43,23,0,0.98316498316498313,66,0.95454545454545459,1,0.15151515151515152,66,0,0.40909090909090912,0.97674418604651159,43,0.93023255813953487,1,42,0.97674418604651159,43,0.93023255813953487,1,42,0,43,0,0,0,0.98484848484848486,0.98484848484848486,0,True,20260911,5000,artifact/task-cluster percentile 95%; degenerate intervals are not population certainty
CODE,original_8k_old_scorer,Qwen/Qwen3-30B-A3B-Thinking-2507,144afc2f379b542fdd4e85a1fcd5e1f79112d95d,native_reason_then_score,original,bare,main,all_valid,code_acceptance,nontrivial,54,43,43,0,0,0.97416020671834613,43,0.93016795865633073,1,0.23255813953488372,43,0,0.62848837209301478,0.97674418604651159,43,0.93023255813953487,1,42,0.97674418604651159,43,0.93023255813953487,1,42,0,43,0,0,0,0.97674418604651159,0.97674418604651159,0,True,20260911,5000,artifact/task-cluster percentile 95%; degenerate intervals are not population certainty
CODE,original_8k_old_scorer,Qwen/Qwen3-30B-A3B-Thinking-2507,144afc2f379b542fdd4e85a1fcd5e1f79112d95d,native_reason_then_score,original,bare,main,all_valid,code_acceptance,all_pass,26,23,0,23,0,1,23,1,1,0,23,0,0,,0,,,0,,0,,,0,,0,,,0,1,1,,True,20260911,5000,artifact/task-cluster percentile 95%; degenerate intervals are not population certainty
CODE,original_8k_old_scorer,Qwen/Qwen3-30B-A3B-Thinking-2507,144afc2f379b542fdd4e85a1fcd5e1f79112d95d,native_reason_then_score,original,bare,main,all_valid,code_acceptance,all_fail,0,0,0,0,0,,0,,,,0,,,,0,,,0,,0,,,0,,0,,,0,,,,True,20260911,5000,artifact/task-cluster percentile 95%; degenerate intervals are not population certainty
CODE,original_8k_old_scorer,Qwen/Qwen3-30B-A3B-Thinking-2507,144afc2f379b542fdd4e85a1fcd5e1f79112d95d,native_reason_then_score,original,bare,main,all_valid,code_acceptance,partial,23,20,20,0,0,0.98888888888888893,20,0.97222222222222232,1,0.10000000000000001,20,0,0.25,0.94999999999999996,20,0.84999999999999998,1,19,0.94999999999999996,20,0.84999999999999998,1,19,0,20,0,0,0,0.94999999999999996,0.94999999999999996,0,True,20260911,5000,artifact/task-cluster percentile 95%; degenerate intervals are not population certainty
CODE,original_8k_old_scorer,Qwen/Qwen3-30B-A3B-Thinking-2507,144afc2f379b542fdd4e85a1fcd5e1f79112d95d,native_reason_then_score,original,bare,smoke,all_valid,ALL,all,3,2,1,1,0,1,2,1,1,0,2,0,0,1,1,1,1,1,1,1,1,1,1,0,1,0,0,0,1,1,0,True,20260911,5000,artifact/task-cluster percentile 95%; degenerate intervals are not population certainty
CODE,original_8k_old_scorer,Qwen/Qwen3-30B-A3B-Thinking-2507,144afc2f379b542fdd4e85a1fcd5e1f79112d95d,native_reason_then_score,original,bare,smoke,all_valid,ALL,nontrivial,1,1,1,0,0,1,1,1,1,0,1,0,0,1,1,1,1,1,1,1,1,1,1,0,1,0,0,0,1,1,0,True,20260911,5000,artifact/task-cluster percentile 95%; degenerate intervals are not population certainty
CODE,original_8k_old_scorer,Qwen/Qwen3-30B-A3B-Thinking-2507,144afc2f379b542fdd4e85a1fcd5e1f79112d95d,native_reason_then_score,original,bare,smoke,all_valid,ALL,all_pass,2,1,0,1,0,1,1,1,1,0,1,0,0,,0,,,0,,0,,,0,,0,,,0,1,1,,True,20260911,5000,artifact/task-cluster percentile 95%; degenerate intervals are not population certainty
CODE,original_8k_old_scorer,Qwen/Qwen3-30B-A3B-Thinking-2507,144afc2f379b542fdd4e85a1fcd5e1f79112d95d,native_reason_then_score,original,bare,smoke,all_valid,ALL,all_fail,0,0,0,0,0,,0,,,,0,,,,0,,,0,,0,,,0,,0,,,0,,,,True,20260911,5000,artifact/task-cluster percentile 95%; degenerate intervals are not population certainty
CODE,original_8k_old_scorer,Qwen/Qwen3-30B-A3B-Thinking-2507,144afc2f379b542fdd4e85a1fcd5e1f79112d95d,native_reason_then_score,original,bare,smoke,all_valid,ALL,partial,0,0,0,0,0,,0,,,,0,,,,0,,,0,,0,,,0,,0,,,0,,,,True,20260911,5000,artifact/task-cluster percentile 95%; degenerate intervals are not population certainty
CODE,original_8k_old_scorer,Qwen/Qwen3-30B-A3B-Thinking-2507,144afc2f379b542fdd4e85a1fcd5e1f79112d95d,native_reason_then_score,original,bare,smoke,all_valid,code_acceptance,all,3,2,1,1,0,1,2,1,1,0,2,0,0,1,1,1,1,1,1,1,1,1,1,0,1,0,0,0,1,1,0,True,20260911,5000,artifact/task-cluster percentile 95%; degenerate intervals are not population certainty
CODE,original_8k_old_scorer,Qwen/Qwen3-30B-A3B-Thinking-2507,144afc2f379b542fdd4e85a1fcd5e1f79112d95d,native_reason_then_score,original,bare,smoke,all_valid,code_acceptance,nontrivial,1,1,1,0,0,1,1,1,1,0,1,0,0,1,1,1,1,1,1,1,1,1,1,0,1,0,0,0,1,1,0,True,20260911,5000,artifact/task-cluster percentile 95%; degenerate intervals are not population certainty
CODE,original_8k_old_scorer,Qwen/Qwen3-30B-A3B-Thinking-2507,144afc2f379b542fdd4e85a1fcd5e1f79112d95d,native_reason_then_score,original,bare,smoke,all_valid,code_acceptance,all_pass,2,1,0,1,0,1,1,1,1,0,1,0,0,,0,,,0,,0,,,0,,0,,,0,1,1,,True,20260911,5000,artifact/task-cluster percentile 95%; degenerate intervals are not population certainty
CODE,original_8k_old_scorer,Qwen/Qwen3-30B-A3B-Thinking-2507,144afc2f379b542fdd4e85a1fcd5e1f79112d95d,native_reason_then_score,original,bare,smoke,all_valid,code_acceptance,all_fail,0,0,0,0,0,,0,,,,0,,,,0,,,0,,0,,,0,,0,,,0,,,,True,20260911,5000,artifact/task-cluster percentile 95%; degenerate intervals are not population certainty
CODE,original_8k_old_scorer,Qwen/Qwen3-30B-A3B-Thinking-2507,144afc2f379b542fdd4e85a1fcd5e1f79112d95d,native_reason_then_score,original,bare,smoke,all_valid,code_acceptance,partial,0,0,0,0,0,,0,,,,0,,,,0,,,0,,0,,,0,,0,,,0,,,,True,20260911,5000,artifact/task-cluster percentile 95%; degenerate intervals are not population certainty
CODE,original_8k_old_scorer,Qwen/Qwen3-30B-A3B-Thinking-2507,144afc2f379b542fdd4e85a1fcd5e1f79112d95d,native_reason_then_score,original,whitespace_union,main,all_valid,ALL,all,80,66,43,23,0,0.98316498316498313,66,0.95454545454545459,1,0.15151515151515152,66,0,0.40909090909090912,0.97674418604651159,43,0.93023255813953487,1,42,0.97674418604651159,43,0.93023255813953487,1,42,0,43,0,0,0,0.98484848484848486,0.98484848484848486,0,True,20260911,5000,artifact/task-cluster percentile 95%; degenerate intervals are not population certainty
CODE,original_8k_old_scorer,Qwen/Qwen3-30B-A3B-Thinking-2507,144afc2f379b542fdd4e85a1fcd5e1f79112d95d,native_reason_then_score,original,whitespace_union,main,all_valid,ALL,nontrivial,54,43,43,0,0,0.97416020671834613,43,0.93016795865633073,1,0.23255813953488372,43,0,0.62848837209301478,0.97674418604651159,43,0.93023255813953487,1,42,0.97674418604651159,43,0.93023255813953487,1,42,0,43,0,0,0,0.97674418604651159,0.97674418604651159,0,True,20260911,5000,artifact/task-cluster percentile 95%; degenerate intervals are not population certainty
CODE,original_8k_old_scorer,Qwen/Qwen3-30B-A3B-Thinking-2507,144afc2f379b542fdd4e85a1fcd5e1f79112d95d,native_reason_then_score,original,whitespace_union,main,all_valid,ALL,all_pass,26,23,0,23,0,1,23,1,1,0,23,0,0,,0,,,0,,0,,,0,,0,,,0,1,1,,True,20260911,5000,artifact/task-cluster percentile 95%; degenerate intervals are not population certainty
CODE,original_8k_old_scorer,Qwen/Qwen3-30B-A3B-Thinking-2507,144afc2f379b542fdd4e85a1fcd5e1f79112d95d,native_reason_then_score,original,whitespace_union,main,all_valid,ALL,all_fail,0,0,0,0,0,,0,,,,0,,,,0,,,0,,0,,,0,,0,,,0,,,,True,20260911,5000,artifact/task-cluster percentile 95%; degenerate intervals are not population certainty
CODE,original_8k_old_scorer,Qwen/Qwen3-30B-A3B-Thinking-2507,144afc2f379b542fdd4e85a1fcd5e1f79112d95d,native_reason_then_score,original,whitespace_union,main,all_valid,ALL,partial,23,20,20,0,0,0.98888888888888893,20,0.97222222222222232,1,0.10000000000000001,20,0,0.25,0.94999999999999996,20,0.84999999999999998,1,19,0.94999999999999996,20,0.84999999999999998,1,19,0,20,0,0,0,0.94999999999999996,0.94999999999999996,0,True,20260911,5000,artifact/task-cluster percentile 95%; degenerate intervals are not population certainty
CODE,original_8k_old_scorer,Qwen/Qwen3-30B-A3B-Thinking-2507,144afc2f379b542fdd4e85a1fcd5e1f79112d95d,native_reason_then_score,original,whitespace_union,main,all_valid,code_acceptance,all,80,66,43,23,0,0.98316498316498313,66,0.95454545454545459,1,0.15151515151515152,66,0,0.40909090909090912,0.97674418604651159,43,0.93023255813953487,1,42,0.97674418604651159,43,0.93023255813953487,1,42,0,43,0,0,0,0.98484848484848486,0.98484848484848486,0,True,20260911,5000,artifact/task-cluster percentile 95%; degenerate intervals are not population certainty
CODE,original_8k_old_scorer,Qwen/Qwen3-30B-A3B-Thinking-2507,144afc2f379b542fdd4e85a1fcd5e1f79112d95d,native_reason_then_score,original,whitespace_union,main,all_valid,code_acceptance,nontrivial,54,43,43,0,0,0.97416020671834613,43,0.93016795865633073,1,0.23255813953488372,43,0,0.62848837209301478,0.97674418604651159,43,0.93023255813953487,1,42,0.97674418604651159,43,0.93023255813953487,1,42,0,43,0,0,0,0.97674418604651159,0.97674418604651159,0,True,20260911,5000,artifact/task-cluster percentile 95%; degenerate intervals are not population certainty
CODE,original_8k_old_scorer,Qwen/Qwen3-30B-A3B-Thinking-2507,144afc2f379b542fdd4e85a1fcd5e1f79112d95d,native_reason_then_score,original,whitespace_union,main,all_valid,code_acceptance,all_pass,26,23,0,23,0,1,23,1,1,0,23,0,0,,0,,,0,,0,,,0,,0,,,0,1,1,,True,20260911,5000,artifact/task-cluster percentile 95%; degenerate intervals are not population certainty
CODE,original_8k_old_scorer,Qwen/Qwen3-30B-A3B-Thinking-2507,144afc2f379b542fdd4e85a1fcd5e1f79112d95d,native_reason_then_score,original,whitespace_union,main,all_valid,code_acceptance,all_fail,0,0,0,0,0,,0,,,,0,,,,0,,,0,,0,,,0,,0,,,0,,,,True,20260911,5000,artifact/task-cluster percentile 95%; degenerate intervals are not population certainty
CODE,original_8k_old_scorer,Qwen/Qwen3-30B-A3B-Thinking-2507,144afc2f379b542fdd4e85a1fcd5e1f79112d95d,native_reason_then_score,original,whitespace_union,main,all_valid,code_acceptance,partial,23,20,20,0,0,0.98888888888888893,20,0.97222222222222232,1,0.10000000000000001,20,0,0.25,0.94999999999999996,20,0.84999999999999998,1,19,0.94999999999999996,20,0.84999999999999998,1,19,0,20,0,0,0,0.94999999999999996,0.94999999999999996,0,True,20260911,5000,artifact/task-cluster percentile 95%; degenerate intervals are not population certainty
CODE,original_8k_old_scorer,Qwen/Qwen3-30B-A3B-Thinking-2507,144afc2f379b542fdd4e85a1fcd5e1f79112d95d,native_reason_then_score,original,whitespace_union,smoke,all_valid,ALL,all,3,2,1,1,0,1,2,1,1,0,2,0,0,1,1,1,1,1,1,1,1,1,1,0,1,0,0,0,1,1,0,True,20260911,5000,artifact/task-cluster percentile 95%; degenerate intervals are not population certainty
CODE,original_8k_old_scorer,Qwen/Qwen3-30B-A3B-Thinking-2507,144afc2f379b542fdd4e85a1fcd5e1f79112d95d,native_reason_then_score,original,whitespace_union,smoke,all_valid,ALL,nontrivial,1,1,1,0,0,1,1,1,1,0,1,0,0,1,1,1,1,1,1,1,1,1,1,0,1,0,0,0,1,1,0,True,20260911,5000,artifact/task-cluster percentile 95%; degenerate intervals are not population certainty
CODE,original_8k_old_scorer,Qwen/Qwen3-30B-A3B-Thinking-2507,144afc2f379b542fdd4e85a1fcd5e1f79112d95d,native_reason_then_score,original,whitespace_union,smoke,all_valid,ALL,all_pass,2,1,0,1,0,1,1,1,1,0,1,0,0,,0,,,0,,0,,,0,,0,,,0,1,1,,True,20260911,5000,artifact/task-cluster percentile 95%; degenerate intervals are not population certainty
CODE,original_8k_old_scorer,Qwen/Qwen3-30B-A3B-Thinking-2507,144afc2f379b542fdd4e85a1fcd5e1f79112d95d,native_reason_then_score,original,whitespace_union,smoke,all_valid,ALL,all_fail,0,0,0,0,0,,0,,,,0,,,,0,,,0,,0,,,0,,0,,,0,,,,True,20260911,5000,artifact/task-cluster percentile 95%; degenerate intervals are not population certainty
CODE,original_8k_old_scorer,Qwen/Qwen3-30B-A3B-Thinking-2507,144afc2f379b542fdd4e85a1fcd5e1f79112d95d,native_reason_then_score,original,whitespace_union,smoke,all_valid,ALL,partial,0,0,0,0,0,,0,,,,0,,,,0,,,0,,0,,,0,,0,,,0,,,,True,20260911,5000,artifact/task-cluster percentile 95%; degenerate intervals are not population certainty
CODE,original_8k_old_scorer,Qwen/Qwen3-30B-A3B-Thinking-2507,144afc2f379b542fdd4e85a1fcd5e1f79112d95d,native_reason_then_score,original,whitespace_union,smoke,all_valid,code_acceptance,all,3,2,1,1,0,1,2,1,1,0,2,0,0,1,1,1,1,1,1,1,1,1,1,0,1,0,0,0,1,1,0,True,20260911,5000,artifact/task-cluster percentile 95%; degenerate intervals are not population certainty
CODE,original_8k_old_scorer,Qwen/Qwen3-30B-A3B-Thinking-2507,144afc2f379b542fdd4e85a1fcd5e1f79112d95d,native_reason_then_score,original,whitespace_union,smoke,all_valid,code_acceptance,nontrivial,1,1,1,0,0,1,1,1,1,0,1,0,0,1,1,1,1,1,1,1,1,1,1,0,1,0,0,0,1,1,0,True,20260911,5000,artifact/task-cluster percentile 95%; degenerate intervals are not population certainty
CODE,original_8k_old_scorer,Qwen/Qwen3-30B-A3B-Thinking-2507,144afc2f379b542fdd4e85a1fcd5e1f79112d95d,native_reason_then_score,original,whitespace_union,smoke,all_valid,code_acceptance,all_pass,2,1,0,1,0,1,1,1,1,0,1,0,0,,0,,,0,,0,,,0,,0,,,0,1,1,,True,20260911,5000,artifact/task-cluster percentile 95%; degenerate intervals are not population certainty
CODE,original_8k_old_scorer,Qwen/Qwen3-30B-A3B-Thinking-2507,144afc2f379b542fdd4e85a1fcd5e1f79112d95d,native_reason_then_score,original,whitespace_union,smoke,all_valid,code_acceptance,all_fail,0,0,0,0,0,,0,,,,0,,,,0,,,0,,0,,,0,,0,,,0,,,,True,20260911,5000,artifact/task-cluster percentile 95%; degenerate intervals are not population certainty
CODE,original_8k_old_scorer,Qwen/Qwen3-30B-A3B-Thinking-2507,144afc2f379b542fdd4e85a1fcd5e1f79112d95d,native_reason_then_score,original,whitespace_union,smoke,all_valid,code_acceptance,partial,0,0,0,0,0,,0,,,,0,,,,0,,,0,,0,,,0,,0,,,0,,,,True,20260911,5000,artifact/task-cluster percentile 95%; degenerate intervals are not population certainty
CODE,original_8k_old_scorer,google/gemma-2-9b-it,11c9b309abf73637e4b6f9a3fa1e92e615547819,immediate_readout,explicit,bare,main,all_valid,ALL,all,80,80,54,26,0,0.50833333333333341,80,0.43333333333333329,0.58194444444444438,3.8125,80,3.0874999999999999,4.5625,0.68518518518518523,54,0.55555555555555558,0.79629629629629628,37,0.31481481481481483,54,0.20370370370370369,0.44444444444444442,17,0.37037037037037035,54,0.24074074074074073,0.5,20,0.78749999999999998,0.53749999999999998,0.54054054054054057,True,20260911,5000,artifact/task-cluster percentile 95%; degenerate intervals are not population certainty
CODE,original_8k_old_scorer,google/gemma-2-9b-it,11c9b309abf73637e4b6f9a3fa1e92e615547819,immediate_readout,explicit,bare,main,all_valid,ALL,nontrivial,54,54,54,0,0,0.37242798353909451,54,0.30658436213991763,0.43827160493827155,4.1851851851851851,54,3.3333333333333335,5.0555555555555554,0.68518518518518523,54,0.55555555555555558,0.79629629629629628,37,0.31481481481481483,54,0.20370370370370369,0.44444444444444442,17,0.37037037037037035,54,0.24074074074074073,0.5,20,0.68518518518518523,0.31481481481481483,0.54054054054054057,True,20260911,5000,artifact/task-cluster percentile 95%; degenerate intervals are not population certainty
CODE,original_8k_old_scorer,google/gemma-2-9b-it,11c9b309abf73637e4b6f9a3fa1e92e615547819,immediate_readout,explicit,bare,main,all_valid,ALL,all_pass,26,26,0,26,0,0.79059829059829068,26,0.65811965811965811,0.91025641025641013,3.0384615384615383,26,1.7307692307692308,4.4230769230769234,,0,,,0,,0,,,0,,0,,,0,1,1,,True,20260911,5000,artifact/task-cluster percentile 95%; degenerate intervals are not population certainty
CODE,original_8k_old_scorer,google/gemma-2-9b-it,11c9b309abf73637e4b6f9a3fa1e92e615547819,immediate_readout,explicit,bare,main,all_valid,ALL,all_fail,0,0,0,0,0,,0,,,,0,,,,0,,,0,,0,,,0,,0,,,0,,,,True,20260911,5000,artifact/task-cluster percentile 95%; degenerate intervals are not population certainty
CODE,original_8k_old_scorer,google/gemma-2-9b-it,11c9b309abf73637e4b6f9a3fa1e92e615547819,immediate_readout,explicit,bare,main,all_valid,ALL,partial,23,23,23,0,0,0.45893719806763278,23,0.3671497584541063,0.55555555555555547,4.5217391304347823,23,3.5217391304347827,5.4782608695652177,0.30434782608695654,23,0.13043478260869565,0.47934782608694071,7,0.13043478260869565,23,0,0.30434782608695654,3,0.17391304347826086,23,0.043478260869565216,0.34782608695652173,4,0.30434782608695654,0.13043478260869565,0.5714285714285714,True,20260911,5000,artifact/task-cluster percentile 95%; degenerate intervals are not population certainty
CODE,original_8k_old_scorer,google/gemma-2-9b-it,11c9b309abf73637e4b6f9a3fa1e92e615547819,immediate_readout,explicit,bare,main,all_valid,code_acceptance,all,80,80,54,26,0,0.50833333333333341,80,0.43333333333333329,0.58194444444444438,3.8125,80,3.0874999999999999,4.5625,0.68518518518518523,54,0.55555555555555558,0.79629629629629628,37,0.31481481481481483,54,0.20370370370370369,0.44444444444444442,17,0.37037037037037035,54,0.24074074074074073,0.5,20,0.78749999999999998,0.53749999999999998,0.54054054054054057,True,20260911,5000,artifact/task-cluster percentile 95%; degenerate intervals are not population certainty
CODE,original_8k_old_scorer,google/gemma-2-9b-it,11c9b309abf73637e4b6f9a3fa1e92e615547819,immediate_readout,explicit,bare,main,all_valid,code_acceptance,nontrivial,54,54,54,0,0,0.37242798353909451,54,0.30658436213991763,0.43827160493827155,4.1851851851851851,54,3.3333333333333335,5.0555555555555554,0.68518518518518523,54,0.55555555555555558,0.79629629629629628,37,0.31481481481481483,54,0.20370370370370369,0.44444444444444442,17,0.37037037037037035,54,0.24074074074074073,0.5,20,0.68518518518518523,0.31481481481481483,0.54054054054054057,True,20260911,5000,artifact/task-cluster percentile 95%; degenerate intervals are not population certainty
CODE,original_8k_old_scorer,google/gemma-2-9b-it,11c9b309abf73637e4b6f9a3fa1e92e615547819,immediate_readout,explicit,bare,main,all_valid,code_acceptance,all_pass,26,26,0,26,0,0.79059829059829068,26,0.65811965811965811,0.91025641025641013,3.0384615384615383,26,1.7307692307692308,4.4230769230769234,,0,,,0,,0,,,0,,0,,,0,1,1,,True,20260911,5000,artifact/task-cluster percentile 95%; degenerate intervals are not population certainty
CODE,original_8k_old_scorer,google/gemma-2-9b-it,11c9b309abf73637e4b6f9a3fa1e92e615547819,immediate_readout,explicit,bare,main,all_valid,code_acceptance,all_fail,0,0,0,0,0,,0,,,,0,,,,0,,,0,,0,,,0,,0,,,0,,,,True,20260911,5000,artifact/task-cluster percentile 95%; degenerate intervals are not population certainty
CODE,original_8k_old_scorer,google/gemma-2-9b-it,11c9b309abf73637e4b6f9a3fa1e92e615547819,immediate_readout,explicit,bare,main,all_valid,code_acceptance,partial,23,23,23,0,0,0.45893719806763278,23,0.3671497584541063,0.55555555555555547,4.5217391304347823,23,3.5217391304347827,5.4782608695652177,0.30434782608695654,23,0.13043478260869565,0.47934782608694071,7,0.13043478260869565,23,0,0.30434782608695654,3,0.17391304347826086,23,0.043478260869565216,0.34782608695652173,4,0.30434782608695654,0.13043478260869565,0.5714285714285714,True,20260911,5000,artifact/task-cluster percentile 95%; degenerate intervals are not population certainty
CODE,original_8k_old_scorer,google/gemma-2-9b-it,11c9b309abf73637e4b6f9a3fa1e92e615547819,immediate_readout,explicit,bare,smoke,all_valid,ALL,all,3,3,1,2,0,0.70370370370370372,3,0.1111111111111111,1,2.6666666666666665,3,0,8,1,1,1,1,1,1,1,1,1,1,0,1,0,0,0,1,1,0,True,20260911,5000,artifact/task-cluster percentile 95%; degenerate intervals are not population certainty
CODE,original_8k_old_scorer,google/gemma-2-9b-it,11c9b309abf73637e4b6f9a3fa1e92e615547819,immediate_readout,explicit,bare,smoke,all_valid,ALL,nontrivial,1,1,1,0,0,1,1,1,1,0,1,0,0,1,1,1,1,1,1,1,1,1,1,0,1,0,0,0,1,1,0,True,20260911,5000,artifact/task-cluster percentile 95%; degenerate intervals are not population certainty
CODE,original_8k_old_scorer,google/gemma-2-9b-it,11c9b309abf73637e4b6f9a3fa1e92e615547819,immediate_readout,explicit,bare,smoke,all_valid,ALL,all_pass,2,2,0,2,0,0.55555555555555558,2,0.1111111111111111,1,4,2,0,8,,0,,,0,,0,,,0,,0,,,0,1,1,,True,20260911,5000,artifact/task-cluster percentile 95%; degenerate intervals are not population certainty
CODE,original_8k_old_scorer,google/gemma-2-9b-it,11c9b309abf73637e4b6f9a3fa1e92e615547819,immediate_readout,explicit,bare,smoke,all_valid,ALL,all_fail,0,0,0,0,0,,0,,,,0,,,,0,,,0,,0,,,0,,0,,,0,,,,True,20260911,5000,artifact/task-cluster percentile 95%; degenerate intervals are not population certainty
CODE,original_8k_old_scorer,google/gemma-2-9b-it,11c9b309abf73637e4b6f9a3fa1e92e615547819,immediate_readout,explicit,bare,smoke,all_valid,ALL,partial,0,0,0,0,0,,0,,,,0,,,,0,,,0,,0,,,0,,0,,,0,,,,True,20260911,5000,artifact/task-cluster percentile 95%; degenerate intervals are not population certainty
CODE,original_8k_old_scorer,google/gemma-2-9b-it,11c9b309abf73637e4b6f9a3fa1e92e615547819,immediate_readout,explicit,bare,smoke,all_valid,code_acceptance,all,3,3,1,2,0,0.70370370370370372,3,0.1111111111111111,1,2.6666666666666665,3,0,8,1,1,1,1,1,1,1,1,1,1,0,1,0,0,0,1,1,0,True,20260911,5000,artifact/task-cluster percentile 95%; degenerate intervals are not population certainty
CODE,original_8k_old_scorer,google/gemma-2-9b-it,11c9b309abf73637e4b6f9a3fa1e92e615547819,immediate_readout,explicit,bare,smoke,all_valid,code_acceptance,nontrivial,1,1,1,0,0,1,1,1,1,0,1,0,0,1,1,1,1,1,1,1,1,1,1,0,1,0,0,0,1,1,0,True,20260911,5000,artifact/task-cluster percentile 95%; degenerate intervals are not population certainty
CODE,original_8k_old_scorer,google/gemma-2-9b-it,11c9b309abf73637e4b6f9a3fa1e92e615547819,immediate_readout,explicit,bare,smoke,all_valid,code_acceptance,all_pass,2,2,0,2,0,0.55555555555555558,2,0.1111111111111111,1,4,2,0,8,,0,,,0,,0,,,0,,0,,,0,1,1,,True,20260911,5000,artifact/task-cluster percentile 95%; degenerate intervals are not population certainty
CODE,original_8k_old_scorer,google/gemma-2-9b-it,11c9b309abf73637e4b6f9a3fa1e92e615547819,immediate_readout,explicit,bare,smoke,all_valid,code_acceptance,all_fail,0,0,0,0,0,,0,,,,0,,,,0,,,0,,0,,,0,,0,,,0,,,,True,20260911,5000,artifact/task-cluster percentile 95%; degenerate intervals are not population certainty
CODE,original_8k_old_scorer,google/gemma-2-9b-it,11c9b309abf73637e4b6f9a3fa1e92e615547819,immediate_readout,explicit,bare,smoke,all_valid,code_acceptance,partial,0,0,0,0,0,,0,,,,0,,,,0,,,0,,0,,,0,,0,,,0,,,,True,20260911,5000,artifact/task-cluster percentile 95%; degenerate intervals are not population certainty
CODE,original_8k_old_scorer,google/gemma-2-9b-it,11c9b309abf73637e4b6f9a3fa1e92e615547819,immediate_readout,explicit,whitespace_union,main,all_valid,ALL,all,80,80,54,26,0,0.50833333333333341,80,0.43333333333333329,0.58194444444444438,3.8125,80,3.0874999999999999,4.5625,0.70370370370370372,54,0.57407407407407407,0.81481481481481477,38,0.33333333333333331,54,0.20370370370370369,0.46296296296296297,18,0.37037037037037035,54,0.24074074074074073,0.5,20,0.80000000000000004,0.55000000000000004,0.52631578947368418,True,20260911,5000,artifact/task-cluster percentile 95%; degenerate intervals are not population certainty
CODE,original_8k_old_scorer,google/gemma-2-9b-it,11c9b309abf73637e4b6f9a3fa1e92e615547819,immediate_readout,explicit,whitespace_union,main,all_valid,ALL,nontrivial,54,54,54,0,0,0.37242798353909451,54,0.30658436213991763,0.43827160493827155,4.1851851851851851,54,3.3333333333333335,5.0555555555555554,0.70370370370370372,54,0.57407407407407407,0.81481481481481477,38,0.33333333333333331,54,0.20370370370370369,0.46296296296296297,18,0.37037037037037035,54,0.24074074074074073,0.5,20,0.70370370370370372,0.33333333333333331,0.52631578947368418,True,20260911,5000,artifact/task-cluster percentile 95%; degenerate intervals are not population certainty
CODE,original_8k_old_scorer,google/gemma-2-9b-it,11c9b309abf73637e4b6f9a3fa1e92e615547819,immediate_readout,explicit,whitespace_union,main,all_valid,ALL,all_pass,26,26,0,26,0,0.79059829059829068,26,0.65811965811965811,0.91025641025641013,3.0384615384615383,26,1.7307692307692308,4.4230769230769234,,0,,,0,,0,,,0,,0,,,0,1,1,,True,20260911,5000,artifact/task-cluster percentile 95%; degenerate intervals are not population certainty
CODE,original_8k_old_scorer,google/gemma-2-9b-it,11c9b309abf73637e4b6f9a3fa1e92e615547819,immediate_readout,explicit,whitespace_union,main,all_valid,ALL,all_fail,0,0,0,0,0,,0,,,,0,,,,0,,,0,,0,,,0,,0,,,0,,,,True,20260911,5000,artifact/task-cluster percentile 95%; degenerate intervals are not population certainty
CODE,original_8k_old_scorer,google/gemma-2-9b-it,11c9b309abf73637e4b6f9a3fa1e92e615547819,immediate_readout,explicit,whitespace_union,main,all_valid,ALL,partial,23,23,23,0,0,0.45893719806763278,23,0.3671497584541063,0.55555555555555547,4.5217391304347823,23,3.5217391304347827,5.4782608695652177,0.34782608695652173,23,0.17391304347826086,0.56521739130434778,8,0.17391304347826086,23,0.043478260869565216,0.34782608695652173,4,0.17391304347826086,23,0.043478260869565216,0.34782608695652173,4,0.34782608695652173,0.17391304347826086,0.5,True,20260911,5000,artifact/task-cluster percentile 95%; degenerate intervals are not population certainty
CODE,original_8k_old_scorer,google/gemma-2-9b-it,11c9b309abf73637e4b6f9a3fa1e92e615547819,immediate_readout,explicit,whitespace_union,main,all_valid,code_acceptance,all,80,80,54,26,0,0.50833333333333341,80,0.43333333333333329,0.58194444444444438,3.8125,80,3.0874999999999999,4.5625,0.70370370370370372,54,0.57407407407407407,0.81481481481481477,38,0.33333333333333331,54,0.20370370370370369,0.46296296296296297,18,0.37037037037037035,54,0.24074074074074073,0.5,20,0.80000000000000004,0.55000000000000004,0.52631578947368418,True,20260911,5000,artifact/task-cluster percentile 95%; degenerate intervals are not population certainty
CODE,original_8k_old_scorer,google/gemma-2-9b-it,11c9b309abf73637e4b6f9a3fa1e92e615547819,immediate_readout,explicit,whitespace_union,main,all_valid,code_acceptance,nontrivial,54,54,54,0,0,0.37242798353909451,54,0.30658436213991763,0.43827160493827155,4.1851851851851851,54,3.3333333333333335,5.0555555555555554,0.70370370370370372,54,0.57407407407407407,0.81481481481481477,38,0.33333333333333331,54,0.20370370370370369,0.46296296296296297,18,0.37037037037037035,54,0.24074074074074073,0.5,20,0.70370370370370372,0.33333333333333331,0.52631578947368418,True,20260911,5000,artifact/task-cluster percentile 95%; degenerate intervals are not population certainty
CODE,original_8k_old_scorer,google/gemma-2-9b-it,11c9b309abf73637e4b6f9a3fa1e92e615547819,immediate_readout,explicit,whitespace_union,main,all_valid,code_acceptance,all_pass,26,26,0,26,0,0.79059829059829068,26,0.65811965811965811,0.91025641025641013,3.0384615384615383,26,1.7307692307692308,4.4230769230769234,,0,,,0,,0,,,0,,0,,,0,1,1,,True,20260911,5000,artifact/task-cluster percentile 95%; degenerate intervals are not population certainty
CODE,original_8k_old_scorer,google/gemma-2-9b-it,11c9b309abf73637e4b6f9a3fa1e92e615547819,immediate_readout,explicit,whitespace_union,main,all_valid,code_acceptance,all_fail,0,0,0,0,0,,0,,,,0,,,,0,,,0,,0,,,0,,0,,,0,,,,True,20260911,5000,artifact/task-cluster percentile 95%; degenerate intervals are not population certainty
CODE,original_8k_old_scorer,google/gemma-2-9b-it,11c9b309abf73637e4b6f9a3fa1e92e615547819,immediate_readout,explicit,whitespace_union,main,all_valid,code_acceptance,partial,23,23,23,0,0,0.45893719806763278,23,0.3671497584541063,0.55555555555555547,4.5217391304347823,23,3.5217391304347827,5.4782608695652177,0.34782608695652173,23,0.17391304347826086,0.56521739130434778,8,0.17391304347826086,23,0.043478260869565216,0.34782608695652173,4,0.17391304347826086,23,0.043478260869565216,0.34782608695652173,4,0.34782608695652173,0.17391304347826086,0.5,True,20260911,5000,artifact/task-cluster percentile 95%; degenerate intervals are not population certainty
CODE,original_8k_old_scorer,google/gemma-2-9b-it,11c9b309abf73637e4b6f9a3fa1e92e615547819,immediate_readout,explicit,whitespace_union,smoke,all_valid,ALL,all,3,3,1,2,0,0.70370370370370372,3,0.1111111111111111,1,2.6666666666666665,3,0,8,1,1,1,1,1,1,1,1,1,1,0,1,0,0,0,1,1,0,True,20260911,5000,artifact/task-cluster percentile 95%; degenerate intervals are not population certainty
CODE,original_8k_old_scorer,google/gemma-2-9b-it,11c9b309abf73637e4b6f9a3fa1e92e615547819,immediate_readout,explicit,whitespace_union,smoke,all_valid,ALL,nontrivial,1,1,1,0,0,1,1,1,1,0,1,0,0,1,1,1,1,1,1,1,1,1,1,0,1,0,0,0,1,1,0,True,20260911,5000,artifact/task-cluster percentile 95%; degenerate intervals are not population certainty
CODE,original_8k_old_scorer,google/gemma-2-9b-it,11c9b309abf73637e4b6f9a3fa1e92e615547819,immediate_readout,explicit,whitespace_union,smoke,all_valid,ALL,all_pass,2,2,0,2,0,0.55555555555555558,2,0.1111111111111111,1,4,2,0,8,,0,,,0,,0,,,0,,0,,,0,1,1,,True,20260911,5000,artifact/task-cluster percentile 95%; degenerate intervals are not population certainty
CODE,original_8k_old_scorer,google/gemma-2-9b-it,11c9b309abf73637e4b6f9a3fa1e92e615547819,immediate_readout,explicit,whitespace_union,smoke,all_valid,ALL,all_fail,0,0,0,0,0,,0,,,,0,,,,0,,,0,,0,,,0,,0,,,0,,,,True,20260911,5000,artifact/task-cluster percentile 95%; degenerate intervals are not population certainty
CODE,original_8k_old_scorer,google/gemma-2-9b-it,11c9b309abf73637e4b6f9a3fa1e92e615547819,immediate_readout,explicit,whitespace_union,smoke,all_valid,ALL,partial,0,0,0,0,0,,0,,,,0,,,,0,,,0,,0,,,0,,0,,,0,,,,True,20260911,5000,artifact/task-cluster percentile 95%; degenerate intervals are not population certainty
CODE,original_8k_old_scorer,google/gemma-2-9b-it,11c9b309abf73637e4b6f9a3fa1e92e615547819,immediate_readout,explicit,whitespace_union,smoke,all_valid,code_acceptance,all,3,3,1,2,0,0.70370370370370372,3,0.1111111111111111,1,2.6666666666666665,3,0,8,1,1,1,1,1,1,1,1,1,1,0,1,0,0,0,1,1,0,True,20260911,5000,artifact/task-cluster percentile 95%; degenerate intervals are not population certainty
CODE,original_8k_old_scorer,google/gemma-2-9b-it,11c9b309abf73637e4b6f9a3fa1e92e615547819,immediate_readout,explicit,whitespace_union,smoke,all_valid,code_acceptance,nontrivial,1,1,1,0,0,1,1,1,1,0,1,0,0,1,1,1,1,1,1,1,1,1,1,0,1,0,0,0,1,1,0,True,20260911,5000,artifact/task-cluster percentile 95%; degenerate intervals are not population certainty
CODE,original_8k_old_scorer,google/gemma-2-9b-it,11c9b309abf73637e4b6f9a3fa1e92e615547819,immediate_readout,explicit,whitespace_union,smoke,all_valid,code_acceptance,all_pass,2,2,0,2,0,0.55555555555555558,2,0.1111111111111111,1,4,2,0,8,,0,,,0,,0,,,0,,0,,,0,1,1,,True,20260911,5000,artifact/task-cluster percentile 95%; degenerate intervals are not population certainty
CODE,original_8k_old_scorer,google/gemma-2-9b-it,11c9b309abf73637e4b6f9a3fa1e92e615547819,immediate_readout,explicit,whitespace_union,smoke,all_valid,code_acceptance,all_fail,0,0,0,0,0,,0,,,,0,,,,0,,,0,,0,,,0,,0,,,0,,,,True,20260911,5000,artifact/task-cluster percentile 95%; degenerate intervals are not population certainty
CODE,original_8k_old_scorer,google/gemma-2-9b-it,11c9b309abf73637e4b6f9a3fa1e92e615547819,immediate_readout,explicit,whitespace_union,smoke,all_valid,code_acceptance,partial,0,0,0,0,0,,0,,,,0,,,,0,,,0,,0,,,0,,0,,,0,,,,True,20260911,5000,artifact/task-cluster percentile 95%; degenerate intervals are not population certainty
CODE,original_8k_old_scorer,google/gemma-2-9b-it,11c9b309abf73637e4b6f9a3fa1e92e615547819,immediate_readout,original,bare,main,all_valid,ALL,all,80,80,54,26,0,0.47916666666666663,80,0.39579861111111109,0.56527777777777766,4.3875000000000002,80,3.6000000000000001,5.1749999999999998,0.092592592592592587,54,0.018518518518518517,0.16666666666666666,5,0.037037037037037035,54,0,0.092592592592592587,2,0.055555555555555552,54,0,0.1111111111111111,3,0.38750000000000001,0.34999999999999998,0.59999999999999998,True,20260911,5000,artifact/task-cluster percentile 95%; degenerate intervals are not population certainty
CODE,original_8k_old_scorer,google/gemma-2-9b-it,11c9b309abf73637e4b6f9a3fa1e92e615547819,immediate_readout,original,bare,main,all_valid,ALL,nontrivial,54,54,54,0,0,0.31687242798353904,54,0.24279835390946503,0.39300411522633738,5.6851851851851851,54,4.9074074074074074,6.4259259259259256,0.092592592592592587,54,0.018518518518518517,0.16666666666666666,5,0.037037037037037035,54,0,0.092592592592592587,2,0.055555555555555552,54,0,0.1111111111111111,3,0.092592592592592587,0.037037037037037035,0.59999999999999998,True,20260911,5000,artifact/task-cluster percentile 95%; degenerate intervals are not population certainty
CODE,original_8k_old_scorer,google/gemma-2-9b-it,11c9b309abf73637e4b6f9a3fa1e92e615547819,immediate_readout,original,bare,main,all_valid,ALL,all_pass,26,26,0,26,0,0.81623931623931623,26,0.66239316239316237,0.96153846153846156,1.6923076923076923,26,0.34615384615384615,3.0769230769230771,,0,,,0,,0,,,0,,0,,,0,1,1,,True,20260911,5000,artifact/task-cluster percentile 95%; degenerate intervals are not population certainty
CODE,original_8k_old_scorer,google/gemma-2-9b-it,11c9b309abf73637e4b6f9a3fa1e92e615547819,immediate_readout,original,bare,main,all_valid,ALL,all_fail,0,0,0,0,0,,0,,,,0,,,,0,,,0,,0,,,0,,0,,,0,,,,True,20260911,5000,artifact/task-cluster percentile 95%; degenerate intervals are not population certainty
CODE,original_8k_old_scorer,google/gemma-2-9b-it,11c9b309abf73637e4b6f9a3fa1e92e615547819,immediate_readout,original,bare,main,all_valid,ALL,partial,23,23,23,0,0,0.47342995169082125,23,0.36231884057971009,0.58454106280193241,4.7826086956521738,23,3.7826086956521738,5.7826086956521738,0.13043478260869565,23,0,0.2608695652173913,3,0.043478260869565216,23,0,0.13043478260869565,1,0.086956521739130432,23,0,0.21739130434782608,2,0.13043478260869565,0.043478260869565216,0.66666666666666663,True,20260911,5000,artifact/task-cluster percentile 95%; degenerate intervals are not population certainty
CODE,original_8k_old_scorer,google/gemma-2-9b-it,11c9b309abf73637e4b6f9a3fa1e92e615547819,immediate_readout,original,bare,main,all_valid,code_acceptance,all,80,80,54,26,0,0.47916666666666663,80,0.39579861111111109,0.56527777777777766,4.3875000000000002,80,3.6000000000000001,5.1749999999999998,0.092592592592592587,54,0.018518518518518517,0.16666666666666666,5,0.037037037037037035,54,0,0.092592592592592587,2,0.055555555555555552,54,0,0.1111111111111111,3,0.38750000000000001,0.34999999999999998,0.59999999999999998,True,20260911,5000,artifact/task-cluster percentile 95%; degenerate intervals are not population certainty
CODE,original_8k_old_scorer,google/gemma-2-9b-it,11c9b309abf73637e4b6f9a3fa1e92e615547819,immediate_readout,original,bare,main,all_valid,code_acceptance,nontrivial,54,54,54,0,0,0.31687242798353904,54,0.24279835390946503,0.39300411522633738,5.6851851851851851,54,4.9074074074074074,6.4259259259259256,0.092592592592592587,54,0.018518518518518517,0.16666666666666666,5,0.037037037037037035,54,0,0.092592592592592587,2,0.055555555555555552,54,0,0.1111111111111111,3,0.092592592592592587,0.037037037037037035,0.59999999999999998,True,20260911,5000,artifact/task-cluster percentile 95%; degenerate intervals are not population certainty
CODE,original_8k_old_scorer,google/gemma-2-9b-it,11c9b309abf73637e4b6f9a3fa1e92e615547819,immediate_readout,original,bare,main,all_valid,code_acceptance,all_pass,26,26,0,26,0,0.81623931623931623,26,0.66239316239316237,0.96153846153846156,1.6923076923076923,26,0.34615384615384615,3.0769230769230771,,0,,,0,,0,,,0,,0,,,0,1,1,,True,20260911,5000,artifact/task-cluster percentile 95%; degenerate intervals are not population certainty
CODE,original_8k_old_scorer,google/gemma-2-9b-it,11c9b309abf73637e4b6f9a3fa1e92e615547819,immediate_readout,original,bare,main,all_valid,code_acceptance,all_fail,0,0,0,0,0,,0,,,,0,,,,0,,,0,,0,,,0,,0,,,0,,,,True,20260911,5000,artifact/task-cluster percentile 95%; degenerate intervals are not population certainty
CODE,original_8k_old_scorer,google/gemma-2-9b-it,11c9b309abf73637e4b6f9a3fa1e92e615547819,immediate_readout,original,bare,main,all_valid,code_acceptance,partial,23,23,23,0,0,0.47342995169082125,23,0.36231884057971009,0.58454106280193241,4.7826086956521738,23,3.7826086956521738,5.7826086956521738,0.13043478260869565,23,0,0.2608695652173913,3,0.043478260869565216,23,0,0.13043478260869565,1,0.086956521739130432,23,0,0.21739130434782608,2,0.13043478260869565,0.043478260869565216,0.66666666666666663,True,20260911,5000,artifact/task-cluster percentile 95%; degenerate intervals are not population certainty
CODE,original_8k_old_scorer,google/gemma-2-9b-it,11c9b309abf73637e4b6f9a3fa1e92e615547819,immediate_readout,original,bare,smoke,all_valid,ALL,all,3,3,1,2,0,0.62962962962962965,3,0,1,3.3333333333333335,3,0,9,1,1,1,1,1,1,1,1,1,1,0,1,0,0,0,1,1,0,True,20260911,5000,artifact/task-cluster percentile 95%; degenerate intervals are not population certainty
CODE,original_8k_old_scorer,google/gemma-2-9b-it,11c9b309abf73637e4b6f9a3fa1e92e615547819,immediate_readout,original,bare,smoke,all_valid,ALL,nontrivial,1,1,1,0,0,0.88888888888888884,1,0.88888888888888884,0.88888888888888884,1,1,1,1,1,1,1,1,1,1,1,1,1,1,0,1,0,0,0,1,1,0,True,20260911,5000,artifact/task-cluster percentile 95%; degenerate intervals are not population certainty
CODE,original_8k_old_scorer,google/gemma-2-9b-it,11c9b309abf73637e4b6f9a3fa1e92e615547819,immediate_readout,original,bare,smoke,all_valid,ALL,all_pass,2,2,0,2,0,0.5,2,0,1,4.5,2,0,9,,0,,,0,,0,,,0,,0,,,0,1,1,,True,20260911,5000,artifact/task-cluster percentile 95%; degenerate intervals are not population certainty
CODE,original_8k_old_scorer,google/gemma-2-9b-it,11c9b309abf73637e4b6f9a3fa1e92e615547819,immediate_readout,original,bare,smoke,all_valid,ALL,all_fail,0,0,0,0,0,,0,,,,0,,,,0,,,0,,0,,,0,,0,,,0,,,,True,20260911,5000,artifact/task-cluster percentile 95%; degenerate intervals are not population certainty
CODE,original_8k_old_scorer,google/gemma-2-9b-it,11c9b309abf73637e4b6f9a3fa1e92e615547819,immediate_readout,original,bare,smoke,all_valid,ALL,partial,0,0,0,0,0,,0,,,,0,,,,0,,,0,,0,,,0,,0,,,0,,,,True,20260911,5000,artifact/task-cluster percentile 95%; degenerate intervals are not population certainty
CODE,original_8k_old_scorer,google/gemma-2-9b-it,11c9b309abf73637e4b6f9a3fa1e92e615547819,immediate_readout,original,bare,smoke,all_valid,code_acceptance,all,3,3,1,2,0,0.62962962962962965,3,0,1,3.3333333333333335,3,0,9,1,1,1,1,1,1,1,1,1,1,0,1,0,0,0,1,1,0,True,20260911,5000,artifact/task-cluster percentile 95%; degenerate intervals are not population certainty
CODE,original_8k_old_scorer,google/gemma-2-9b-it,11c9b309abf73637e4b6f9a3fa1e92e615547819,immediate_readout,original,bare,smoke,all_valid,code_acceptance,nontrivial,1,1,1,0,0,0.88888888888888884,1,0.88888888888888884,0.88888888888888884,1,1,1,1,1,1,1,1,1,1,1,1,1,1,0,1,0,0,0,1,1,0,True,20260911,5000,artifact/task-cluster percentile 95%; degenerate intervals are not population certainty
CODE,original_8k_old_scorer,google/gemma-2-9b-it,11c9b309abf73637e4b6f9a3fa1e92e615547819,immediate_readout,original,bare,smoke,all_valid,code_acceptance,all_pass,2,2,0,2,0,0.5,2,0,1,4.5,2,0,9,,0,,,0,,0,,,0,,0,,,0,1,1,,True,20260911,5000,artifact/task-cluster percentile 95%; degenerate intervals are not population certainty
CODE,original_8k_old_scorer,google/gemma-2-9b-it,11c9b309abf73637e4b6f9a3fa1e92e615547819,immediate_readout,original,bare,smoke,all_valid,code_acceptance,all_fail,0,0,0,0,0,,0,,,,0,,,,0,,,0,,0,,,0,,0,,,0,,,,True,20260911,5000,artifact/task-cluster percentile 95%; degenerate intervals are not population certainty
CODE,original_8k_old_scorer,google/gemma-2-9b-it,11c9b309abf73637e4b6f9a3fa1e92e615547819,immediate_readout,original,bare,smoke,all_valid,code_acceptance,partial,0,0,0,0,0,,0,,,,0,,,,0,,,0,,0,,,0,,0,,,0,,,,True,20260911,5000,artifact/task-cluster percentile 95%; degenerate intervals are not population certainty
CODE,original_8k_old_scorer,google/gemma-2-9b-it,11c9b309abf73637e4b6f9a3fa1e92e615547819,immediate_readout,original,whitespace_union,main,all_valid,ALL,all,80,80,54,26,0,0.47777777777777769,80,0.3930555555555556,0.56388888888888888,4.3875000000000002,80,3.6000000000000001,5.1749999999999998,0.092592592592592587,54,0.018518518518518517,0.16666666666666666,5,0.037037037037037035,54,0,0.092592592592592587,2,0.055555555555555552,54,0,0.1111111111111111,3,0.38750000000000001,0.34999999999999998,0.59999999999999998,True,20260911,5000,artifact/task-cluster percentile 95%; degenerate intervals are not population certainty
CODE,original_8k_old_scorer,google/gemma-2-9b-it,11c9b309abf73637e4b6f9a3fa1e92e615547819,immediate_readout,original,whitespace_union,main,all_valid,ALL,nontrivial,54,54,54,0,0,0.31687242798353904,54,0.24279835390946503,0.39300411522633738,5.6851851851851851,54,4.9074074074074074,6.4259259259259256,0.092592592592592587,54,0.018518518518518517,0.16666666666666666,5,0.037037037037037035,54,0,0.092592592592592587,2,0.055555555555555552,54,0,0.1111111111111111,3,0.092592592592592587,0.037037037037037035,0.59999999999999998,True,20260911,5000,artifact/task-cluster percentile 95%; degenerate intervals are not population certainty
CODE,original_8k_old_scorer,google/gemma-2-9b-it,11c9b309abf73637e4b6f9a3fa1e92e615547819,immediate_readout,original,whitespace_union,main,all_valid,ALL,all_pass,26,26,0,26,0,0.81196581196581197,26,0.65811965811965811,0.96153846153846156,1.6923076923076923,26,0.34615384615384615,3.0769230769230771,,0,,,0,,0,,,0,,0,,,0,1,1,,True,20260911,5000,artifact/task-cluster percentile 95%; degenerate intervals are not population certainty
CODE,original_8k_old_scorer,google/gemma-2-9b-it,11c9b309abf73637e4b6f9a3fa1e92e615547819,immediate_readout,original,whitespace_union,main,all_valid,ALL,all_fail,0,0,0,0,0,,0,,,,0,,,,0,,,0,,0,,,0,,0,,,0,,,,True,20260911,5000,artifact/task-cluster percentile 95%; degenerate intervals are not population certainty
CODE,original_8k_old_scorer,google/gemma-2-9b-it,11c9b309abf73637e4b6f9a3fa1e92e615547819,immediate_readout,original,whitespace_union,main,all_valid,ALL,partial,23,23,23,0,0,0.47342995169082125,23,0.36231884057971009,0.58454106280193241,4.7826086956521738,23,3.7826086956521738,5.7826086956521738,0.13043478260869565,23,0,0.2608695652173913,3,0.043478260869565216,23,0,0.13043478260869565,1,0.086956521739130432,23,0,0.21739130434782608,2,0.13043478260869565,0.043478260869565216,0.66666666666666663,True,20260911,5000,artifact/task-cluster percentile 95%; degenerate intervals are not population certainty
CODE,original_8k_old_scorer,google/gemma-2-9b-it,11c9b309abf73637e4b6f9a3fa1e92e615547819,immediate_readout,original,whitespace_union,main,all_valid,code_acceptance,all,80,80,54,26,0,0.47777777777777769,80,0.3930555555555556,0.56388888888888888,4.3875000000000002,80,3.6000000000000001,5.1749999999999998,0.092592592592592587,54,0.018518518518518517,0.16666666666666666,5,0.037037037037037035,54,0,0.092592592592592587,2,0.055555555555555552,54,0,0.1111111111111111,3,0.38750000000000001,0.34999999999999998,0.59999999999999998,True,20260911,5000,artifact/task-cluster percentile 95%; degenerate intervals are not population certainty
CODE,original_8k_old_scorer,google/gemma-2-9b-it,11c9b309abf73637e4b6f9a3fa1e92e615547819,immediate_readout,original,whitespace_union,main,all_valid,code_acceptance,nontrivial,54,54,54,0,0,0.31687242798353904,54,0.24279835390946503,0.39300411522633738,5.6851851851851851,54,4.9074074074074074,6.4259259259259256,0.092592592592592587,54,0.018518518518518517,0.16666666666666666,5,0.037037037037037035,54,0,0.092592592592592587,2,0.055555555555555552,54,0,0.1111111111111111,3,0.092592592592592587,0.037037037037037035,0.59999999999999998,True,20260911,5000,artifact/task-cluster percentile 95%; degenerate intervals are not population certainty
CODE,original_8k_old_scorer,google/gemma-2-9b-it,11c9b309abf73637e4b6f9a3fa1e92e615547819,immediate_readout,original,whitespace_union,main,all_valid,code_acceptance,all_pass,26,26,0,26,0,0.81196581196581197,26,0.65811965811965811,0.96153846153846156,1.6923076923076923,26,0.34615384615384615,3.0769230769230771,,0,,,0,,0,,,0,,0,,,0,1,1,,True,20260911,5000,artifact/task-cluster percentile 95%; degenerate intervals are not population certainty
CODE,original_8k_old_scorer,google/gemma-2-9b-it,11c9b309abf73637e4b6f9a3fa1e92e615547819,immediate_readout,original,whitespace_union,main,all_valid,code_acceptance,all_fail,0,0,0,0,0,,0,,,,0,,,,0,,,0,,0,,,0,,0,,,0,,,,True,20260911,5000,artifact/task-cluster percentile 95%; degenerate intervals are not population certainty
CODE,original_8k_old_scorer,google/gemma-2-9b-it,11c9b309abf73637e4b6f9a3fa1e92e615547819,immediate_readout,original,whitespace_union,main,all_valid,code_acceptance,partial,23,23,23,0,0,0.47342995169082125,23,0.36231884057971009,0.58454106280193241,4.7826086956521738,23,3.7826086956521738,5.7826086956521738,0.13043478260869565,23,0,0.2608695652173913,3,0.043478260869565216,23,0,0.13043478260869565,1,0.086956521739130432,23,0,0.21739130434782608,2,0.13043478260869565,0.043478260869565216,0.66666666666666663,True,20260911,5000,artifact/task-cluster percentile 95%; degenerate intervals are not population certainty
CODE,original_8k_old_scorer,google/gemma-2-9b-it,11c9b309abf73637e4b6f9a3fa1e92e615547819,immediate_readout,original,whitespace_union,smoke,all_valid,ALL,all,3,3,1,2,0,0.62962962962962965,3,0,1,3.3333333333333335,3,0,9,1,1,1,1,1,1,1,1,1,1,0,1,0,0,0,1,1,0,True,20260911,5000,artifact/task-cluster percentile 95%; degenerate intervals are not population certainty
CODE,original_8k_old_scorer,google/gemma-2-9b-it,11c9b309abf73637e4b6f9a3fa1e92e615547819,immediate_readout,original,whitespace_union,smoke,all_valid,ALL,nontrivial,1,1,1,0,0,0.88888888888888884,1,0.88888888888888884,0.88888888888888884,1,1,1,1,1,1,1,1,1,1,1,1,1,1,0,1,0,0,0,1,1,0,True,20260911,5000,artifact/task-cluster percentile 95%; degenerate intervals are not population certainty
CODE,original_8k_old_scorer,google/gemma-2-9b-it,11c9b309abf73637e4b6f9a3fa1e92e615547819,immediate_readout,original,whitespace_union,smoke,all_valid,ALL,all_pass,2,2,0,2,0,0.5,2,0,1,4.5,2,0,9,,0,,,0,,0,,,0,,0,,,0,1,1,,True,20260911,5000,artifact/task-cluster percentile 95%; degenerate intervals are not population certainty
CODE,original_8k_old_scorer,google/gemma-2-9b-it,11c9b309abf73637e4b6f9a3fa1e92e615547819,immediate_readout,original,whitespace_union,smoke,all_valid,ALL,all_fail,0,0,0,0,0,,0,,,,0,,,,0,,,0,,0,,,0,,0,,,0,,,,True,20260911,5000,artifact/task-cluster percentile 95%; degenerate intervals are not population certainty
CODE,original_8k_old_scorer,google/gemma-2-9b-it,11c9b309abf73637e4b6f9a3fa1e92e615547819,immediate_readout,original,whitespace_union,smoke,all_valid,ALL,partial,0,0,0,0,0,,0,,,,0,,,,0,,,0,,0,,,0,,0,,,0,,,,True,20260911,5000,artifact/task-cluster percentile 95%; degenerate intervals are not population certainty
CODE,original_8k_old_scorer,google/gemma-2-9b-it,11c9b309abf73637e4b6f9a3fa1e92e615547819,immediate_readout,original,whitespace_union,smoke,all_valid,code_acceptance,all,3,3,1,2,0,0.62962962962962965,3,0,1,3.3333333333333335,3,0,9,1,1,1,1,1,1,1,1,1,1,0,1,0,0,0,1,1,0,True,20260911,5000,artifact/task-cluster percentile 95%; degenerate intervals are not population certainty
CODE,original_8k_old_scorer,google/gemma-2-9b-it,11c9b309abf73637e4b6f9a3fa1e92e615547819,immediate_readout,original,whitespace_union,smoke,all_valid,code_acceptance,nontrivial,1,1,1,0,0,0.88888888888888884,1,0.88888888888888884,0.88888888888888884,1,1,1,1,1,1,1,1,1,1,1,1,1,1,0,1,0,0,0,1,1,0,True,20260911,5000,artifact/task-cluster percentile 95%; degenerate intervals are not population certainty
CODE,original_8k_old_scorer,google/gemma-2-9b-it,11c9b309abf73637e4b6f9a3fa1e92e615547819,immediate_readout,original,whitespace_union,smoke,all_valid,code_acceptance,all_pass,2,2,0,2,0,0.5,2,0,1,4.5,2,0,9,,0,,,0,,0,,,0,,0,,,0,1,1,,True,20260911,5000,artifact/task-cluster percentile 95%; degenerate intervals are not population certainty
CODE,original_8k_old_scorer,google/gemma-2-9b-it,11c9b309abf73637e4b6f9a3fa1e92e615547819,immediate_readout,original,whitespace_union,smoke,all_valid,code_acceptance,all_fail,0,0,0,0,0,,0,,,,0,,,,0,,,0,,0,,,0,,0,,,0,,,,True,20260911,5000,artifact/task-cluster percentile 95%; degenerate intervals are not population certainty
CODE,original_8k_old_scorer,google/gemma-2-9b-it,11c9b309abf73637e4b6f9a3fa1e92e615547819,immediate_readout,original,whitespace_union,smoke,all_valid,code_acceptance,partial,0,0,0,0,0,,0,,,,0,,,,0,,,0,,0,,,0,,0,,,0,,,,True,20260911,5000,artifact/task-cluster percentile 95%; degenerate intervals are not population certainty
CODE,original_8k_old_scorer,meta-llama/Llama-3.1-8B-Instruct,0e9e39f249a16976918f6564b8830bc894c89659,immediate_readout,explicit,bare,main,all_valid,ALL,all,80,80,54,26,0,0.54722222222222217,80,0.47499999999999998,0.61805555555555558,3.7875000000000001,80,3.0625,4.5125000000000002,0.7592592592592593,54,0.64814814814814814,0.87037037037037035,41,0.66666666666666663,54,0.53703703703703709,0.79629629629629628,36,0.092592592592592587,54,0.018518518518518517,0.16666666666666666,5,0.83750000000000002,0.77500000000000002,0.12195121951219512,True,20260911,5000,artifact/task-cluster percentile 95%; degenerate intervals are not population certainty
CODE,original_8k_old_scorer,meta-llama/Llama-3.1-8B-Instruct,0e9e39f249a16976918f6564b8830bc894c89659,immediate_readout,explicit,bare,main,all_valid,ALL,nontrivial,54,54,54,0,0,0.46090534979423869,54,0.38271604938271614,0.54115226337448563,4.0185185185185182,54,3.1666666666666665,4.8518518518518521,0.7592592592592593,54,0.64814814814814814,0.87037037037037035,41,0.66666666666666663,54,0.53703703703703709,0.79629629629629628,36,0.092592592592592587,54,0.018518518518518517,0.16666666666666666,5,0.7592592592592593,0.66666666666666663,0.12195121951219512,True,20260911,5000,artifact/task-cluster percentile 95%; degenerate intervals are not population certainty
CODE,original_8k_old_scorer,meta-llama/Llama-3.1-8B-Instruct,0e9e39f249a16976918f6564b8830bc894c89659,immediate_readout,explicit,bare,main,all_valid,ALL,all_pass,26,26,0,26,0,0.72649572649572636,26,0.60683760683760679,0.84188034188034189,3.3076923076923075,26,2,4.615384615384615,,0,,,0,,0,,,0,,0,,,0,1,1,,True,20260911,5000,artifact/task-cluster percentile 95%; degenerate intervals are not population certainty
CODE,original_8k_old_scorer,meta-llama/Llama-3.1-8B-Instruct,0e9e39f249a16976918f6564b8830bc894c89659,immediate_readout,explicit,bare,main,all_valid,ALL,all_fail,0,0,0,0,0,,0,,,,0,,,,0,,,0,,0,,,0,,0,,,0,,,,True,20260911,5000,artifact/task-cluster percentile 95%; degenerate intervals are not population certainty
CODE,original_8k_old_scorer,meta-llama/Llama-3.1-8B-Instruct,0e9e39f249a16976918f6564b8830bc894c89659,immediate_readout,explicit,bare,main,all_valid,ALL,partial,23,23,23,0,0,0.59903381642512077,23,0.50724637681159412,0.68599033816425137,3.0434782608695654,23,2.0869565217391304,4.0434782608695654,0.43478260869565216,23,0.2608695652173913,0.65217391304347827,10,0.2608695652173913,23,0.086956521739130432,0.43478260869565216,6,0.17391304347826086,23,0.043478260869565216,0.34782608695652173,4,0.43478260869565216,0.2608695652173913,0.40000000000000002,True,20260911,5000,artifact/task-cluster percentile 95%; degenerate intervals are not population certainty
CODE,original_8k_old_scorer,meta-llama/Llama-3.1-8B-Instruct,0e9e39f249a16976918f6564b8830bc894c89659,immediate_readout,explicit,bare,main,all_valid,code_acceptance,all,80,80,54,26,0,0.54722222222222217,80,0.47499999999999998,0.61805555555555558,3.7875000000000001,80,3.0625,4.5125000000000002,0.7592592592592593,54,0.64814814814814814,0.87037037037037035,41,0.66666666666666663,54,0.53703703703703709,0.79629629629629628,36,0.092592592592592587,54,0.018518518518518517,0.16666666666666666,5,0.83750000000000002,0.77500000000000002,0.12195121951219512,True,20260911,5000,artifact/task-cluster percentile 95%; degenerate intervals are not population certainty
CODE,original_8k_old_scorer,meta-llama/Llama-3.1-8B-Instruct,0e9e39f249a16976918f6564b8830bc894c89659,immediate_readout,explicit,bare,main,all_valid,code_acceptance,nontrivial,54,54,54,0,0,0.46090534979423869,54,0.38271604938271614,0.54115226337448563,4.0185185185185182,54,3.1666666666666665,4.8518518518518521,0.7592592592592593,54,0.64814814814814814,0.87037037037037035,41,0.66666666666666663,54,0.53703703703703709,0.79629629629629628,36,0.092592592592592587,54,0.018518518518518517,0.16666666666666666,5,0.7592592592592593,0.66666666666666663,0.12195121951219512,True,20260911,5000,artifact/task-cluster percentile 95%; degenerate intervals are not population certainty
CODE,original_8k_old_scorer,meta-llama/Llama-3.1-8B-Instruct,0e9e39f249a16976918f6564b8830bc894c89659,immediate_readout,explicit,bare,main,all_valid,code_acceptance,all_pass,26,26,0,26,0,0.72649572649572636,26,0.60683760683760679,0.84188034188034189,3.3076923076923075,26,2,4.615384615384615,,0,,,0,,0,,,0,,0,,,0,1,1,,True,20260911,5000,artifact/task-cluster percentile 95%; degenerate intervals are not population certainty
CODE,original_8k_old_scorer,meta-llama/Llama-3.1-8B-Instruct,0e9e39f249a16976918f6564b8830bc894c89659,immediate_readout,explicit,bare,main,all_valid,code_acceptance,all_fail,0,0,0,0,0,,0,,,,0,,,,0,,,0,,0,,,0,,0,,,0,,,,True,20260911,5000,artifact/task-cluster percentile 95%; degenerate intervals are not population certainty
CODE,original_8k_old_scorer,meta-llama/Llama-3.1-8B-Instruct,0e9e39f249a16976918f6564b8830bc894c89659,immediate_readout,explicit,bare,main,all_valid,code_acceptance,partial,23,23,23,0,0,0.59903381642512077,23,0.50724637681159412,0.68599033816425137,3.0434782608695654,23,2.0869565217391304,4.0434782608695654,0.43478260869565216,23,0.2608695652173913,0.65217391304347827,10,0.2608695652173913,23,0.086956521739130432,0.43478260869565216,6,0.17391304347826086,23,0.043478260869565216,0.34782608695652173,4,0.43478260869565216,0.2608695652173913,0.40000000000000002,True,20260911,5000,artifact/task-cluster percentile 95%; degenerate intervals are not population certainty
CODE,original_8k_old_scorer,meta-llama/Llama-3.1-8B-Instruct,0e9e39f249a16976918f6564b8830bc894c89659,immediate_readout,explicit,bare,smoke,all_valid,ALL,all,3,3,1,2,0,0.59259259259259256,3,0.33333333333333331,1,5,3,0,8,1,1,1,1,1,1,1,1,1,1,0,1,0,0,0,1,1,0,True,20260911,5000,artifact/task-cluster percentile 95%; degenerate intervals are not population certainty
CODE,original_8k_old_scorer,meta-llama/Llama-3.1-8B-Instruct,0e9e39f249a16976918f6564b8830bc894c89659,immediate_readout,explicit,bare,smoke,all_valid,ALL,nontrivial,1,1,1,0,0,1,1,1,1,0,1,0,0,1,1,1,1,1,1,1,1,1,1,0,1,0,0,0,1,1,0,True,20260911,5000,artifact/task-cluster percentile 95%; degenerate intervals are not population certainty
CODE,original_8k_old_scorer,meta-llama/Llama-3.1-8B-Instruct,0e9e39f249a16976918f6564b8830bc894c89659,immediate_readout,explicit,bare,smoke,all_valid,ALL,all_pass,2,2,0,2,0,0.38888888888888884,2,0.33333333333333331,0.44444444444444442,7.5,2,7,8,,0,,,0,,0,,,0,,0,,,0,1,1,,True,20260911,5000,artifact/task-cluster percentile 95%; degenerate intervals are not population certainty
CODE,original_8k_old_scorer,meta-llama/Llama-3.1-8B-Instruct,0e9e39f249a16976918f6564b8830bc894c89659,immediate_readout,explicit,bare,smoke,all_valid,ALL,all_fail,0,0,0,0,0,,0,,,,0,,,,0,,,0,,0,,,0,,0,,,0,,,,True,20260911,5000,artifact/task-cluster percentile 95%; degenerate intervals are not population certainty
CODE,original_8k_old_scorer,meta-llama/Llama-3.1-8B-Instruct,0e9e39f249a16976918f6564b8830bc894c89659,immediate_readout,explicit,bare,smoke,all_valid,ALL,partial,0,0,0,0,0,,0,,,,0,,,,0,,,0,,0,,,0,,0,,,0,,,,True,20260911,5000,artifact/task-cluster percentile 95%; degenerate intervals are not population certainty
CODE,original_8k_old_scorer,meta-llama/Llama-3.1-8B-Instruct,0e9e39f249a16976918f6564b8830bc894c89659,immediate_readout,explicit,bare,smoke,all_valid,code_acceptance,all,3,3,1,2,0,0.59259259259259256,3,0.33333333333333331,1,5,3,0,8,1,1,1,1,1,1,1,1,1,1,0,1,0,0,0,1,1,0,True,20260911,5000,artifact/task-cluster percentile 95%; degenerate intervals are not population certainty
CODE,original_8k_old_scorer,meta-llama/Llama-3.1-8B-Instruct,0e9e39f249a16976918f6564b8830bc894c89659,immediate_readout,explicit,bare,smoke,all_valid,code_acceptance,nontrivial,1,1,1,0,0,1,1,1,1,0,1,0,0,1,1,1,1,1,1,1,1,1,1,0,1,0,0,0,1,1,0,True,20260911,5000,artifact/task-cluster percentile 95%; degenerate intervals are not population certainty
CODE,original_8k_old_scorer,meta-llama/Llama-3.1-8B-Instruct,0e9e39f249a16976918f6564b8830bc894c89659,immediate_readout,explicit,bare,smoke,all_valid,code_acceptance,all_pass,2,2,0,2,0,0.38888888888888884,2,0.33333333333333331,0.44444444444444442,7.5,2,7,8,,0,,,0,,0,,,0,,0,,,0,1,1,,True,20260911,5000,artifact/task-cluster percentile 95%; degenerate intervals are not population certainty
CODE,original_8k_old_scorer,meta-llama/Llama-3.1-8B-Instruct,0e9e39f249a16976918f6564b8830bc894c89659,immediate_readout,explicit,bare,smoke,all_valid,code_acceptance,all_fail,0,0,0,0,0,,0,,,,0,,,,0,,,0,,0,,,0,,0,,,0,,,,True,20260911,5000,artifact/task-cluster percentile 95%; degenerate intervals are not population certainty
CODE,original_8k_old_scorer,meta-llama/Llama-3.1-8B-Instruct,0e9e39f249a16976918f6564b8830bc894c89659,immediate_readout,explicit,bare,smoke,all_valid,code_acceptance,partial,0,0,0,0,0,,0,,,,0,,,,0,,,0,,0,,,0,,0,,,0,,,,True,20260911,5000,artifact/task-cluster percentile 95%; degenerate intervals are not population certainty
CODE,original_8k_old_scorer,meta-llama/Llama-3.1-8B-Instruct,0e9e39f249a16976918f6564b8830bc894c89659,immediate_readout,explicit,whitespace_union,main,all_valid,ALL,all,80,80,54,26,0,0.5541666666666667,80,0.47916666666666663,0.62916666666666665,3.6749999999999998,80,2.9500000000000002,4.4000000000000004,0.79629629629629628,54,0.68518518518518523,0.88935185185184507,43,0.68518518518518523,54,0.55555555555555558,0.79629629629629628,37,0.1111111111111111,54,0.037037037037037035,0.20370370370370369,6,0.86250000000000004,0.78749999999999998,0.13953488372093023,True,20260911,5000,artifact/task-cluster percentile 95%; degenerate intervals are not population certainty
CODE,original_8k_old_scorer,meta-llama/Llama-3.1-8B-Instruct,0e9e39f249a16976918f6564b8830bc894c89659,immediate_readout,explicit,whitespace_union,main,all_valid,ALL,nontrivial,54,54,54,0,0,0.51028806584362141,54,0.42592592592592593,0.59465020576131689,3.6481481481481484,54,2.8148148148148149,4.4814814814814818,0.79629629629629628,54,0.68518518518518523,0.88935185185184507,43,0.68518518518518523,54,0.55555555555555558,0.79629629629629628,37,0.1111111111111111,54,0.037037037037037035,0.20370370370370369,6,0.79629629629629628,0.68518518518518523,0.13953488372093023,True,20260911,5000,artifact/task-cluster percentile 95%; degenerate intervals are not population certainty
CODE,original_8k_old_scorer,meta-llama/Llama-3.1-8B-Instruct,0e9e39f249a16976918f6564b8830bc894c89659,immediate_readout,explicit,whitespace_union,main,all_valid,ALL,all_pass,26,26,0,26,0,0.64529914529914534,26,0.50427350427350437,0.78205128205128205,3.7307692307692308,26,2.3846153846153846,5.115384615384615,,0,,,0,,0,,,0,,0,,,0,1,1,,True,20260911,5000,artifact/task-cluster percentile 95%; degenerate intervals are not population certainty
CODE,original_8k_old_scorer,meta-llama/Llama-3.1-8B-Instruct,0e9e39f249a16976918f6564b8830bc894c89659,immediate_readout,explicit,whitespace_union,main,all_valid,ALL,all_fail,0,0,0,0,0,,0,,,,0,,,,0,,,0,,0,,,0,,0,,,0,,,,True,20260911,5000,artifact/task-cluster percentile 95%; degenerate intervals are not population certainty
CODE,original_8k_old_scorer,meta-llama/Llama-3.1-8B-Instruct,0e9e39f249a16976918f6564b8830bc894c89659,immediate_readout,explicit,whitespace_union,main,all_valid,ALL,partial,23,23,23,0,0,0.59903381642512088,23,0.48792270531400972,0.70531400966183566,3.0869565217391304,23,2.0434782608695654,4.1304347826086953,0.52173913043478259,23,0.30434782608695654,0.73913043478260865,12,0.30434782608695654,23,0.13043478260869565,0.52173913043478259,7,0.21739130434782608,23,0.043478260869565216,0.39130434782608697,5,0.52173913043478259,0.30434782608695654,0.41666666666666669,True,20260911,5000,artifact/task-cluster percentile 95%; degenerate intervals are not population certainty
CODE,original_8k_old_scorer,meta-llama/Llama-3.1-8B-Instruct,0e9e39f249a16976918f6564b8830bc894c89659,immediate_readout,explicit,whitespace_union,main,all_valid,code_acceptance,all,80,80,54,26,0,0.5541666666666667,80,0.47916666666666663,0.62916666666666665,3.6749999999999998,80,2.9500000000000002,4.4000000000000004,0.79629629629629628,54,0.68518518518518523,0.88935185185184507,43,0.68518518518518523,54,0.55555555555555558,0.79629629629629628,37,0.1111111111111111,54,0.037037037037037035,0.20370370370370369,6,0.86250000000000004,0.78749999999999998,0.13953488372093023,True,20260911,5000,artifact/task-cluster percentile 95%; degenerate intervals are not population certainty
CODE,original_8k_old_scorer,meta-llama/Llama-3.1-8B-Instruct,0e9e39f249a16976918f6564b8830bc894c89659,immediate_readout,explicit,whitespace_union,main,all_valid,code_acceptance,nontrivial,54,54,54,0,0,0.51028806584362141,54,0.42592592592592593,0.59465020576131689,3.6481481481481484,54,2.8148148148148149,4.4814814814814818,0.79629629629629628,54,0.68518518518518523,0.88935185185184507,43,0.68518518518518523,54,0.55555555555555558,0.79629629629629628,37,0.1111111111111111,54,0.037037037037037035,0.20370370370370369,6,0.79629629629629628,0.68518518518518523,0.13953488372093023,True,20260911,5000,artifact/task-cluster percentile 95%; degenerate intervals are not population certainty
CODE,original_8k_old_scorer,meta-llama/Llama-3.1-8B-Instruct,0e9e39f249a16976918f6564b8830bc894c89659,immediate_readout,explicit,whitespace_union,main,all_valid,code_acceptance,all_pass,26,26,0,26,0,0.64529914529914534,26,0.50427350427350437,0.78205128205128205,3.7307692307692308,26,2.3846153846153846,5.115384615384615,,0,,,0,,0,,,0,,0,,,0,1,1,,True,20260911,5000,artifact/task-cluster percentile 95%; degenerate intervals are not population certainty
CODE,original_8k_old_scorer,meta-llama/Llama-3.1-8B-Instruct,0e9e39f249a16976918f6564b8830bc894c89659,immediate_readout,explicit,whitespace_union,main,all_valid,code_acceptance,all_fail,0,0,0,0,0,,0,,,,0,,,,0,,,0,,0,,,0,,0,,,0,,,,True,20260911,5000,artifact/task-cluster percentile 95%; degenerate intervals are not population certainty
CODE,original_8k_old_scorer,meta-llama/Llama-3.1-8B-Instruct,0e9e39f249a16976918f6564b8830bc894c89659,immediate_readout,explicit,whitespace_union,main,all_valid,code_acceptance,partial,23,23,23,0,0,0.59903381642512088,23,0.48792270531400972,0.70531400966183566,3.0869565217391304,23,2.0434782608695654,4.1304347826086953,0.52173913043478259,23,0.30434782608695654,0.73913043478260865,12,0.30434782608695654,23,0.13043478260869565,0.52173913043478259,7,0.21739130434782608,23,0.043478260869565216,0.39130434782608697,5,0.52173913043478259,0.30434782608695654,0.41666666666666669,True,20260911,5000,artifact/task-cluster percentile 95%; degenerate intervals are not population certainty
CODE,original_8k_old_scorer,meta-llama/Llama-3.1-8B-Instruct,0e9e39f249a16976918f6564b8830bc894c89659,immediate_readout,explicit,whitespace_union,smoke,all_valid,ALL,all,3,3,1,2,0,0.51851851851851849,3,0.22222222222222221,1,5,3,0,8,1,1,1,1,1,1,1,1,1,1,0,1,0,0,0,1,1,0,True,20260911,5000,artifact/task-cluster percentile 95%; degenerate intervals are not population certainty
CODE,original_8k_old_scorer,meta-llama/Llama-3.1-8B-Instruct,0e9e39f249a16976918f6564b8830bc894c89659,immediate_readout,explicit,whitespace_union,smoke,all_valid,ALL,nontrivial,1,1,1,0,0,1,1,1,1,0,1,0,0,1,1,1,1,1,1,1,1,1,1,0,1,0,0,0,1,1,0,True,20260911,5000,artifact/task-cluster percentile 95%; degenerate intervals are not population certainty
CODE,original_8k_old_scorer,meta-llama/Llama-3.1-8B-Instruct,0e9e39f249a16976918f6564b8830bc894c89659,immediate_readout,explicit,whitespace_union,smoke,all_valid,ALL,all_pass,2,2,0,2,0,0.27777777777777779,2,0.22222222222222221,0.33333333333333331,7.5,2,7,8,,0,,,0,,0,,,0,,0,,,0,1,1,,True,20260911,5000,artifact/task-cluster percentile 95%; degenerate intervals are not population certainty
CODE,original_8k_old_scorer,meta-llama/Llama-3.1-8B-Instruct,0e9e39f249a16976918f6564b8830bc894c89659,immediate_readout,explicit,whitespace_union,smoke,all_valid,ALL,all_fail,0,0,0,0,0,,0,,,,0,,,,0,,,0,,0,,,0,,0,,,0,,,,True,20260911,5000,artifact/task-cluster percentile 95%; degenerate intervals are not population certainty
CODE,original_8k_old_scorer,meta-llama/Llama-3.1-8B-Instruct,0e9e39f249a16976918f6564b8830bc894c89659,immediate_readout,explicit,whitespace_union,smoke,all_valid,ALL,partial,0,0,0,0,0,,0,,,,0,,,,0,,,0,,0,,,0,,0,,,0,,,,True,20260911,5000,artifact/task-cluster percentile 95%; degenerate intervals are not population certainty
CODE,original_8k_old_scorer,meta-llama/Llama-3.1-8B-Instruct,0e9e39f249a16976918f6564b8830bc894c89659,immediate_readout,explicit,whitespace_union,smoke,all_valid,code_acceptance,all,3,3,1,2,0,0.51851851851851849,3,0.22222222222222221,1,5,3,0,8,1,1,1,1,1,1,1,1,1,1,0,1,0,0,0,1,1,0,True,20260911,5000,artifact/task-cluster percentile 95%; degenerate intervals are not population certainty
CODE,original_8k_old_scorer,meta-llama/Llama-3.1-8B-Instruct,0e9e39f249a16976918f6564b8830bc894c89659,immediate_readout,explicit,whitespace_union,smoke,all_valid,code_acceptance,nontrivial,1,1,1,0,0,1,1,1,1,0,1,0,0,1,1,1,1,1,1,1,1,1,1,0,1,0,0,0,1,1,0,True,20260911,5000,artifact/task-cluster percentile 95%; degenerate intervals are not population certainty
CODE,original_8k_old_scorer,meta-llama/Llama-3.1-8B-Instruct,0e9e39f249a16976918f6564b8830bc894c89659,immediate_readout,explicit,whitespace_union,smoke,all_valid,code_acceptance,all_pass,2,2,0,2,0,0.27777777777777779,2,0.22222222222222221,0.33333333333333331,7.5,2,7,8,,0,,,0,,0,,,0,,0,,,0,1,1,,True,20260911,5000,artifact/task-cluster percentile 95%; degenerate intervals are not population certainty
CODE,original_8k_old_scorer,meta-llama/Llama-3.1-8B-Instruct,0e9e39f249a16976918f6564b8830bc894c89659,immediate_readout,explicit,whitespace_union,smoke,all_valid,code_acceptance,all_fail,0,0,0,0,0,,0,,,,0,,,,0,,,0,,0,,,0,,0,,,0,,,,True,20260911,5000,artifact/task-cluster percentile 95%; degenerate intervals are not population certainty
CODE,original_8k_old_scorer,meta-llama/Llama-3.1-8B-Instruct,0e9e39f249a16976918f6564b8830bc894c89659,immediate_readout,explicit,whitespace_union,smoke,all_valid,code_acceptance,partial,0,0,0,0,0,,0,,,,0,,,,0,,,0,,0,,,0,,0,,,0,,,,True,20260911,5000,artifact/task-cluster percentile 95%; degenerate intervals are not population certainty
CODE,original_8k_old_scorer,meta-llama/Llama-3.1-8B-Instruct,0e9e39f249a16976918f6564b8830bc894c89659,immediate_readout,original,bare,main,all_valid,ALL,all,80,80,54,26,0,0.57222222222222219,80,0.48888888888888893,0.6513888888888888,4.3499999999999996,80,3.5625,5.1500000000000004,0,54,0,0,0,0,54,0,0,0,0,54,0,0,0,0.32500000000000001,0.32500000000000001,,True,20260911,5000,artifact/task-cluster percentile 95%; degenerate intervals are not population certainty
CODE,original_8k_old_scorer,meta-llama/Llama-3.1-8B-Instruct,0e9e39f249a16976918f6564b8830bc894c89659,immediate_readout,original,bare,main,all_valid,ALL,nontrivial,54,54,54,0,0,0.50617283950617287,54,0.41152263374485593,0.5967078189300411,3.1111111111111112,54,2.4074074074074074,3.8703703703703702,0,54,0,0,0,0,54,0,0,0,0,54,0,0,0,0,0,,True,20260911,5000,artifact/task-cluster percentile 95%; degenerate intervals are not population certainty
CODE,original_8k_old_scorer,meta-llama/Llama-3.1-8B-Instruct,0e9e39f249a16976918f6564b8830bc894c89659,immediate_readout,original,bare,main,all_valid,ALL,all_pass,26,26,0,26,0,0.70940170940170932,26,0.5641025641025641,0.83771367521367368,6.9230769230769234,26,5.5384615384615383,8.3076923076923084,,0,,,0,,0,,,0,,0,,,0,1,1,,True,20260911,5000,artifact/task-cluster percentile 95%; degenerate intervals are not population certainty
CODE,original_8k_old_scorer,meta-llama/Llama-3.1-8B-Instruct,0e9e39f249a16976918f6564b8830bc894c89659,immediate_readout,original,bare,main,all_valid,ALL,all_fail,0,0,0,0,0,,0,,,,0,,,,0,,,0,,0,,,0,,0,,,0,,,,True,20260911,5000,artifact/task-cluster percentile 95%; degenerate intervals are not population certainty
CODE,original_8k_old_scorer,meta-llama/Llama-3.1-8B-Instruct,0e9e39f249a16976918f6564b8830bc894c89659,immediate_readout,original,bare,main,all_valid,ALL,partial,23,23,23,0,0,0.35265700483091778,23,0.2657004830917874,0.44444444444444425,5.6521739130434785,23,4.7391304347826084,6.5217391304347823,0,23,0,0,0,0,23,0,0,0,0,23,0,0,0,0,0,,True,20260911,5000,artifact/task-cluster percentile 95%; degenerate intervals are not population certainty
CODE,original_8k_old_scorer,meta-llama/Llama-3.1-8B-Instruct,0e9e39f249a16976918f6564b8830bc894c89659,immediate_readout,original,bare,main,all_valid,code_acceptance,all,80,80,54,26,0,0.57222222222222219,80,0.48888888888888893,0.6513888888888888,4.3499999999999996,80,3.5625,5.1500000000000004,0,54,0,0,0,0,54,0,0,0,0,54,0,0,0,0.32500000000000001,0.32500000000000001,,True,20260911,5000,artifact/task-cluster percentile 95%; degenerate intervals are not population certainty
CODE,original_8k_old_scorer,meta-llama/Llama-3.1-8B-Instruct,0e9e39f249a16976918f6564b8830bc894c89659,immediate_readout,original,bare,main,all_valid,code_acceptance,nontrivial,54,54,54,0,0,0.50617283950617287,54,0.41152263374485593,0.5967078189300411,3.1111111111111112,54,2.4074074074074074,3.8703703703703702,0,54,0,0,0,0,54,0,0,0,0,54,0,0,0,0,0,,True,20260911,5000,artifact/task-cluster percentile 95%; degenerate intervals are not population certainty
CODE,original_8k_old_scorer,meta-llama/Llama-3.1-8B-Instruct,0e9e39f249a16976918f6564b8830bc894c89659,immediate_readout,original,bare,main,all_valid,code_acceptance,all_pass,26,26,0,26,0,0.70940170940170932,26,0.5641025641025641,0.83771367521367368,6.9230769230769234,26,5.5384615384615383,8.3076923076923084,,0,,,0,,0,,,0,,0,,,0,1,1,,True,20260911,5000,artifact/task-cluster percentile 95%; degenerate intervals are not population certainty
CODE,original_8k_old_scorer,meta-llama/Llama-3.1-8B-Instruct,0e9e39f249a16976918f6564b8830bc894c89659,immediate_readout,original,bare,main,all_valid,code_acceptance,all_fail,0,0,0,0,0,,0,,,,0,,,,0,,,0,,0,,,0,,0,,,0,,,,True,20260911,5000,artifact/task-cluster percentile 95%; degenerate intervals are not population certainty
CODE,original_8k_old_scorer,meta-llama/Llama-3.1-8B-Instruct,0e9e39f249a16976918f6564b8830bc894c89659,immediate_readout,original,bare,main,all_valid,code_acceptance,partial,23,23,23,0,0,0.35265700483091778,23,0.2657004830917874,0.44444444444444425,5.6521739130434785,23,4.7391304347826084,6.5217391304347823,0,23,0,0,0,0,23,0,0,0,0,23,0,0,0,0,0,,True,20260911,5000,artifact/task-cluster percentile 95%; degenerate intervals are not population certainty
CODE,original_8k_old_scorer,meta-llama/Llama-3.1-8B-Instruct,0e9e39f249a16976918f6564b8830bc894c89659,immediate_readout,original,bare,smoke,all_valid,ALL,all,3,3,1,2,0,0.37037037037037041,3,0,1,3.3333333333333335,3,0,9,0,1,0,0,0,0,1,0,0,0,0,1,0,0,0,0.66666666666666663,0.66666666666666663,,True,20260911,5000,artifact/task-cluster percentile 95%; degenerate intervals are not population certainty
CODE,original_8k_old_scorer,meta-llama/Llama-3.1-8B-Instruct,0e9e39f249a16976918f6564b8830bc894c89659,immediate_readout,original,bare,smoke,all_valid,ALL,nontrivial,1,1,1,0,0,0.1111111111111111,1,0.1111111111111111,0.1111111111111111,1,1,1,1,0,1,0,0,0,0,1,0,0,0,0,1,0,0,0,0,0,,True,20260911,5000,artifact/task-cluster percentile 95%; degenerate intervals are not population certainty
CODE,original_8k_old_scorer,meta-llama/Llama-3.1-8B-Instruct,0e9e39f249a16976918f6564b8830bc894c89659,immediate_readout,original,bare,smoke,all_valid,ALL,all_pass,2,2,0,2,0,0.5,2,0,1,4.5,2,0,9,,0,,,0,,0,,,0,,0,,,0,1,1,,True,20260911,5000,artifact/task-cluster percentile 95%; degenerate intervals are not population certainty
CODE,original_8k_old_scorer,meta-llama/Llama-3.1-8B-Instruct,0e9e39f249a16976918f6564b8830bc894c89659,immediate_readout,original,bare,smoke,all_valid,ALL,all_fail,0,0,0,0,0,,0,,,,0,,,,0,,,0,,0,,,0,,0,,,0,,,,True,20260911,5000,artifact/task-cluster percentile 95%; degenerate intervals are not population certainty
CODE,original_8k_old_scorer,meta-llama/Llama-3.1-8B-Instruct,0e9e39f249a16976918f6564b8830bc894c89659,immediate_readout,original,bare,smoke,all_valid,ALL,partial,0,0,0,0,0,,0,,,,0,,,,0,,,0,,0,,,0,,0,,,0,,,,True,20260911,5000,artifact/task-cluster percentile 95%; degenerate intervals are not population certainty
CODE,original_8k_old_scorer,meta-llama/Llama-3.1-8B-Instruct,0e9e39f249a16976918f6564b8830bc894c89659,immediate_readout,original,bare,smoke,all_valid,code_acceptance,all,3,3,1,2,0,0.37037037037037041,3,0,1,3.3333333333333335,3,0,9,0,1,0,0,0,0,1,0,0,0,0,1,0,0,0,0.66666666666666663,0.66666666666666663,,True,20260911,5000,artifact/task-cluster percentile 95%; degenerate intervals are not population certainty
CODE,original_8k_old_scorer,meta-llama/Llama-3.1-8B-Instruct,0e9e39f249a16976918f6564b8830bc894c89659,immediate_readout,original,bare,smoke,all_valid,code_acceptance,nontrivial,1,1,1,0,0,0.1111111111111111,1,0.1111111111111111,0.1111111111111111,1,1,1,1,0,1,0,0,0,0,1,0,0,0,0,1,0,0,0,0,0,,True,20260911,5000,artifact/task-cluster percentile 95%; degenerate intervals are not population certainty
CODE,original_8k_old_scorer,meta-llama/Llama-3.1-8B-Instruct,0e9e39f249a16976918f6564b8830bc894c89659,immediate_readout,original,bare,smoke,all_valid,code_acceptance,all_pass,2,2,0,2,0,0.5,2,0,1,4.5,2,0,9,,0,,,0,,0,,,0,,0,,,0,1,1,,True,20260911,5000,artifact/task-cluster percentile 95%; degenerate intervals are not population certainty
CODE,original_8k_old_scorer,meta-llama/Llama-3.1-8B-Instruct,0e9e39f249a16976918f6564b8830bc894c89659,immediate_readout,original,bare,smoke,all_valid,code_acceptance,all_fail,0,0,0,0,0,,0,,,,0,,,,0,,,0,,0,,,0,,0,,,0,,,,True,20260911,5000,artifact/task-cluster percentile 95%; degenerate intervals are not population certainty
CODE,original_8k_old_scorer,meta-llama/Llama-3.1-8B-Instruct,0e9e39f249a16976918f6564b8830bc894c89659,immediate_readout,original,bare,smoke,all_valid,code_acceptance,partial,0,0,0,0,0,,0,,,,0,,,,0,,,0,,0,,,0,,0,,,0,,,,True,20260911,5000,artifact/task-cluster percentile 95%; degenerate intervals are not population certainty
CODE,original_8k_old_scorer,meta-llama/Llama-3.1-8B-Instruct,0e9e39f249a16976918f6564b8830bc894c89659,immediate_readout,original,whitespace_union,main,all_valid,ALL,all,80,80,54,26,0,0.56527777777777777,80,0.48472222222222222,0.64027777777777772,4.5750000000000002,80,3.7875000000000001,5.3499999999999996,0,54,0,0,0,0,54,0,0,0,0,54,0,0,0,0.32500000000000001,0.32500000000000001,,True,20260911,5000,artifact/task-cluster percentile 95%; degenerate intervals are not population certainty
CODE,original_8k_old_scorer,meta-llama/Llama-3.1-8B-Instruct,0e9e39f249a16976918f6564b8830bc894c89659,immediate_readout,original,whitespace_union,main,all_valid,ALL,nontrivial,54,54,54,0,0,0.51646090534979427,54,0.42592592592592593,0.60288065843621397,3.1111111111111112,54,2.4074074074074074,3.8703703703703702,0,54,0,0,0,0,54,0,0,0,0,54,0,0,0,0,0,,True,20260911,5000,artifact/task-cluster percentile 95%; degenerate intervals are not population certainty
CODE,original_8k_old_scorer,meta-llama/Llama-3.1-8B-Instruct,0e9e39f249a16976918f6564b8830bc894c89659,immediate_readout,original,whitespace_union,main,all_valid,ALL,all_pass,26,26,0,26,0,0.66666666666666663,26,0.52564102564102566,0.79487179487179493,7.615384615384615,26,6.2307692307692308,8.6538461538461533,,0,,,0,,0,,,0,,0,,,0,1,1,,True,20260911,5000,artifact/task-cluster percentile 95%; degenerate intervals are not population certainty
CODE,original_8k_old_scorer,meta-llama/Llama-3.1-8B-Instruct,0e9e39f249a16976918f6564b8830bc894c89659,immediate_readout,original,whitespace_union,main,all_valid,ALL,all_fail,0,0,0,0,0,,0,,,,0,,,,0,,,0,,0,,,0,,0,,,0,,,,True,20260911,5000,artifact/task-cluster percentile 95%; degenerate intervals are not population certainty
CODE,original_8k_old_scorer,meta-llama/Llama-3.1-8B-Instruct,0e9e39f249a16976918f6564b8830bc894c89659,immediate_readout,original,whitespace_union,main,all_valid,ALL,partial,23,23,23,0,0,0.34299516908212552,23,0.2608695652173913,0.42995169082125584,5.6521739130434785,23,4.7391304347826084,6.5217391304347823,0,23,0,0,0,0,23,0,0,0,0,23,0,0,0,0,0,,True,20260911,5000,artifact/task-cluster percentile 95%; degenerate intervals are not population certainty
CODE,original_8k_old_scorer,meta-llama/Llama-3.1-8B-Instruct,0e9e39f249a16976918f6564b8830bc894c89659,immediate_readout,original,whitespace_union,main,all_valid,code_acceptance,all,80,80,54,26,0,0.56527777777777777,80,0.48472222222222222,0.64027777777777772,4.5750000000000002,80,3.7875000000000001,5.3499999999999996,0,54,0,0,0,0,54,0,0,0,0,54,0,0,0,0.32500000000000001,0.32500000000000001,,True,20260911,5000,artifact/task-cluster percentile 95%; degenerate intervals are not population certainty
CODE,original_8k_old_scorer,meta-llama/Llama-3.1-8B-Instruct,0e9e39f249a16976918f6564b8830bc894c89659,immediate_readout,original,whitespace_union,main,all_valid,code_acceptance,nontrivial,54,54,54,0,0,0.51646090534979427,54,0.42592592592592593,0.60288065843621397,3.1111111111111112,54,2.4074074074074074,3.8703703703703702,0,54,0,0,0,0,54,0,0,0,0,54,0,0,0,0,0,,True,20260911,5000,artifact/task-cluster percentile 95%; degenerate intervals are not population certainty
CODE,original_8k_old_scorer,meta-llama/Llama-3.1-8B-Instruct,0e9e39f249a16976918f6564b8830bc894c89659,immediate_readout,original,whitespace_union,main,all_valid,code_acceptance,all_pass,26,26,0,26,0,0.66666666666666663,26,0.52564102564102566,0.79487179487179493,7.615384615384615,26,6.2307692307692308,8.6538461538461533,,0,,,0,,0,,,0,,0,,,0,1,1,,True,20260911,5000,artifact/task-cluster percentile 95%; degenerate intervals are not population certainty
CODE,original_8k_old_scorer,meta-llama/Llama-3.1-8B-Instruct,0e9e39f249a16976918f6564b8830bc894c89659,immediate_readout,original,whitespace_union,main,all_valid,code_acceptance,all_fail,0,0,0,0,0,,0,,,,0,,,,0,,,0,,0,,,0,,0,,,0,,,,True,20260911,5000,artifact/task-cluster percentile 95%; degenerate intervals are not population certainty
CODE,original_8k_old_scorer,meta-llama/Llama-3.1-8B-Instruct,0e9e39f249a16976918f6564b8830bc894c89659,immediate_readout,original,whitespace_union,main,all_valid,code_acceptance,partial,23,23,23,0,0,0.34299516908212552,23,0.2608695652173913,0.42995169082125584,5.6521739130434785,23,4.7391304347826084,6.5217391304347823,0,23,0,0,0,0,23,0,0,0,0,23,0,0,0,0,0,,True,20260911,5000,artifact/task-cluster percentile 95%; degenerate intervals are not population certainty
CODE,original_8k_old_scorer,meta-llama/Llama-3.1-8B-Instruct,0e9e39f249a16976918f6564b8830bc894c89659,immediate_readout,original,whitespace_union,smoke,all_valid,ALL,all,3,3,1,2,0,0.40740740740740744,3,0,1,3.3333333333333335,3,0,9,0,1,0,0,0,0,1,0,0,0,0,1,0,0,0,0.66666666666666663,0.66666666666666663,,True,20260911,5000,artifact/task-cluster percentile 95%; degenerate intervals are not population certainty
CODE,original_8k_old_scorer,meta-llama/Llama-3.1-8B-Instruct,0e9e39f249a16976918f6564b8830bc894c89659,immediate_readout,original,whitespace_union,smoke,all_valid,ALL,nontrivial,1,1,1,0,0,0.22222222222222221,1,0.22222222222222221,0.22222222222222221,1,1,1,1,0,1,0,0,0,0,1,0,0,0,0,1,0,0,0,0,0,,True,20260911,5000,artifact/task-cluster percentile 95%; degenerate intervals are not population certainty
CODE,original_8k_old_scorer,meta-llama/Llama-3.1-8B-Instruct,0e9e39f249a16976918f6564b8830bc894c89659,immediate_readout,original,whitespace_union,smoke,all_valid,ALL,all_pass,2,2,0,2,0,0.5,2,0,1,4.5,2,0,9,,0,,,0,,0,,,0,,0,,,0,1,1,,True,20260911,5000,artifact/task-cluster percentile 95%; degenerate intervals are not population certainty
CODE,original_8k_old_scorer,meta-llama/Llama-3.1-8B-Instruct,0e9e39f249a16976918f6564b8830bc894c89659,immediate_readout,original,whitespace_union,smoke,all_valid,ALL,all_fail,0,0,0,0,0,,0,,,,0,,,,0,,,0,,0,,,0,,0,,,0,,,,True,20260911,5000,artifact/task-cluster percentile 95%; degenerate intervals are not population certainty
CODE,original_8k_old_scorer,meta-llama/Llama-3.1-8B-Instruct,0e9e39f249a16976918f6564b8830bc894c89659,immediate_readout,original,whitespace_union,smoke,all_valid,ALL,partial,0,0,0,0,0,,0,,,,0,,,,0,,,0,,0,,,0,,0,,,0,,,,True,20260911,5000,artifact/task-cluster percentile 95%; degenerate intervals are not population certainty
CODE,original_8k_old_scorer,meta-llama/Llama-3.1-8B-Instruct,0e9e39f249a16976918f6564b8830bc894c89659,immediate_readout,original,whitespace_union,smoke,all_valid,code_acceptance,all,3,3,1,2,0,0.40740740740740744,3,0,1,3.3333333333333335,3,0,9,0,1,0,0,0,0,1,0,0,0,0,1,0,0,0,0.66666666666666663,0.66666666666666663,,True,20260911,5000,artifact/task-cluster percentile 95%; degenerate intervals are not population certainty
CODE,original_8k_old_scorer,meta-llama/Llama-3.1-8B-Instruct,0e9e39f249a16976918f6564b8830bc894c89659,immediate_readout,original,whitespace_union,smoke,all_valid,code_acceptance,nontrivial,1,1,1,0,0,0.22222222222222221,1,0.22222222222222221,0.22222222222222221,1,1,1,1,0,1,0,0,0,0,1,0,0,0,0,1,0,0,0,0,0,,True,20260911,5000,artifact/task-cluster percentile 95%; degenerate intervals are not population certainty
CODE,original_8k_old_scorer,meta-llama/Llama-3.1-8B-Instruct,0e9e39f249a16976918f6564b8830bc894c89659,immediate_readout,original,whitespace_union,smoke,all_valid,code_acceptance,all_pass,2,2,0,2,0,0.5,2,0,1,4.5,2,0,9,,0,,,0,,0,,,0,,0,,,0,1,1,,True,20260911,5000,artifact/task-cluster percentile 95%; degenerate intervals are not population certainty
CODE,original_8k_old_scorer,meta-llama/Llama-3.1-8B-Instruct,0e9e39f249a16976918f6564b8830bc894c89659,immediate_readout,original,whitespace_union,smoke,all_valid,code_acceptance,all_fail,0,0,0,0,0,,0,,,,0,,,,0,,,0,,0,,,0,,0,,,0,,,,True,20260911,5000,artifact/task-cluster percentile 95%; degenerate intervals are not population certainty
CODE,original_8k_old_scorer,meta-llama/Llama-3.1-8B-Instruct,0e9e39f249a16976918f6564b8830bc894c89659,immediate_readout,original,whitespace_union,smoke,all_valid,code_acceptance,partial,0,0,0,0,0,,0,,,,0,,,,0,,,0,,0,,,0,,0,,,0,,,,True,20260911,5000,artifact/task-cluster percentile 95%; degenerate intervals are not population certainty
CODE,original_8k_old_scorer,mistralai/Mistral-7B-Instruct-v0.3,c170c708c41dac9275d15a8fff4eca08d52bab71,immediate_readout,explicit,bare,main,all_valid,ALL,all,80,80,54,26,0,0.53333333333333333,80,0.44722222222222224,0.61944444444444435,4.1875,80,3.4125000000000001,4.9625000000000004,0.20370370370370369,54,0.1111111111111111,0.31481481481481483,11,0.1111111111111111,54,0.037037037037037035,0.20370370370370369,6,0.092592592592592587,54,0.018518518518518517,0.18518518518518517,5,0.46250000000000002,0.40000000000000002,0.45454545454545453,True,20260911,5000,artifact/task-cluster percentile 95%; degenerate intervals are not population certainty
CODE,original_8k_old_scorer,mistralai/Mistral-7B-Instruct-v0.3,c170c708c41dac9275d15a8fff4eca08d52bab71,immediate_readout,explicit,bare,main,all_valid,ALL,nontrivial,54,54,54,0,0,0.33744855967078186,54,0.25925925925925924,0.41975308641975312,5.9444444444444446,54,5.1851851851851851,6.6481481481481479,0.20370370370370369,54,0.1111111111111111,0.31481481481481483,11,0.1111111111111111,54,0.037037037037037035,0.20370370370370369,6,0.092592592592592587,54,0.018518518518518517,0.18518518518518517,5,0.20370370370370369,0.1111111111111111,0.45454545454545453,True,20260911,5000,artifact/task-cluster percentile 95%; degenerate intervals are not population certainty
CODE,original_8k_old_scorer,mistralai/Mistral-7B-Instruct-v0.3,c170c708c41dac9275d15a8fff4eca08d52bab71,immediate_readout,explicit,bare,main,all_valid,ALL,all_pass,26,26,0,26,0,0.94017094017094016,26,0.84615384615384615,1,0.53846153846153844,26,0,1.3846153846153846,,0,,,0,,0,,,0,,0,,,0,1,1,,True,20260911,5000,artifact/task-cluster percentile 95%; degenerate intervals are not population certainty
CODE,original_8k_old_scorer,mistralai/Mistral-7B-Instruct-v0.3,c170c708c41dac9275d15a8fff4eca08d52bab71,immediate_readout,explicit,bare,main,all_valid,ALL,all_fail,0,0,0,0,0,,0,,,,0,,,,0,,,0,,0,,,0,,0,,,0,,,,True,20260911,5000,artifact/task-cluster percentile 95%; degenerate intervals are not population certainty
CODE,original_8k_old_scorer,mistralai/Mistral-7B-Instruct-v0.3,c170c708c41dac9275d15a8fff4eca08d52bab71,immediate_readout,explicit,bare,main,all_valid,ALL,partial,23,23,23,0,0,0.60869565217391308,23,0.50724637681159412,0.70543478260869408,3.5217391304347827,23,2.6510869565217394,4.4347826086956523,0.21739130434782608,23,0.086956521739130432,0.39130434782608697,5,0.13043478260869565,23,0,0.30434782608695654,3,0.086956521739130432,23,0,0.21739130434782608,2,0.21739130434782608,0.13043478260869565,0.40000000000000002,True,20260911,5000,artifact/task-cluster percentile 95%; degenerate intervals are not population certainty
CODE,original_8k_old_scorer,mistralai/Mistral-7B-Instruct-v0.3,c170c708c41dac9275d15a8fff4eca08d52bab71,immediate_readout,explicit,bare,main,all_valid,code_acceptance,all,80,80,54,26,0,0.53333333333333333,80,0.44722222222222224,0.61944444444444435,4.1875,80,3.4125000000000001,4.9625000000000004,0.20370370370370369,54,0.1111111111111111,0.31481481481481483,11,0.1111111111111111,54,0.037037037037037035,0.20370370370370369,6,0.092592592592592587,54,0.018518518518518517,0.18518518518518517,5,0.46250000000000002,0.40000000000000002,0.45454545454545453,True,20260911,5000,artifact/task-cluster percentile 95%; degenerate intervals are not population certainty
CODE,original_8k_old_scorer,mistralai/Mistral-7B-Instruct-v0.3,c170c708c41dac9275d15a8fff4eca08d52bab71,immediate_readout,explicit,bare,main,all_valid,code_acceptance,nontrivial,54,54,54,0,0,0.33744855967078186,54,0.25925925925925924,0.41975308641975312,5.9444444444444446,54,5.1851851851851851,6.6481481481481479,0.20370370370370369,54,0.1111111111111111,0.31481481481481483,11,0.1111111111111111,54,0.037037037037037035,0.20370370370370369,6,0.092592592592592587,54,0.018518518518518517,0.18518518518518517,5,0.20370370370370369,0.1111111111111111,0.45454545454545453,True,20260911,5000,artifact/task-cluster percentile 95%; degenerate intervals are not population certainty
CODE,original_8k_old_scorer,mistralai/Mistral-7B-Instruct-v0.3,c170c708c41dac9275d15a8fff4eca08d52bab71,immediate_readout,explicit,bare,main,all_valid,code_acceptance,all_pass,26,26,0,26,0,0.94017094017094016,26,0.84615384615384615,1,0.53846153846153844,26,0,1.3846153846153846,,0,,,0,,0,,,0,,0,,,0,1,1,,True,20260911,5000,artifact/task-cluster percentile 95%; degenerate intervals are not population certainty
CODE,original_8k_old_scorer,mistralai/Mistral-7B-Instruct-v0.3,c170c708c41dac9275d15a8fff4eca08d52bab71,immediate_readout,explicit,bare,main,all_valid,code_acceptance,all_fail,0,0,0,0,0,,0,,,,0,,,,0,,,0,,0,,,0,,0,,,0,,,,True,20260911,5000,artifact/task-cluster percentile 95%; degenerate intervals are not population certainty
CODE,original_8k_old_scorer,mistralai/Mistral-7B-Instruct-v0.3,c170c708c41dac9275d15a8fff4eca08d52bab71,immediate_readout,explicit,bare,main,all_valid,code_acceptance,partial,23,23,23,0,0,0.60869565217391308,23,0.50724637681159412,0.70543478260869408,3.5217391304347827,23,2.6510869565217394,4.4347826086956523,0.21739130434782608,23,0.086956521739130432,0.39130434782608697,5,0.13043478260869565,23,0,0.30434782608695654,3,0.086956521739130432,23,0,0.21739130434782608,2,0.21739130434782608,0.13043478260869565,0.40000000000000002,True,20260911,5000,artifact/task-cluster percentile 95%; degenerate intervals are not population certainty
CODE,original_8k_old_scorer,mistralai/Mistral-7B-Instruct-v0.3,c170c708c41dac9275d15a8fff4eca08d52bab71,immediate_readout,explicit,bare,smoke,all_valid,ALL,all,3,3,1,2,0,0.70370370370370372,3,0.1111111111111111,1,2.6666666666666665,3,0,8,1,1,1,1,1,1,1,1,1,1,0,1,0,0,0,1,1,0,True,20260911,5000,artifact/task-cluster percentile 95%; degenerate intervals are not population certainty
CODE,original_8k_old_scorer,mistralai/Mistral-7B-Instruct-v0.3,c170c708c41dac9275d15a8fff4eca08d52bab71,immediate_readout,explicit,bare,smoke,all_valid,ALL,nontrivial,1,1,1,0,0,0.1111111111111111,1,0.1111111111111111,0.1111111111111111,8,1,8,8,1,1,1,1,1,1,1,1,1,1,0,1,0,0,0,1,1,0,True,20260911,5000,artifact/task-cluster percentile 95%; degenerate intervals are not population certainty
CODE,original_8k_old_scorer,mistralai/Mistral-7B-Instruct-v0.3,c170c708c41dac9275d15a8fff4eca08d52bab71,immediate_readout,explicit,bare,smoke,all_valid,ALL,all_pass,2,2,0,2,0,1,2,1,1,0,2,0,0,,0,,,0,,0,,,0,,0,,,0,1,1,,True,20260911,5000,artifact/task-cluster percentile 95%; degenerate intervals are not population certainty
CODE,original_8k_old_scorer,mistralai/Mistral-7B-Instruct-v0.3,c170c708c41dac9275d15a8fff4eca08d52bab71,immediate_readout,explicit,bare,smoke,all_valid,ALL,all_fail,0,0,0,0,0,,0,,,,0,,,,0,,,0,,0,,,0,,0,,,0,,,,True,20260911,5000,artifact/task-cluster percentile 95%; degenerate intervals are not population certainty
CODE,original_8k_old_scorer,mistralai/Mistral-7B-Instruct-v0.3,c170c708c41dac9275d15a8fff4eca08d52bab71,immediate_readout,explicit,bare,smoke,all_valid,ALL,partial,0,0,0,0,0,,0,,,,0,,,,0,,,0,,0,,,0,,0,,,0,,,,True,20260911,5000,artifact/task-cluster percentile 95%; degenerate intervals are not population certainty
CODE,original_8k_old_scorer,mistralai/Mistral-7B-Instruct-v0.3,c170c708c41dac9275d15a8fff4eca08d52bab71,immediate_readout,explicit,bare,smoke,all_valid,code_acceptance,all,3,3,1,2,0,0.70370370370370372,3,0.1111111111111111,1,2.6666666666666665,3,0,8,1,1,1,1,1,1,1,1,1,1,0,1,0,0,0,1,1,0,True,20260911,5000,artifact/task-cluster percentile 95%; degenerate intervals are not population certainty
CODE,original_8k_old_scorer,mistralai/Mistral-7B-Instruct-v0.3,c170c708c41dac9275d15a8fff4eca08d52bab71,immediate_readout,explicit,bare,smoke,all_valid,code_acceptance,nontrivial,1,1,1,0,0,0.1111111111111111,1,0.1111111111111111,0.1111111111111111,8,1,8,8,1,1,1,1,1,1,1,1,1,1,0,1,0,0,0,1,1,0,True,20260911,5000,artifact/task-cluster percentile 95%; degenerate intervals are not population certainty
CODE,original_8k_old_scorer,mistralai/Mistral-7B-Instruct-v0.3,c170c708c41dac9275d15a8fff4eca08d52bab71,immediate_readout,explicit,bare,smoke,all_valid,code_acceptance,all_pass,2,2,0,2,0,1,2,1,1,0,2,0,0,,0,,,0,,0,,,0,,0,,,0,1,1,,True,20260911,5000,artifact/task-cluster percentile 95%; degenerate intervals are not population certainty
CODE,original_8k_old_scorer,mistralai/Mistral-7B-Instruct-v0.3,c170c708c41dac9275d15a8fff4eca08d52bab71,immediate_readout,explicit,bare,smoke,all_valid,code_acceptance,all_fail,0,0,0,0,0,,0,,,,0,,,,0,,,0,,0,,,0,,0,,,0,,,,True,20260911,5000,artifact/task-cluster percentile 95%; degenerate intervals are not population certainty
CODE,original_8k_old_scorer,mistralai/Mistral-7B-Instruct-v0.3,c170c708c41dac9275d15a8fff4eca08d52bab71,immediate_readout,explicit,bare,smoke,all_valid,code_acceptance,partial,0,0,0,0,0,,0,,,,0,,,,0,,,0,,0,,,0,,0,,,0,,,,True,20260911,5000,artifact/task-cluster percentile 95%; degenerate intervals are not population certainty
CODE,original_8k_old_scorer,mistralai/Mistral-7B-Instruct-v0.3,c170c708c41dac9275d15a8fff4eca08d52bab71,immediate_readout,explicit,whitespace_union,main,all_valid,ALL,all,80,80,54,26,0,0.53333333333333333,80,0.44722222222222224,0.61944444444444435,4.1875,80,3.4125000000000001,4.9625000000000004,0.20370370370370369,54,0.1111111111111111,0.31481481481481483,11,0.1111111111111111,54,0.037037037037037035,0.20370370370370369,6,0.092592592592592587,54,0.018518518518518517,0.18518518518518517,5,0.46250000000000002,0.40000000000000002,0.45454545454545453,True,20260911,5000,artifact/task-cluster percentile 95%; degenerate intervals are not population certainty
CODE,original_8k_old_scorer,mistralai/Mistral-7B-Instruct-v0.3,c170c708c41dac9275d15a8fff4eca08d52bab71,immediate_readout,explicit,whitespace_union,main,all_valid,ALL,nontrivial,54,54,54,0,0,0.33744855967078186,54,0.25925925925925924,0.41975308641975312,5.9444444444444446,54,5.1851851851851851,6.6481481481481479,0.20370370370370369,54,0.1111111111111111,0.31481481481481483,11,0.1111111111111111,54,0.037037037037037035,0.20370370370370369,6,0.092592592592592587,54,0.018518518518518517,0.18518518518518517,5,0.20370370370370369,0.1111111111111111,0.45454545454545453,True,20260911,5000,artifact/task-cluster percentile 95%; degenerate intervals are not population certainty
CODE,original_8k_old_scorer,mistralai/Mistral-7B-Instruct-v0.3,c170c708c41dac9275d15a8fff4eca08d52bab71,immediate_readout,explicit,whitespace_union,main,all_valid,ALL,all_pass,26,26,0,26,0,0.94017094017094016,26,0.84615384615384615,1,0.53846153846153844,26,0,1.3846153846153846,,0,,,0,,0,,,0,,0,,,0,1,1,,True,20260911,5000,artifact/task-cluster percentile 95%; degenerate intervals are not population certainty
CODE,original_8k_old_scorer,mistralai/Mistral-7B-Instruct-v0.3,c170c708c41dac9275d15a8fff4eca08d52bab71,immediate_readout,explicit,whitespace_union,main,all_valid,ALL,all_fail,0,0,0,0,0,,0,,,,0,,,,0,,,0,,0,,,0,,0,,,0,,,,True,20260911,5000,artifact/task-cluster percentile 95%; degenerate intervals are not population certainty
CODE,original_8k_old_scorer,mistralai/Mistral-7B-Instruct-v0.3,c170c708c41dac9275d15a8fff4eca08d52bab71,immediate_readout,explicit,whitespace_union,main,all_valid,ALL,partial,23,23,23,0,0,0.60869565217391308,23,0.50724637681159412,0.70543478260869408,3.5217391304347827,23,2.6510869565217394,4.4347826086956523,0.21739130434782608,23,0.086956521739130432,0.39130434782608697,5,0.13043478260869565,23,0,0.30434782608695654,3,0.086956521739130432,23,0,0.21739130434782608,2,0.21739130434782608,0.13043478260869565,0.40000000000000002,True,20260911,5000,artifact/task-cluster percentile 95%; degenerate intervals are not population certainty
CODE,original_8k_old_scorer,mistralai/Mistral-7B-Instruct-v0.3,c170c708c41dac9275d15a8fff4eca08d52bab71,immediate_readout,explicit,whitespace_union,main,all_valid,code_acceptance,all,80,80,54,26,0,0.53333333333333333,80,0.44722222222222224,0.61944444444444435,4.1875,80,3.4125000000000001,4.9625000000000004,0.20370370370370369,54,0.1111111111111111,0.31481481481481483,11,0.1111111111111111,54,0.037037037037037035,0.20370370370370369,6,0.092592592592592587,54,0.018518518518518517,0.18518518518518517,5,0.46250000000000002,0.40000000000000002,0.45454545454545453,True,20260911,5000,artifact/task-cluster percentile 95%; degenerate intervals are not population certainty
CODE,original_8k_old_scorer,mistralai/Mistral-7B-Instruct-v0.3,c170c708c41dac9275d15a8fff4eca08d52bab71,immediate_readout,explicit,whitespace_union,main,all_valid,code_acceptance,nontrivial,54,54,54,0,0,0.33744855967078186,54,0.25925925925925924,0.41975308641975312,5.9444444444444446,54,5.1851851851851851,6.6481481481481479,0.20370370370370369,54,0.1111111111111111,0.31481481481481483,11,0.1111111111111111,54,0.037037037037037035,0.20370370370370369,6,0.092592592592592587,54,0.018518518518518517,0.18518518518518517,5,0.20370370370370369,0.1111111111111111,0.45454545454545453,True,20260911,5000,artifact/task-cluster percentile 95%; degenerate intervals are not population certainty
CODE,original_8k_old_scorer,mistralai/Mistral-7B-Instruct-v0.3,c170c708c41dac9275d15a8fff4eca08d52bab71,immediate_readout,explicit,whitespace_union,main,all_valid,code_acceptance,all_pass,26,26,0,26,0,0.94017094017094016,26,0.84615384615384615,1,0.53846153846153844,26,0,1.3846153846153846,,0,,,0,,0,,,0,,0,,,0,1,1,,True,20260911,5000,artifact/task-cluster percentile 95%; degenerate intervals are not population certainty
CODE,original_8k_old_scorer,mistralai/Mistral-7B-Instruct-v0.3,c170c708c41dac9275d15a8fff4eca08d52bab71,immediate_readout,explicit,whitespace_union,main,all_valid,code_acceptance,all_fail,0,0,0,0,0,,0,,,,0,,,,0,,,0,,0,,,0,,0,,,0,,,,True,20260911,5000,artifact/task-cluster percentile 95%; degenerate intervals are not population certainty
CODE,original_8k_old_scorer,mistralai/Mistral-7B-Instruct-v0.3,c170c708c41dac9275d15a8fff4eca08d52bab71,immediate_readout,explicit,whitespace_union,main,all_valid,code_acceptance,partial,23,23,23,0,0,0.60869565217391308,23,0.50724637681159412,0.70543478260869408,3.5217391304347827,23,2.6510869565217394,4.4347826086956523,0.21739130434782608,23,0.086956521739130432,0.39130434782608697,5,0.13043478260869565,23,0,0.30434782608695654,3,0.086956521739130432,23,0,0.21739130434782608,2,0.21739130434782608,0.13043478260869565,0.40000000000000002,True,20260911,5000,artifact/task-cluster percentile 95%; degenerate intervals are not population certainty
CODE,original_8k_old_scorer,mistralai/Mistral-7B-Instruct-v0.3,c170c708c41dac9275d15a8fff4eca08d52bab71,immediate_readout,explicit,whitespace_union,smoke,all_valid,ALL,all,3,3,1,2,0,0.70370370370370372,3,0.1111111111111111,1,2.6666666666666665,3,0,8,1,1,1,1,1,1,1,1,1,1,0,1,0,0,0,1,1,0,True,20260911,5000,artifact/task-cluster percentile 95%; degenerate intervals are not population certainty
CODE,original_8k_old_scorer,mistralai/Mistral-7B-Instruct-v0.3,c170c708c41dac9275d15a8fff4eca08d52bab71,immediate_readout,explicit,whitespace_union,smoke,all_valid,ALL,nontrivial,1,1,1,0,0,0.1111111111111111,1,0.1111111111111111,0.1111111111111111,8,1,8,8,1,1,1,1,1,1,1,1,1,1,0,1,0,0,0,1,1,0,True,20260911,5000,artifact/task-cluster percentile 95%; degenerate intervals are not population certainty
CODE,original_8k_old_scorer,mistralai/Mistral-7B-Instruct-v0.3,c170c708c41dac9275d15a8fff4eca08d52bab71,immediate_readout,explicit,whitespace_union,smoke,all_valid,ALL,all_pass,2,2,0,2,0,1,2,1,1,0,2,0,0,,0,,,0,,0,,,0,,0,,,0,1,1,,True,20260911,5000,artifact/task-cluster percentile 95%; degenerate intervals are not population certainty
CODE,original_8k_old_scorer,mistralai/Mistral-7B-Instruct-v0.3,c170c708c41dac9275d15a8fff4eca08d52bab71,immediate_readout,explicit,whitespace_union,smoke,all_valid,ALL,all_fail,0,0,0,0,0,,0,,,,0,,,,0,,,0,,0,,,0,,0,,,0,,,,True,20260911,5000,artifact/task-cluster percentile 95%; degenerate intervals are not population certainty
CODE,original_8k_old_scorer,mistralai/Mistral-7B-Instruct-v0.3,c170c708c41dac9275d15a8fff4eca08d52bab71,immediate_readout,explicit,whitespace_union,smoke,all_valid,ALL,partial,0,0,0,0,0,,0,,,,0,,,,0,,,0,,0,,,0,,0,,,0,,,,True,20260911,5000,artifact/task-cluster percentile 95%; degenerate intervals are not population certainty
CODE,original_8k_old_scorer,mistralai/Mistral-7B-Instruct-v0.3,c170c708c41dac9275d15a8fff4eca08d52bab71,immediate_readout,explicit,whitespace_union,smoke,all_valid,code_acceptance,all,3,3,1,2,0,0.70370370370370372,3,0.1111111111111111,1,2.6666666666666665,3,0,8,1,1,1,1,1,1,1,1,1,1,0,1,0,0,0,1,1,0,True,20260911,5000,artifact/task-cluster percentile 95%; degenerate intervals are not population certainty
CODE,original_8k_old_scorer,mistralai/Mistral-7B-Instruct-v0.3,c170c708c41dac9275d15a8fff4eca08d52bab71,immediate_readout,explicit,whitespace_union,smoke,all_valid,code_acceptance,nontrivial,1,1,1,0,0,0.1111111111111111,1,0.1111111111111111,0.1111111111111111,8,1,8,8,1,1,1,1,1,1,1,1,1,1,0,1,0,0,0,1,1,0,True,20260911,5000,artifact/task-cluster percentile 95%; degenerate intervals are not population certainty
CODE,original_8k_old_scorer,mistralai/Mistral-7B-Instruct-v0.3,c170c708c41dac9275d15a8fff4eca08d52bab71,immediate_readout,explicit,whitespace_union,smoke,all_valid,code_acceptance,all_pass,2,2,0,2,0,1,2,1,1,0,2,0,0,,0,,,0,,0,,,0,,0,,,0,1,1,,True,20260911,5000,artifact/task-cluster percentile 95%; degenerate intervals are not population certainty
CODE,original_8k_old_scorer,mistralai/Mistral-7B-Instruct-v0.3,c170c708c41dac9275d15a8fff4eca08d52bab71,immediate_readout,explicit,whitespace_union,smoke,all_valid,code_acceptance,all_fail,0,0,0,0,0,,0,,,,0,,,,0,,,0,,0,,,0,,0,,,0,,,,True,20260911,5000,artifact/task-cluster percentile 95%; degenerate intervals are not population certainty
CODE,original_8k_old_scorer,mistralai/Mistral-7B-Instruct-v0.3,c170c708c41dac9275d15a8fff4eca08d52bab71,immediate_readout,explicit,whitespace_union,smoke,all_valid,code_acceptance,partial,0,0,0,0,0,,0,,,,0,,,,0,,,0,,0,,,0,,0,,,0,,,,True,20260911,5000,artifact/task-cluster percentile 95%; degenerate intervals are not population certainty
CODE,original_8k_old_scorer,mistralai/Mistral-7B-Instruct-v0.3,c170c708c41dac9275d15a8fff4eca08d52bab71,immediate_readout,original,bare,main,all_valid,ALL,all,80,80,54,26,0,0.44722222222222224,80,0.37083333333333335,0.52361111111111103,4.9124999999999996,80,4.1246875000000003,5.6875,0,54,0,0,0,0,54,0,0,0,0,54,0,0,0,0.32500000000000001,0.32500000000000001,,True,20260911,5000,artifact/task-cluster percentile 95%; degenerate intervals are not population certainty
CODE,original_8k_old_scorer,mistralai/Mistral-7B-Instruct-v0.3,c170c708c41dac9275d15a8fff4eca08d52bab71,immediate_readout,original,bare,main,all_valid,ALL,nontrivial,54,54,54,0,0,0.26543209876543211,54,0.20164609053497942,0.32921810699588477,3.2777777777777777,54,2.5370370370370372,4.0555555555555554,0,54,0,0,0,0,54,0,0,0,0,54,0,0,0,0,0,,True,20260911,5000,artifact/task-cluster percentile 95%; degenerate intervals are not population certainty
CODE,original_8k_old_scorer,mistralai/Mistral-7B-Instruct-v0.3,c170c708c41dac9275d15a8fff4eca08d52bab71,immediate_readout,original,bare,main,all_valid,ALL,all_pass,26,26,0,26,0,0.82478632478632474,26,0.72649572649572647,0.89743589743589758,8.3076923076923084,26,7.2692307692307692,9,,0,,,0,,0,,,0,,0,,,0,1,1,,True,20260911,5000,artifact/task-cluster percentile 95%; degenerate intervals are not population certainty
CODE,original_8k_old_scorer,mistralai/Mistral-7B-Instruct-v0.3,c170c708c41dac9275d15a8fff4eca08d52bab71,immediate_readout,original,bare,main,all_valid,ALL,all_fail,0,0,0,0,0,,0,,,,0,,,,0,,,0,,0,,,0,,0,,,0,,,,True,20260911,5000,artifact/task-cluster percentile 95%; degenerate intervals are not population certainty
CODE,original_8k_old_scorer,mistralai/Mistral-7B-Instruct-v0.3,c170c708c41dac9275d15a8fff4eca08d52bab71,immediate_readout,original,bare,main,all_valid,ALL,partial,23,23,23,0,0,0.41545893719806765,23,0.323671497584541,0.51207729468599017,5.4347826086956523,23,4.4782608695652177,6.3478260869565215,0,23,0,0,0,0,23,0,0,0,0,23,0,0,0,0,0,,True,20260911,5000,artifact/task-cluster percentile 95%; degenerate intervals are not population certainty
CODE,original_8k_old_scorer,mistralai/Mistral-7B-Instruct-v0.3,c170c708c41dac9275d15a8fff4eca08d52bab71,immediate_readout,original,bare,main,all_valid,code_acceptance,all,80,80,54,26,0,0.44722222222222224,80,0.37083333333333335,0.52361111111111103,4.9124999999999996,80,4.1246875000000003,5.6875,0,54,0,0,0,0,54,0,0,0,0,54,0,0,0,0.32500000000000001,0.32500000000000001,,True,20260911,5000,artifact/task-cluster percentile 95%; degenerate intervals are not population certainty
CODE,original_8k_old_scorer,mistralai/Mistral-7B-Instruct-v0.3,c170c708c41dac9275d15a8fff4eca08d52bab71,immediate_readout,original,bare,main,all_valid,code_acceptance,nontrivial,54,54,54,0,0,0.26543209876543211,54,0.20164609053497942,0.32921810699588477,3.2777777777777777,54,2.5370370370370372,4.0555555555555554,0,54,0,0,0,0,54,0,0,0,0,54,0,0,0,0,0,,True,20260911,5000,artifact/task-cluster percentile 95%; degenerate intervals are not population certainty
CODE,original_8k_old_scorer,mistralai/Mistral-7B-Instruct-v0.3,c170c708c41dac9275d15a8fff4eca08d52bab71,immediate_readout,original,bare,main,all_valid,code_acceptance,all_pass,26,26,0,26,0,0.82478632478632474,26,0.72649572649572647,0.89743589743589758,8.3076923076923084,26,7.2692307692307692,9,,0,,,0,,0,,,0,,0,,,0,1,1,,True,20260911,5000,artifact/task-cluster percentile 95%; degenerate intervals are not population certainty
CODE,original_8k_old_scorer,mistralai/Mistral-7B-Instruct-v0.3,c170c708c41dac9275d15a8fff4eca08d52bab71,immediate_readout,original,bare,main,all_valid,code_acceptance,all_fail,0,0,0,0,0,,0,,,,0,,,,0,,,0,,0,,,0,,0,,,0,,,,True,20260911,5000,artifact/task-cluster percentile 95%; degenerate intervals are not population certainty
CODE,original_8k_old_scorer,mistralai/Mistral-7B-Instruct-v0.3,c170c708c41dac9275d15a8fff4eca08d52bab71,immediate_readout,original,bare,main,all_valid,code_acceptance,partial,23,23,23,0,0,0.41545893719806765,23,0.323671497584541,0.51207729468599017,5.4347826086956523,23,4.4782608695652177,6.3478260869565215,0,23,0,0,0,0,23,0,0,0,0,23,0,0,0,0,0,,True,20260911,5000,artifact/task-cluster percentile 95%; degenerate intervals are not population certainty
CODE,original_8k_old_scorer,mistralai/Mistral-7B-Instruct-v0.3,c170c708c41dac9275d15a8fff4eca08d52bab71,immediate_readout,original,bare,smoke,all_valid,ALL,all,3,3,1,2,0,0.55555555555555547,3,0.33333333333333331,0.88888888888888884,6.333333333333333,3,1,9,0,1,0,0,0,0,1,0,0,0,0,1,0,0,0,0.66666666666666663,0.66666666666666663,,True,20260911,5000,artifact/task-cluster percentile 95%; degenerate intervals are not population certainty
CODE,original_8k_old_scorer,mistralai/Mistral-7B-Instruct-v0.3,c170c708c41dac9275d15a8fff4eca08d52bab71,immediate_readout,original,bare,smoke,all_valid,ALL,nontrivial,1,1,1,0,0,0.44444444444444442,1,0.44444444444444442,0.44444444444444442,1,1,1,1,0,1,0,0,0,0,1,0,0,0,0,1,0,0,0,0,0,,True,20260911,5000,artifact/task-cluster percentile 95%; degenerate intervals are not population certainty
CODE,original_8k_old_scorer,mistralai/Mistral-7B-Instruct-v0.3,c170c708c41dac9275d15a8fff4eca08d52bab71,immediate_readout,original,bare,smoke,all_valid,ALL,all_pass,2,2,0,2,0,0.61111111111111105,2,0.33333333333333331,0.88888888888888884,9,2,9,9,,0,,,0,,0,,,0,,0,,,0,1,1,,True,20260911,5000,artifact/task-cluster percentile 95%; degenerate intervals are not population certainty
CODE,original_8k_old_scorer,mistralai/Mistral-7B-Instruct-v0.3,c170c708c41dac9275d15a8fff4eca08d52bab71,immediate_readout,original,bare,smoke,all_valid,ALL,all_fail,0,0,0,0,0,,0,,,,0,,,,0,,,0,,0,,,0,,0,,,0,,,,True,20260911,5000,artifact/task-cluster percentile 95%; degenerate intervals are not population certainty
CODE,original_8k_old_scorer,mistralai/Mistral-7B-Instruct-v0.3,c170c708c41dac9275d15a8fff4eca08d52bab71,immediate_readout,original,bare,smoke,all_valid,ALL,partial,0,0,0,0,0,,0,,,,0,,,,0,,,0,,0,,,0,,0,,,0,,,,True,20260911,5000,artifact/task-cluster percentile 95%; degenerate intervals are not population certainty
CODE,original_8k_old_scorer,mistralai/Mistral-7B-Instruct-v0.3,c170c708c41dac9275d15a8fff4eca08d52bab71,immediate_readout,original,bare,smoke,all_valid,code_acceptance,all,3,3,1,2,0,0.55555555555555547,3,0.33333333333333331,0.88888888888888884,6.333333333333333,3,1,9,0,1,0,0,0,0,1,0,0,0,0,1,0,0,0,0.66666666666666663,0.66666666666666663,,True,20260911,5000,artifact/task-cluster percentile 95%; degenerate intervals are not population certainty
CODE,original_8k_old_scorer,mistralai/Mistral-7B-Instruct-v0.3,c170c708c41dac9275d15a8fff4eca08d52bab71,immediate_readout,original,bare,smoke,all_valid,code_acceptance,nontrivial,1,1,1,0,0,0.44444444444444442,1,0.44444444444444442,0.44444444444444442,1,1,1,1,0,1,0,0,0,0,1,0,0,0,0,1,0,0,0,0,0,,True,20260911,5000,artifact/task-cluster percentile 95%; degenerate intervals are not population certainty
CODE,original_8k_old_scorer,mistralai/Mistral-7B-Instruct-v0.3,c170c708c41dac9275d15a8fff4eca08d52bab71,immediate_readout,original,bare,smoke,all_valid,code_acceptance,all_pass,2,2,0,2,0,0.61111111111111105,2,0.33333333333333331,0.88888888888888884,9,2,9,9,,0,,,0,,0,,,0,,0,,,0,1,1,,True,20260911,5000,artifact/task-cluster percentile 95%; degenerate intervals are not population certainty
CODE,original_8k_old_scorer,mistralai/Mistral-7B-Instruct-v0.3,c170c708c41dac9275d15a8fff4eca08d52bab71,immediate_readout,original,bare,smoke,all_valid,code_acceptance,all_fail,0,0,0,0,0,,0,,,,0,,,,0,,,0,,0,,,0,,0,,,0,,,,True,20260911,5000,artifact/task-cluster percentile 95%; degenerate intervals are not population certainty
CODE,original_8k_old_scorer,mistralai/Mistral-7B-Instruct-v0.3,c170c708c41dac9275d15a8fff4eca08d52bab71,immediate_readout,original,bare,smoke,all_valid,code_acceptance,partial,0,0,0,0,0,,0,,,,0,,,,0,,,0,,0,,,0,,0,,,0,,,,True,20260911,5000,artifact/task-cluster percentile 95%; degenerate intervals are not population certainty
CODE,original_8k_old_scorer,mistralai/Mistral-7B-Instruct-v0.3,c170c708c41dac9275d15a8fff4eca08d52bab71,immediate_readout,original,whitespace_union,main,all_valid,ALL,all,80,80,54,26,0,0.47361111111111115,80,0.38888888888888884,0.56111111111111112,3.9874999999999998,80,3.2124999999999999,4.7999999999999998,0,54,0,0,0,0,54,0,0,0,0,54,0,0,0,0.32500000000000001,0.32500000000000001,,True,20260911,5000,artifact/task-cluster percentile 95%; degenerate intervals are not population certainty
CODE,original_8k_old_scorer,mistralai/Mistral-7B-Instruct-v0.3,c170c708c41dac9275d15a8fff4eca08d52bab71,immediate_readout,original,whitespace_union,main,all_valid,ALL,nontrivial,54,54,54,0,0,0.26337448559670779,54,0.19135802469135801,0.34156378600823051,3.7407407407407409,54,2.9444444444444446,4.5560185185185116,0,54,0,0,0,0,54,0,0,0,0,54,0,0,0,0,0,,True,20260911,5000,artifact/task-cluster percentile 95%; degenerate intervals are not population certainty
CODE,original_8k_old_scorer,mistralai/Mistral-7B-Instruct-v0.3,c170c708c41dac9275d15a8fff4eca08d52bab71,immediate_readout,original,whitespace_union,main,all_valid,ALL,all_pass,26,26,0,26,0,0.91025641025641013,26,0.82478632478632474,0.96581196581196571,4.5,26,2.7692307692307692,6.2307692307692308,,0,,,0,,0,,,0,,0,,,0,1,1,,True,20260911,5000,artifact/task-cluster percentile 95%; degenerate intervals are not population certainty
CODE,original_8k_old_scorer,mistralai/Mistral-7B-Instruct-v0.3,c170c708c41dac9275d15a8fff4eca08d52bab71,immediate_readout,original,whitespace_union,main,all_valid,ALL,all_fail,0,0,0,0,0,,0,,,,0,,,,0,,,0,,0,,,0,,0,,,0,,,,True,20260911,5000,artifact/task-cluster percentile 95%; degenerate intervals are not population certainty
CODE,original_8k_old_scorer,mistralai/Mistral-7B-Instruct-v0.3,c170c708c41dac9275d15a8fff4eca08d52bab71,immediate_readout,original,whitespace_union,main,all_valid,ALL,partial,23,23,23,0,0,0.51207729468599028,23,0.41050724637681152,0.61352657004830924,5.3043478260869561,23,4.3478260869565215,6.2173913043478262,0,23,0,0,0,0,23,0,0,0,0,23,0,0,0,0,0,,True,20260911,5000,artifact/task-cluster percentile 95%; degenerate intervals are not population certainty
CODE,original_8k_old_scorer,mistralai/Mistral-7B-Instruct-v0.3,c170c708c41dac9275d15a8fff4eca08d52bab71,immediate_readout,original,whitespace_union,main,all_valid,code_acceptance,all,80,80,54,26,0,0.47361111111111115,80,0.38888888888888884,0.56111111111111112,3.9874999999999998,80,3.2124999999999999,4.7999999999999998,0,54,0,0,0,0,54,0,0,0,0,54,0,0,0,0.32500000000000001,0.32500000000000001,,True,20260911,5000,artifact/task-cluster percentile 95%; degenerate intervals are not population certainty
CODE,original_8k_old_scorer,mistralai/Mistral-7B-Instruct-v0.3,c170c708c41dac9275d15a8fff4eca08d52bab71,immediate_readout,original,whitespace_union,main,all_valid,code_acceptance,nontrivial,54,54,54,0,0,0.26337448559670779,54,0.19135802469135801,0.34156378600823051,3.7407407407407409,54,2.9444444444444446,4.5560185185185116,0,54,0,0,0,0,54,0,0,0,0,54,0,0,0,0,0,,True,20260911,5000,artifact/task-cluster percentile 95%; degenerate intervals are not population certainty
CODE,original_8k_old_scorer,mistralai/Mistral-7B-Instruct-v0.3,c170c708c41dac9275d15a8fff4eca08d52bab71,immediate_readout,original,whitespace_union,main,all_valid,code_acceptance,all_pass,26,26,0,26,0,0.91025641025641013,26,0.82478632478632474,0.96581196581196571,4.5,26,2.7692307692307692,6.2307692307692308,,0,,,0,,0,,,0,,0,,,0,1,1,,True,20260911,5000,artifact/task-cluster percentile 95%; degenerate intervals are not population certainty
CODE,original_8k_old_scorer,mistralai/Mistral-7B-Instruct-v0.3,c170c708c41dac9275d15a8fff4eca08d52bab71,immediate_readout,original,whitespace_union,main,all_valid,code_acceptance,all_fail,0,0,0,0,0,,0,,,,0,,,,0,,,0,,0,,,0,,0,,,0,,,,True,20260911,5000,artifact/task-cluster percentile 95%; degenerate intervals are not population certainty
CODE,original_8k_old_scorer,mistralai/Mistral-7B-Instruct-v0.3,c170c708c41dac9275d15a8fff4eca08d52bab71,immediate_readout,original,whitespace_union,main,all_valid,code_acceptance,partial,23,23,23,0,0,0.51207729468599028,23,0.41050724637681152,0.61352657004830924,5.3043478260869561,23,4.3478260869565215,6.2173913043478262,0,23,0,0,0,0,23,0,0,0,0,23,0,0,0,0,0,,True,20260911,5000,artifact/task-cluster percentile 95%; degenerate intervals are not population certainty
CODE,original_8k_old_scorer,mistralai/Mistral-7B-Instruct-v0.3,c170c708c41dac9275d15a8fff4eca08d52bab71,immediate_readout,original,whitespace_union,smoke,all_valid,ALL,all,3,3,1,2,0,0.48148148148148145,3,0.1111111111111111,0.88888888888888884,8.6666666666666661,3,8,9,0,1,0,0,0,0,1,0,0,0,0,1,0,0,0,0.66666666666666663,0.66666666666666663,,True,20260911,5000,artifact/task-cluster percentile 95%; degenerate intervals are not population certainty
CODE,original_8k_old_scorer,mistralai/Mistral-7B-Instruct-v0.3,c170c708c41dac9275d15a8fff4eca08d52bab71,immediate_readout,original,whitespace_union,smoke,all_valid,ALL,nontrivial,1,1,1,0,0,0.1111111111111111,1,0.1111111111111111,0.1111111111111111,8,1,8,8,0,1,0,0,0,0,1,0,0,0,0,1,0,0,0,0,0,,True,20260911,5000,artifact/task-cluster percentile 95%; degenerate intervals are not population certainty
CODE,original_8k_old_scorer,mistralai/Mistral-7B-Instruct-v0.3,c170c708c41dac9275d15a8fff4eca08d52bab71,immediate_readout,original,whitespace_union,smoke,all_valid,ALL,all_pass,2,2,0,2,0,0.66666666666666663,2,0.44444444444444442,0.88888888888888884,9,2,9,9,,0,,,0,,0,,,0,,0,,,0,1,1,,True,20260911,5000,artifact/task-cluster percentile 95%; degenerate intervals are not population certainty
CODE,original_8k_old_scorer,mistralai/Mistral-7B-Instruct-v0.3,c170c708c41dac9275d15a8fff4eca08d52bab71,immediate_readout,original,whitespace_union,smoke,all_valid,ALL,all_fail,0,0,0,0,0,,0,,,,0,,,,0,,,0,,0,,,0,,0,,,0,,,,True,20260911,5000,artifact/task-cluster percentile 95%; degenerate intervals are not population certainty
CODE,original_8k_old_scorer,mistralai/Mistral-7B-Instruct-v0.3,c170c708c41dac9275d15a8fff4eca08d52bab71,immediate_readout,original,whitespace_union,smoke,all_valid,ALL,partial,0,0,0,0,0,,0,,,,0,,,,0,,,0,,0,,,0,,0,,,0,,,,True,20260911,5000,artifact/task-cluster percentile 95%; degenerate intervals are not population certainty
CODE,original_8k_old_scorer,mistralai/Mistral-7B-Instruct-v0.3,c170c708c41dac9275d15a8fff4eca08d52bab71,immediate_readout,original,whitespace_union,smoke,all_valid,code_acceptance,all,3,3,1,2,0,0.48148148148148145,3,0.1111111111111111,0.88888888888888884,8.6666666666666661,3,8,9,0,1,0,0,0,0,1,0,0,0,0,1,0,0,0,0.66666666666666663,0.66666666666666663,,True,20260911,5000,artifact/task-cluster percentile 95%; degenerate intervals are not population certainty
CODE,original_8k_old_scorer,mistralai/Mistral-7B-Instruct-v0.3,c170c708c41dac9275d15a8fff4eca08d52bab71,immediate_readout,original,whitespace_union,smoke,all_valid,code_acceptance,nontrivial,1,1,1,0,0,0.1111111111111111,1,0.1111111111111111,0.1111111111111111,8,1,8,8,0,1,0,0,0,0,1,0,0,0,0,1,0,0,0,0,0,,True,20260911,5000,artifact/task-cluster percentile 95%; degenerate intervals are not population certainty
CODE,original_8k_old_scorer,mistralai/Mistral-7B-Instruct-v0.3,c170c708c41dac9275d15a8fff4eca08d52bab71,immediate_readout,original,whitespace_union,smoke,all_valid,code_acceptance,all_pass,2,2,0,2,0,0.66666666666666663,2,0.44444444444444442,0.88888888888888884,9,2,9,9,,0,,,0,,0,,,0,,0,,,0,1,1,,True,20260911,5000,artifact/task-cluster percentile 95%; degenerate intervals are not population certainty
CODE,original_8k_old_scorer,mistralai/Mistral-7B-Instruct-v0.3,c170c708c41dac9275d15a8fff4eca08d52bab71,immediate_readout,original,whitespace_union,smoke,all_valid,code_acceptance,all_fail,0,0,0,0,0,,0,,,,0,,,,0,,,0,,0,,,0,,0,,,0,,,,True,20260911,5000,artifact/task-cluster percentile 95%; degenerate intervals are not population certainty
CODE,original_8k_old_scorer,mistralai/Mistral-7B-Instruct-v0.3,c170c708c41dac9275d15a8fff4eca08d52bab71,immediate_readout,original,whitespace_union,smoke,all_valid,code_acceptance,partial,0,0,0,0,0,,0,,,,0,,,,0,,,0,,0,,,0,,0,,,0,,,,True,20260911,5000,artifact/task-cluster percentile 95%; degenerate intervals are not population certainty
CODE,original_8k_shared_prefix_scorer,Qwen/Qwen2.5-14B-Instruct,cf98f3b3bbb457ad9e2bb7baf9a0125b6b88caa8,immediate_readout,explicit,bare,main,all_valid,ALL,all,80,80,54,26,0,0.74166666666666659,80,0.67222222222222228,0.80416666666666681,2.3624999999999998,80,1.7625,2.9874999999999998,0.87037037037037035,54,0.77777777777777779,0.94444444444444442,47,0.81481481481481477,54,0.70370370370370372,0.90740740740740744,44,0.055555555555555552,54,0,0.12962962962962962,3,0.91249999999999998,0.875,0.063829787234042548,True,20260911,5000,artifact/task-cluster percentile 95%; degenerate intervals are not population certainty
CODE,original_8k_shared_prefix_scorer,Qwen/Qwen2.5-14B-Instruct,cf98f3b3bbb457ad9e2bb7baf9a0125b6b88caa8,immediate_readout,explicit,bare,main,all_valid,ALL,nontrivial,54,54,54,0,0,0.7325102880658434,54,0.65226337448559668,0.80864197530864201,2.2407407407407409,54,1.5555555555555556,2.9444444444444446,0.87037037037037035,54,0.77777777777777779,0.94444444444444442,47,0.81481481481481477,54,0.70370370370370372,0.90740740740740744,44,0.055555555555555552,54,0,0.12962962962962962,3,0.87037037037037035,0.81481481481481477,0.063829787234042548,True,20260911,5000,artifact/task-cluster percentile 95%; degenerate intervals are not population certainty
CODE,original_8k_shared_prefix_scorer,Qwen/Qwen2.5-14B-Instruct,cf98f3b3bbb457ad9e2bb7baf9a0125b6b88caa8,immediate_readout,explicit,bare,main,all_valid,ALL,all_pass,26,26,0,26,0,0.76068376068376076,26,0.63675213675213671,0.86752136752136755,2.6153846153846154,26,1.4990384615384618,3.8461538461538463,,0,,,0,,0,,,0,,0,,,0,1,1,,True,20260911,5000,artifact/task-cluster percentile 95%; degenerate intervals are not population certainty
CODE,original_8k_shared_prefix_scorer,Qwen/Qwen2.5-14B-Instruct,cf98f3b3bbb457ad9e2bb7baf9a0125b6b88caa8,immediate_readout,explicit,bare,main,all_valid,ALL,all_fail,0,0,0,0,0,,0,,,,0,,,,0,,,0,,0,,,0,,0,,,0,,,,True,20260911,5000,artifact/task-cluster percentile 95%; degenerate intervals are not population certainty
CODE,original_8k_shared_prefix_scorer,Qwen/Qwen2.5-14B-Instruct,cf98f3b3bbb457ad9e2bb7baf9a0125b6b88caa8,immediate_readout,explicit,bare,main,all_valid,ALL,partial,23,23,23,0,0,0.62318840579710144,23,0.52173913043478271,0.71980676328502424,3.2173913043478262,23,2.3043478260869565,4.1304347826086953,0.69565217391304346,23,0.52173913043478259,0.86956521739130432,16,0.56521739130434778,23,0.34782608695652173,0.78260869565217395,13,0.13043478260869565,23,0,0.2608695652173913,3,0.69565217391304346,0.56521739130434778,0.1875,True,20260911,5000,artifact/task-cluster percentile 95%; degenerate intervals are not population certainty
CODE,original_8k_shared_prefix_scorer,Qwen/Qwen2.5-14B-Instruct,cf98f3b3bbb457ad9e2bb7baf9a0125b6b88caa8,immediate_readout,explicit,bare,main,all_valid,code_acceptance,all,80,80,54,26,0,0.74166666666666659,80,0.67222222222222228,0.80416666666666681,2.3624999999999998,80,1.7625,2.9874999999999998,0.87037037037037035,54,0.77777777777777779,0.94444444444444442,47,0.81481481481481477,54,0.70370370370370372,0.90740740740740744,44,0.055555555555555552,54,0,0.12962962962962962,3,0.91249999999999998,0.875,0.063829787234042548,True,20260911,5000,artifact/task-cluster percentile 95%; degenerate intervals are not population certainty
CODE,original_8k_shared_prefix_scorer,Qwen/Qwen2.5-14B-Instruct,cf98f3b3bbb457ad9e2bb7baf9a0125b6b88caa8,immediate_readout,explicit,bare,main,all_valid,code_acceptance,nontrivial,54,54,54,0,0,0.7325102880658434,54,0.65226337448559668,0.80864197530864201,2.2407407407407409,54,1.5555555555555556,2.9444444444444446,0.87037037037037035,54,0.77777777777777779,0.94444444444444442,47,0.81481481481481477,54,0.70370370370370372,0.90740740740740744,44,0.055555555555555552,54,0,0.12962962962962962,3,0.87037037037037035,0.81481481481481477,0.063829787234042548,True,20260911,5000,artifact/task-cluster percentile 95%; degenerate intervals are not population certainty
CODE,original_8k_shared_prefix_scorer,Qwen/Qwen2.5-14B-Instruct,cf98f3b3bbb457ad9e2bb7baf9a0125b6b88caa8,immediate_readout,explicit,bare,main,all_valid,code_acceptance,all_pass,26,26,0,26,0,0.76068376068376076,26,0.63675213675213671,0.86752136752136755,2.6153846153846154,26,1.4990384615384618,3.8461538461538463,,0,,,0,,0,,,0,,0,,,0,1,1,,True,20260911,5000,artifact/task-cluster percentile 95%; degenerate intervals are not population certainty
CODE,original_8k_shared_prefix_scorer,Qwen/Qwen2.5-14B-Instruct,cf98f3b3bbb457ad9e2bb7baf9a0125b6b88caa8,immediate_readout,explicit,bare,main,all_valid,code_acceptance,all_fail,0,0,0,0,0,,0,,,,0,,,,0,,,0,,0,,,0,,0,,,0,,,,True,20260911,5000,artifact/task-cluster percentile 95%; degenerate intervals are not population certainty
CODE,original_8k_shared_prefix_scorer,Qwen/Qwen2.5-14B-Instruct,cf98f3b3bbb457ad9e2bb7baf9a0125b6b88caa8,immediate_readout,explicit,bare,main,all_valid,code_acceptance,partial,23,23,23,0,0,0.62318840579710144,23,0.52173913043478271,0.71980676328502424,3.2173913043478262,23,2.3043478260869565,4.1304347826086953,0.69565217391304346,23,0.52173913043478259,0.86956521739130432,16,0.56521739130434778,23,0.34782608695652173,0.78260869565217395,13,0.13043478260869565,23,0,0.2608695652173913,3,0.69565217391304346,0.56521739130434778,0.1875,True,20260911,5000,artifact/task-cluster percentile 95%; degenerate intervals are not population certainty
CODE,original_8k_shared_prefix_scorer,Qwen/Qwen2.5-14B-Instruct,cf98f3b3bbb457ad9e2bb7baf9a0125b6b88caa8,immediate_readout,explicit,bare,smoke,all_valid,ALL,all,3,3,1,2,0,0.70370370370370372,3,0.1111111111111111,1,2.6666666666666665,3,0,8,1,1,1,1,1,1,1,1,1,1,0,1,0,0,0,1,1,0,True,20260911,5000,artifact/task-cluster percentile 95%; degenerate intervals are not population certainty
CODE,original_8k_shared_prefix_scorer,Qwen/Qwen2.5-14B-Instruct,cf98f3b3bbb457ad9e2bb7baf9a0125b6b88caa8,immediate_readout,explicit,bare,smoke,all_valid,ALL,nontrivial,1,1,1,0,0,1,1,1,1,0,1,0,0,1,1,1,1,1,1,1,1,1,1,0,1,0,0,0,1,1,0,True,20260911,5000,artifact/task-cluster percentile 95%; degenerate intervals are not population certainty
CODE,original_8k_shared_prefix_scorer,Qwen/Qwen2.5-14B-Instruct,cf98f3b3bbb457ad9e2bb7baf9a0125b6b88caa8,immediate_readout,explicit,bare,smoke,all_valid,ALL,all_pass,2,2,0,2,0,0.55555555555555558,2,0.1111111111111111,1,4,2,0,8,,0,,,0,,0,,,0,,0,,,0,1,1,,True,20260911,5000,artifact/task-cluster percentile 95%; degenerate intervals are not population certainty
CODE,original_8k_shared_prefix_scorer,Qwen/Qwen2.5-14B-Instruct,cf98f3b3bbb457ad9e2bb7baf9a0125b6b88caa8,immediate_readout,explicit,bare,smoke,all_valid,ALL,all_fail,0,0,0,0,0,,0,,,,0,,,,0,,,0,,0,,,0,,0,,,0,,,,True,20260911,5000,artifact/task-cluster percentile 95%; degenerate intervals are not population certainty
CODE,original_8k_shared_prefix_scorer,Qwen/Qwen2.5-14B-Instruct,cf98f3b3bbb457ad9e2bb7baf9a0125b6b88caa8,immediate_readout,explicit,bare,smoke,all_valid,ALL,partial,0,0,0,0,0,,0,,,,0,,,,0,,,0,,0,,,0,,0,,,0,,,,True,20260911,5000,artifact/task-cluster percentile 95%; degenerate intervals are not population certainty
CODE,original_8k_shared_prefix_scorer,Qwen/Qwen2.5-14B-Instruct,cf98f3b3bbb457ad9e2bb7baf9a0125b6b88caa8,immediate_readout,explicit,bare,smoke,all_valid,code_acceptance,all,3,3,1,2,0,0.70370370370370372,3,0.1111111111111111,1,2.6666666666666665,3,0,8,1,1,1,1,1,1,1,1,1,1,0,1,0,0,0,1,1,0,True,20260911,5000,artifact/task-cluster percentile 95%; degenerate intervals are not population certainty
CODE,original_8k_shared_prefix_scorer,Qwen/Qwen2.5-14B-Instruct,cf98f3b3bbb457ad9e2bb7baf9a0125b6b88caa8,immediate_readout,explicit,bare,smoke,all_valid,code_acceptance,nontrivial,1,1,1,0,0,1,1,1,1,0,1,0,0,1,1,1,1,1,1,1,1,1,1,0,1,0,0,0,1,1,0,True,20260911,5000,artifact/task-cluster percentile 95%; degenerate intervals are not population certainty
CODE,original_8k_shared_prefix_scorer,Qwen/Qwen2.5-14B-Instruct,cf98f3b3bbb457ad9e2bb7baf9a0125b6b88caa8,immediate_readout,explicit,bare,smoke,all_valid,code_acceptance,all_pass,2,2,0,2,0,0.55555555555555558,2,0.1111111111111111,1,4,2,0,8,,0,,,0,,0,,,0,,0,,,0,1,1,,True,20260911,5000,artifact/task-cluster percentile 95%; degenerate intervals are not population certainty
CODE,original_8k_shared_prefix_scorer,Qwen/Qwen2.5-14B-Instruct,cf98f3b3bbb457ad9e2bb7baf9a0125b6b88caa8,immediate_readout,explicit,bare,smoke,all_valid,code_acceptance,all_fail,0,0,0,0,0,,0,,,,0,,,,0,,,0,,0,,,0,,0,,,0,,,,True,20260911,5000,artifact/task-cluster percentile 95%; degenerate intervals are not population certainty
CODE,original_8k_shared_prefix_scorer,Qwen/Qwen2.5-14B-Instruct,cf98f3b3bbb457ad9e2bb7baf9a0125b6b88caa8,immediate_readout,explicit,bare,smoke,all_valid,code_acceptance,partial,0,0,0,0,0,,0,,,,0,,,,0,,,0,,0,,,0,,0,,,0,,,,True,20260911,5000,artifact/task-cluster percentile 95%; degenerate intervals are not population certainty
CODE,original_8k_shared_prefix_scorer,Qwen/Qwen2.5-14B-Instruct,cf98f3b3bbb457ad9e2bb7baf9a0125b6b88caa8,immediate_readout,explicit,whitespace_union,main,all_valid,ALL,all,80,80,54,26,0,0.73750000000000004,80,0.66805555555555551,0.80138888888888893,2.3875000000000002,80,1.7875000000000001,3.0125000000000002,0.87037037037037035,54,0.77777777777777779,0.94444444444444442,47,0.81481481481481477,54,0.70370370370370372,0.90740740740740744,44,0.055555555555555552,54,0,0.12962962962962962,3,0.91249999999999998,0.875,0.063829787234042548,True,20260911,5000,artifact/task-cluster percentile 95%; degenerate intervals are not population certainty
CODE,original_8k_shared_prefix_scorer,Qwen/Qwen2.5-14B-Instruct,cf98f3b3bbb457ad9e2bb7baf9a0125b6b88caa8,immediate_readout,explicit,whitespace_union,main,all_valid,ALL,nontrivial,54,54,54,0,0,0.72839506172839485,54,0.64609053497942381,0.80658436213991758,2.2592592592592591,54,1.5740740740740742,2.9629629629629628,0.87037037037037035,54,0.77777777777777779,0.94444444444444442,47,0.81481481481481477,54,0.70370370370370372,0.90740740740740744,44,0.055555555555555552,54,0,0.12962962962962962,3,0.87037037037037035,0.81481481481481477,0.063829787234042548,True,20260911,5000,artifact/task-cluster percentile 95%; degenerate intervals are not population certainty
CODE,original_8k_shared_prefix_scorer,Qwen/Qwen2.5-14B-Instruct,cf98f3b3bbb457ad9e2bb7baf9a0125b6b88caa8,immediate_readout,explicit,whitespace_union,main,all_valid,ALL,all_pass,26,26,0,26,0,0.7564102564102565,26,0.63247863247863245,0.86752136752136744,2.6538461538461537,26,1.5,3.8846153846153846,,0,,,0,,0,,,0,,0,,,0,1,1,,True,20260911,5000,artifact/task-cluster percentile 95%; degenerate intervals are not population certainty
CODE,original_8k_shared_prefix_scorer,Qwen/Qwen2.5-14B-Instruct,cf98f3b3bbb457ad9e2bb7baf9a0125b6b88caa8,immediate_readout,explicit,whitespace_union,main,all_valid,ALL,all_fail,0,0,0,0,0,,0,,,,0,,,,0,,,0,,0,,,0,,0,,,0,,,,True,20260911,5000,artifact/task-cluster percentile 95%; degenerate intervals are not population certainty
CODE,original_8k_shared_prefix_scorer,Qwen/Qwen2.5-14B-Instruct,cf98f3b3bbb457ad9e2bb7baf9a0125b6b88caa8,immediate_readout,explicit,whitespace_union,main,all_valid,ALL,partial,23,23,23,0,0,0.61352657004830913,23,0.51207729468599039,0.71014492753623204,3.2608695652173911,23,2.347826086956522,4.1739130434782608,0.69565217391304346,23,0.52173913043478259,0.86956521739130432,16,0.56521739130434778,23,0.34782608695652173,0.78260869565217395,13,0.13043478260869565,23,0,0.2608695652173913,3,0.69565217391304346,0.56521739130434778,0.1875,True,20260911,5000,artifact/task-cluster percentile 95%; degenerate intervals are not population certainty
CODE,original_8k_shared_prefix_scorer,Qwen/Qwen2.5-14B-Instruct,cf98f3b3bbb457ad9e2bb7baf9a0125b6b88caa8,immediate_readout,explicit,whitespace_union,main,all_valid,code_acceptance,all,80,80,54,26,0,0.73750000000000004,80,0.66805555555555551,0.80138888888888893,2.3875000000000002,80,1.7875000000000001,3.0125000000000002,0.87037037037037035,54,0.77777777777777779,0.94444444444444442,47,0.81481481481481477,54,0.70370370370370372,0.90740740740740744,44,0.055555555555555552,54,0,0.12962962962962962,3,0.91249999999999998,0.875,0.063829787234042548,True,20260911,5000,artifact/task-cluster percentile 95%; degenerate intervals are not population certainty
CODE,original_8k_shared_prefix_scorer,Qwen/Qwen2.5-14B-Instruct,cf98f3b3bbb457ad9e2bb7baf9a0125b6b88caa8,immediate_readout,explicit,whitespace_union,main,all_valid,code_acceptance,nontrivial,54,54,54,0,0,0.72839506172839485,54,0.64609053497942381,0.80658436213991758,2.2592592592592591,54,1.5740740740740742,2.9629629629629628,0.87037037037037035,54,0.77777777777777779,0.94444444444444442,47,0.81481481481481477,54,0.70370370370370372,0.90740740740740744,44,0.055555555555555552,54,0,0.12962962962962962,3,0.87037037037037035,0.81481481481481477,0.063829787234042548,True,20260911,5000,artifact/task-cluster percentile 95%; degenerate intervals are not population certainty
CODE,original_8k_shared_prefix_scorer,Qwen/Qwen2.5-14B-Instruct,cf98f3b3bbb457ad9e2bb7baf9a0125b6b88caa8,immediate_readout,explicit,whitespace_union,main,all_valid,code_acceptance,all_pass,26,26,0,26,0,0.7564102564102565,26,0.63247863247863245,0.86752136752136744,2.6538461538461537,26,1.5,3.8846153846153846,,0,,,0,,0,,,0,,0,,,0,1,1,,True,20260911,5000,artifact/task-cluster percentile 95%; degenerate intervals are not population certainty
CODE,original_8k_shared_prefix_scorer,Qwen/Qwen2.5-14B-Instruct,cf98f3b3bbb457ad9e2bb7baf9a0125b6b88caa8,immediate_readout,explicit,whitespace_union,main,all_valid,code_acceptance,all_fail,0,0,0,0,0,,0,,,,0,,,,0,,,0,,0,,,0,,0,,,0,,,,True,20260911,5000,artifact/task-cluster percentile 95%; degenerate intervals are not population certainty
CODE,original_8k_shared_prefix_scorer,Qwen/Qwen2.5-14B-Instruct,cf98f3b3bbb457ad9e2bb7baf9a0125b6b88caa8,immediate_readout,explicit,whitespace_union,main,all_valid,code_acceptance,partial,23,23,23,0,0,0.61352657004830913,23,0.51207729468599039,0.71014492753623204,3.2608695652173911,23,2.347826086956522,4.1739130434782608,0.69565217391304346,23,0.52173913043478259,0.86956521739130432,16,0.56521739130434778,23,0.34782608695652173,0.78260869565217395,13,0.13043478260869565,23,0,0.2608695652173913,3,0.69565217391304346,0.56521739130434778,0.1875,True,20260911,5000,artifact/task-cluster percentile 95%; degenerate intervals are not population certainty
CODE,original_8k_shared_prefix_scorer,Qwen/Qwen2.5-14B-Instruct,cf98f3b3bbb457ad9e2bb7baf9a0125b6b88caa8,immediate_readout,explicit,whitespace_union,smoke,all_valid,ALL,all,3,3,1,2,0,0.70370370370370372,3,0.1111111111111111,1,2.6666666666666665,3,0,8,1,1,1,1,1,1,1,1,1,1,0,1,0,0,0,1,1,0,True,20260911,5000,artifact/task-cluster percentile 95%; degenerate intervals are not population certainty
CODE,original_8k_shared_prefix_scorer,Qwen/Qwen2.5-14B-Instruct,cf98f3b3bbb457ad9e2bb7baf9a0125b6b88caa8,immediate_readout,explicit,whitespace_union,smoke,all_valid,ALL,nontrivial,1,1,1,0,0,1,1,1,1,0,1,0,0,1,1,1,1,1,1,1,1,1,1,0,1,0,0,0,1,1,0,True,20260911,5000,artifact/task-cluster percentile 95%; degenerate intervals are not population certainty
CODE,original_8k_shared_prefix_scorer,Qwen/Qwen2.5-14B-Instruct,cf98f3b3bbb457ad9e2bb7baf9a0125b6b88caa8,immediate_readout,explicit,whitespace_union,smoke,all_valid,ALL,all_pass,2,2,0,2,0,0.55555555555555558,2,0.1111111111111111,1,4,2,0,8,,0,,,0,,0,,,0,,0,,,0,1,1,,True,20260911,5000,artifact/task-cluster percentile 95%; degenerate intervals are not population certainty
CODE,original_8k_shared_prefix_scorer,Qwen/Qwen2.5-14B-Instruct,cf98f3b3bbb457ad9e2bb7baf9a0125b6b88caa8,immediate_readout,explicit,whitespace_union,smoke,all_valid,ALL,all_fail,0,0,0,0,0,,0,,,,0,,,,0,,,0,,0,,,0,,0,,,0,,,,True,20260911,5000,artifact/task-cluster percentile 95%; degenerate intervals are not population certainty
CODE,original_8k_shared_prefix_scorer,Qwen/Qwen2.5-14B-Instruct,cf98f3b3bbb457ad9e2bb7baf9a0125b6b88caa8,immediate_readout,explicit,whitespace_union,smoke,all_valid,ALL,partial,0,0,0,0,0,,0,,,,0,,,,0,,,0,,0,,,0,,0,,,0,,,,True,20260911,5000,artifact/task-cluster percentile 95%; degenerate intervals are not population certainty
CODE,original_8k_shared_prefix_scorer,Qwen/Qwen2.5-14B-Instruct,cf98f3b3bbb457ad9e2bb7baf9a0125b6b88caa8,immediate_readout,explicit,whitespace_union,smoke,all_valid,code_acceptance,all,3,3,1,2,0,0.70370370370370372,3,0.1111111111111111,1,2.6666666666666665,3,0,8,1,1,1,1,1,1,1,1,1,1,0,1,0,0,0,1,1,0,True,20260911,5000,artifact/task-cluster percentile 95%; degenerate intervals are not population certainty
CODE,original_8k_shared_prefix_scorer,Qwen/Qwen2.5-14B-Instruct,cf98f3b3bbb457ad9e2bb7baf9a0125b6b88caa8,immediate_readout,explicit,whitespace_union,smoke,all_valid,code_acceptance,nontrivial,1,1,1,0,0,1,1,1,1,0,1,0,0,1,1,1,1,1,1,1,1,1,1,0,1,0,0,0,1,1,0,True,20260911,5000,artifact/task-cluster percentile 95%; degenerate intervals are not population certainty
CODE,original_8k_shared_prefix_scorer,Qwen/Qwen2.5-14B-Instruct,cf98f3b3bbb457ad9e2bb7baf9a0125b6b88caa8,immediate_readout,explicit,whitespace_union,smoke,all_valid,code_acceptance,all_pass,2,2,0,2,0,0.55555555555555558,2,0.1111111111111111,1,4,2,0,8,,0,,,0,,0,,,0,,0,,,0,1,1,,True,20260911,5000,artifact/task-cluster percentile 95%; degenerate intervals are not population certainty
CODE,original_8k_shared_prefix_scorer,Qwen/Qwen2.5-14B-Instruct,cf98f3b3bbb457ad9e2bb7baf9a0125b6b88caa8,immediate_readout,explicit,whitespace_union,smoke,all_valid,code_acceptance,all_fail,0,0,0,0,0,,0,,,,0,,,,0,,,0,,0,,,0,,0,,,0,,,,True,20260911,5000,artifact/task-cluster percentile 95%; degenerate intervals are not population certainty
CODE,original_8k_shared_prefix_scorer,Qwen/Qwen2.5-14B-Instruct,cf98f3b3bbb457ad9e2bb7baf9a0125b6b88caa8,immediate_readout,explicit,whitespace_union,smoke,all_valid,code_acceptance,partial,0,0,0,0,0,,0,,,,0,,,,0,,,0,,0,,,0,,0,,,0,,,,True,20260911,5000,artifact/task-cluster percentile 95%; degenerate intervals are not population certainty
CODE,original_8k_shared_prefix_scorer,Qwen/Qwen2.5-14B-Instruct,cf98f3b3bbb457ad9e2bb7baf9a0125b6b88caa8,immediate_readout,original,bare,main,all_valid,ALL,all,80,80,54,26,0,0.72083333333333333,80,0.64583333333333326,0.78888888888888897,2.4125000000000001,80,1.8,3.0874999999999999,0.27777777777777779,54,0.16666666666666666,0.40740740740740738,15,0.27777777777777779,54,0.16666666666666666,0.40740740740740738,15,0,54,0,0,0,0.51249999999999996,0.51249999999999996,0,True,20260911,5000,artifact/task-cluster percentile 95%; degenerate intervals are not population certainty
CODE,original_8k_shared_prefix_scorer,Qwen/Qwen2.5-14B-Instruct,cf98f3b3bbb457ad9e2bb7baf9a0125b6b88caa8,immediate_readout,original,bare,main,all_valid,ALL,nontrivial,54,54,54,0,0,0.64197530864197527,54,0.55555555555555558,0.72021604938271522,3.074074074074074,54,2.3518518518518516,3.8148148148148149,0.27777777777777779,54,0.16666666666666666,0.40740740740740738,15,0.27777777777777779,54,0.16666666666666666,0.40740740740740738,15,0,54,0,0,0,0.27777777777777779,0.27777777777777779,0,True,20260911,5000,artifact/task-cluster percentile 95%; degenerate intervals are not population certainty
CODE,original_8k_shared_prefix_scorer,Qwen/Qwen2.5-14B-Instruct,cf98f3b3bbb457ad9e2bb7baf9a0125b6b88caa8,immediate_readout,original,bare,main,all_valid,ALL,all_pass,26,26,0,26,0,0.88461538461538458,26,0.76495726495726502,0.99572649572649574,1.0384615384615385,26,0.038461538461538464,2.1153846153846154,,0,,,0,,0,,,0,,0,,,0,1,1,,True,20260911,5000,artifact/task-cluster percentile 95%; degenerate intervals are not population certainty
CODE,original_8k_shared_prefix_scorer,Qwen/Qwen2.5-14B-Instruct,cf98f3b3bbb457ad9e2bb7baf9a0125b6b88caa8,immediate_readout,original,bare,main,all_valid,ALL,all_fail,0,0,0,0,0,,0,,,,0,,,,0,,,0,,0,,,0,,0,,,0,,,,True,20260911,5000,artifact/task-cluster percentile 95%; degenerate intervals are not population certainty
CODE,original_8k_shared_prefix_scorer,Qwen/Qwen2.5-14B-Instruct,cf98f3b3bbb457ad9e2bb7baf9a0125b6b88caa8,immediate_readout,original,bare,main,all_valid,ALL,partial,23,23,23,0,0,0.54106280193236711,23,0.43478260869565216,0.64734299516908211,4.3478260869565215,23,3.3467391304347833,5.3913043478260869,0.34782608695652173,23,0.17391304347826086,0.56521739130434778,8,0.34782608695652173,23,0.17391304347826086,0.56521739130434778,8,0,23,0,0,0,0.34782608695652173,0.34782608695652173,0,True,20260911,5000,artifact/task-cluster percentile 95%; degenerate intervals are not population certainty
CODE,original_8k_shared_prefix_scorer,Qwen/Qwen2.5-14B-Instruct,cf98f3b3bbb457ad9e2bb7baf9a0125b6b88caa8,immediate_readout,original,bare,main,all_valid,code_acceptance,all,80,80,54,26,0,0.72083333333333333,80,0.64583333333333326,0.78888888888888897,2.4125000000000001,80,1.8,3.0874999999999999,0.27777777777777779,54,0.16666666666666666,0.40740740740740738,15,0.27777777777777779,54,0.16666666666666666,0.40740740740740738,15,0,54,0,0,0,0.51249999999999996,0.51249999999999996,0,True,20260911,5000,artifact/task-cluster percentile 95%; degenerate intervals are not population certainty
CODE,original_8k_shared_prefix_scorer,Qwen/Qwen2.5-14B-Instruct,cf98f3b3bbb457ad9e2bb7baf9a0125b6b88caa8,immediate_readout,original,bare,main,all_valid,code_acceptance,nontrivial,54,54,54,0,0,0.64197530864197527,54,0.55555555555555558,0.72021604938271522,3.074074074074074,54,2.3518518518518516,3.8148148148148149,0.27777777777777779,54,0.16666666666666666,0.40740740740740738,15,0.27777777777777779,54,0.16666666666666666,0.40740740740740738,15,0,54,0,0,0,0.27777777777777779,0.27777777777777779,0,True,20260911,5000,artifact/task-cluster percentile 95%; degenerate intervals are not population certainty
CODE,original_8k_shared_prefix_scorer,Qwen/Qwen2.5-14B-Instruct,cf98f3b3bbb457ad9e2bb7baf9a0125b6b88caa8,immediate_readout,original,bare,main,all_valid,code_acceptance,all_pass,26,26,0,26,0,0.88461538461538458,26,0.76495726495726502,0.99572649572649574,1.0384615384615385,26,0.038461538461538464,2.1153846153846154,,0,,,0,,0,,,0,,0,,,0,1,1,,True,20260911,5000,artifact/task-cluster percentile 95%; degenerate intervals are not population certainty
CODE,original_8k_shared_prefix_scorer,Qwen/Qwen2.5-14B-Instruct,cf98f3b3bbb457ad9e2bb7baf9a0125b6b88caa8,immediate_readout,original,bare,main,all_valid,code_acceptance,all_fail,0,0,0,0,0,,0,,,,0,,,,0,,,0,,0,,,0,,0,,,0,,,,True,20260911,5000,artifact/task-cluster percentile 95%; degenerate intervals are not population certainty
CODE,original_8k_shared_prefix_scorer,Qwen/Qwen2.5-14B-Instruct,cf98f3b3bbb457ad9e2bb7baf9a0125b6b88caa8,immediate_readout,original,bare,main,all_valid,code_acceptance,partial,23,23,23,0,0,0.54106280193236711,23,0.43478260869565216,0.64734299516908211,4.3478260869565215,23,3.3467391304347833,5.3913043478260869,0.34782608695652173,23,0.17391304347826086,0.56521739130434778,8,0.34782608695652173,23,0.17391304347826086,0.56521739130434778,8,0,23,0,0,0,0.34782608695652173,0.34782608695652173,0,True,20260911,5000,artifact/task-cluster percentile 95%; degenerate intervals are not population certainty
CODE,original_8k_shared_prefix_scorer,Qwen/Qwen2.5-14B-Instruct,cf98f3b3bbb457ad9e2bb7baf9a0125b6b88caa8,immediate_readout,original,bare,smoke,all_valid,ALL,all,3,3,1,2,0,0.62962962962962965,3,0,1,3.3333333333333335,3,0,9,0,1,0,0,0,0,1,0,0,0,0,1,0,0,0,0.66666666666666663,0.66666666666666663,,True,20260911,5000,artifact/task-cluster percentile 95%; degenerate intervals are not population certainty
CODE,original_8k_shared_prefix_scorer,Qwen/Qwen2.5-14B-Instruct,cf98f3b3bbb457ad9e2bb7baf9a0125b6b88caa8,immediate_readout,original,bare,smoke,all_valid,ALL,nontrivial,1,1,1,0,0,0.88888888888888884,1,0.88888888888888884,0.88888888888888884,1,1,1,1,0,1,0,0,0,0,1,0,0,0,0,1,0,0,0,0,0,,True,20260911,5000,artifact/task-cluster percentile 95%; degenerate intervals are not population certainty
CODE,original_8k_shared_prefix_scorer,Qwen/Qwen2.5-14B-Instruct,cf98f3b3bbb457ad9e2bb7baf9a0125b6b88caa8,immediate_readout,original,bare,smoke,all_valid,ALL,all_pass,2,2,0,2,0,0.5,2,0,1,4.5,2,0,9,,0,,,0,,0,,,0,,0,,,0,1,1,,True,20260911,5000,artifact/task-cluster percentile 95%; degenerate intervals are not population certainty
CODE,original_8k_shared_prefix_scorer,Qwen/Qwen2.5-14B-Instruct,cf98f3b3bbb457ad9e2bb7baf9a0125b6b88caa8,immediate_readout,original,bare,smoke,all_valid,ALL,all_fail,0,0,0,0,0,,0,,,,0,,,,0,,,0,,0,,,0,,0,,,0,,,,True,20260911,5000,artifact/task-cluster percentile 95%; degenerate intervals are not population certainty
CODE,original_8k_shared_prefix_scorer,Qwen/Qwen2.5-14B-Instruct,cf98f3b3bbb457ad9e2bb7baf9a0125b6b88caa8,immediate_readout,original,bare,smoke,all_valid,ALL,partial,0,0,0,0,0,,0,,,,0,,,,0,,,0,,0,,,0,,0,,,0,,,,True,20260911,5000,artifact/task-cluster percentile 95%; degenerate intervals are not population certainty
CODE,original_8k_shared_prefix_scorer,Qwen/Qwen2.5-14B-Instruct,cf98f3b3bbb457ad9e2bb7baf9a0125b6b88caa8,immediate_readout,original,bare,smoke,all_valid,code_acceptance,all,3,3,1,2,0,0.62962962962962965,3,0,1,3.3333333333333335,3,0,9,0,1,0,0,0,0,1,0,0,0,0,1,0,0,0,0.66666666666666663,0.66666666666666663,,True,20260911,5000,artifact/task-cluster percentile 95%; degenerate intervals are not population certainty
CODE,original_8k_shared_prefix_scorer,Qwen/Qwen2.5-14B-Instruct,cf98f3b3bbb457ad9e2bb7baf9a0125b6b88caa8,immediate_readout,original,bare,smoke,all_valid,code_acceptance,nontrivial,1,1,1,0,0,0.88888888888888884,1,0.88888888888888884,0.88888888888888884,1,1,1,1,0,1,0,0,0,0,1,0,0,0,0,1,0,0,0,0,0,,True,20260911,5000,artifact/task-cluster percentile 95%; degenerate intervals are not population certainty
CODE,original_8k_shared_prefix_scorer,Qwen/Qwen2.5-14B-Instruct,cf98f3b3bbb457ad9e2bb7baf9a0125b6b88caa8,immediate_readout,original,bare,smoke,all_valid,code_acceptance,all_pass,2,2,0,2,0,0.5,2,0,1,4.5,2,0,9,,0,,,0,,0,,,0,,0,,,0,1,1,,True,20260911,5000,artifact/task-cluster percentile 95%; degenerate intervals are not population certainty
CODE,original_8k_shared_prefix_scorer,Qwen/Qwen2.5-14B-Instruct,cf98f3b3bbb457ad9e2bb7baf9a0125b6b88caa8,immediate_readout,original,bare,smoke,all_valid,code_acceptance,all_fail,0,0,0,0,0,,0,,,,0,,,,0,,,0,,0,,,0,,0,,,0,,,,True,20260911,5000,artifact/task-cluster percentile 95%; degenerate intervals are not population certainty
CODE,original_8k_shared_prefix_scorer,Qwen/Qwen2.5-14B-Instruct,cf98f3b3bbb457ad9e2bb7baf9a0125b6b88caa8,immediate_readout,original,bare,smoke,all_valid,code_acceptance,partial,0,0,0,0,0,,0,,,,0,,,,0,,,0,,0,,,0,,0,,,0,,,,True,20260911,5000,artifact/task-cluster percentile 95%; degenerate intervals are not population certainty
CODE,original_8k_shared_prefix_scorer,Qwen/Qwen2.5-14B-Instruct,cf98f3b3bbb457ad9e2bb7baf9a0125b6b88caa8,immediate_readout,original,whitespace_union,main,all_valid,ALL,all,80,80,54,26,0,0.71805555555555556,80,0.64305555555555549,0.78749999999999998,2.4249999999999998,80,1.8,3.1000000000000001,0.29629629629629628,54,0.18518518518518517,0.42592592592592593,16,0.29629629629629628,54,0.18518518518518517,0.42592592592592593,16,0,54,0,0,0,0.52500000000000002,0.52500000000000002,0,True,20260911,5000,artifact/task-cluster percentile 95%; degenerate intervals are not population certainty
CODE,original_8k_shared_prefix_scorer,Qwen/Qwen2.5-14B-Instruct,cf98f3b3bbb457ad9e2bb7baf9a0125b6b88caa8,immediate_readout,original,whitespace_union,main,all_valid,ALL,nontrivial,54,54,54,0,0,0.63991769547325095,54,0.55349794238683125,0.72016460905349744,3.074074074074074,54,2.3518518518518516,3.8148148148148149,0.29629629629629628,54,0.18518518518518517,0.42592592592592593,16,0.29629629629629628,54,0.18518518518518517,0.42592592592592593,16,0,54,0,0,0,0.29629629629629628,0.29629629629629628,0,True,20260911,5000,artifact/task-cluster percentile 95%; degenerate intervals are not population certainty
CODE,original_8k_shared_prefix_scorer,Qwen/Qwen2.5-14B-Instruct,cf98f3b3bbb457ad9e2bb7baf9a0125b6b88caa8,immediate_readout,original,whitespace_union,main,all_valid,ALL,all_pass,26,26,0,26,0,0.88034188034188032,26,0.7564102564102565,0.99572649572649574,1.0769230769230769,26,0.038461538461538464,2.1923076923076925,,0,,,0,,0,,,0,,0,,,0,1,1,,True,20260911,5000,artifact/task-cluster percentile 95%; degenerate intervals are not population certainty
CODE,original_8k_shared_prefix_scorer,Qwen/Qwen2.5-14B-Instruct,cf98f3b3bbb457ad9e2bb7baf9a0125b6b88caa8,immediate_readout,original,whitespace_union,main,all_valid,ALL,all_fail,0,0,0,0,0,,0,,,,0,,,,0,,,0,,0,,,0,,0,,,0,,,,True,20260911,5000,artifact/task-cluster percentile 95%; degenerate intervals are not population certainty
CODE,original_8k_shared_prefix_scorer,Qwen/Qwen2.5-14B-Instruct,cf98f3b3bbb457ad9e2bb7baf9a0125b6b88caa8,immediate_readout,original,whitespace_union,main,all_valid,ALL,partial,23,23,23,0,0,0.53623188405797106,23,0.42995169082125606,0.64251207729468607,4.3478260869565215,23,3.3467391304347833,5.3913043478260869,0.34782608695652173,23,0.17391304347826086,0.56521739130434778,8,0.34782608695652173,23,0.17391304347826086,0.56521739130434778,8,0,23,0,0,0,0.34782608695652173,0.34782608695652173,0,True,20260911,5000,artifact/task-cluster percentile 95%; degenerate intervals are not population certainty
CODE,original_8k_shared_prefix_scorer,Qwen/Qwen2.5-14B-Instruct,cf98f3b3bbb457ad9e2bb7baf9a0125b6b88caa8,immediate_readout,original,whitespace_union,main,all_valid,code_acceptance,all,80,80,54,26,0,0.71805555555555556,80,0.64305555555555549,0.78749999999999998,2.4249999999999998,80,1.8,3.1000000000000001,0.29629629629629628,54,0.18518518518518517,0.42592592592592593,16,0.29629629629629628,54,0.18518518518518517,0.42592592592592593,16,0,54,0,0,0,0.52500000000000002,0.52500000000000002,0,True,20260911,5000,artifact/task-cluster percentile 95%; degenerate intervals are not population certainty
CODE,original_8k_shared_prefix_scorer,Qwen/Qwen2.5-14B-Instruct,cf98f3b3bbb457ad9e2bb7baf9a0125b6b88caa8,immediate_readout,original,whitespace_union,main,all_valid,code_acceptance,nontrivial,54,54,54,0,0,0.63991769547325095,54,0.55349794238683125,0.72016460905349744,3.074074074074074,54,2.3518518518518516,3.8148148148148149,0.29629629629629628,54,0.18518518518518517,0.42592592592592593,16,0.29629629629629628,54,0.18518518518518517,0.42592592592592593,16,0,54,0,0,0,0.29629629629629628,0.29629629629629628,0,True,20260911,5000,artifact/task-cluster percentile 95%; degenerate intervals are not population certainty
CODE,original_8k_shared_prefix_scorer,Qwen/Qwen2.5-14B-Instruct,cf98f3b3bbb457ad9e2bb7baf9a0125b6b88caa8,immediate_readout,original,whitespace_union,main,all_valid,code_acceptance,all_pass,26,26,0,26,0,0.88034188034188032,26,0.7564102564102565,0.99572649572649574,1.0769230769230769,26,0.038461538461538464,2.1923076923076925,,0,,,0,,0,,,0,,0,,,0,1,1,,True,20260911,5000,artifact/task-cluster percentile 95%; degenerate intervals are not population certainty
CODE,original_8k_shared_prefix_scorer,Qwen/Qwen2.5-14B-Instruct,cf98f3b3bbb457ad9e2bb7baf9a0125b6b88caa8,immediate_readout,original,whitespace_union,main,all_valid,code_acceptance,all_fail,0,0,0,0,0,,0,,,,0,,,,0,,,0,,0,,,0,,0,,,0,,,,True,20260911,5000,artifact/task-cluster percentile 95%; degenerate intervals are not population certainty
CODE,original_8k_shared_prefix_scorer,Qwen/Qwen2.5-14B-Instruct,cf98f3b3bbb457ad9e2bb7baf9a0125b6b88caa8,immediate_readout,original,whitespace_union,main,all_valid,code_acceptance,partial,23,23,23,0,0,0.53623188405797106,23,0.42995169082125606,0.64251207729468607,4.3478260869565215,23,3.3467391304347833,5.3913043478260869,0.34782608695652173,23,0.17391304347826086,0.56521739130434778,8,0.34782608695652173,23,0.17391304347826086,0.56521739130434778,8,0,23,0,0,0,0.34782608695652173,0.34782608695652173,0,True,20260911,5000,artifact/task-cluster percentile 95%; degenerate intervals are not population certainty
CODE,original_8k_shared_prefix_scorer,Qwen/Qwen2.5-14B-Instruct,cf98f3b3bbb457ad9e2bb7baf9a0125b6b88caa8,immediate_readout,original,whitespace_union,smoke,all_valid,ALL,all,3,3,1,2,0,0.62962962962962965,3,0,1,3.3333333333333335,3,0,9,1,1,1,1,1,1,1,1,1,1,0,1,0,0,0,1,1,0,True,20260911,5000,artifact/task-cluster percentile 95%; degenerate intervals are not population certainty
CODE,original_8k_shared_prefix_scorer,Qwen/Qwen2.5-14B-Instruct,cf98f3b3bbb457ad9e2bb7baf9a0125b6b88caa8,immediate_readout,original,whitespace_union,smoke,all_valid,ALL,nontrivial,1,1,1,0,0,0.88888888888888884,1,0.88888888888888884,0.88888888888888884,1,1,1,1,1,1,1,1,1,1,1,1,1,1,0,1,0,0,0,1,1,0,True,20260911,5000,artifact/task-cluster percentile 95%; degenerate intervals are not population certainty
CODE,original_8k_shared_prefix_scorer,Qwen/Qwen2.5-14B-Instruct,cf98f3b3bbb457ad9e2bb7baf9a0125b6b88caa8,immediate_readout,original,whitespace_union,smoke,all_valid,ALL,all_pass,2,2,0,2,0,0.5,2,0,1,4.5,2,0,9,,0,,,0,,0,,,0,,0,,,0,1,1,,True,20260911,5000,artifact/task-cluster percentile 95%; degenerate intervals are not population certainty
CODE,original_8k_shared_prefix_scorer,Qwen/Qwen2.5-14B-Instruct,cf98f3b3bbb457ad9e2bb7baf9a0125b6b88caa8,immediate_readout,original,whitespace_union,smoke,all_valid,ALL,all_fail,0,0,0,0,0,,0,,,,0,,,,0,,,0,,0,,,0,,0,,,0,,,,True,20260911,5000,artifact/task-cluster percentile 95%; degenerate intervals are not population certainty
CODE,original_8k_shared_prefix_scorer,Qwen/Qwen2.5-14B-Instruct,cf98f3b3bbb457ad9e2bb7baf9a0125b6b88caa8,immediate_readout,original,whitespace_union,smoke,all_valid,ALL,partial,0,0,0,0,0,,0,,,,0,,,,0,,,0,,0,,,0,,0,,,0,,,,True,20260911,5000,artifact/task-cluster percentile 95%; degenerate intervals are not population certainty
CODE,original_8k_shared_prefix_scorer,Qwen/Qwen2.5-14B-Instruct,cf98f3b3bbb457ad9e2bb7baf9a0125b6b88caa8,immediate_readout,original,whitespace_union,smoke,all_valid,code_acceptance,all,3,3,1,2,0,0.62962962962962965,3,0,1,3.3333333333333335,3,0,9,1,1,1,1,1,1,1,1,1,1,0,1,0,0,0,1,1,0,True,20260911,5000,artifact/task-cluster percentile 95%; degenerate intervals are not population certainty
CODE,original_8k_shared_prefix_scorer,Qwen/Qwen2.5-14B-Instruct,cf98f3b3bbb457ad9e2bb7baf9a0125b6b88caa8,immediate_readout,original,whitespace_union,smoke,all_valid,code_acceptance,nontrivial,1,1,1,0,0,0.88888888888888884,1,0.88888888888888884,0.88888888888888884,1,1,1,1,1,1,1,1,1,1,1,1,1,1,0,1,0,0,0,1,1,0,True,20260911,5000,artifact/task-cluster percentile 95%; degenerate intervals are not population certainty
CODE,original_8k_shared_prefix_scorer,Qwen/Qwen2.5-14B-Instruct,cf98f3b3bbb457ad9e2bb7baf9a0125b6b88caa8,immediate_readout,original,whitespace_union,smoke,all_valid,code_acceptance,all_pass,2,2,0,2,0,0.5,2,0,1,4.5,2,0,9,,0,,,0,,0,,,0,,0,,,0,1,1,,True,20260911,5000,artifact/task-cluster percentile 95%; degenerate intervals are not population certainty
CODE,original_8k_shared_prefix_scorer,Qwen/Qwen2.5-14B-Instruct,cf98f3b3bbb457ad9e2bb7baf9a0125b6b88caa8,immediate_readout,original,whitespace_union,smoke,all_valid,code_acceptance,all_fail,0,0,0,0,0,,0,,,,0,,,,0,,,0,,0,,,0,,0,,,0,,,,True,20260911,5000,artifact/task-cluster percentile 95%; degenerate intervals are not population certainty
CODE,original_8k_shared_prefix_scorer,Qwen/Qwen2.5-14B-Instruct,cf98f3b3bbb457ad9e2bb7baf9a0125b6b88caa8,immediate_readout,original,whitespace_union,smoke,all_valid,code_acceptance,partial,0,0,0,0,0,,0,,,,0,,,,0,,,0,,0,,,0,,0,,,0,,,,True,20260911,5000,artifact/task-cluster percentile 95%; degenerate intervals are not population certainty
CODE,original_8k_shared_prefix_scorer,Qwen/Qwen3-30B-A3B-Thinking-2507,144afc2f379b542fdd4e85a1fcd5e1f79112d95d,native_reason_then_score,explicit,bare,main,all_valid,ALL,all,80,68,45,23,0,0.96241830065359479,68,0.92647058823529416,0.99019607843137269,0.33823529411764708,68,0.073529411764705885,0.67647058823529416,0.97777777777777775,45,0.93333333333333335,1,44,0.97777777777777775,45,0.93333333333333335,1,44,0,45,0,0,0,0.98529411764705888,0.98529411764705888,0,True,20260911,5000,artifact/task-cluster percentile 95%; degenerate intervals are not population certainty
CODE,original_8k_shared_prefix_scorer,Qwen/Qwen3-30B-A3B-Thinking-2507,144afc2f379b542fdd4e85a1fcd5e1f79112d95d,native_reason_then_score,explicit,bare,main,all_valid,ALL,nontrivial,54,45,45,0,0,0.9555555555555556,45,0.90864197530864188,0.99012345679012348,0.37777777777777777,45,0,0.84444444444444444,0.97777777777777775,45,0.93333333333333335,1,44,0.97777777777777775,45,0.93333333333333335,1,44,0,45,0,0,0,0.97777777777777775,0.97777777777777775,0,True,20260911,5000,artifact/task-cluster percentile 95%; degenerate intervals are not population certainty
CODE,original_8k_shared_prefix_scorer,Qwen/Qwen3-30B-A3B-Thinking-2507,144afc2f379b542fdd4e85a1fcd5e1f79112d95d,native_reason_then_score,explicit,bare,main,all_valid,ALL,all_pass,26,23,0,23,0,0.97584541062801922,23,0.92753623188405787,1,0.2608695652173913,23,0,0.78260869565217395,,0,,,0,,0,,,0,,0,,,0,1,1,,True,20260911,5000,artifact/task-cluster percentile 95%; degenerate intervals are not population certainty
CODE,original_8k_shared_prefix_scorer,Qwen/Qwen3-30B-A3B-Thinking-2507,144afc2f379b542fdd4e85a1fcd5e1f79112d95d,native_reason_then_score,explicit,bare,main,all_valid,ALL,all_fail,0,0,0,0,0,,0,,,,0,,,,0,,,0,,0,,,0,,0,,,0,,,,True,20260911,5000,artifact/task-cluster percentile 95%; degenerate intervals are not population certainty
CODE,original_8k_shared_prefix_scorer,Qwen/Qwen3-30B-A3B-Thinking-2507,144afc2f379b542fdd4e85a1fcd5e1f79112d95d,native_reason_then_score,explicit,bare,main,all_valid,ALL,partial,23,19,19,0,0,0.99415204678362579,19,0.98245614035087703,1,0.31578947368421051,19,0,0.94736842105263153,0.94736842105263153,19,0.84210526315789469,1,18,0.94736842105263153,19,0.84210526315789469,1,18,0,19,0,0,0,0.94736842105263153,0.94736842105263153,0,True,20260911,5000,artifact/task-cluster percentile 95%; degenerate intervals are not population certainty
CODE,original_8k_shared_prefix_scorer,Qwen/Qwen3-30B-A3B-Thinking-2507,144afc2f379b542fdd4e85a1fcd5e1f79112d95d,native_reason_then_score,explicit,bare,main,all_valid,code_acceptance,all,80,68,45,23,0,0.96241830065359479,68,0.92647058823529416,0.99019607843137269,0.33823529411764708,68,0.073529411764705885,0.67647058823529416,0.97777777777777775,45,0.93333333333333335,1,44,0.97777777777777775,45,0.93333333333333335,1,44,0,45,0,0,0,0.98529411764705888,0.98529411764705888,0,True,20260911,5000,artifact/task-cluster percentile 95%; degenerate intervals are not population certainty
CODE,original_8k_shared_prefix_scorer,Qwen/Qwen3-30B-A3B-Thinking-2507,144afc2f379b542fdd4e85a1fcd5e1f79112d95d,native_reason_then_score,explicit,bare,main,all_valid,code_acceptance,nontrivial,54,45,45,0,0,0.9555555555555556,45,0.90864197530864188,0.99012345679012348,0.37777777777777777,45,0,0.84444444444444444,0.97777777777777775,45,0.93333333333333335,1,44,0.97777777777777775,45,0.93333333333333335,1,44,0,45,0,0,0,0.97777777777777775,0.97777777777777775,0,True,20260911,5000,artifact/task-cluster percentile 95%; degenerate intervals are not population certainty
CODE,original_8k_shared_prefix_scorer,Qwen/Qwen3-30B-A3B-Thinking-2507,144afc2f379b542fdd4e85a1fcd5e1f79112d95d,native_reason_then_score,explicit,bare,main,all_valid,code_acceptance,all_pass,26,23,0,23,0,0.97584541062801922,23,0.92753623188405787,1,0.2608695652173913,23,0,0.78260869565217395,,0,,,0,,0,,,0,,0,,,0,1,1,,True,20260911,5000,artifact/task-cluster percentile 95%; degenerate intervals are not population certainty
CODE,original_8k_shared_prefix_scorer,Qwen/Qwen3-30B-A3B-Thinking-2507,144afc2f379b542fdd4e85a1fcd5e1f79112d95d,native_reason_then_score,explicit,bare,main,all_valid,code_acceptance,all_fail,0,0,0,0,0,,0,,,,0,,,,0,,,0,,0,,,0,,0,,,0,,,,True,20260911,5000,artifact/task-cluster percentile 95%; degenerate intervals are not population certainty
CODE,original_8k_shared_prefix_scorer,Qwen/Qwen3-30B-A3B-Thinking-2507,144afc2f379b542fdd4e85a1fcd5e1f79112d95d,native_reason_then_score,explicit,bare,main,all_valid,code_acceptance,partial,23,19,19,0,0,0.99415204678362579,19,0.98245614035087703,1,0.31578947368421051,19,0,0.94736842105263153,0.94736842105263153,19,0.84210526315789469,1,18,0.94736842105263153,19,0.84210526315789469,1,18,0,19,0,0,0,0.94736842105263153,0.94736842105263153,0,True,20260911,5000,artifact/task-cluster percentile 95%; degenerate intervals are not population certainty
CODE,original_8k_shared_prefix_scorer,Qwen/Qwen3-30B-A3B-Thinking-2507,144afc2f379b542fdd4e85a1fcd5e1f79112d95d,native_reason_then_score,explicit,bare,smoke,all_valid,ALL,all,3,2,0,2,0,1,2,1,1,0,2,0,0,,0,,,0,,0,,,0,,0,,,0,1,1,,True,20260911,5000,artifact/task-cluster percentile 95%; degenerate intervals are not population certainty
CODE,original_8k_shared_prefix_scorer,Qwen/Qwen3-30B-A3B-Thinking-2507,144afc2f379b542fdd4e85a1fcd5e1f79112d95d,native_reason_then_score,explicit,bare,smoke,all_valid,ALL,nontrivial,1,0,0,0,0,,0,,,,0,,,,0,,,0,,0,,,0,,0,,,0,,,,True,20260911,5000,artifact/task-cluster percentile 95%; degenerate intervals are not population certainty
CODE,original_8k_shared_prefix_scorer,Qwen/Qwen3-30B-A3B-Thinking-2507,144afc2f379b542fdd4e85a1fcd5e1f79112d95d,native_reason_then_score,explicit,bare,smoke,all_valid,ALL,all_pass,2,2,0,2,0,1,2,1,1,0,2,0,0,,0,,,0,,0,,,0,,0,,,0,1,1,,True,20260911,5000,artifact/task-cluster percentile 95%; degenerate intervals are not population certainty
CODE,original_8k_shared_prefix_scorer,Qwen/Qwen3-30B-A3B-Thinking-2507,144afc2f379b542fdd4e85a1fcd5e1f79112d95d,native_reason_then_score,explicit,bare,smoke,all_valid,ALL,all_fail,0,0,0,0,0,,0,,,,0,,,,0,,,0,,0,,,0,,0,,,0,,,,True,20260911,5000,artifact/task-cluster percentile 95%; degenerate intervals are not population certainty
CODE,original_8k_shared_prefix_scorer,Qwen/Qwen3-30B-A3B-Thinking-2507,144afc2f379b542fdd4e85a1fcd5e1f79112d95d,native_reason_then_score,explicit,bare,smoke,all_valid,ALL,partial,0,0,0,0,0,,0,,,,0,,,,0,,,0,,0,,,0,,0,,,0,,,,True,20260911,5000,artifact/task-cluster percentile 95%; degenerate intervals are not population certainty
CODE,original_8k_shared_prefix_scorer,Qwen/Qwen3-30B-A3B-Thinking-2507,144afc2f379b542fdd4e85a1fcd5e1f79112d95d,native_reason_then_score,explicit,bare,smoke,all_valid,code_acceptance,all,3,2,0,2,0,1,2,1,1,0,2,0,0,,0,,,0,,0,,,0,,0,,,0,1,1,,True,20260911,5000,artifact/task-cluster percentile 95%; degenerate intervals are not population certainty
CODE,original_8k_shared_prefix_scorer,Qwen/Qwen3-30B-A3B-Thinking-2507,144afc2f379b542fdd4e85a1fcd5e1f79112d95d,native_reason_then_score,explicit,bare,smoke,all_valid,code_acceptance,nontrivial,1,0,0,0,0,,0,,,,0,,,,0,,,0,,0,,,0,,0,,,0,,,,True,20260911,5000,artifact/task-cluster percentile 95%; degenerate intervals are not population certainty
CODE,original_8k_shared_prefix_scorer,Qwen/Qwen3-30B-A3B-Thinking-2507,144afc2f379b542fdd4e85a1fcd5e1f79112d95d,native_reason_then_score,explicit,bare,smoke,all_valid,code_acceptance,all_pass,2,2,0,2,0,1,2,1,1,0,2,0,0,,0,,,0,,0,,,0,,0,,,0,1,1,,True,20260911,5000,artifact/task-cluster percentile 95%; degenerate intervals are not population certainty
CODE,original_8k_shared_prefix_scorer,Qwen/Qwen3-30B-A3B-Thinking-2507,144afc2f379b542fdd4e85a1fcd5e1f79112d95d,native_reason_then_score,explicit,bare,smoke,all_valid,code_acceptance,all_fail,0,0,0,0,0,,0,,,,0,,,,0,,,0,,0,,,0,,0,,,0,,,,True,20260911,5000,artifact/task-cluster percentile 95%; degenerate intervals are not population certainty
CODE,original_8k_shared_prefix_scorer,Qwen/Qwen3-30B-A3B-Thinking-2507,144afc2f379b542fdd4e85a1fcd5e1f79112d95d,native_reason_then_score,explicit,bare,smoke,all_valid,code_acceptance,partial,0,0,0,0,0,,0,,,,0,,,,0,,,0,,0,,,0,,0,,,0,,,,True,20260911,5000,artifact/task-cluster percentile 95%; degenerate intervals are not population certainty
CODE,original_8k_shared_prefix_scorer,Qwen/Qwen3-30B-A3B-Thinking-2507,144afc2f379b542fdd4e85a1fcd5e1f79112d95d,native_reason_then_score,explicit,whitespace_union,main,all_valid,ALL,all,80,68,45,23,0,0.96241830065359479,68,0.92647058823529416,0.99019607843137269,0.33823529411764708,68,0.073529411764705885,0.67647058823529416,0.97777777777777775,45,0.93333333333333335,1,44,0.97777777777777775,45,0.93333333333333335,1,44,0,45,0,0,0,0.98529411764705888,0.98529411764705888,0,True,20260911,5000,artifact/task-cluster percentile 95%; degenerate intervals are not population certainty
CODE,original_8k_shared_prefix_scorer,Qwen/Qwen3-30B-A3B-Thinking-2507,144afc2f379b542fdd4e85a1fcd5e1f79112d95d,native_reason_then_score,explicit,whitespace_union,main,all_valid,ALL,nontrivial,54,45,45,0,0,0.9555555555555556,45,0.90864197530864188,0.99012345679012348,0.37777777777777777,45,0,0.84444444444444444,0.97777777777777775,45,0.93333333333333335,1,44,0.97777777777777775,45,0.93333333333333335,1,44,0,45,0,0,0,0.97777777777777775,0.97777777777777775,0,True,20260911,5000,artifact/task-cluster percentile 95%; degenerate intervals are not population certainty
CODE,original_8k_shared_prefix_scorer,Qwen/Qwen3-30B-A3B-Thinking-2507,144afc2f379b542fdd4e85a1fcd5e1f79112d95d,native_reason_then_score,explicit,whitespace_union,main,all_valid,ALL,all_pass,26,23,0,23,0,0.97584541062801922,23,0.92753623188405787,1,0.2608695652173913,23,0,0.78260869565217395,,0,,,0,,0,,,0,,0,,,0,1,1,,True,20260911,5000,artifact/task-cluster percentile 95%; degenerate intervals are not population certainty
CODE,original_8k_shared_prefix_scorer,Qwen/Qwen3-30B-A3B-Thinking-2507,144afc2f379b542fdd4e85a1fcd5e1f79112d95d,native_reason_then_score,explicit,whitespace_union,main,all_valid,ALL,all_fail,0,0,0,0,0,,0,,,,0,,,,0,,,0,,0,,,0,,0,,,0,,,,True,20260911,5000,artifact/task-cluster percentile 95%; degenerate intervals are not population certainty
CODE,original_8k_shared_prefix_scorer,Qwen/Qwen3-30B-A3B-Thinking-2507,144afc2f379b542fdd4e85a1fcd5e1f79112d95d,native_reason_then_score,explicit,whitespace_union,main,all_valid,ALL,partial,23,19,19,0,0,0.99415204678362579,19,0.98245614035087703,1,0.31578947368421051,19,0,0.94736842105263153,0.94736842105263153,19,0.84210526315789469,1,18,0.94736842105263153,19,0.84210526315789469,1,18,0,19,0,0,0,0.94736842105263153,0.94736842105263153,0,True,20260911,5000,artifact/task-cluster percentile 95%; degenerate intervals are not population certainty
CODE,original_8k_shared_prefix_scorer,Qwen/Qwen3-30B-A3B-Thinking-2507,144afc2f379b542fdd4e85a1fcd5e1f79112d95d,native_reason_then_score,explicit,whitespace_union,main,all_valid,code_acceptance,all,80,68,45,23,0,0.96241830065359479,68,0.92647058823529416,0.99019607843137269,0.33823529411764708,68,0.073529411764705885,0.67647058823529416,0.97777777777777775,45,0.93333333333333335,1,44,0.97777777777777775,45,0.93333333333333335,1,44,0,45,0,0,0,0.98529411764705888,0.98529411764705888,0,True,20260911,5000,artifact/task-cluster percentile 95%; degenerate intervals are not population certainty
CODE,original_8k_shared_prefix_scorer,Qwen/Qwen3-30B-A3B-Thinking-2507,144afc2f379b542fdd4e85a1fcd5e1f79112d95d,native_reason_then_score,explicit,whitespace_union,main,all_valid,code_acceptance,nontrivial,54,45,45,0,0,0.9555555555555556,45,0.90864197530864188,0.99012345679012348,0.37777777777777777,45,0,0.84444444444444444,0.97777777777777775,45,0.93333333333333335,1,44,0.97777777777777775,45,0.93333333333333335,1,44,0,45,0,0,0,0.97777777777777775,0.97777777777777775,0,True,20260911,5000,artifact/task-cluster percentile 95%; degenerate intervals are not population certainty
CODE,original_8k_shared_prefix_scorer,Qwen/Qwen3-30B-A3B-Thinking-2507,144afc2f379b542fdd4e85a1fcd5e1f79112d95d,native_reason_then_score,explicit,whitespace_union,main,all_valid,code_acceptance,all_pass,26,23,0,23,0,0.97584541062801922,23,0.92753623188405787,1,0.2608695652173913,23,0,0.78260869565217395,,0,,,0,,0,,,0,,0,,,0,1,1,,True,20260911,5000,artifact/task-cluster percentile 95%; degenerate intervals are not population certainty
CODE,original_8k_shared_prefix_scorer,Qwen/Qwen3-30B-A3B-Thinking-2507,144afc2f379b542fdd4e85a1fcd5e1f79112d95d,native_reason_then_score,explicit,whitespace_union,main,all_valid,code_acceptance,all_fail,0,0,0,0,0,,0,,,,0,,,,0,,,0,,0,,,0,,0,,,0,,,,True,20260911,5000,artifact/task-cluster percentile 95%; degenerate intervals are not population certainty
CODE,original_8k_shared_prefix_scorer,Qwen/Qwen3-30B-A3B-Thinking-2507,144afc2f379b542fdd4e85a1fcd5e1f79112d95d,native_reason_then_score,explicit,whitespace_union,main,all_valid,code_acceptance,partial,23,19,19,0,0,0.99415204678362579,19,0.98245614035087703,1,0.31578947368421051,19,0,0.94736842105263153,0.94736842105263153,19,0.84210526315789469,1,18,0.94736842105263153,19,0.84210526315789469,1,18,0,19,0,0,0,0.94736842105263153,0.94736842105263153,0,True,20260911,5000,artifact/task-cluster percentile 95%; degenerate intervals are not population certainty
CODE,original_8k_shared_prefix_scorer,Qwen/Qwen3-30B-A3B-Thinking-2507,144afc2f379b542fdd4e85a1fcd5e1f79112d95d,native_reason_then_score,explicit,whitespace_union,smoke,all_valid,ALL,all,3,2,0,2,0,1,2,1,1,0,2,0,0,,0,,,0,,0,,,0,,0,,,0,1,1,,True,20260911,5000,artifact/task-cluster percentile 95%; degenerate intervals are not population certainty
CODE,original_8k_shared_prefix_scorer,Qwen/Qwen3-30B-A3B-Thinking-2507,144afc2f379b542fdd4e85a1fcd5e1f79112d95d,native_reason_then_score,explicit,whitespace_union,smoke,all_valid,ALL,nontrivial,1,0,0,0,0,,0,,,,0,,,,0,,,0,,0,,,0,,0,,,0,,,,True,20260911,5000,artifact/task-cluster percentile 95%; degenerate intervals are not population certainty
CODE,original_8k_shared_prefix_scorer,Qwen/Qwen3-30B-A3B-Thinking-2507,144afc2f379b542fdd4e85a1fcd5e1f79112d95d,native_reason_then_score,explicit,whitespace_union,smoke,all_valid,ALL,all_pass,2,2,0,2,0,1,2,1,1,0,2,0,0,,0,,,0,,0,,,0,,0,,,0,1,1,,True,20260911,5000,artifact/task-cluster percentile 95%; degenerate intervals are not population certainty
CODE,original_8k_shared_prefix_scorer,Qwen/Qwen3-30B-A3B-Thinking-2507,144afc2f379b542fdd4e85a1fcd5e1f79112d95d,native_reason_then_score,explicit,whitespace_union,smoke,all_valid,ALL,all_fail,0,0,0,0,0,,0,,,,0,,,,0,,,0,,0,,,0,,0,,,0,,,,True,20260911,5000,artifact/task-cluster percentile 95%; degenerate intervals are not population certainty
CODE,original_8k_shared_prefix_scorer,Qwen/Qwen3-30B-A3B-Thinking-2507,144afc2f379b542fdd4e85a1fcd5e1f79112d95d,native_reason_then_score,explicit,whitespace_union,smoke,all_valid,ALL,partial,0,0,0,0,0,,0,,,,0,,,,0,,,0,,0,,,0,,0,,,0,,,,True,20260911,5000,artifact/task-cluster percentile 95%; degenerate intervals are not population certainty
CODE,original_8k_shared_prefix_scorer,Qwen/Qwen3-30B-A3B-Thinking-2507,144afc2f379b542fdd4e85a1fcd5e1f79112d95d,native_reason_then_score,explicit,whitespace_union,smoke,all_valid,code_acceptance,all,3,2,0,2,0,1,2,1,1,0,2,0,0,,0,,,0,,0,,,0,,0,,,0,1,1,,True,20260911,5000,artifact/task-cluster percentile 95%; degenerate intervals are not population certainty
CODE,original_8k_shared_prefix_scorer,Qwen/Qwen3-30B-A3B-Thinking-2507,144afc2f379b542fdd4e85a1fcd5e1f79112d95d,native_reason_then_score,explicit,whitespace_union,smoke,all_valid,code_acceptance,nontrivial,1,0,0,0,0,,0,,,,0,,,,0,,,0,,0,,,0,,0,,,0,,,,True,20260911,5000,artifact/task-cluster percentile 95%; degenerate intervals are not population certainty
CODE,original_8k_shared_prefix_scorer,Qwen/Qwen3-30B-A3B-Thinking-2507,144afc2f379b542fdd4e85a1fcd5e1f79112d95d,native_reason_then_score,explicit,whitespace_union,smoke,all_valid,code_acceptance,all_pass,2,2,0,2,0,1,2,1,1,0,2,0,0,,0,,,0,,0,,,0,,0,,,0,1,1,,True,20260911,5000,artifact/task-cluster percentile 95%; degenerate intervals are not population certainty
CODE,original_8k_shared_prefix_scorer,Qwen/Qwen3-30B-A3B-Thinking-2507,144afc2f379b542fdd4e85a1fcd5e1f79112d95d,native_reason_then_score,explicit,whitespace_union,smoke,all_valid,code_acceptance,all_fail,0,0,0,0,0,,0,,,,0,,,,0,,,0,,0,,,0,,0,,,0,,,,True,20260911,5000,artifact/task-cluster percentile 95%; degenerate intervals are not population certainty
CODE,original_8k_shared_prefix_scorer,Qwen/Qwen3-30B-A3B-Thinking-2507,144afc2f379b542fdd4e85a1fcd5e1f79112d95d,native_reason_then_score,explicit,whitespace_union,smoke,all_valid,code_acceptance,partial,0,0,0,0,0,,0,,,,0,,,,0,,,0,,0,,,0,,0,,,0,,,,True,20260911,5000,artifact/task-cluster percentile 95%; degenerate intervals are not population certainty
CODE,original_8k_shared_prefix_scorer,Qwen/Qwen3-30B-A3B-Thinking-2507,144afc2f379b542fdd4e85a1fcd5e1f79112d95d,native_reason_then_score,original,bare,main,all_valid,ALL,all,80,66,43,23,0,0.98316498316498313,66,0.95454545454545459,1,0.15151515151515152,66,0,0.40909090909090912,0.97674418604651159,43,0.93023255813953487,1,42,0.97674418604651159,43,0.93023255813953487,1,42,0,43,0,0,0,0.98484848484848486,0.98484848484848486,0,True,20260911,5000,artifact/task-cluster percentile 95%; degenerate intervals are not population certainty
CODE,original_8k_shared_prefix_scorer,Qwen/Qwen3-30B-A3B-Thinking-2507,144afc2f379b542fdd4e85a1fcd5e1f79112d95d,native_reason_then_score,original,bare,main,all_valid,ALL,nontrivial,54,43,43,0,0,0.97416020671834613,43,0.93016795865633073,1,0.23255813953488372,43,0,0.62848837209301478,0.97674418604651159,43,0.93023255813953487,1,42,0.97674418604651159,43,0.93023255813953487,1,42,0,43,0,0,0,0.97674418604651159,0.97674418604651159,0,True,20260911,5000,artifact/task-cluster percentile 95%; degenerate intervals are not population certainty
CODE,original_8k_shared_prefix_scorer,Qwen/Qwen3-30B-A3B-Thinking-2507,144afc2f379b542fdd4e85a1fcd5e1f79112d95d,native_reason_then_score,original,bare,main,all_valid,ALL,all_pass,26,23,0,23,0,1,23,1,1,0,23,0,0,,0,,,0,,0,,,0,,0,,,0,1,1,,True,20260911,5000,artifact/task-cluster percentile 95%; degenerate intervals are not population certainty
CODE,original_8k_shared_prefix_scorer,Qwen/Qwen3-30B-A3B-Thinking-2507,144afc2f379b542fdd4e85a1fcd5e1f79112d95d,native_reason_then_score,original,bare,main,all_valid,ALL,all_fail,0,0,0,0,0,,0,,,,0,,,,0,,,0,,0,,,0,,0,,,0,,,,True,20260911,5000,artifact/task-cluster percentile 95%; degenerate intervals are not population certainty
CODE,original_8k_shared_prefix_scorer,Qwen/Qwen3-30B-A3B-Thinking-2507,144afc2f379b542fdd4e85a1fcd5e1f79112d95d,native_reason_then_score,original,bare,main,all_valid,ALL,partial,23,20,20,0,0,0.98888888888888893,20,0.97222222222222232,1,0.10000000000000001,20,0,0.25,0.94999999999999996,20,0.84999999999999998,1,19,0.94999999999999996,20,0.84999999999999998,1,19,0,20,0,0,0,0.94999999999999996,0.94999999999999996,0,True,20260911,5000,artifact/task-cluster percentile 95%; degenerate intervals are not population certainty
CODE,original_8k_shared_prefix_scorer,Qwen/Qwen3-30B-A3B-Thinking-2507,144afc2f379b542fdd4e85a1fcd5e1f79112d95d,native_reason_then_score,original,bare,main,all_valid,code_acceptance,all,80,66,43,23,0,0.98316498316498313,66,0.95454545454545459,1,0.15151515151515152,66,0,0.40909090909090912,0.97674418604651159,43,0.93023255813953487,1,42,0.97674418604651159,43,0.93023255813953487,1,42,0,43,0,0,0,0.98484848484848486,0.98484848484848486,0,True,20260911,5000,artifact/task-cluster percentile 95%; degenerate intervals are not population certainty
CODE,original_8k_shared_prefix_scorer,Qwen/Qwen3-30B-A3B-Thinking-2507,144afc2f379b542fdd4e85a1fcd5e1f79112d95d,native_reason_then_score,original,bare,main,all_valid,code_acceptance,nontrivial,54,43,43,0,0,0.97416020671834613,43,0.93016795865633073,1,0.23255813953488372,43,0,0.62848837209301478,0.97674418604651159,43,0.93023255813953487,1,42,0.97674418604651159,43,0.93023255813953487,1,42,0,43,0,0,0,0.97674418604651159,0.97674418604651159,0,True,20260911,5000,artifact/task-cluster percentile 95%; degenerate intervals are not population certainty
CODE,original_8k_shared_prefix_scorer,Qwen/Qwen3-30B-A3B-Thinking-2507,144afc2f379b542fdd4e85a1fcd5e1f79112d95d,native_reason_then_score,original,bare,main,all_valid,code_acceptance,all_pass,26,23,0,23,0,1,23,1,1,0,23,0,0,,0,,,0,,0,,,0,,0,,,0,1,1,,True,20260911,5000,artifact/task-cluster percentile 95%; degenerate intervals are not population certainty
CODE,original_8k_shared_prefix_scorer,Qwen/Qwen3-30B-A3B-Thinking-2507,144afc2f379b542fdd4e85a1fcd5e1f79112d95d,native_reason_then_score,original,bare,main,all_valid,code_acceptance,all_fail,0,0,0,0,0,,0,,,,0,,,,0,,,0,,0,,,0,,0,,,0,,,,True,20260911,5000,artifact/task-cluster percentile 95%; degenerate intervals are not population certainty
CODE,original_8k_shared_prefix_scorer,Qwen/Qwen3-30B-A3B-Thinking-2507,144afc2f379b542fdd4e85a1fcd5e1f79112d95d,native_reason_then_score,original,bare,main,all_valid,code_acceptance,partial,23,20,20,0,0,0.98888888888888893,20,0.97222222222222232,1,0.10000000000000001,20,0,0.25,0.94999999999999996,20,0.84999999999999998,1,19,0.94999999999999996,20,0.84999999999999998,1,19,0,20,0,0,0,0.94999999999999996,0.94999999999999996,0,True,20260911,5000,artifact/task-cluster percentile 95%; degenerate intervals are not population certainty
CODE,original_8k_shared_prefix_scorer,Qwen/Qwen3-30B-A3B-Thinking-2507,144afc2f379b542fdd4e85a1fcd5e1f79112d95d,native_reason_then_score,original,bare,smoke,all_valid,ALL,all,3,2,1,1,0,1,2,1,1,0,2,0,0,1,1,1,1,1,1,1,1,1,1,0,1,0,0,0,1,1,0,True,20260911,5000,artifact/task-cluster percentile 95%; degenerate intervals are not population certainty
CODE,original_8k_shared_prefix_scorer,Qwen/Qwen3-30B-A3B-Thinking-2507,144afc2f379b542fdd4e85a1fcd5e1f79112d95d,native_reason_then_score,original,bare,smoke,all_valid,ALL,nontrivial,1,1,1,0,0,1,1,1,1,0,1,0,0,1,1,1,1,1,1,1,1,1,1,0,1,0,0,0,1,1,0,True,20260911,5000,artifact/task-cluster percentile 95%; degenerate intervals are not population certainty
CODE,original_8k_shared_prefix_scorer,Qwen/Qwen3-30B-A3B-Thinking-2507,144afc2f379b542fdd4e85a1fcd5e1f79112d95d,native_reason_then_score,original,bare,smoke,all_valid,ALL,all_pass,2,1,0,1,0,1,1,1,1,0,1,0,0,,0,,,0,,0,,,0,,0,,,0,1,1,,True,20260911,5000,artifact/task-cluster percentile 95%; degenerate intervals are not population certainty
CODE,original_8k_shared_prefix_scorer,Qwen/Qwen3-30B-A3B-Thinking-2507,144afc2f379b542fdd4e85a1fcd5e1f79112d95d,native_reason_then_score,original,bare,smoke,all_valid,ALL,all_fail,0,0,0,0,0,,0,,,,0,,,,0,,,0,,0,,,0,,0,,,0,,,,True,20260911,5000,artifact/task-cluster percentile 95%; degenerate intervals are not population certainty
CODE,original_8k_shared_prefix_scorer,Qwen/Qwen3-30B-A3B-Thinking-2507,144afc2f379b542fdd4e85a1fcd5e1f79112d95d,native_reason_then_score,original,bare,smoke,all_valid,ALL,partial,0,0,0,0,0,,0,,,,0,,,,0,,,0,,0,,,0,,0,,,0,,,,True,20260911,5000,artifact/task-cluster percentile 95%; degenerate intervals are not population certainty
CODE,original_8k_shared_prefix_scorer,Qwen/Qwen3-30B-A3B-Thinking-2507,144afc2f379b542fdd4e85a1fcd5e1f79112d95d,native_reason_then_score,original,bare,smoke,all_valid,code_acceptance,all,3,2,1,1,0,1,2,1,1,0,2,0,0,1,1,1,1,1,1,1,1,1,1,0,1,0,0,0,1,1,0,True,20260911,5000,artifact/task-cluster percentile 95%; degenerate intervals are not population certainty
CODE,original_8k_shared_prefix_scorer,Qwen/Qwen3-30B-A3B-Thinking-2507,144afc2f379b542fdd4e85a1fcd5e1f79112d95d,native_reason_then_score,original,bare,smoke,all_valid,code_acceptance,nontrivial,1,1,1,0,0,1,1,1,1,0,1,0,0,1,1,1,1,1,1,1,1,1,1,0,1,0,0,0,1,1,0,True,20260911,5000,artifact/task-cluster percentile 95%; degenerate intervals are not population certainty
CODE,original_8k_shared_prefix_scorer,Qwen/Qwen3-30B-A3B-Thinking-2507,144afc2f379b542fdd4e85a1fcd5e1f79112d95d,native_reason_then_score,original,bare,smoke,all_valid,code_acceptance,all_pass,2,1,0,1,0,1,1,1,1,0,1,0,0,,0,,,0,,0,,,0,,0,,,0,1,1,,True,20260911,5000,artifact/task-cluster percentile 95%; degenerate intervals are not population certainty
CODE,original_8k_shared_prefix_scorer,Qwen/Qwen3-30B-A3B-Thinking-2507,144afc2f379b542fdd4e85a1fcd5e1f79112d95d,native_reason_then_score,original,bare,smoke,all_valid,code_acceptance,all_fail,0,0,0,0,0,,0,,,,0,,,,0,,,0,,0,,,0,,0,,,0,,,,True,20260911,5000,artifact/task-cluster percentile 95%; degenerate intervals are not population certainty
CODE,original_8k_shared_prefix_scorer,Qwen/Qwen3-30B-A3B-Thinking-2507,144afc2f379b542fdd4e85a1fcd5e1f79112d95d,native_reason_then_score,original,bare,smoke,all_valid,code_acceptance,partial,0,0,0,0,0,,0,,,,0,,,,0,,,0,,0,,,0,,0,,,0,,,,True,20260911,5000,artifact/task-cluster percentile 95%; degenerate intervals are not population certainty
CODE,original_8k_shared_prefix_scorer,Qwen/Qwen3-30B-A3B-Thinking-2507,144afc2f379b542fdd4e85a1fcd5e1f79112d95d,native_reason_then_score,original,whitespace_union,main,all_valid,ALL,all,80,66,43,23,0,0.98316498316498313,66,0.95454545454545459,1,0.15151515151515152,66,0,0.40909090909090912,0.97674418604651159,43,0.93023255813953487,1,42,0.97674418604651159,43,0.93023255813953487,1,42,0,43,0,0,0,0.98484848484848486,0.98484848484848486,0,True,20260911,5000,artifact/task-cluster percentile 95%; degenerate intervals are not population certainty
CODE,original_8k_shared_prefix_scorer,Qwen/Qwen3-30B-A3B-Thinking-2507,144afc2f379b542fdd4e85a1fcd5e1f79112d95d,native_reason_then_score,original,whitespace_union,main,all_valid,ALL,nontrivial,54,43,43,0,0,0.97416020671834613,43,0.93016795865633073,1,0.23255813953488372,43,0,0.62848837209301478,0.97674418604651159,43,0.93023255813953487,1,42,0.97674418604651159,43,0.93023255813953487,1,42,0,43,0,0,0,0.97674418604651159,0.97674418604651159,0,True,20260911,5000,artifact/task-cluster percentile 95%; degenerate intervals are not population certainty
CODE,original_8k_shared_prefix_scorer,Qwen/Qwen3-30B-A3B-Thinking-2507,144afc2f379b542fdd4e85a1fcd5e1f79112d95d,native_reason_then_score,original,whitespace_union,main,all_valid,ALL,all_pass,26,23,0,23,0,1,23,1,1,0,23,0,0,,0,,,0,,0,,,0,,0,,,0,1,1,,True,20260911,5000,artifact/task-cluster percentile 95%; degenerate intervals are not population certainty
CODE,original_8k_shared_prefix_scorer,Qwen/Qwen3-30B-A3B-Thinking-2507,144afc2f379b542fdd4e85a1fcd5e1f79112d95d,native_reason_then_score,original,whitespace_union,main,all_valid,ALL,all_fail,0,0,0,0,0,,0,,,,0,,,,0,,,0,,0,,,0,,0,,,0,,,,True,20260911,5000,artifact/task-cluster percentile 95%; degenerate intervals are not population certainty
CODE,original_8k_shared_prefix_scorer,Qwen/Qwen3-30B-A3B-Thinking-2507,144afc2f379b542fdd4e85a1fcd5e1f79112d95d,native_reason_then_score,original,whitespace_union,main,all_valid,ALL,partial,23,20,20,0,0,0.98888888888888893,20,0.97222222222222232,1,0.10000000000000001,20,0,0.25,0.94999999999999996,20,0.84999999999999998,1,19,0.94999999999999996,20,0.84999999999999998,1,19,0,20,0,0,0,0.94999999999999996,0.94999999999999996,0,True,20260911,5000,artifact/task-cluster percentile 95%; degenerate intervals are not population certainty
CODE,original_8k_shared_prefix_scorer,Qwen/Qwen3-30B-A3B-Thinking-2507,144afc2f379b542fdd4e85a1fcd5e1f79112d95d,native_reason_then_score,original,whitespace_union,main,all_valid,code_acceptance,all,80,66,43,23,0,0.98316498316498313,66,0.95454545454545459,1,0.15151515151515152,66,0,0.40909090909090912,0.97674418604651159,43,0.93023255813953487,1,42,0.97674418604651159,43,0.93023255813953487,1,42,0,43,0,0,0,0.98484848484848486,0.98484848484848486,0,True,20260911,5000,artifact/task-cluster percentile 95%; degenerate intervals are not population certainty
CODE,original_8k_shared_prefix_scorer,Qwen/Qwen3-30B-A3B-Thinking-2507,144afc2f379b542fdd4e85a1fcd5e1f79112d95d,native_reason_then_score,original,whitespace_union,main,all_valid,code_acceptance,nontrivial,54,43,43,0,0,0.97416020671834613,43,0.93016795865633073,1,0.23255813953488372,43,0,0.62848837209301478,0.97674418604651159,43,0.93023255813953487,1,42,0.97674418604651159,43,0.93023255813953487,1,42,0,43,0,0,0,0.97674418604651159,0.97674418604651159,0,True,20260911,5000,artifact/task-cluster percentile 95%; degenerate intervals are not population certainty
CODE,original_8k_shared_prefix_scorer,Qwen/Qwen3-30B-A3B-Thinking-2507,144afc2f379b542fdd4e85a1fcd5e1f79112d95d,native_reason_then_score,original,whitespace_union,main,all_valid,code_acceptance,all_pass,26,23,0,23,0,1,23,1,1,0,23,0,0,,0,,,0,,0,,,0,,0,,,0,1,1,,True,20260911,5000,artifact/task-cluster percentile 95%; degenerate intervals are not population certainty
CODE,original_8k_shared_prefix_scorer,Qwen/Qwen3-30B-A3B-Thinking-2507,144afc2f379b542fdd4e85a1fcd5e1f79112d95d,native_reason_then_score,original,whitespace_union,main,all_valid,code_acceptance,all_fail,0,0,0,0,0,,0,,,,0,,,,0,,,0,,0,,,0,,0,,,0,,,,True,20260911,5000,artifact/task-cluster percentile 95%; degenerate intervals are not population certainty
CODE,original_8k_shared_prefix_scorer,Qwen/Qwen3-30B-A3B-Thinking-2507,144afc2f379b542fdd4e85a1fcd5e1f79112d95d,native_reason_then_score,original,whitespace_union,main,all_valid,code_acceptance,partial,23,20,20,0,0,0.98888888888888893,20,0.97222222222222232,1,0.10000000000000001,20,0,0.25,0.94999999999999996,20,0.84999999999999998,1,19,0.94999999999999996,20,0.84999999999999998,1,19,0,20,0,0,0,0.94999999999999996,0.94999999999999996,0,True,20260911,5000,artifact/task-cluster percentile 95%; degenerate intervals are not population certainty
CODE,original_8k_shared_prefix_scorer,Qwen/Qwen3-30B-A3B-Thinking-2507,144afc2f379b542fdd4e85a1fcd5e1f79112d95d,native_reason_then_score,original,whitespace_union,smoke,all_valid,ALL,all,3,2,1,1,0,1,2,1,1,0,2,0,0,1,1,1,1,1,1,1,1,1,1,0,1,0,0,0,1,1,0,True,20260911,5000,artifact/task-cluster percentile 95%; degenerate intervals are not population certainty
CODE,original_8k_shared_prefix_scorer,Qwen/Qwen3-30B-A3B-Thinking-2507,144afc2f379b542fdd4e85a1fcd5e1f79112d95d,native_reason_then_score,original,whitespace_union,smoke,all_valid,ALL,nontrivial,1,1,1,0,0,1,1,1,1,0,1,0,0,1,1,1,1,1,1,1,1,1,1,0,1,0,0,0,1,1,0,True,20260911,5000,artifact/task-cluster percentile 95%; degenerate intervals are not population certainty
CODE,original_8k_shared_prefix_scorer,Qwen/Qwen3-30B-A3B-Thinking-2507,144afc2f379b542fdd4e85a1fcd5e1f79112d95d,native_reason_then_score,original,whitespace_union,smoke,all_valid,ALL,all_pass,2,1,0,1,0,1,1,1,1,0,1,0,0,,0,,,0,,0,,,0,,0,,,0,1,1,,True,20260911,5000,artifact/task-cluster percentile 95%; degenerate intervals are not population certainty
CODE,original_8k_shared_prefix_scorer,Qwen/Qwen3-30B-A3B-Thinking-2507,144afc2f379b542fdd4e85a1fcd5e1f79112d95d,native_reason_then_score,original,whitespace_union,smoke,all_valid,ALL,all_fail,0,0,0,0,0,,0,,,,0,,,,0,,,0,,0,,,0,,0,,,0,,,,True,20260911,5000,artifact/task-cluster percentile 95%; degenerate intervals are not population certainty
CODE,original_8k_shared_prefix_scorer,Qwen/Qwen3-30B-A3B-Thinking-2507,144afc2f379b542fdd4e85a1fcd5e1f79112d95d,native_reason_then_score,original,whitespace_union,smoke,all_valid,ALL,partial,0,0,0,0,0,,0,,,,0,,,,0,,,0,,0,,,0,,0,,,0,,,,True,20260911,5000,artifact/task-cluster percentile 95%; degenerate intervals are not population certainty
CODE,original_8k_shared_prefix_scorer,Qwen/Qwen3-30B-A3B-Thinking-2507,144afc2f379b542fdd4e85a1fcd5e1f79112d95d,native_reason_then_score,original,whitespace_union,smoke,all_valid,code_acceptance,all,3,2,1,1,0,1,2,1,1,0,2,0,0,1,1,1,1,1,1,1,1,1,1,0,1,0,0,0,1,1,0,True,20260911,5000,artifact/task-cluster percentile 95%; degenerate intervals are not population certainty
CODE,original_8k_shared_prefix_scorer,Qwen/Qwen3-30B-A3B-Thinking-2507,144afc2f379b542fdd4e85a1fcd5e1f79112d95d,native_reason_then_score,original,whitespace_union,smoke,all_valid,code_acceptance,nontrivial,1,1,1,0,0,1,1,1,1,0,1,0,0,1,1,1,1,1,1,1,1,1,1,0,1,0,0,0,1,1,0,True,20260911,5000,artifact/task-cluster percentile 95%; degenerate intervals are not population certainty
CODE,original_8k_shared_prefix_scorer,Qwen/Qwen3-30B-A3B-Thinking-2507,144afc2f379b542fdd4e85a1fcd5e1f79112d95d,native_reason_then_score,original,whitespace_union,smoke,all_valid,code_acceptance,all_pass,2,1,0,1,0,1,1,1,1,0,1,0,0,,0,,,0,,0,,,0,,0,,,0,1,1,,True,20260911,5000,artifact/task-cluster percentile 95%; degenerate intervals are not population certainty
CODE,original_8k_shared_prefix_scorer,Qwen/Qwen3-30B-A3B-Thinking-2507,144afc2f379b542fdd4e85a1fcd5e1f79112d95d,native_reason_then_score,original,whitespace_union,smoke,all_valid,code_acceptance,all_fail,0,0,0,0,0,,0,,,,0,,,,0,,,0,,0,,,0,,0,,,0,,,,True,20260911,5000,artifact/task-cluster percentile 95%; degenerate intervals are not population certainty
CODE,original_8k_shared_prefix_scorer,Qwen/Qwen3-30B-A3B-Thinking-2507,144afc2f379b542fdd4e85a1fcd5e1f79112d95d,native_reason_then_score,original,whitespace_union,smoke,all_valid,code_acceptance,partial,0,0,0,0,0,,0,,,,0,,,,0,,,0,,0,,,0,,0,,,0,,,,True,20260911,5000,artifact/task-cluster percentile 95%; degenerate intervals are not population certainty
CODE,original_8k_shared_prefix_scorer,google/gemma-2-9b-it,11c9b309abf73637e4b6f9a3fa1e92e615547819,immediate_readout,explicit,bare,main,all_valid,ALL,all,80,80,54,26,0,0.50833333333333341,80,0.43333333333333329,0.58194444444444438,3.8125,80,3.0874999999999999,4.5625,0.68518518518518523,54,0.55555555555555558,0.79629629629629628,37,0.31481481481481483,54,0.20370370370370369,0.44444444444444442,17,0.37037037037037035,54,0.24074074074074073,0.5,20,0.78749999999999998,0.53749999999999998,0.54054054054054057,True,20260911,5000,artifact/task-cluster percentile 95%; degenerate intervals are not population certainty
CODE,original_8k_shared_prefix_scorer,google/gemma-2-9b-it,11c9b309abf73637e4b6f9a3fa1e92e615547819,immediate_readout,explicit,bare,main,all_valid,ALL,nontrivial,54,54,54,0,0,0.37242798353909451,54,0.30658436213991763,0.43827160493827155,4.1851851851851851,54,3.3333333333333335,5.0555555555555554,0.68518518518518523,54,0.55555555555555558,0.79629629629629628,37,0.31481481481481483,54,0.20370370370370369,0.44444444444444442,17,0.37037037037037035,54,0.24074074074074073,0.5,20,0.68518518518518523,0.31481481481481483,0.54054054054054057,True,20260911,5000,artifact/task-cluster percentile 95%; degenerate intervals are not population certainty
CODE,original_8k_shared_prefix_scorer,google/gemma-2-9b-it,11c9b309abf73637e4b6f9a3fa1e92e615547819,immediate_readout,explicit,bare,main,all_valid,ALL,all_pass,26,26,0,26,0,0.79059829059829068,26,0.65811965811965811,0.91025641025641013,3.0384615384615383,26,1.7307692307692308,4.4230769230769234,,0,,,0,,0,,,0,,0,,,0,1,1,,True,20260911,5000,artifact/task-cluster percentile 95%; degenerate intervals are not population certainty
CODE,original_8k_shared_prefix_scorer,google/gemma-2-9b-it,11c9b309abf73637e4b6f9a3fa1e92e615547819,immediate_readout,explicit,bare,main,all_valid,ALL,all_fail,0,0,0,0,0,,0,,,,0,,,,0,,,0,,0,,,0,,0,,,0,,,,True,20260911,5000,artifact/task-cluster percentile 95%; degenerate intervals are not population certainty
CODE,original_8k_shared_prefix_scorer,google/gemma-2-9b-it,11c9b309abf73637e4b6f9a3fa1e92e615547819,immediate_readout,explicit,bare,main,all_valid,ALL,partial,23,23,23,0,0,0.45893719806763278,23,0.3671497584541063,0.55555555555555547,4.5217391304347823,23,3.5217391304347827,5.4782608695652177,0.30434782608695654,23,0.13043478260869565,0.47934782608694071,7,0.13043478260869565,23,0,0.30434782608695654,3,0.17391304347826086,23,0.043478260869565216,0.34782608695652173,4,0.30434782608695654,0.13043478260869565,0.5714285714285714,True,20260911,5000,artifact/task-cluster percentile 95%; degenerate intervals are not population certainty
CODE,original_8k_shared_prefix_scorer,google/gemma-2-9b-it,11c9b309abf73637e4b6f9a3fa1e92e615547819,immediate_readout,explicit,bare,main,all_valid,code_acceptance,all,80,80,54,26,0,0.50833333333333341,80,0.43333333333333329,0.58194444444444438,3.8125,80,3.0874999999999999,4.5625,0.68518518518518523,54,0.55555555555555558,0.79629629629629628,37,0.31481481481481483,54,0.20370370370370369,0.44444444444444442,17,0.37037037037037035,54,0.24074074074074073,0.5,20,0.78749999999999998,0.53749999999999998,0.54054054054054057,True,20260911,5000,artifact/task-cluster percentile 95%; degenerate intervals are not population certainty
CODE,original_8k_shared_prefix_scorer,google/gemma-2-9b-it,11c9b309abf73637e4b6f9a3fa1e92e615547819,immediate_readout,explicit,bare,main,all_valid,code_acceptance,nontrivial,54,54,54,0,0,0.37242798353909451,54,0.30658436213991763,0.43827160493827155,4.1851851851851851,54,3.3333333333333335,5.0555555555555554,0.68518518518518523,54,0.55555555555555558,0.79629629629629628,37,0.31481481481481483,54,0.20370370370370369,0.44444444444444442,17,0.37037037037037035,54,0.24074074074074073,0.5,20,0.68518518518518523,0.31481481481481483,0.54054054054054057,True,20260911,5000,artifact/task-cluster percentile 95%; degenerate intervals are not population certainty
CODE,original_8k_shared_prefix_scorer,google/gemma-2-9b-it,11c9b309abf73637e4b6f9a3fa1e92e615547819,immediate_readout,explicit,bare,main,all_valid,code_acceptance,all_pass,26,26,0,26,0,0.79059829059829068,26,0.65811965811965811,0.91025641025641013,3.0384615384615383,26,1.7307692307692308,4.4230769230769234,,0,,,0,,0,,,0,,0,,,0,1,1,,True,20260911,5000,artifact/task-cluster percentile 95%; degenerate intervals are not population certainty
CODE,original_8k_shared_prefix_scorer,google/gemma-2-9b-it,11c9b309abf73637e4b6f9a3fa1e92e615547819,immediate_readout,explicit,bare,main,all_valid,code_acceptance,all_fail,0,0,0,0,0,,0,,,,0,,,,0,,,0,,0,,,0,,0,,,0,,,,True,20260911,5000,artifact/task-cluster percentile 95%; degenerate intervals are not population certainty
CODE,original_8k_shared_prefix_scorer,google/gemma-2-9b-it,11c9b309abf73637e4b6f9a3fa1e92e615547819,immediate_readout,explicit,bare,main,all_valid,code_acceptance,partial,23,23,23,0,0,0.45893719806763278,23,0.3671497584541063,0.55555555555555547,4.5217391304347823,23,3.5217391304347827,5.4782608695652177,0.30434782608695654,23,0.13043478260869565,0.47934782608694071,7,0.13043478260869565,23,0,0.30434782608695654,3,0.17391304347826086,23,0.043478260869565216,0.34782608695652173,4,0.30434782608695654,0.13043478260869565,0.5714285714285714,True,20260911,5000,artifact/task-cluster percentile 95%; degenerate intervals are not population certainty
CODE,original_8k_shared_prefix_scorer,google/gemma-2-9b-it,11c9b309abf73637e4b6f9a3fa1e92e615547819,immediate_readout,explicit,bare,smoke,all_valid,ALL,all,3,3,1,2,0,0.70370370370370372,3,0.1111111111111111,1,2.6666666666666665,3,0,8,1,1,1,1,1,1,1,1,1,1,0,1,0,0,0,1,1,0,True,20260911,5000,artifact/task-cluster percentile 95%; degenerate intervals are not population certainty
CODE,original_8k_shared_prefix_scorer,google/gemma-2-9b-it,11c9b309abf73637e4b6f9a3fa1e92e615547819,immediate_readout,explicit,bare,smoke,all_valid,ALL,nontrivial,1,1,1,0,0,1,1,1,1,0,1,0,0,1,1,1,1,1,1,1,1,1,1,0,1,0,0,0,1,1,0,True,20260911,5000,artifact/task-cluster percentile 95%; degenerate intervals are not population certainty
CODE,original_8k_shared_prefix_scorer,google/gemma-2-9b-it,11c9b309abf73637e4b6f9a3fa1e92e615547819,immediate_readout,explicit,bare,smoke,all_valid,ALL,all_pass,2,2,0,2,0,0.55555555555555558,2,0.1111111111111111,1,4,2,0,8,,0,,,0,,0,,,0,,0,,,0,1,1,,True,20260911,5000,artifact/task-cluster percentile 95%; degenerate intervals are not population certainty
CODE,original_8k_shared_prefix_scorer,google/gemma-2-9b-it,11c9b309abf73637e4b6f9a3fa1e92e615547819,immediate_readout,explicit,bare,smoke,all_valid,ALL,all_fail,0,0,0,0,0,,0,,,,0,,,,0,,,0,,0,,,0,,0,,,0,,,,True,20260911,5000,artifact/task-cluster percentile 95%; degenerate intervals are not population certainty
CODE,original_8k_shared_prefix_scorer,google/gemma-2-9b-it,11c9b309abf73637e4b6f9a3fa1e92e615547819,immediate_readout,explicit,bare,smoke,all_valid,ALL,partial,0,0,0,0,0,,0,,,,0,,,,0,,,0,,0,,,0,,0,,,0,,,,True,20260911,5000,artifact/task-cluster percentile 95%; degenerate intervals are not population certainty
CODE,original_8k_shared_prefix_scorer,google/gemma-2-9b-it,11c9b309abf73637e4b6f9a3fa1e92e615547819,immediate_readout,explicit,bare,smoke,all_valid,code_acceptance,all,3,3,1,2,0,0.70370370370370372,3,0.1111111111111111,1,2.6666666666666665,3,0,8,1,1,1,1,1,1,1,1,1,1,0,1,0,0,0,1,1,0,True,20260911,5000,artifact/task-cluster percentile 95%; degenerate intervals are not population certainty
CODE,original_8k_shared_prefix_scorer,google/gemma-2-9b-it,11c9b309abf73637e4b6f9a3fa1e92e615547819,immediate_readout,explicit,bare,smoke,all_valid,code_acceptance,nontrivial,1,1,1,0,0,1,1,1,1,0,1,0,0,1,1,1,1,1,1,1,1,1,1,0,1,0,0,0,1,1,0,True,20260911,5000,artifact/task-cluster percentile 95%; degenerate intervals are not population certainty
CODE,original_8k_shared_prefix_scorer,google/gemma-2-9b-it,11c9b309abf73637e4b6f9a3fa1e92e615547819,immediate_readout,explicit,bare,smoke,all_valid,code_acceptance,all_pass,2,2,0,2,0,0.55555555555555558,2,0.1111111111111111,1,4,2,0,8,,0,,,0,,0,,,0,,0,,,0,1,1,,True,20260911,5000,artifact/task-cluster percentile 95%; degenerate intervals are not population certainty
CODE,original_8k_shared_prefix_scorer,google/gemma-2-9b-it,11c9b309abf73637e4b6f9a3fa1e92e615547819,immediate_readout,explicit,bare,smoke,all_valid,code_acceptance,all_fail,0,0,0,0,0,,0,,,,0,,,,0,,,0,,0,,,0,,0,,,0,,,,True,20260911,5000,artifact/task-cluster percentile 95%; degenerate intervals are not population certainty
CODE,original_8k_shared_prefix_scorer,google/gemma-2-9b-it,11c9b309abf73637e4b6f9a3fa1e92e615547819,immediate_readout,explicit,bare,smoke,all_valid,code_acceptance,partial,0,0,0,0,0,,0,,,,0,,,,0,,,0,,0,,,0,,0,,,0,,,,True,20260911,5000,artifact/task-cluster percentile 95%; degenerate intervals are not population certainty
CODE,original_8k_shared_prefix_scorer,google/gemma-2-9b-it,11c9b309abf73637e4b6f9a3fa1e92e615547819,immediate_readout,explicit,whitespace_union,main,all_valid,ALL,all,80,80,54,26,0,0.50833333333333341,80,0.43333333333333329,0.58194444444444438,3.8125,80,3.0874999999999999,4.5625,0.70370370370370372,54,0.57407407407407407,0.81481481481481477,38,0.33333333333333331,54,0.20370370370370369,0.46296296296296297,18,0.37037037037037035,54,0.24074074074074073,0.5,20,0.80000000000000004,0.55000000000000004,0.52631578947368418,True,20260911,5000,artifact/task-cluster percentile 95%; degenerate intervals are not population certainty
CODE,original_8k_shared_prefix_scorer,google/gemma-2-9b-it,11c9b309abf73637e4b6f9a3fa1e92e615547819,immediate_readout,explicit,whitespace_union,main,all_valid,ALL,nontrivial,54,54,54,0,0,0.37242798353909451,54,0.30658436213991763,0.43827160493827155,4.1851851851851851,54,3.3333333333333335,5.0555555555555554,0.70370370370370372,54,0.57407407407407407,0.81481481481481477,38,0.33333333333333331,54,0.20370370370370369,0.46296296296296297,18,0.37037037037037035,54,0.24074074074074073,0.5,20,0.70370370370370372,0.33333333333333331,0.52631578947368418,True,20260911,5000,artifact/task-cluster percentile 95%; degenerate intervals are not population certainty
CODE,original_8k_shared_prefix_scorer,google/gemma-2-9b-it,11c9b309abf73637e4b6f9a3fa1e92e615547819,immediate_readout,explicit,whitespace_union,main,all_valid,ALL,all_pass,26,26,0,26,0,0.79059829059829068,26,0.65811965811965811,0.91025641025641013,3.0384615384615383,26,1.7307692307692308,4.4230769230769234,,0,,,0,,0,,,0,,0,,,0,1,1,,True,20260911,5000,artifact/task-cluster percentile 95%; degenerate intervals are not population certainty
CODE,original_8k_shared_prefix_scorer,google/gemma-2-9b-it,11c9b309abf73637e4b6f9a3fa1e92e615547819,immediate_readout,explicit,whitespace_union,main,all_valid,ALL,all_fail,0,0,0,0,0,,0,,,,0,,,,0,,,0,,0,,,0,,0,,,0,,,,True,20260911,5000,artifact/task-cluster percentile 95%; degenerate intervals are not population certainty
CODE,original_8k_shared_prefix_scorer,google/gemma-2-9b-it,11c9b309abf73637e4b6f9a3fa1e92e615547819,immediate_readout,explicit,whitespace_union,main,all_valid,ALL,partial,23,23,23,0,0,0.45893719806763278,23,0.3671497584541063,0.55555555555555547,4.5217391304347823,23,3.5217391304347827,5.4782608695652177,0.34782608695652173,23,0.17391304347826086,0.56521739130434778,8,0.17391304347826086,23,0.043478260869565216,0.34782608695652173,4,0.17391304347826086,23,0.043478260869565216,0.34782608695652173,4,0.34782608695652173,0.17391304347826086,0.5,True,20260911,5000,artifact/task-cluster percentile 95%; degenerate intervals are not population certainty
CODE,original_8k_shared_prefix_scorer,google/gemma-2-9b-it,11c9b309abf73637e4b6f9a3fa1e92e615547819,immediate_readout,explicit,whitespace_union,main,all_valid,code_acceptance,all,80,80,54,26,0,0.50833333333333341,80,0.43333333333333329,0.58194444444444438,3.8125,80,3.0874999999999999,4.5625,0.70370370370370372,54,0.57407407407407407,0.81481481481481477,38,0.33333333333333331,54,0.20370370370370369,0.46296296296296297,18,0.37037037037037035,54,0.24074074074074073,0.5,20,0.80000000000000004,0.55000000000000004,0.52631578947368418,True,20260911,5000,artifact/task-cluster percentile 95%; degenerate intervals are not population certainty
CODE,original_8k_shared_prefix_scorer,google/gemma-2-9b-it,11c9b309abf73637e4b6f9a3fa1e92e615547819,immediate_readout,explicit,whitespace_union,main,all_valid,code_acceptance,nontrivial,54,54,54,0,0,0.37242798353909451,54,0.30658436213991763,0.43827160493827155,4.1851851851851851,54,3.3333333333333335,5.0555555555555554,0.70370370370370372,54,0.57407407407407407,0.81481481481481477,38,0.33333333333333331,54,0.20370370370370369,0.46296296296296297,18,0.37037037037037035,54,0.24074074074074073,0.5,20,0.70370370370370372,0.33333333333333331,0.52631578947368418,True,20260911,5000,artifact/task-cluster percentile 95%; degenerate intervals are not population certainty
CODE,original_8k_shared_prefix_scorer,google/gemma-2-9b-it,11c9b309abf73637e4b6f9a3fa1e92e615547819,immediate_readout,explicit,whitespace_union,main,all_valid,code_acceptance,all_pass,26,26,0,26,0,0.79059829059829068,26,0.65811965811965811,0.91025641025641013,3.0384615384615383,26,1.7307692307692308,4.4230769230769234,,0,,,0,,0,,,0,,0,,,0,1,1,,True,20260911,5000,artifact/task-cluster percentile 95%; degenerate intervals are not population certainty
CODE,original_8k_shared_prefix_scorer,google/gemma-2-9b-it,11c9b309abf73637e4b6f9a3fa1e92e615547819,immediate_readout,explicit,whitespace_union,main,all_valid,code_acceptance,all_fail,0,0,0,0,0,,0,,,,0,,,,0,,,0,,0,,,0,,0,,,0,,,,True,20260911,5000,artifact/task-cluster percentile 95%; degenerate intervals are not population certainty
CODE,original_8k_shared_prefix_scorer,google/gemma-2-9b-it,11c9b309abf73637e4b6f9a3fa1e92e615547819,immediate_readout,explicit,whitespace_union,main,all_valid,code_acceptance,partial,23,23,23,0,0,0.45893719806763278,23,0.3671497584541063,0.55555555555555547,4.5217391304347823,23,3.5217391304347827,5.4782608695652177,0.34782608695652173,23,0.17391304347826086,0.56521739130434778,8,0.17391304347826086,23,0.043478260869565216,0.34782608695652173,4,0.17391304347826086,23,0.043478260869565216,0.34782608695652173,4,0.34782608695652173,0.17391304347826086,0.5,True,20260911,5000,artifact/task-cluster percentile 95%; degenerate intervals are not population certainty
CODE,original_8k_shared_prefix_scorer,google/gemma-2-9b-it,11c9b309abf73637e4b6f9a3fa1e92e615547819,immediate_readout,explicit,whitespace_union,smoke,all_valid,ALL,all,3,3,1,2,0,0.70370370370370372,3,0.1111111111111111,1,2.6666666666666665,3,0,8,1,1,1,1,1,1,1,1,1,1,0,1,0,0,0,1,1,0,True,20260911,5000,artifact/task-cluster percentile 95%; degenerate intervals are not population certainty
CODE,original_8k_shared_prefix_scorer,google/gemma-2-9b-it,11c9b309abf73637e4b6f9a3fa1e92e615547819,immediate_readout,explicit,whitespace_union,smoke,all_valid,ALL,nontrivial,1,1,1,0,0,1,1,1,1,0,1,0,0,1,1,1,1,1,1,1,1,1,1,0,1,0,0,0,1,1,0,True,20260911,5000,artifact/task-cluster percentile 95%; degenerate intervals are not population certainty
CODE,original_8k_shared_prefix_scorer,google/gemma-2-9b-it,11c9b309abf73637e4b6f9a3fa1e92e615547819,immediate_readout,explicit,whitespace_union,smoke,all_valid,ALL,all_pass,2,2,0,2,0,0.55555555555555558,2,0.1111111111111111,1,4,2,0,8,,0,,,0,,0,,,0,,0,,,0,1,1,,True,20260911,5000,artifact/task-cluster percentile 95%; degenerate intervals are not population certainty
CODE,original_8k_shared_prefix_scorer,google/gemma-2-9b-it,11c9b309abf73637e4b6f9a3fa1e92e615547819,immediate_readout,explicit,whitespace_union,smoke,all_valid,ALL,all_fail,0,0,0,0,0,,0,,,,0,,,,0,,,0,,0,,,0,,0,,,0,,,,True,20260911,5000,artifact/task-cluster percentile 95%; degenerate intervals are not population certainty
CODE,original_8k_shared_prefix_scorer,google/gemma-2-9b-it,11c9b309abf73637e4b6f9a3fa1e92e615547819,immediate_readout,explicit,whitespace_union,smoke,all_valid,ALL,partial,0,0,0,0,0,,0,,,,0,,,,0,,,0,,0,,,0,,0,,,0,,,,True,20260911,5000,artifact/task-cluster percentile 95%; degenerate intervals are not population certainty
CODE,original_8k_shared_prefix_scorer,google/gemma-2-9b-it,11c9b309abf73637e4b6f9a3fa1e92e615547819,immediate_readout,explicit,whitespace_union,smoke,all_valid,code_acceptance,all,3,3,1,2,0,0.70370370370370372,3,0.1111111111111111,1,2.6666666666666665,3,0,8,1,1,1,1,1,1,1,1,1,1,0,1,0,0,0,1,1,0,True,20260911,5000,artifact/task-cluster percentile 95%; degenerate intervals are not population certainty
CODE,original_8k_shared_prefix_scorer,google/gemma-2-9b-it,11c9b309abf73637e4b6f9a3fa1e92e615547819,immediate_readout,explicit,whitespace_union,smoke,all_valid,code_acceptance,nontrivial,1,1,1,0,0,1,1,1,1,0,1,0,0,1,1,1,1,1,1,1,1,1,1,0,1,0,0,0,1,1,0,True,20260911,5000,artifact/task-cluster percentile 95%; degenerate intervals are not population certainty
CODE,original_8k_shared_prefix_scorer,google/gemma-2-9b-it,11c9b309abf73637e4b6f9a3fa1e92e615547819,immediate_readout,explicit,whitespace_union,smoke,all_valid,code_acceptance,all_pass,2,2,0,2,0,0.55555555555555558,2,0.1111111111111111,1,4,2,0,8,,0,,,0,,0,,,0,,0,,,0,1,1,,True,20260911,5000,artifact/task-cluster percentile 95%; degenerate intervals are not population certainty
CODE,original_8k_shared_prefix_scorer,google/gemma-2-9b-it,11c9b309abf73637e4b6f9a3fa1e92e615547819,immediate_readout,explicit,whitespace_union,smoke,all_valid,code_acceptance,all_fail,0,0,0,0,0,,0,,,,0,,,,0,,,0,,0,,,0,,0,,,0,,,,True,20260911,5000,artifact/task-cluster percentile 95%; degenerate intervals are not population certainty
CODE,original_8k_shared_prefix_scorer,google/gemma-2-9b-it,11c9b309abf73637e4b6f9a3fa1e92e615547819,immediate_readout,explicit,whitespace_union,smoke,all_valid,code_acceptance,partial,0,0,0,0,0,,0,,,,0,,,,0,,,0,,0,,,0,,0,,,0,,,,True,20260911,5000,artifact/task-cluster percentile 95%; degenerate intervals are not population certainty
CODE,original_8k_shared_prefix_scorer,google/gemma-2-9b-it,11c9b309abf73637e4b6f9a3fa1e92e615547819,immediate_readout,original,bare,main,all_valid,ALL,all,80,80,54,26,0,0.47916666666666663,80,0.39579861111111109,0.56527777777777766,4.3875000000000002,80,3.6000000000000001,5.1749999999999998,0.092592592592592587,54,0.018518518518518517,0.16666666666666666,5,0.037037037037037035,54,0,0.092592592592592587,2,0.055555555555555552,54,0,0.1111111111111111,3,0.38750000000000001,0.34999999999999998,0.59999999999999998,True,20260911,5000,artifact/task-cluster percentile 95%; degenerate intervals are not population certainty
CODE,original_8k_shared_prefix_scorer,google/gemma-2-9b-it,11c9b309abf73637e4b6f9a3fa1e92e615547819,immediate_readout,original,bare,main,all_valid,ALL,nontrivial,54,54,54,0,0,0.31687242798353904,54,0.24279835390946503,0.39300411522633738,5.6851851851851851,54,4.9074074074074074,6.4259259259259256,0.092592592592592587,54,0.018518518518518517,0.16666666666666666,5,0.037037037037037035,54,0,0.092592592592592587,2,0.055555555555555552,54,0,0.1111111111111111,3,0.092592592592592587,0.037037037037037035,0.59999999999999998,True,20260911,5000,artifact/task-cluster percentile 95%; degenerate intervals are not population certainty
CODE,original_8k_shared_prefix_scorer,google/gemma-2-9b-it,11c9b309abf73637e4b6f9a3fa1e92e615547819,immediate_readout,original,bare,main,all_valid,ALL,all_pass,26,26,0,26,0,0.81623931623931623,26,0.66239316239316237,0.96153846153846156,1.6923076923076923,26,0.34615384615384615,3.0769230769230771,,0,,,0,,0,,,0,,0,,,0,1,1,,True,20260911,5000,artifact/task-cluster percentile 95%; degenerate intervals are not population certainty
CODE,original_8k_shared_prefix_scorer,google/gemma-2-9b-it,11c9b309abf73637e4b6f9a3fa1e92e615547819,immediate_readout,original,bare,main,all_valid,ALL,all_fail,0,0,0,0,0,,0,,,,0,,,,0,,,0,,0,,,0,,0,,,0,,,,True,20260911,5000,artifact/task-cluster percentile 95%; degenerate intervals are not population certainty
CODE,original_8k_shared_prefix_scorer,google/gemma-2-9b-it,11c9b309abf73637e4b6f9a3fa1e92e615547819,immediate_readout,original,bare,main,all_valid,ALL,partial,23,23,23,0,0,0.47342995169082125,23,0.36231884057971009,0.58454106280193241,4.7826086956521738,23,3.7826086956521738,5.7826086956521738,0.13043478260869565,23,0,0.2608695652173913,3,0.043478260869565216,23,0,0.13043478260869565,1,0.086956521739130432,23,0,0.21739130434782608,2,0.13043478260869565,0.043478260869565216,0.66666666666666663,True,20260911,5000,artifact/task-cluster percentile 95%; degenerate intervals are not population certainty
CODE,original_8k_shared_prefix_scorer,google/gemma-2-9b-it,11c9b309abf73637e4b6f9a3fa1e92e615547819,immediate_readout,original,bare,main,all_valid,code_acceptance,all,80,80,54,26,0,0.47916666666666663,80,0.39579861111111109,0.56527777777777766,4.3875000000000002,80,3.6000000000000001,5.1749999999999998,0.092592592592592587,54,0.018518518518518517,0.16666666666666666,5,0.037037037037037035,54,0,0.092592592592592587,2,0.055555555555555552,54,0,0.1111111111111111,3,0.38750000000000001,0.34999999999999998,0.59999999999999998,True,20260911,5000,artifact/task-cluster percentile 95%; degenerate intervals are not population certainty
CODE,original_8k_shared_prefix_scorer,google/gemma-2-9b-it,11c9b309abf73637e4b6f9a3fa1e92e615547819,immediate_readout,original,bare,main,all_valid,code_acceptance,nontrivial,54,54,54,0,0,0.31687242798353904,54,0.24279835390946503,0.39300411522633738,5.6851851851851851,54,4.9074074074074074,6.4259259259259256,0.092592592592592587,54,0.018518518518518517,0.16666666666666666,5,0.037037037037037035,54,0,0.092592592592592587,2,0.055555555555555552,54,0,0.1111111111111111,3,0.092592592592592587,0.037037037037037035,0.59999999999999998,True,20260911,5000,artifact/task-cluster percentile 95%; degenerate intervals are not population certainty
CODE,original_8k_shared_prefix_scorer,google/gemma-2-9b-it,11c9b309abf73637e4b6f9a3fa1e92e615547819,immediate_readout,original,bare,main,all_valid,code_acceptance,all_pass,26,26,0,26,0,0.81623931623931623,26,0.66239316239316237,0.96153846153846156,1.6923076923076923,26,0.34615384615384615,3.0769230769230771,,0,,,0,,0,,,0,,0,,,0,1,1,,True,20260911,5000,artifact/task-cluster percentile 95%; degenerate intervals are not population certainty
CODE,original_8k_shared_prefix_scorer,google/gemma-2-9b-it,11c9b309abf73637e4b6f9a3fa1e92e615547819,immediate_readout,original,bare,main,all_valid,code_acceptance,all_fail,0,0,0,0,0,,0,,,,0,,,,0,,,0,,0,,,0,,0,,,0,,,,True,20260911,5000,artifact/task-cluster percentile 95%; degenerate intervals are not population certainty
CODE,original_8k_shared_prefix_scorer,google/gemma-2-9b-it,11c9b309abf73637e4b6f9a3fa1e92e615547819,immediate_readout,original,bare,main,all_valid,code_acceptance,partial,23,23,23,0,0,0.47342995169082125,23,0.36231884057971009,0.58454106280193241,4.7826086956521738,23,3.7826086956521738,5.7826086956521738,0.13043478260869565,23,0,0.2608695652173913,3,0.043478260869565216,23,0,0.13043478260869565,1,0.086956521739130432,23,0,0.21739130434782608,2,0.13043478260869565,0.043478260869565216,0.66666666666666663,True,20260911,5000,artifact/task-cluster percentile 95%; degenerate intervals are not population certainty
CODE,original_8k_shared_prefix_scorer,google/gemma-2-9b-it,11c9b309abf73637e4b6f9a3fa1e92e615547819,immediate_readout,original,bare,smoke,all_valid,ALL,all,3,3,1,2,0,0.62962962962962965,3,0,1,3.3333333333333335,3,0,9,1,1,1,1,1,1,1,1,1,1,0,1,0,0,0,1,1,0,True,20260911,5000,artifact/task-cluster percentile 95%; degenerate intervals are not population certainty
CODE,original_8k_shared_prefix_scorer,google/gemma-2-9b-it,11c9b309abf73637e4b6f9a3fa1e92e615547819,immediate_readout,original,bare,smoke,all_valid,ALL,nontrivial,1,1,1,0,0,0.88888888888888884,1,0.88888888888888884,0.88888888888888884,1,1,1,1,1,1,1,1,1,1,1,1,1,1,0,1,0,0,0,1,1,0,True,20260911,5000,artifact/task-cluster percentile 95%; degenerate intervals are not population certainty
CODE,original_8k_shared_prefix_scorer,google/gemma-2-9b-it,11c9b309abf73637e4b6f9a3fa1e92e615547819,immediate_readout,original,bare,smoke,all_valid,ALL,all_pass,2,2,0,2,0,0.5,2,0,1,4.5,2,0,9,,0,,,0,,0,,,0,,0,,,0,1,1,,True,20260911,5000,artifact/task-cluster percentile 95%; degenerate intervals are not population certainty
CODE,original_8k_shared_prefix_scorer,google/gemma-2-9b-it,11c9b309abf73637e4b6f9a3fa1e92e615547819,immediate_readout,original,bare,smoke,all_valid,ALL,all_fail,0,0,0,0,0,,0,,,,0,,,,0,,,0,,0,,,0,,0,,,0,,,,True,20260911,5000,artifact/task-cluster percentile 95%; degenerate intervals are not population certainty
CODE,original_8k_shared_prefix_scorer,google/gemma-2-9b-it,11c9b309abf73637e4b6f9a3fa1e92e615547819,immediate_readout,original,bare,smoke,all_valid,ALL,partial,0,0,0,0,0,,0,,,,0,,,,0,,,0,,0,,,0,,0,,,0,,,,True,20260911,5000,artifact/task-cluster percentile 95%; degenerate intervals are not population certainty
CODE,original_8k_shared_prefix_scorer,google/gemma-2-9b-it,11c9b309abf73637e4b6f9a3fa1e92e615547819,immediate_readout,original,bare,smoke,all_valid,code_acceptance,all,3,3,1,2,0,0.62962962962962965,3,0,1,3.3333333333333335,3,0,9,1,1,1,1,1,1,1,1,1,1,0,1,0,0,0,1,1,0,True,20260911,5000,artifact/task-cluster percentile 95%; degenerate intervals are not population certainty
CODE,original_8k_shared_prefix_scorer,google/gemma-2-9b-it,11c9b309abf73637e4b6f9a3fa1e92e615547819,immediate_readout,original,bare,smoke,all_valid,code_acceptance,nontrivial,1,1,1,0,0,0.88888888888888884,1,0.88888888888888884,0.88888888888888884,1,1,1,1,1,1,1,1,1,1,1,1,1,1,0,1,0,0,0,1,1,0,True,20260911,5000,artifact/task-cluster percentile 95%; degenerate intervals are not population certainty
CODE,original_8k_shared_prefix_scorer,google/gemma-2-9b-it,11c9b309abf73637e4b6f9a3fa1e92e615547819,immediate_readout,original,bare,smoke,all_valid,code_acceptance,all_pass,2,2,0,2,0,0.5,2,0,1,4.5,2,0,9,,0,,,0,,0,,,0,,0,,,0,1,1,,True,20260911,5000,artifact/task-cluster percentile 95%; degenerate intervals are not population certainty
CODE,original_8k_shared_prefix_scorer,google/gemma-2-9b-it,11c9b309abf73637e4b6f9a3fa1e92e615547819,immediate_readout,original,bare,smoke,all_valid,code_acceptance,all_fail,0,0,0,0,0,,0,,,,0,,,,0,,,0,,0,,,0,,0,,,0,,,,True,20260911,5000,artifact/task-cluster percentile 95%; degenerate intervals are not population certainty
CODE,original_8k_shared_prefix_scorer,google/gemma-2-9b-it,11c9b309abf73637e4b6f9a3fa1e92e615547819,immediate_readout,original,bare,smoke,all_valid,code_acceptance,partial,0,0,0,0,0,,0,,,,0,,,,0,,,0,,0,,,0,,0,,,0,,,,True,20260911,5000,artifact/task-cluster percentile 95%; degenerate intervals are not population certainty
CODE,original_8k_shared_prefix_scorer,google/gemma-2-9b-it,11c9b309abf73637e4b6f9a3fa1e92e615547819,immediate_readout,original,whitespace_union,main,all_valid,ALL,all,80,80,54,26,0,0.47777777777777769,80,0.3930555555555556,0.56388888888888888,4.3875000000000002,80,3.6000000000000001,5.1749999999999998,0.092592592592592587,54,0.018518518518518517,0.16666666666666666,5,0.037037037037037035,54,0,0.092592592592592587,2,0.055555555555555552,54,0,0.1111111111111111,3,0.38750000000000001,0.34999999999999998,0.59999999999999998,True,20260911,5000,artifact/task-cluster percentile 95%; degenerate intervals are not population certainty
CODE,original_8k_shared_prefix_scorer,google/gemma-2-9b-it,11c9b309abf73637e4b6f9a3fa1e92e615547819,immediate_readout,original,whitespace_union,main,all_valid,ALL,nontrivial,54,54,54,0,0,0.31687242798353904,54,0.24279835390946503,0.39300411522633738,5.6851851851851851,54,4.9074074074074074,6.4259259259259256,0.092592592592592587,54,0.018518518518518517,0.16666666666666666,5,0.037037037037037035,54,0,0.092592592592592587,2,0.055555555555555552,54,0,0.1111111111111111,3,0.092592592592592587,0.037037037037037035,0.59999999999999998,True,20260911,5000,artifact/task-cluster percentile 95%; degenerate intervals are not population certainty
CODE,original_8k_shared_prefix_scorer,google/gemma-2-9b-it,11c9b309abf73637e4b6f9a3fa1e92e615547819,immediate_readout,original,whitespace_union,main,all_valid,ALL,all_pass,26,26,0,26,0,0.81196581196581197,26,0.65811965811965811,0.96153846153846156,1.6923076923076923,26,0.34615384615384615,3.0769230769230771,,0,,,0,,0,,,0,,0,,,0,1,1,,True,20260911,5000,artifact/task-cluster percentile 95%; degenerate intervals are not population certainty
CODE,original_8k_shared_prefix_scorer,google/gemma-2-9b-it,11c9b309abf73637e4b6f9a3fa1e92e615547819,immediate_readout,original,whitespace_union,main,all_valid,ALL,all_fail,0,0,0,0,0,,0,,,,0,,,,0,,,0,,0,,,0,,0,,,0,,,,True,20260911,5000,artifact/task-cluster percentile 95%; degenerate intervals are not population certainty
CODE,original_8k_shared_prefix_scorer,google/gemma-2-9b-it,11c9b309abf73637e4b6f9a3fa1e92e615547819,immediate_readout,original,whitespace_union,main,all_valid,ALL,partial,23,23,23,0,0,0.47342995169082125,23,0.36231884057971009,0.58454106280193241,4.7826086956521738,23,3.7826086956521738,5.7826086956521738,0.13043478260869565,23,0,0.2608695652173913,3,0.043478260869565216,23,0,0.13043478260869565,1,0.086956521739130432,23,0,0.21739130434782608,2,0.13043478260869565,0.043478260869565216,0.66666666666666663,True,20260911,5000,artifact/task-cluster percentile 95%; degenerate intervals are not population certainty
CODE,original_8k_shared_prefix_scorer,google/gemma-2-9b-it,11c9b309abf73637e4b6f9a3fa1e92e615547819,immediate_readout,original,whitespace_union,main,all_valid,code_acceptance,all,80,80,54,26,0,0.47777777777777769,80,0.3930555555555556,0.56388888888888888,4.3875000000000002,80,3.6000000000000001,5.1749999999999998,0.092592592592592587,54,0.018518518518518517,0.16666666666666666,5,0.037037037037037035,54,0,0.092592592592592587,2,0.055555555555555552,54,0,0.1111111111111111,3,0.38750000000000001,0.34999999999999998,0.59999999999999998,True,20260911,5000,artifact/task-cluster percentile 95%; degenerate intervals are not population certainty
CODE,original_8k_shared_prefix_scorer,google/gemma-2-9b-it,11c9b309abf73637e4b6f9a3fa1e92e615547819,immediate_readout,original,whitespace_union,main,all_valid,code_acceptance,nontrivial,54,54,54,0,0,0.31687242798353904,54,0.24279835390946503,0.39300411522633738,5.6851851851851851,54,4.9074074074074074,6.4259259259259256,0.092592592592592587,54,0.018518518518518517,0.16666666666666666,5,0.037037037037037035,54,0,0.092592592592592587,2,0.055555555555555552,54,0,0.1111111111111111,3,0.092592592592592587,0.037037037037037035,0.59999999999999998,True,20260911,5000,artifact/task-cluster percentile 95%; degenerate intervals are not population certainty
CODE,original_8k_shared_prefix_scorer,google/gemma-2-9b-it,11c9b309abf73637e4b6f9a3fa1e92e615547819,immediate_readout,original,whitespace_union,main,all_valid,code_acceptance,all_pass,26,26,0,26,0,0.81196581196581197,26,0.65811965811965811,0.96153846153846156,1.6923076923076923,26,0.34615384615384615,3.0769230769230771,,0,,,0,,0,,,0,,0,,,0,1,1,,True,20260911,5000,artifact/task-cluster percentile 95%; degenerate intervals are not population certainty
CODE,original_8k_shared_prefix_scorer,google/gemma-2-9b-it,11c9b309abf73637e4b6f9a3fa1e92e615547819,immediate_readout,original,whitespace_union,main,all_valid,code_acceptance,all_fail,0,0,0,0,0,,0,,,,0,,,,0,,,0,,0,,,0,,0,,,0,,,,True,20260911,5000,artifact/task-cluster percentile 95%; degenerate intervals are not population certainty
CODE,original_8k_shared_prefix_scorer,google/gemma-2-9b-it,11c9b309abf73637e4b6f9a3fa1e92e615547819,immediate_readout,original,whitespace_union,main,all_valid,code_acceptance,partial,23,23,23,0,0,0.47342995169082125,23,0.36231884057971009,0.58454106280193241,4.7826086956521738,23,3.7826086956521738,5.7826086956521738,0.13043478260869565,23,0,0.2608695652173913,3,0.043478260869565216,23,0,0.13043478260869565,1,0.086956521739130432,23,0,0.21739130434782608,2,0.13043478260869565,0.043478260869565216,0.66666666666666663,True,20260911,5000,artifact/task-cluster percentile 95%; degenerate intervals are not population certainty
CODE,original_8k_shared_prefix_scorer,google/gemma-2-9b-it,11c9b309abf73637e4b6f9a3fa1e92e615547819,immediate_readout,original,whitespace_union,smoke,all_valid,ALL,all,3,3,1,2,0,0.62962962962962965,3,0,1,3.3333333333333335,3,0,9,1,1,1,1,1,1,1,1,1,1,0,1,0,0,0,1,1,0,True,20260911,5000,artifact/task-cluster percentile 95%; degenerate intervals are not population certainty
CODE,original_8k_shared_prefix_scorer,google/gemma-2-9b-it,11c9b309abf73637e4b6f9a3fa1e92e615547819,immediate_readout,original,whitespace_union,smoke,all_valid,ALL,nontrivial,1,1,1,0,0,0.88888888888888884,1,0.88888888888888884,0.88888888888888884,1,1,1,1,1,1,1,1,1,1,1,1,1,1,0,1,0,0,0,1,1,0,True,20260911,5000,artifact/task-cluster percentile 95%; degenerate intervals are not population certainty
CODE,original_8k_shared_prefix_scorer,google/gemma-2-9b-it,11c9b309abf73637e4b6f9a3fa1e92e615547819,immediate_readout,original,whitespace_union,smoke,all_valid,ALL,all_pass,2,2,0,2,0,0.5,2,0,1,4.5,2,0,9,,0,,,0,,0,,,0,,0,,,0,1,1,,True,20260911,5000,artifact/task-cluster percentile 95%; degenerate intervals are not population certainty
CODE,original_8k_shared_prefix_scorer,google/gemma-2-9b-it,11c9b309abf73637e4b6f9a3fa1e92e615547819,immediate_readout,original,whitespace_union,smoke,all_valid,ALL,all_fail,0,0,0,0,0,,0,,,,0,,,,0,,,0,,0,,,0,,0,,,0,,,,True,20260911,5000,artifact/task-cluster percentile 95%; degenerate intervals are not population certainty
CODE,original_8k_shared_prefix_scorer,google/gemma-2-9b-it,11c9b309abf73637e4b6f9a3fa1e92e615547819,immediate_readout,original,whitespace_union,smoke,all_valid,ALL,partial,0,0,0,0,0,,0,,,,0,,,,0,,,0,,0,,,0,,0,,,0,,,,True,20260911,5000,artifact/task-cluster percentile 95%; degenerate intervals are not population certainty
CODE,original_8k_shared_prefix_scorer,google/gemma-2-9b-it,11c9b309abf73637e4b6f9a3fa1e92e615547819,immediate_readout,original,whitespace_union,smoke,all_valid,code_acceptance,all,3,3,1,2,0,0.62962962962962965,3,0,1,3.3333333333333335,3,0,9,1,1,1,1,1,1,1,1,1,1,0,1,0,0,0,1,1,0,True,20260911,5000,artifact/task-cluster percentile 95%; degenerate intervals are not population certainty
CODE,original_8k_shared_prefix_scorer,google/gemma-2-9b-it,11c9b309abf73637e4b6f9a3fa1e92e615547819,immediate_readout,original,whitespace_union,smoke,all_valid,code_acceptance,nontrivial,1,1,1,0,0,0.88888888888888884,1,0.88888888888888884,0.88888888888888884,1,1,1,1,1,1,1,1,1,1,1,1,1,1,0,1,0,0,0,1,1,0,True,20260911,5000,artifact/task-cluster percentile 95%; degenerate intervals are not population certainty
CODE,original_8k_shared_prefix_scorer,google/gemma-2-9b-it,11c9b309abf73637e4b6f9a3fa1e92e615547819,immediate_readout,original,whitespace_union,smoke,all_valid,code_acceptance,all_pass,2,2,0,2,0,0.5,2,0,1,4.5,2,0,9,,0,,,0,,0,,,0,,0,,,0,1,1,,True,20260911,5000,artifact/task-cluster percentile 95%; degenerate intervals are not population certainty
CODE,original_8k_shared_prefix_scorer,google/gemma-2-9b-it,11c9b309abf73637e4b6f9a3fa1e92e615547819,immediate_readout,original,whitespace_union,smoke,all_valid,code_acceptance,all_fail,0,0,0,0,0,,0,,,,0,,,,0,,,0,,0,,,0,,0,,,0,,,,True,20260911,5000,artifact/task-cluster percentile 95%; degenerate intervals are not population certainty
CODE,original_8k_shared_prefix_scorer,google/gemma-2-9b-it,11c9b309abf73637e4b6f9a3fa1e92e615547819,immediate_readout,original,whitespace_union,smoke,all_valid,code_acceptance,partial,0,0,0,0,0,,0,,,,0,,,,0,,,0,,0,,,0,,0,,,0,,,,True,20260911,5000,artifact/task-cluster percentile 95%; degenerate intervals are not population certainty
CODE,original_8k_shared_prefix_scorer,meta-llama/Llama-3.1-8B-Instruct,0e9e39f249a16976918f6564b8830bc894c89659,immediate_readout,explicit,bare,main,all_valid,ALL,all,80,80,54,26,0,0.54722222222222217,80,0.47499999999999998,0.61805555555555558,3.7875000000000001,80,3.0625,4.5125000000000002,0.7592592592592593,54,0.64814814814814814,0.87037037037037035,41,0.66666666666666663,54,0.53703703703703709,0.79629629629629628,36,0.092592592592592587,54,0.018518518518518517,0.16666666666666666,5,0.83750000000000002,0.77500000000000002,0.12195121951219512,True,20260911,5000,artifact/task-cluster percentile 95%; degenerate intervals are not population certainty
CODE,original_8k_shared_prefix_scorer,meta-llama/Llama-3.1-8B-Instruct,0e9e39f249a16976918f6564b8830bc894c89659,immediate_readout,explicit,bare,main,all_valid,ALL,nontrivial,54,54,54,0,0,0.46090534979423869,54,0.38271604938271614,0.54115226337448563,4.0185185185185182,54,3.1666666666666665,4.8518518518518521,0.7592592592592593,54,0.64814814814814814,0.87037037037037035,41,0.66666666666666663,54,0.53703703703703709,0.79629629629629628,36,0.092592592592592587,54,0.018518518518518517,0.16666666666666666,5,0.7592592592592593,0.66666666666666663,0.12195121951219512,True,20260911,5000,artifact/task-cluster percentile 95%; degenerate intervals are not population certainty
CODE,original_8k_shared_prefix_scorer,meta-llama/Llama-3.1-8B-Instruct,0e9e39f249a16976918f6564b8830bc894c89659,immediate_readout,explicit,bare,main,all_valid,ALL,all_pass,26,26,0,26,0,0.72649572649572636,26,0.60683760683760679,0.84188034188034189,3.3076923076923075,26,2,4.615384615384615,,0,,,0,,0,,,0,,0,,,0,1,1,,True,20260911,5000,artifact/task-cluster percentile 95%; degenerate intervals are not population certainty
CODE,original_8k_shared_prefix_scorer,meta-llama/Llama-3.1-8B-Instruct,0e9e39f249a16976918f6564b8830bc894c89659,immediate_readout,explicit,bare,main,all_valid,ALL,all_fail,0,0,0,0,0,,0,,,,0,,,,0,,,0,,0,,,0,,0,,,0,,,,True,20260911,5000,artifact/task-cluster percentile 95%; degenerate intervals are not population certainty
CODE,original_8k_shared_prefix_scorer,meta-llama/Llama-3.1-8B-Instruct,0e9e39f249a16976918f6564b8830bc894c89659,immediate_readout,explicit,bare,main,all_valid,ALL,partial,23,23,23,0,0,0.59903381642512077,23,0.50724637681159412,0.68599033816425137,3.0434782608695654,23,2.0869565217391304,4.0434782608695654,0.43478260869565216,23,0.2608695652173913,0.65217391304347827,10,0.2608695652173913,23,0.086956521739130432,0.43478260869565216,6,0.17391304347826086,23,0.043478260869565216,0.34782608695652173,4,0.43478260869565216,0.2608695652173913,0.40000000000000002,True,20260911,5000,artifact/task-cluster percentile 95%; degenerate intervals are not population certainty
CODE,original_8k_shared_prefix_scorer,meta-llama/Llama-3.1-8B-Instruct,0e9e39f249a16976918f6564b8830bc894c89659,immediate_readout,explicit,bare,main,all_valid,code_acceptance,all,80,80,54,26,0,0.54722222222222217,80,0.47499999999999998,0.61805555555555558,3.7875000000000001,80,3.0625,4.5125000000000002,0.7592592592592593,54,0.64814814814814814,0.87037037037037035,41,0.66666666666666663,54,0.53703703703703709,0.79629629629629628,36,0.092592592592592587,54,0.018518518518518517,0.16666666666666666,5,0.83750000000000002,0.77500000000000002,0.12195121951219512,True,20260911,5000,artifact/task-cluster percentile 95%; degenerate intervals are not population certainty
CODE,original_8k_shared_prefix_scorer,meta-llama/Llama-3.1-8B-Instruct,0e9e39f249a16976918f6564b8830bc894c89659,immediate_readout,explicit,bare,main,all_valid,code_acceptance,nontrivial,54,54,54,0,0,0.46090534979423869,54,0.38271604938271614,0.54115226337448563,4.0185185185185182,54,3.1666666666666665,4.8518518518518521,0.7592592592592593,54,0.64814814814814814,0.87037037037037035,41,0.66666666666666663,54,0.53703703703703709,0.79629629629629628,36,0.092592592592592587,54,0.018518518518518517,0.16666666666666666,5,0.7592592592592593,0.66666666666666663,0.12195121951219512,True,20260911,5000,artifact/task-cluster percentile 95%; degenerate intervals are not population certainty
CODE,original_8k_shared_prefix_scorer,meta-llama/Llama-3.1-8B-Instruct,0e9e39f249a16976918f6564b8830bc894c89659,immediate_readout,explicit,bare,main,all_valid,code_acceptance,all_pass,26,26,0,26,0,0.72649572649572636,26,0.60683760683760679,0.84188034188034189,3.3076923076923075,26,2,4.615384615384615,,0,,,0,,0,,,0,,0,,,0,1,1,,True,20260911,5000,artifact/task-cluster percentile 95%; degenerate intervals are not population certainty
CODE,original_8k_shared_prefix_scorer,meta-llama/Llama-3.1-8B-Instruct,0e9e39f249a16976918f6564b8830bc894c89659,immediate_readout,explicit,bare,main,all_valid,code_acceptance,all_fail,0,0,0,0,0,,0,,,,0,,,,0,,,0,,0,,,0,,0,,,0,,,,True,20260911,5000,artifact/task-cluster percentile 95%; degenerate intervals are not population certainty
CODE,original_8k_shared_prefix_scorer,meta-llama/Llama-3.1-8B-Instruct,0e9e39f249a16976918f6564b8830bc894c89659,immediate_readout,explicit,bare,main,all_valid,code_acceptance,partial,23,23,23,0,0,0.59903381642512077,23,0.50724637681159412,0.68599033816425137,3.0434782608695654,23,2.0869565217391304,4.0434782608695654,0.43478260869565216,23,0.2608695652173913,0.65217391304347827,10,0.2608695652173913,23,0.086956521739130432,0.43478260869565216,6,0.17391304347826086,23,0.043478260869565216,0.34782608695652173,4,0.43478260869565216,0.2608695652173913,0.40000000000000002,True,20260911,5000,artifact/task-cluster percentile 95%; degenerate intervals are not population certainty
CODE,original_8k_shared_prefix_scorer,meta-llama/Llama-3.1-8B-Instruct,0e9e39f249a16976918f6564b8830bc894c89659,immediate_readout,explicit,bare,smoke,all_valid,ALL,all,3,3,1,2,0,0.59259259259259256,3,0.33333333333333331,1,5,3,0,8,1,1,1,1,1,1,1,1,1,1,0,1,0,0,0,1,1,0,True,20260911,5000,artifact/task-cluster percentile 95%; degenerate intervals are not population certainty
CODE,original_8k_shared_prefix_scorer,meta-llama/Llama-3.1-8B-Instruct,0e9e39f249a16976918f6564b8830bc894c89659,immediate_readout,explicit,bare,smoke,all_valid,ALL,nontrivial,1,1,1,0,0,1,1,1,1,0,1,0,0,1,1,1,1,1,1,1,1,1,1,0,1,0,0,0,1,1,0,True,20260911,5000,artifact/task-cluster percentile 95%; degenerate intervals are not population certainty
CODE,original_8k_shared_prefix_scorer,meta-llama/Llama-3.1-8B-Instruct,0e9e39f249a16976918f6564b8830bc894c89659,immediate_readout,explicit,bare,smoke,all_valid,ALL,all_pass,2,2,0,2,0,0.38888888888888884,2,0.33333333333333331,0.44444444444444442,7.5,2,7,8,,0,,,0,,0,,,0,,0,,,0,1,1,,True,20260911,5000,artifact/task-cluster percentile 95%; degenerate intervals are not population certainty
CODE,original_8k_shared_prefix_scorer,meta-llama/Llama-3.1-8B-Instruct,0e9e39f249a16976918f6564b8830bc894c89659,immediate_readout,explicit,bare,smoke,all_valid,ALL,all_fail,0,0,0,0,0,,0,,,,0,,,,0,,,0,,0,,,0,,0,,,0,,,,True,20260911,5000,artifact/task-cluster percentile 95%; degenerate intervals are not population certainty
CODE,original_8k_shared_prefix_scorer,meta-llama/Llama-3.1-8B-Instruct,0e9e39f249a16976918f6564b8830bc894c89659,immediate_readout,explicit,bare,smoke,all_valid,ALL,partial,0,0,0,0,0,,0,,,,0,,,,0,,,0,,0,,,0,,0,,,0,,,,True,20260911,5000,artifact/task-cluster percentile 95%; degenerate intervals are not population certainty
CODE,original_8k_shared_prefix_scorer,meta-llama/Llama-3.1-8B-Instruct,0e9e39f249a16976918f6564b8830bc894c89659,immediate_readout,explicit,bare,smoke,all_valid,code_acceptance,all,3,3,1,2,0,0.59259259259259256,3,0.33333333333333331,1,5,3,0,8,1,1,1,1,1,1,1,1,1,1,0,1,0,0,0,1,1,0,True,20260911,5000,artifact/task-cluster percentile 95%; degenerate intervals are not population certainty
CODE,original_8k_shared_prefix_scorer,meta-llama/Llama-3.1-8B-Instruct,0e9e39f249a16976918f6564b8830bc894c89659,immediate_readout,explicit,bare,smoke,all_valid,code_acceptance,nontrivial,1,1,1,0,0,1,1,1,1,0,1,0,0,1,1,1,1,1,1,1,1,1,1,0,1,0,0,0,1,1,0,True,20260911,5000,artifact/task-cluster percentile 95%; degenerate intervals are not population certainty
CODE,original_8k_shared_prefix_scorer,meta-llama/Llama-3.1-8B-Instruct,0e9e39f249a16976918f6564b8830bc894c89659,immediate_readout,explicit,bare,smoke,all_valid,code_acceptance,all_pass,2,2,0,2,0,0.38888888888888884,2,0.33333333333333331,0.44444444444444442,7.5,2,7,8,,0,,,0,,0,,,0,,0,,,0,1,1,,True,20260911,5000,artifact/task-cluster percentile 95%; degenerate intervals are not population certainty
CODE,original_8k_shared_prefix_scorer,meta-llama/Llama-3.1-8B-Instruct,0e9e39f249a16976918f6564b8830bc894c89659,immediate_readout,explicit,bare,smoke,all_valid,code_acceptance,all_fail,0,0,0,0,0,,0,,,,0,,,,0,,,0,,0,,,0,,0,,,0,,,,True,20260911,5000,artifact/task-cluster percentile 95%; degenerate intervals are not population certainty
CODE,original_8k_shared_prefix_scorer,meta-llama/Llama-3.1-8B-Instruct,0e9e39f249a16976918f6564b8830bc894c89659,immediate_readout,explicit,bare,smoke,all_valid,code_acceptance,partial,0,0,0,0,0,,0,,,,0,,,,0,,,0,,0,,,0,,0,,,0,,,,True,20260911,5000,artifact/task-cluster percentile 95%; degenerate intervals are not population certainty
CODE,original_8k_shared_prefix_scorer,meta-llama/Llama-3.1-8B-Instruct,0e9e39f249a16976918f6564b8830bc894c89659,immediate_readout,explicit,whitespace_union,main,all_valid,ALL,all,80,80,54,26,0,0.5541666666666667,80,0.47916666666666663,0.62916666666666665,3.6749999999999998,80,2.9500000000000002,4.4000000000000004,0.79629629629629628,54,0.68518518518518523,0.88935185185184507,43,0.68518518518518523,54,0.55555555555555558,0.79629629629629628,37,0.1111111111111111,54,0.037037037037037035,0.20370370370370369,6,0.86250000000000004,0.78749999999999998,0.13953488372093023,True,20260911,5000,artifact/task-cluster percentile 95%; degenerate intervals are not population certainty
CODE,original_8k_shared_prefix_scorer,meta-llama/Llama-3.1-8B-Instruct,0e9e39f249a16976918f6564b8830bc894c89659,immediate_readout,explicit,whitespace_union,main,all_valid,ALL,nontrivial,54,54,54,0,0,0.51028806584362141,54,0.42592592592592593,0.59465020576131689,3.6481481481481484,54,2.8148148148148149,4.4814814814814818,0.79629629629629628,54,0.68518518518518523,0.88935185185184507,43,0.68518518518518523,54,0.55555555555555558,0.79629629629629628,37,0.1111111111111111,54,0.037037037037037035,0.20370370370370369,6,0.79629629629629628,0.68518518518518523,0.13953488372093023,True,20260911,5000,artifact/task-cluster percentile 95%; degenerate intervals are not population certainty
CODE,original_8k_shared_prefix_scorer,meta-llama/Llama-3.1-8B-Instruct,0e9e39f249a16976918f6564b8830bc894c89659,immediate_readout,explicit,whitespace_union,main,all_valid,ALL,all_pass,26,26,0,26,0,0.64529914529914534,26,0.50427350427350437,0.78205128205128205,3.7307692307692308,26,2.3846153846153846,5.115384615384615,,0,,,0,,0,,,0,,0,,,0,1,1,,True,20260911,5000,artifact/task-cluster percentile 95%; degenerate intervals are not population certainty
CODE,original_8k_shared_prefix_scorer,meta-llama/Llama-3.1-8B-Instruct,0e9e39f249a16976918f6564b8830bc894c89659,immediate_readout,explicit,whitespace_union,main,all_valid,ALL,all_fail,0,0,0,0,0,,0,,,,0,,,,0,,,0,,0,,,0,,0,,,0,,,,True,20260911,5000,artifact/task-cluster percentile 95%; degenerate intervals are not population certainty
CODE,original_8k_shared_prefix_scorer,meta-llama/Llama-3.1-8B-Instruct,0e9e39f249a16976918f6564b8830bc894c89659,immediate_readout,explicit,whitespace_union,main,all_valid,ALL,partial,23,23,23,0,0,0.59903381642512088,23,0.48792270531400972,0.70531400966183566,3.0869565217391304,23,2.0434782608695654,4.1304347826086953,0.52173913043478259,23,0.30434782608695654,0.73913043478260865,12,0.30434782608695654,23,0.13043478260869565,0.52173913043478259,7,0.21739130434782608,23,0.043478260869565216,0.39130434782608697,5,0.52173913043478259,0.30434782608695654,0.41666666666666669,True,20260911,5000,artifact/task-cluster percentile 95%; degenerate intervals are not population certainty
CODE,original_8k_shared_prefix_scorer,meta-llama/Llama-3.1-8B-Instruct,0e9e39f249a16976918f6564b8830bc894c89659,immediate_readout,explicit,whitespace_union,main,all_valid,code_acceptance,all,80,80,54,26,0,0.5541666666666667,80,0.47916666666666663,0.62916666666666665,3.6749999999999998,80,2.9500000000000002,4.4000000000000004,0.79629629629629628,54,0.68518518518518523,0.88935185185184507,43,0.68518518518518523,54,0.55555555555555558,0.79629629629629628,37,0.1111111111111111,54,0.037037037037037035,0.20370370370370369,6,0.86250000000000004,0.78749999999999998,0.13953488372093023,True,20260911,5000,artifact/task-cluster percentile 95%; degenerate intervals are not population certainty
CODE,original_8k_shared_prefix_scorer,meta-llama/Llama-3.1-8B-Instruct,0e9e39f249a16976918f6564b8830bc894c89659,immediate_readout,explicit,whitespace_union,main,all_valid,code_acceptance,nontrivial,54,54,54,0,0,0.51028806584362141,54,0.42592592592592593,0.59465020576131689,3.6481481481481484,54,2.8148148148148149,4.4814814814814818,0.79629629629629628,54,0.68518518518518523,0.88935185185184507,43,0.68518518518518523,54,0.55555555555555558,0.79629629629629628,37,0.1111111111111111,54,0.037037037037037035,0.20370370370370369,6,0.79629629629629628,0.68518518518518523,0.13953488372093023,True,20260911,5000,artifact/task-cluster percentile 95%; degenerate intervals are not population certainty
CODE,original_8k_shared_prefix_scorer,meta-llama/Llama-3.1-8B-Instruct,0e9e39f249a16976918f6564b8830bc894c89659,immediate_readout,explicit,whitespace_union,main,all_valid,code_acceptance,all_pass,26,26,0,26,0,0.64529914529914534,26,0.50427350427350437,0.78205128205128205,3.7307692307692308,26,2.3846153846153846,5.115384615384615,,0,,,0,,0,,,0,,0,,,0,1,1,,True,20260911,5000,artifact/task-cluster percentile 95%; degenerate intervals are not population certainty
CODE,original_8k_shared_prefix_scorer,meta-llama/Llama-3.1-8B-Instruct,0e9e39f249a16976918f6564b8830bc894c89659,immediate_readout,explicit,whitespace_union,main,all_valid,code_acceptance,all_fail,0,0,0,0,0,,0,,,,0,,,,0,,,0,,0,,,0,,0,,,0,,,,True,20260911,5000,artifact/task-cluster percentile 95%; degenerate intervals are not population certainty
CODE,original_8k_shared_prefix_scorer,meta-llama/Llama-3.1-8B-Instruct,0e9e39f249a16976918f6564b8830bc894c89659,immediate_readout,explicit,whitespace_union,main,all_valid,code_acceptance,partial,23,23,23,0,0,0.59903381642512088,23,0.48792270531400972,0.70531400966183566,3.0869565217391304,23,2.0434782608695654,4.1304347826086953,0.52173913043478259,23,0.30434782608695654,0.73913043478260865,12,0.30434782608695654,23,0.13043478260869565,0.52173913043478259,7,0.21739130434782608,23,0.043478260869565216,0.39130434782608697,5,0.52173913043478259,0.30434782608695654,0.41666666666666669,True,20260911,5000,artifact/task-cluster percentile 95%; degenerate intervals are not population certainty
CODE,original_8k_shared_prefix_scorer,meta-llama/Llama-3.1-8B-Instruct,0e9e39f249a16976918f6564b8830bc894c89659,immediate_readout,explicit,whitespace_union,smoke,all_valid,ALL,all,3,3,1,2,0,0.51851851851851849,3,0.22222222222222221,1,5,3,0,8,1,1,1,1,1,1,1,1,1,1,0,1,0,0,0,1,1,0,True,20260911,5000,artifact/task-cluster percentile 95%; degenerate intervals are not population certainty
CODE,original_8k_shared_prefix_scorer,meta-llama/Llama-3.1-8B-Instruct,0e9e39f249a16976918f6564b8830bc894c89659,immediate_readout,explicit,whitespace_union,smoke,all_valid,ALL,nontrivial,1,1,1,0,0,1,1,1,1,0,1,0,0,1,1,1,1,1,1,1,1,1,1,0,1,0,0,0,1,1,0,True,20260911,5000,artifact/task-cluster percentile 95%; degenerate intervals are not population certainty
CODE,original_8k_shared_prefix_scorer,meta-llama/Llama-3.1-8B-Instruct,0e9e39f249a16976918f6564b8830bc894c89659,immediate_readout,explicit,whitespace_union,smoke,all_valid,ALL,all_pass,2,2,0,2,0,0.27777777777777779,2,0.22222222222222221,0.33333333333333331,7.5,2,7,8,,0,,,0,,0,,,0,,0,,,0,1,1,,True,20260911,5000,artifact/task-cluster percentile 95%; degenerate intervals are not population certainty
CODE,original_8k_shared_prefix_scorer,meta-llama/Llama-3.1-8B-Instruct,0e9e39f249a16976918f6564b8830bc894c89659,immediate_readout,explicit,whitespace_union,smoke,all_valid,ALL,all_fail,0,0,0,0,0,,0,,,,0,,,,0,,,0,,0,,,0,,0,,,0,,,,True,20260911,5000,artifact/task-cluster percentile 95%; degenerate intervals are not population certainty
CODE,original_8k_shared_prefix_scorer,meta-llama/Llama-3.1-8B-Instruct,0e9e39f249a16976918f6564b8830bc894c89659,immediate_readout,explicit,whitespace_union,smoke,all_valid,ALL,partial,0,0,0,0,0,,0,,,,0,,,,0,,,0,,0,,,0,,0,,,0,,,,True,20260911,5000,artifact/task-cluster percentile 95%; degenerate intervals are not population certainty
CODE,original_8k_shared_prefix_scorer,meta-llama/Llama-3.1-8B-Instruct,0e9e39f249a16976918f6564b8830bc894c89659,immediate_readout,explicit,whitespace_union,smoke,all_valid,code_acceptance,all,3,3,1,2,0,0.51851851851851849,3,0.22222222222222221,1,5,3,0,8,1,1,1,1,1,1,1,1,1,1,0,1,0,0,0,1,1,0,True,20260911,5000,artifact/task-cluster percentile 95%; degenerate intervals are not population certainty
CODE,original_8k_shared_prefix_scorer,meta-llama/Llama-3.1-8B-Instruct,0e9e39f249a16976918f6564b8830bc894c89659,immediate_readout,explicit,whitespace_union,smoke,all_valid,code_acceptance,nontrivial,1,1,1,0,0,1,1,1,1,0,1,0,0,1,1,1,1,1,1,1,1,1,1,0,1,0,0,0,1,1,0,True,20260911,5000,artifact/task-cluster percentile 95%; degenerate intervals are not population certainty
CODE,original_8k_shared_prefix_scorer,meta-llama/Llama-3.1-8B-Instruct,0e9e39f249a16976918f6564b8830bc894c89659,immediate_readout,explicit,whitespace_union,smoke,all_valid,code_acceptance,all_pass,2,2,0,2,0,0.27777777777777779,2,0.22222222222222221,0.33333333333333331,7.5,2,7,8,,0,,,0,,0,,,0,,0,,,0,1,1,,True,20260911,5000,artifact/task-cluster percentile 95%; degenerate intervals are not population certainty
CODE,original_8k_shared_prefix_scorer,meta-llama/Llama-3.1-8B-Instruct,0e9e39f249a16976918f6564b8830bc894c89659,immediate_readout,explicit,whitespace_union,smoke,all_valid,code_acceptance,all_fail,0,0,0,0,0,,0,,,,0,,,,0,,,0,,0,,,0,,0,,,0,,,,True,20260911,5000,artifact/task-cluster percentile 95%; degenerate intervals are not population certainty
CODE,original_8k_shared_prefix_scorer,meta-llama/Llama-3.1-8B-Instruct,0e9e39f249a16976918f6564b8830bc894c89659,immediate_readout,explicit,whitespace_union,smoke,all_valid,code_acceptance,partial,0,0,0,0,0,,0,,,,0,,,,0,,,0,,0,,,0,,0,,,0,,,,True,20260911,5000,artifact/task-cluster percentile 95%; degenerate intervals are not population certainty
CODE,original_8k_shared_prefix_scorer,meta-llama/Llama-3.1-8B-Instruct,0e9e39f249a16976918f6564b8830bc894c89659,immediate_readout,original,bare,main,all_valid,ALL,all,80,80,54,26,0,0.57222222222222219,80,0.48888888888888893,0.6513888888888888,4.3499999999999996,80,3.5625,5.1500000000000004,0,54,0,0,0,0,54,0,0,0,0,54,0,0,0,0.32500000000000001,0.32500000000000001,,True,20260911,5000,artifact/task-cluster percentile 95%; degenerate intervals are not population certainty
CODE,original_8k_shared_prefix_scorer,meta-llama/Llama-3.1-8B-Instruct,0e9e39f249a16976918f6564b8830bc894c89659,immediate_readout,original,bare,main,all_valid,ALL,nontrivial,54,54,54,0,0,0.50617283950617287,54,0.41152263374485593,0.5967078189300411,3.1111111111111112,54,2.4074074074074074,3.8703703703703702,0,54,0,0,0,0,54,0,0,0,0,54,0,0,0,0,0,,True,20260911,5000,artifact/task-cluster percentile 95%; degenerate intervals are not population certainty
CODE,original_8k_shared_prefix_scorer,meta-llama/Llama-3.1-8B-Instruct,0e9e39f249a16976918f6564b8830bc894c89659,immediate_readout,original,bare,main,all_valid,ALL,all_pass,26,26,0,26,0,0.70940170940170932,26,0.5641025641025641,0.83771367521367368,6.9230769230769234,26,5.5384615384615383,8.3076923076923084,,0,,,0,,0,,,0,,0,,,0,1,1,,True,20260911,5000,artifact/task-cluster percentile 95%; degenerate intervals are not population certainty
CODE,original_8k_shared_prefix_scorer,meta-llama/Llama-3.1-8B-Instruct,0e9e39f249a16976918f6564b8830bc894c89659,immediate_readout,original,bare,main,all_valid,ALL,all_fail,0,0,0,0,0,,0,,,,0,,,,0,,,0,,0,,,0,,0,,,0,,,,True,20260911,5000,artifact/task-cluster percentile 95%; degenerate intervals are not population certainty
CODE,original_8k_shared_prefix_scorer,meta-llama/Llama-3.1-8B-Instruct,0e9e39f249a16976918f6564b8830bc894c89659,immediate_readout,original,bare,main,all_valid,ALL,partial,23,23,23,0,0,0.35265700483091778,23,0.2657004830917874,0.44444444444444425,5.6521739130434785,23,4.7391304347826084,6.5217391304347823,0,23,0,0,0,0,23,0,0,0,0,23,0,0,0,0,0,,True,20260911,5000,artifact/task-cluster percentile 95%; degenerate intervals are not population certainty
CODE,original_8k_shared_prefix_scorer,meta-llama/Llama-3.1-8B-Instruct,0e9e39f249a16976918f6564b8830bc894c89659,immediate_readout,original,bare,main,all_valid,code_acceptance,all,80,80,54,26,0,0.57222222222222219,80,0.48888888888888893,0.6513888888888888,4.3499999999999996,80,3.5625,5.1500000000000004,0,54,0,0,0,0,54,0,0,0,0,54,0,0,0,0.32500000000000001,0.32500000000000001,,True,20260911,5000,artifact/task-cluster percentile 95%; degenerate intervals are not population certainty
CODE,original_8k_shared_prefix_scorer,meta-llama/Llama-3.1-8B-Instruct,0e9e39f249a16976918f6564b8830bc894c89659,immediate_readout,original,bare,main,all_valid,code_acceptance,nontrivial,54,54,54,0,0,0.50617283950617287,54,0.41152263374485593,0.5967078189300411,3.1111111111111112,54,2.4074074074074074,3.8703703703703702,0,54,0,0,0,0,54,0,0,0,0,54,0,0,0,0,0,,True,20260911,5000,artifact/task-cluster percentile 95%; degenerate intervals are not population certainty
CODE,original_8k_shared_prefix_scorer,meta-llama/Llama-3.1-8B-Instruct,0e9e39f249a16976918f6564b8830bc894c89659,immediate_readout,original,bare,main,all_valid,code_acceptance,all_pass,26,26,0,26,0,0.70940170940170932,26,0.5641025641025641,0.83771367521367368,6.9230769230769234,26,5.5384615384615383,8.3076923076923084,,0,,,0,,0,,,0,,0,,,0,1,1,,True,20260911,5000,artifact/task-cluster percentile 95%; degenerate intervals are not population certainty
CODE,original_8k_shared_prefix_scorer,meta-llama/Llama-3.1-8B-Instruct,0e9e39f249a16976918f6564b8830bc894c89659,immediate_readout,original,bare,main,all_valid,code_acceptance,all_fail,0,0,0,0,0,,0,,,,0,,,,0,,,0,,0,,,0,,0,,,0,,,,True,20260911,5000,artifact/task-cluster percentile 95%; degenerate intervals are not population certainty
CODE,original_8k_shared_prefix_scorer,meta-llama/Llama-3.1-8B-Instruct,0e9e39f249a16976918f6564b8830bc894c89659,immediate_readout,original,bare,main,all_valid,code_acceptance,partial,23,23,23,0,0,0.35265700483091778,23,0.2657004830917874,0.44444444444444425,5.6521739130434785,23,4.7391304347826084,6.5217391304347823,0,23,0,0,0,0,23,0,0,0,0,23,0,0,0,0,0,,True,20260911,5000,artifact/task-cluster percentile 95%; degenerate intervals are not population certainty
CODE,original_8k_shared_prefix_scorer,meta-llama/Llama-3.1-8B-Instruct,0e9e39f249a16976918f6564b8830bc894c89659,immediate_readout,original,bare,smoke,all_valid,ALL,all,3,3,1,2,0,0.37037037037037041,3,0,1,3.3333333333333335,3,0,9,0,1,0,0,0,0,1,0,0,0,0,1,0,0,0,0.66666666666666663,0.66666666666666663,,True,20260911,5000,artifact/task-cluster percentile 95%; degenerate intervals are not population certainty
CODE,original_8k_shared_prefix_scorer,meta-llama/Llama-3.1-8B-Instruct,0e9e39f249a16976918f6564b8830bc894c89659,immediate_readout,original,bare,smoke,all_valid,ALL,nontrivial,1,1,1,0,0,0.1111111111111111,1,0.1111111111111111,0.1111111111111111,1,1,1,1,0,1,0,0,0,0,1,0,0,0,0,1,0,0,0,0,0,,True,20260911,5000,artifact/task-cluster percentile 95%; degenerate intervals are not population certainty
CODE,original_8k_shared_prefix_scorer,meta-llama/Llama-3.1-8B-Instruct,0e9e39f249a16976918f6564b8830bc894c89659,immediate_readout,original,bare,smoke,all_valid,ALL,all_pass,2,2,0,2,0,0.5,2,0,1,4.5,2,0,9,,0,,,0,,0,,,0,,0,,,0,1,1,,True,20260911,5000,artifact/task-cluster percentile 95%; degenerate intervals are not population certainty
CODE,original_8k_shared_prefix_scorer,meta-llama/Llama-3.1-8B-Instruct,0e9e39f249a16976918f6564b8830bc894c89659,immediate_readout,original,bare,smoke,all_valid,ALL,all_fail,0,0,0,0,0,,0,,,,0,,,,0,,,0,,0,,,0,,0,,,0,,,,True,20260911,5000,artifact/task-cluster percentile 95%; degenerate intervals are not population certainty
CODE,original_8k_shared_prefix_scorer,meta-llama/Llama-3.1-8B-Instruct,0e9e39f249a16976918f6564b8830bc894c89659,immediate_readout,original,bare,smoke,all_valid,ALL,partial,0,0,0,0,0,,0,,,,0,,,,0,,,0,,0,,,0,,0,,,0,,,,True,20260911,5000,artifact/task-cluster percentile 95%; degenerate intervals are not population certainty
CODE,original_8k_shared_prefix_scorer,meta-llama/Llama-3.1-8B-Instruct,0e9e39f249a16976918f6564b8830bc894c89659,immediate_readout,original,bare,smoke,all_valid,code_acceptance,all,3,3,1,2,0,0.37037037037037041,3,0,1,3.3333333333333335,3,0,9,0,1,0,0,0,0,1,0,0,0,0,1,0,0,0,0.66666666666666663,0.66666666666666663,,True,20260911,5000,artifact/task-cluster percentile 95%; degenerate intervals are not population certainty
CODE,original_8k_shared_prefix_scorer,meta-llama/Llama-3.1-8B-Instruct,0e9e39f249a16976918f6564b8830bc894c89659,immediate_readout,original,bare,smoke,all_valid,code_acceptance,nontrivial,1,1,1,0,0,0.1111111111111111,1,0.1111111111111111,0.1111111111111111,1,1,1,1,0,1,0,0,0,0,1,0,0,0,0,1,0,0,0,0,0,,True,20260911,5000,artifact/task-cluster percentile 95%; degenerate intervals are not population certainty
CODE,original_8k_shared_prefix_scorer,meta-llama/Llama-3.1-8B-Instruct,0e9e39f249a16976918f6564b8830bc894c89659,immediate_readout,original,bare,smoke,all_valid,code_acceptance,all_pass,2,2,0,2,0,0.5,2,0,1,4.5,2,0,9,,0,,,0,,0,,,0,,0,,,0,1,1,,True,20260911,5000,artifact/task-cluster percentile 95%; degenerate intervals are not population certainty
CODE,original_8k_shared_prefix_scorer,meta-llama/Llama-3.1-8B-Instruct,0e9e39f249a16976918f6564b8830bc894c89659,immediate_readout,original,bare,smoke,all_valid,code_acceptance,all_fail,0,0,0,0,0,,0,,,,0,,,,0,,,0,,0,,,0,,0,,,0,,,,True,20260911,5000,artifact/task-cluster percentile 95%; degenerate intervals are not population certainty
CODE,original_8k_shared_prefix_scorer,meta-llama/Llama-3.1-8B-Instruct,0e9e39f249a16976918f6564b8830bc894c89659,immediate_readout,original,bare,smoke,all_valid,code_acceptance,partial,0,0,0,0,0,,0,,,,0,,,,0,,,0,,0,,,0,,0,,,0,,,,True,20260911,5000,artifact/task-cluster percentile 95%; degenerate intervals are not population certainty
CODE,original_8k_shared_prefix_scorer,meta-llama/Llama-3.1-8B-Instruct,0e9e39f249a16976918f6564b8830bc894c89659,immediate_readout,original,whitespace_union,main,all_valid,ALL,all,80,80,54,26,0,0.56527777777777777,80,0.48472222222222222,0.64027777777777772,4.5750000000000002,80,3.7875000000000001,5.3499999999999996,0,54,0,0,0,0,54,0,0,0,0,54,0,0,0,0.32500000000000001,0.32500000000000001,,True,20260911,5000,artifact/task-cluster percentile 95%; degenerate intervals are not population certainty
CODE,original_8k_shared_prefix_scorer,meta-llama/Llama-3.1-8B-Instruct,0e9e39f249a16976918f6564b8830bc894c89659,immediate_readout,original,whitespace_union,main,all_valid,ALL,nontrivial,54,54,54,0,0,0.51646090534979427,54,0.42592592592592593,0.60288065843621397,3.1111111111111112,54,2.4074074074074074,3.8703703703703702,0,54,0,0,0,0,54,0,0,0,0,54,0,0,0,0,0,,True,20260911,5000,artifact/task-cluster percentile 95%; degenerate intervals are not population certainty
CODE,original_8k_shared_prefix_scorer,meta-llama/Llama-3.1-8B-Instruct,0e9e39f249a16976918f6564b8830bc894c89659,immediate_readout,original,whitespace_union,main,all_valid,ALL,all_pass,26,26,0,26,0,0.66666666666666663,26,0.52564102564102566,0.79487179487179493,7.615384615384615,26,6.2307692307692308,8.6538461538461533,,0,,,0,,0,,,0,,0,,,0,1,1,,True,20260911,5000,artifact/task-cluster percentile 95%; degenerate intervals are not population certainty
CODE,original_8k_shared_prefix_scorer,meta-llama/Llama-3.1-8B-Instruct,0e9e39f249a16976918f6564b8830bc894c89659,immediate_readout,original,whitespace_union,main,all_valid,ALL,all_fail,0,0,0,0,0,,0,,,,0,,,,0,,,0,,0,,,0,,0,,,0,,,,True,20260911,5000,artifact/task-cluster percentile 95%; degenerate intervals are not population certainty
CODE,original_8k_shared_prefix_scorer,meta-llama/Llama-3.1-8B-Instruct,0e9e39f249a16976918f6564b8830bc894c89659,immediate_readout,original,whitespace_union,main,all_valid,ALL,partial,23,23,23,0,0,0.34299516908212552,23,0.2608695652173913,0.42995169082125584,5.6521739130434785,23,4.7391304347826084,6.5217391304347823,0,23,0,0,0,0,23,0,0,0,0,23,0,0,0,0,0,,True,20260911,5000,artifact/task-cluster percentile 95%; degenerate intervals are not population certainty
CODE,original_8k_shared_prefix_scorer,meta-llama/Llama-3.1-8B-Instruct,0e9e39f249a16976918f6564b8830bc894c89659,immediate_readout,original,whitespace_union,main,all_valid,code_acceptance,all,80,80,54,26,0,0.56527777777777777,80,0.48472222222222222,0.64027777777777772,4.5750000000000002,80,3.7875000000000001,5.3499999999999996,0,54,0,0,0,0,54,0,0,0,0,54,0,0,0,0.32500000000000001,0.32500000000000001,,True,20260911,5000,artifact/task-cluster percentile 95%; degenerate intervals are not population certainty
CODE,original_8k_shared_prefix_scorer,meta-llama/Llama-3.1-8B-Instruct,0e9e39f249a16976918f6564b8830bc894c89659,immediate_readout,original,whitespace_union,main,all_valid,code_acceptance,nontrivial,54,54,54,0,0,0.51646090534979427,54,0.42592592592592593,0.60288065843621397,3.1111111111111112,54,2.4074074074074074,3.8703703703703702,0,54,0,0,0,0,54,0,0,0,0,54,0,0,0,0,0,,True,20260911,5000,artifact/task-cluster percentile 95%; degenerate intervals are not population certainty
CODE,original_8k_shared_prefix_scorer,meta-llama/Llama-3.1-8B-Instruct,0e9e39f249a16976918f6564b8830bc894c89659,immediate_readout,original,whitespace_union,main,all_valid,code_acceptance,all_pass,26,26,0,26,0,0.66666666666666663,26,0.52564102564102566,0.79487179487179493,7.615384615384615,26,6.2307692307692308,8.6538461538461533,,0,,,0,,0,,,0,,0,,,0,1,1,,True,20260911,5000,artifact/task-cluster percentile 95%; degenerate intervals are not population certainty
CODE,original_8k_shared_prefix_scorer,meta-llama/Llama-3.1-8B-Instruct,0e9e39f249a16976918f6564b8830bc894c89659,immediate_readout,original,whitespace_union,main,all_valid,code_acceptance,all_fail,0,0,0,0,0,,0,,,,0,,,,0,,,0,,0,,,0,,0,,,0,,,,True,20260911,5000,artifact/task-cluster percentile 95%; degenerate intervals are not population certainty
CODE,original_8k_shared_prefix_scorer,meta-llama/Llama-3.1-8B-Instruct,0e9e39f249a16976918f6564b8830bc894c89659,immediate_readout,original,whitespace_union,main,all_valid,code_acceptance,partial,23,23,23,0,0,0.34299516908212552,23,0.2608695652173913,0.42995169082125584,5.6521739130434785,23,4.7391304347826084,6.5217391304347823,0,23,0,0,0,0,23,0,0,0,0,23,0,0,0,0,0,,True,20260911,5000,artifact/task-cluster percentile 95%; degenerate intervals are not population certainty
CODE,original_8k_shared_prefix_scorer,meta-llama/Llama-3.1-8B-Instruct,0e9e39f249a16976918f6564b8830bc894c89659,immediate_readout,original,whitespace_union,smoke,all_valid,ALL,all,3,3,1,2,0,0.40740740740740744,3,0,1,3.3333333333333335,3,0,9,0,1,0,0,0,0,1,0,0,0,0,1,0,0,0,0.66666666666666663,0.66666666666666663,,True,20260911,5000,artifact/task-cluster percentile 95%; degenerate intervals are not population certainty
CODE,original_8k_shared_prefix_scorer,meta-llama/Llama-3.1-8B-Instruct,0e9e39f249a16976918f6564b8830bc894c89659,immediate_readout,original,whitespace_union,smoke,all_valid,ALL,nontrivial,1,1,1,0,0,0.22222222222222221,1,0.22222222222222221,0.22222222222222221,1,1,1,1,0,1,0,0,0,0,1,0,0,0,0,1,0,0,0,0,0,,True,20260911,5000,artifact/task-cluster percentile 95%; degenerate intervals are not population certainty
CODE,original_8k_shared_prefix_scorer,meta-llama/Llama-3.1-8B-Instruct,0e9e39f249a16976918f6564b8830bc894c89659,immediate_readout,original,whitespace_union,smoke,all_valid,ALL,all_pass,2,2,0,2,0,0.5,2,0,1,4.5,2,0,9,,0,,,0,,0,,,0,,0,,,0,1,1,,True,20260911,5000,artifact/task-cluster percentile 95%; degenerate intervals are not population certainty
CODE,original_8k_shared_prefix_scorer,meta-llama/Llama-3.1-8B-Instruct,0e9e39f249a16976918f6564b8830bc894c89659,immediate_readout,original,whitespace_union,smoke,all_valid,ALL,all_fail,0,0,0,0,0,,0,,,,0,,,,0,,,0,,0,,,0,,0,,,0,,,,True,20260911,5000,artifact/task-cluster percentile 95%; degenerate intervals are not population certainty
CODE,original_8k_shared_prefix_scorer,meta-llama/Llama-3.1-8B-Instruct,0e9e39f249a16976918f6564b8830bc894c89659,immediate_readout,original,whitespace_union,smoke,all_valid,ALL,partial,0,0,0,0,0,,0,,,,0,,,,0,,,0,,0,,,0,,0,,,0,,,,True,20260911,5000,artifact/task-cluster percentile 95%; degenerate intervals are not population certainty
CODE,original_8k_shared_prefix_scorer,meta-llama/Llama-3.1-8B-Instruct,0e9e39f249a16976918f6564b8830bc894c89659,immediate_readout,original,whitespace_union,smoke,all_valid,code_acceptance,all,3,3,1,2,0,0.40740740740740744,3,0,1,3.3333333333333335,3,0,9,0,1,0,0,0,0,1,0,0,0,0,1,0,0,0,0.66666666666666663,0.66666666666666663,,True,20260911,5000,artifact/task-cluster percentile 95%; degenerate intervals are not population certainty
CODE,original_8k_shared_prefix_scorer,meta-llama/Llama-3.1-8B-Instruct,0e9e39f249a16976918f6564b8830bc894c89659,immediate_readout,original,whitespace_union,smoke,all_valid,code_acceptance,nontrivial,1,1,1,0,0,0.22222222222222221,1,0.22222222222222221,0.22222222222222221,1,1,1,1,0,1,0,0,0,0,1,0,0,0,0,1,0,0,0,0,0,,True,20260911,5000,artifact/task-cluster percentile 95%; degenerate intervals are not population certainty
CODE,original_8k_shared_prefix_scorer,meta-llama/Llama-3.1-8B-Instruct,0e9e39f249a16976918f6564b8830bc894c89659,immediate_readout,original,whitespace_union,smoke,all_valid,code_acceptance,all_pass,2,2,0,2,0,0.5,2,0,1,4.5,2,0,9,,0,,,0,,0,,,0,,0,,,0,1,1,,True,20260911,5000,artifact/task-cluster percentile 95%; degenerate intervals are not population certainty
CODE,original_8k_shared_prefix_scorer,meta-llama/Llama-3.1-8B-Instruct,0e9e39f249a16976918f6564b8830bc894c89659,immediate_readout,original,whitespace_union,smoke,all_valid,code_acceptance,all_fail,0,0,0,0,0,,0,,,,0,,,,0,,,0,,0,,,0,,0,,,0,,,,True,20260911,5000,artifact/task-cluster percentile 95%; degenerate intervals are not population certainty
CODE,original_8k_shared_prefix_scorer,meta-llama/Llama-3.1-8B-Instruct,0e9e39f249a16976918f6564b8830bc894c89659,immediate_readout,original,whitespace_union,smoke,all_valid,code_acceptance,partial,0,0,0,0,0,,0,,,,0,,,,0,,,0,,0,,,0,,0,,,0,,,,True,20260911,5000,artifact/task-cluster percentile 95%; degenerate intervals are not population certainty
CODE,original_8k_shared_prefix_scorer,mistralai/Mistral-7B-Instruct-v0.3,c170c708c41dac9275d15a8fff4eca08d52bab71,immediate_readout,explicit,bare,main,all_valid,ALL,all,80,80,54,26,0,0.53333333333333333,80,0.44722222222222224,0.61944444444444435,4.1875,80,3.4125000000000001,4.9625000000000004,0.20370370370370369,54,0.1111111111111111,0.31481481481481483,11,0.1111111111111111,54,0.037037037037037035,0.20370370370370369,6,0.092592592592592587,54,0.018518518518518517,0.18518518518518517,5,0.46250000000000002,0.40000000000000002,0.45454545454545453,True,20260911,5000,artifact/task-cluster percentile 95%; degenerate intervals are not population certainty
CODE,original_8k_shared_prefix_scorer,mistralai/Mistral-7B-Instruct-v0.3,c170c708c41dac9275d15a8fff4eca08d52bab71,immediate_readout,explicit,bare,main,all_valid,ALL,nontrivial,54,54,54,0,0,0.33744855967078186,54,0.25925925925925924,0.41975308641975312,5.9444444444444446,54,5.1851851851851851,6.6481481481481479,0.20370370370370369,54,0.1111111111111111,0.31481481481481483,11,0.1111111111111111,54,0.037037037037037035,0.20370370370370369,6,0.092592592592592587,54,0.018518518518518517,0.18518518518518517,5,0.20370370370370369,0.1111111111111111,0.45454545454545453,True,20260911,5000,artifact/task-cluster percentile 95%; degenerate intervals are not population certainty
CODE,original_8k_shared_prefix_scorer,mistralai/Mistral-7B-Instruct-v0.3,c170c708c41dac9275d15a8fff4eca08d52bab71,immediate_readout,explicit,bare,main,all_valid,ALL,all_pass,26,26,0,26,0,0.94017094017094016,26,0.84615384615384615,1,0.53846153846153844,26,0,1.3846153846153846,,0,,,0,,0,,,0,,0,,,0,1,1,,True,20260911,5000,artifact/task-cluster percentile 95%; degenerate intervals are not population certainty
CODE,original_8k_shared_prefix_scorer,mistralai/Mistral-7B-Instruct-v0.3,c170c708c41dac9275d15a8fff4eca08d52bab71,immediate_readout,explicit,bare,main,all_valid,ALL,all_fail,0,0,0,0,0,,0,,,,0,,,,0,,,0,,0,,,0,,0,,,0,,,,True,20260911,5000,artifact/task-cluster percentile 95%; degenerate intervals are not population certainty
CODE,original_8k_shared_prefix_scorer,mistralai/Mistral-7B-Instruct-v0.3,c170c708c41dac9275d15a8fff4eca08d52bab71,immediate_readout,explicit,bare,main,all_valid,ALL,partial,23,23,23,0,0,0.60869565217391308,23,0.50724637681159412,0.70543478260869408,3.5217391304347827,23,2.6510869565217394,4.4347826086956523,0.21739130434782608,23,0.086956521739130432,0.39130434782608697,5,0.13043478260869565,23,0,0.30434782608695654,3,0.086956521739130432,23,0,0.21739130434782608,2,0.21739130434782608,0.13043478260869565,0.40000000000000002,True,20260911,5000,artifact/task-cluster percentile 95%; degenerate intervals are not population certainty
CODE,original_8k_shared_prefix_scorer,mistralai/Mistral-7B-Instruct-v0.3,c170c708c41dac9275d15a8fff4eca08d52bab71,immediate_readout,explicit,bare,main,all_valid,code_acceptance,all,80,80,54,26,0,0.53333333333333333,80,0.44722222222222224,0.61944444444444435,4.1875,80,3.4125000000000001,4.9625000000000004,0.20370370370370369,54,0.1111111111111111,0.31481481481481483,11,0.1111111111111111,54,0.037037037037037035,0.20370370370370369,6,0.092592592592592587,54,0.018518518518518517,0.18518518518518517,5,0.46250000000000002,0.40000000000000002,0.45454545454545453,True,20260911,5000,artifact/task-cluster percentile 95%; degenerate intervals are not population certainty
CODE,original_8k_shared_prefix_scorer,mistralai/Mistral-7B-Instruct-v0.3,c170c708c41dac9275d15a8fff4eca08d52bab71,immediate_readout,explicit,bare,main,all_valid,code_acceptance,nontrivial,54,54,54,0,0,0.33744855967078186,54,0.25925925925925924,0.41975308641975312,5.9444444444444446,54,5.1851851851851851,6.6481481481481479,0.20370370370370369,54,0.1111111111111111,0.31481481481481483,11,0.1111111111111111,54,0.037037037037037035,0.20370370370370369,6,0.092592592592592587,54,0.018518518518518517,0.18518518518518517,5,0.20370370370370369,0.1111111111111111,0.45454545454545453,True,20260911,5000,artifact/task-cluster percentile 95%; degenerate intervals are not population certainty
CODE,original_8k_shared_prefix_scorer,mistralai/Mistral-7B-Instruct-v0.3,c170c708c41dac9275d15a8fff4eca08d52bab71,immediate_readout,explicit,bare,main,all_valid,code_acceptance,all_pass,26,26,0,26,0,0.94017094017094016,26,0.84615384615384615,1,0.53846153846153844,26,0,1.3846153846153846,,0,,,0,,0,,,0,,0,,,0,1,1,,True,20260911,5000,artifact/task-cluster percentile 95%; degenerate intervals are not population certainty
CODE,original_8k_shared_prefix_scorer,mistralai/Mistral-7B-Instruct-v0.3,c170c708c41dac9275d15a8fff4eca08d52bab71,immediate_readout,explicit,bare,main,all_valid,code_acceptance,all_fail,0,0,0,0,0,,0,,,,0,,,,0,,,0,,0,,,0,,0,,,0,,,,True,20260911,5000,artifact/task-cluster percentile 95%; degenerate intervals are not population certainty
CODE,original_8k_shared_prefix_scorer,mistralai/Mistral-7B-Instruct-v0.3,c170c708c41dac9275d15a8fff4eca08d52bab71,immediate_readout,explicit,bare,main,all_valid,code_acceptance,partial,23,23,23,0,0,0.60869565217391308,23,0.50724637681159412,0.70543478260869408,3.5217391304347827,23,2.6510869565217394,4.4347826086956523,0.21739130434782608,23,0.086956521739130432,0.39130434782608697,5,0.13043478260869565,23,0,0.30434782608695654,3,0.086956521739130432,23,0,0.21739130434782608,2,0.21739130434782608,0.13043478260869565,0.40000000000000002,True,20260911,5000,artifact/task-cluster percentile 95%; degenerate intervals are not population certainty
CODE,original_8k_shared_prefix_scorer,mistralai/Mistral-7B-Instruct-v0.3,c170c708c41dac9275d15a8fff4eca08d52bab71,immediate_readout,explicit,bare,smoke,all_valid,ALL,all,3,3,1,2,0,0.70370370370370372,3,0.1111111111111111,1,2.6666666666666665,3,0,8,1,1,1,1,1,1,1,1,1,1,0,1,0,0,0,1,1,0,True,20260911,5000,artifact/task-cluster percentile 95%; degenerate intervals are not population certainty
CODE,original_8k_shared_prefix_scorer,mistralai/Mistral-7B-Instruct-v0.3,c170c708c41dac9275d15a8fff4eca08d52bab71,immediate_readout,explicit,bare,smoke,all_valid,ALL,nontrivial,1,1,1,0,0,0.1111111111111111,1,0.1111111111111111,0.1111111111111111,8,1,8,8,1,1,1,1,1,1,1,1,1,1,0,1,0,0,0,1,1,0,True,20260911,5000,artifact/task-cluster percentile 95%; degenerate intervals are not population certainty
CODE,original_8k_shared_prefix_scorer,mistralai/Mistral-7B-Instruct-v0.3,c170c708c41dac9275d15a8fff4eca08d52bab71,immediate_readout,explicit,bare,smoke,all_valid,ALL,all_pass,2,2,0,2,0,1,2,1,1,0,2,0,0,,0,,,0,,0,,,0,,0,,,0,1,1,,True,20260911,5000,artifact/task-cluster percentile 95%; degenerate intervals are not population certainty
CODE,original_8k_shared_prefix_scorer,mistralai/Mistral-7B-Instruct-v0.3,c170c708c41dac9275d15a8fff4eca08d52bab71,immediate_readout,explicit,bare,smoke,all_valid,ALL,all_fail,0,0,0,0,0,,0,,,,0,,,,0,,,0,,0,,,0,,0,,,0,,,,True,20260911,5000,artifact/task-cluster percentile 95%; degenerate intervals are not population certainty
CODE,original_8k_shared_prefix_scorer,mistralai/Mistral-7B-Instruct-v0.3,c170c708c41dac9275d15a8fff4eca08d52bab71,immediate_readout,explicit,bare,smoke,all_valid,ALL,partial,0,0,0,0,0,,0,,,,0,,,,0,,,0,,0,,,0,,0,,,0,,,,True,20260911,5000,artifact/task-cluster percentile 95%; degenerate intervals are not population certainty
CODE,original_8k_shared_prefix_scorer,mistralai/Mistral-7B-Instruct-v0.3,c170c708c41dac9275d15a8fff4eca08d52bab71,immediate_readout,explicit,bare,smoke,all_valid,code_acceptance,all,3,3,1,2,0,0.70370370370370372,3,0.1111111111111111,1,2.6666666666666665,3,0,8,1,1,1,1,1,1,1,1,1,1,0,1,0,0,0,1,1,0,True,20260911,5000,artifact/task-cluster percentile 95%; degenerate intervals are not population certainty
CODE,original_8k_shared_prefix_scorer,mistralai/Mistral-7B-Instruct-v0.3,c170c708c41dac9275d15a8fff4eca08d52bab71,immediate_readout,explicit,bare,smoke,all_valid,code_acceptance,nontrivial,1,1,1,0,0,0.1111111111111111,1,0.1111111111111111,0.1111111111111111,8,1,8,8,1,1,1,1,1,1,1,1,1,1,0,1,0,0,0,1,1,0,True,20260911,5000,artifact/task-cluster percentile 95%; degenerate intervals are not population certainty
CODE,original_8k_shared_prefix_scorer,mistralai/Mistral-7B-Instruct-v0.3,c170c708c41dac9275d15a8fff4eca08d52bab71,immediate_readout,explicit,bare,smoke,all_valid,code_acceptance,all_pass,2,2,0,2,0,1,2,1,1,0,2,0,0,,0,,,0,,0,,,0,,0,,,0,1,1,,True,20260911,5000,artifact/task-cluster percentile 95%; degenerate intervals are not population certainty
CODE,original_8k_shared_prefix_scorer,mistralai/Mistral-7B-Instruct-v0.3,c170c708c41dac9275d15a8fff4eca08d52bab71,immediate_readout,explicit,bare,smoke,all_valid,code_acceptance,all_fail,0,0,0,0,0,,0,,,,0,,,,0,,,0,,0,,,0,,0,,,0,,,,True,20260911,5000,artifact/task-cluster percentile 95%; degenerate intervals are not population certainty
CODE,original_8k_shared_prefix_scorer,mistralai/Mistral-7B-Instruct-v0.3,c170c708c41dac9275d15a8fff4eca08d52bab71,immediate_readout,explicit,bare,smoke,all_valid,code_acceptance,partial,0,0,0,0,0,,0,,,,0,,,,0,,,0,,0,,,0,,0,,,0,,,,True,20260911,5000,artifact/task-cluster percentile 95%; degenerate intervals are not population certainty
CODE,original_8k_shared_prefix_scorer,mistralai/Mistral-7B-Instruct-v0.3,c170c708c41dac9275d15a8fff4eca08d52bab71,immediate_readout,explicit,whitespace_union,main,all_valid,ALL,all,80,80,54,26,0,0.53333333333333333,80,0.44722222222222224,0.61944444444444435,4.1875,80,3.4125000000000001,4.9625000000000004,0.20370370370370369,54,0.1111111111111111,0.31481481481481483,11,0.1111111111111111,54,0.037037037037037035,0.20370370370370369,6,0.092592592592592587,54,0.018518518518518517,0.18518518518518517,5,0.46250000000000002,0.40000000000000002,0.45454545454545453,True,20260911,5000,artifact/task-cluster percentile 95%; degenerate intervals are not population certainty
CODE,original_8k_shared_prefix_scorer,mistralai/Mistral-7B-Instruct-v0.3,c170c708c41dac9275d15a8fff4eca08d52bab71,immediate_readout,explicit,whitespace_union,main,all_valid,ALL,nontrivial,54,54,54,0,0,0.33744855967078186,54,0.25925925925925924,0.41975308641975312,5.9444444444444446,54,5.1851851851851851,6.6481481481481479,0.20370370370370369,54,0.1111111111111111,0.31481481481481483,11,0.1111111111111111,54,0.037037037037037035,0.20370370370370369,6,0.092592592592592587,54,0.018518518518518517,0.18518518518518517,5,0.20370370370370369,0.1111111111111111,0.45454545454545453,True,20260911,5000,artifact/task-cluster percentile 95%; degenerate intervals are not population certainty
CODE,original_8k_shared_prefix_scorer,mistralai/Mistral-7B-Instruct-v0.3,c170c708c41dac9275d15a8fff4eca08d52bab71,immediate_readout,explicit,whitespace_union,main,all_valid,ALL,all_pass,26,26,0,26,0,0.94017094017094016,26,0.84615384615384615,1,0.53846153846153844,26,0,1.3846153846153846,,0,,,0,,0,,,0,,0,,,0,1,1,,True,20260911,5000,artifact/task-cluster percentile 95%; degenerate intervals are not population certainty
CODE,original_8k_shared_prefix_scorer,mistralai/Mistral-7B-Instruct-v0.3,c170c708c41dac9275d15a8fff4eca08d52bab71,immediate_readout,explicit,whitespace_union,main,all_valid,ALL,all_fail,0,0,0,0,0,,0,,,,0,,,,0,,,0,,0,,,0,,0,,,0,,,,True,20260911,5000,artifact/task-cluster percentile 95%; degenerate intervals are not population certainty
CODE,original_8k_shared_prefix_scorer,mistralai/Mistral-7B-Instruct-v0.3,c170c708c41dac9275d15a8fff4eca08d52bab71,immediate_readout,explicit,whitespace_union,main,all_valid,ALL,partial,23,23,23,0,0,0.60869565217391308,23,0.50724637681159412,0.70543478260869408,3.5217391304347827,23,2.6510869565217394,4.4347826086956523,0.21739130434782608,23,0.086956521739130432,0.39130434782608697,5,0.13043478260869565,23,0,0.30434782608695654,3,0.086956521739130432,23,0,0.21739130434782608,2,0.21739130434782608,0.13043478260869565,0.40000000000000002,True,20260911,5000,artifact/task-cluster percentile 95%; degenerate intervals are not population certainty
CODE,original_8k_shared_prefix_scorer,mistralai/Mistral-7B-Instruct-v0.3,c170c708c41dac9275d15a8fff4eca08d52bab71,immediate_readout,explicit,whitespace_union,main,all_valid,code_acceptance,all,80,80,54,26,0,0.53333333333333333,80,0.44722222222222224,0.61944444444444435,4.1875,80,3.4125000000000001,4.9625000000000004,0.20370370370370369,54,0.1111111111111111,0.31481481481481483,11,0.1111111111111111,54,0.037037037037037035,0.20370370370370369,6,0.092592592592592587,54,0.018518518518518517,0.18518518518518517,5,0.46250000000000002,0.40000000000000002,0.45454545454545453,True,20260911,5000,artifact/task-cluster percentile 95%; degenerate intervals are not population certainty
CODE,original_8k_shared_prefix_scorer,mistralai/Mistral-7B-Instruct-v0.3,c170c708c41dac9275d15a8fff4eca08d52bab71,immediate_readout,explicit,whitespace_union,main,all_valid,code_acceptance,nontrivial,54,54,54,0,0,0.33744855967078186,54,0.25925925925925924,0.41975308641975312,5.9444444444444446,54,5.1851851851851851,6.6481481481481479,0.20370370370370369,54,0.1111111111111111,0.31481481481481483,11,0.1111111111111111,54,0.037037037037037035,0.20370370370370369,6,0.092592592592592587,54,0.018518518518518517,0.18518518518518517,5,0.20370370370370369,0.1111111111111111,0.45454545454545453,True,20260911,5000,artifact/task-cluster percentile 95%; degenerate intervals are not population certainty
CODE,original_8k_shared_prefix_scorer,mistralai/Mistral-7B-Instruct-v0.3,c170c708c41dac9275d15a8fff4eca08d52bab71,immediate_readout,explicit,whitespace_union,main,all_valid,code_acceptance,all_pass,26,26,0,26,0,0.94017094017094016,26,0.84615384615384615,1,0.53846153846153844,26,0,1.3846153846153846,,0,,,0,,0,,,0,,0,,,0,1,1,,True,20260911,5000,artifact/task-cluster percentile 95%; degenerate intervals are not population certainty
CODE,original_8k_shared_prefix_scorer,mistralai/Mistral-7B-Instruct-v0.3,c170c708c41dac9275d15a8fff4eca08d52bab71,immediate_readout,explicit,whitespace_union,main,all_valid,code_acceptance,all_fail,0,0,0,0,0,,0,,,,0,,,,0,,,0,,0,,,0,,0,,,0,,,,True,20260911,5000,artifact/task-cluster percentile 95%; degenerate intervals are not population certainty
CODE,original_8k_shared_prefix_scorer,mistralai/Mistral-7B-Instruct-v0.3,c170c708c41dac9275d15a8fff4eca08d52bab71,immediate_readout,explicit,whitespace_union,main,all_valid,code_acceptance,partial,23,23,23,0,0,0.60869565217391308,23,0.50724637681159412,0.70543478260869408,3.5217391304347827,23,2.6510869565217394,4.4347826086956523,0.21739130434782608,23,0.086956521739130432,0.39130434782608697,5,0.13043478260869565,23,0,0.30434782608695654,3,0.086956521739130432,23,0,0.21739130434782608,2,0.21739130434782608,0.13043478260869565,0.40000000000000002,True,20260911,5000,artifact/task-cluster percentile 95%; degenerate intervals are not population certainty
CODE,original_8k_shared_prefix_scorer,mistralai/Mistral-7B-Instruct-v0.3,c170c708c41dac9275d15a8fff4eca08d52bab71,immediate_readout,explicit,whitespace_union,smoke,all_valid,ALL,all,3,3,1,2,0,0.70370370370370372,3,0.1111111111111111,1,2.6666666666666665,3,0,8,1,1,1,1,1,1,1,1,1,1,0,1,0,0,0,1,1,0,True,20260911,5000,artifact/task-cluster percentile 95%; degenerate intervals are not population certainty
CODE,original_8k_shared_prefix_scorer,mistralai/Mistral-7B-Instruct-v0.3,c170c708c41dac9275d15a8fff4eca08d52bab71,immediate_readout,explicit,whitespace_union,smoke,all_valid,ALL,nontrivial,1,1,1,0,0,0.1111111111111111,1,0.1111111111111111,0.1111111111111111,8,1,8,8,1,1,1,1,1,1,1,1,1,1,0,1,0,0,0,1,1,0,True,20260911,5000,artifact/task-cluster percentile 95%; degenerate intervals are not population certainty
CODE,original_8k_shared_prefix_scorer,mistralai/Mistral-7B-Instruct-v0.3,c170c708c41dac9275d15a8fff4eca08d52bab71,immediate_readout,explicit,whitespace_union,smoke,all_valid,ALL,all_pass,2,2,0,2,0,1,2,1,1,0,2,0,0,,0,,,0,,0,,,0,,0,,,0,1,1,,True,20260911,5000,artifact/task-cluster percentile 95%; degenerate intervals are not population certainty
CODE,original_8k_shared_prefix_scorer,mistralai/Mistral-7B-Instruct-v0.3,c170c708c41dac9275d15a8fff4eca08d52bab71,immediate_readout,explicit,whitespace_union,smoke,all_valid,ALL,all_fail,0,0,0,0,0,,0,,,,0,,,,0,,,0,,0,,,0,,0,,,0,,,,True,20260911,5000,artifact/task-cluster percentile 95%; degenerate intervals are not population certainty
CODE,original_8k_shared_prefix_scorer,mistralai/Mistral-7B-Instruct-v0.3,c170c708c41dac9275d15a8fff4eca08d52bab71,immediate_readout,explicit,whitespace_union,smoke,all_valid,ALL,partial,0,0,0,0,0,,0,,,,0,,,,0,,,0,,0,,,0,,0,,,0,,,,True,20260911,5000,artifact/task-cluster percentile 95%; degenerate intervals are not population certainty
CODE,original_8k_shared_prefix_scorer,mistralai/Mistral-7B-Instruct-v0.3,c170c708c41dac9275d15a8fff4eca08d52bab71,immediate_readout,explicit,whitespace_union,smoke,all_valid,code_acceptance,all,3,3,1,2,0,0.70370370370370372,3,0.1111111111111111,1,2.6666666666666665,3,0,8,1,1,1,1,1,1,1,1,1,1,0,1,0,0,0,1,1,0,True,20260911,5000,artifact/task-cluster percentile 95%; degenerate intervals are not population certainty
CODE,original_8k_shared_prefix_scorer,mistralai/Mistral-7B-Instruct-v0.3,c170c708c41dac9275d15a8fff4eca08d52bab71,immediate_readout,explicit,whitespace_union,smoke,all_valid,code_acceptance,nontrivial,1,1,1,0,0,0.1111111111111111,1,0.1111111111111111,0.1111111111111111,8,1,8,8,1,1,1,1,1,1,1,1,1,1,0,1,0,0,0,1,1,0,True,20260911,5000,artifact/task-cluster percentile 95%; degenerate intervals are not population certainty
CODE,original_8k_shared_prefix_scorer,mistralai/Mistral-7B-Instruct-v0.3,c170c708c41dac9275d15a8fff4eca08d52bab71,immediate_readout,explicit,whitespace_union,smoke,all_valid,code_acceptance,all_pass,2,2,0,2,0,1,2,1,1,0,2,0,0,,0,,,0,,0,,,0,,0,,,0,1,1,,True,20260911,5000,artifact/task-cluster percentile 95%; degenerate intervals are not population certainty
CODE,original_8k_shared_prefix_scorer,mistralai/Mistral-7B-Instruct-v0.3,c170c708c41dac9275d15a8fff4eca08d52bab71,immediate_readout,explicit,whitespace_union,smoke,all_valid,code_acceptance,all_fail,0,0,0,0,0,,0,,,,0,,,,0,,,0,,0,,,0,,0,,,0,,,,True,20260911,5000,artifact/task-cluster percentile 95%; degenerate intervals are not population certainty
CODE,original_8k_shared_prefix_scorer,mistralai/Mistral-7B-Instruct-v0.3,c170c708c41dac9275d15a8fff4eca08d52bab71,immediate_readout,explicit,whitespace_union,smoke,all_valid,code_acceptance,partial,0,0,0,0,0,,0,,,,0,,,,0,,,0,,0,,,0,,0,,,0,,,,True,20260911,5000,artifact/task-cluster percentile 95%; degenerate intervals are not population certainty
CODE,original_8k_shared_prefix_scorer,mistralai/Mistral-7B-Instruct-v0.3,c170c708c41dac9275d15a8fff4eca08d52bab71,immediate_readout,original,bare,main,all_valid,ALL,all,80,80,54,26,0,0.44722222222222224,80,0.37083333333333335,0.52361111111111103,4.9124999999999996,80,4.1246875000000003,5.6875,0,54,0,0,0,0,54,0,0,0,0,54,0,0,0,0.32500000000000001,0.32500000000000001,,True,20260911,5000,artifact/task-cluster percentile 95%; degenerate intervals are not population certainty
CODE,original_8k_shared_prefix_scorer,mistralai/Mistral-7B-Instruct-v0.3,c170c708c41dac9275d15a8fff4eca08d52bab71,immediate_readout,original,bare,main,all_valid,ALL,nontrivial,54,54,54,0,0,0.26543209876543211,54,0.20164609053497942,0.32921810699588477,3.2777777777777777,54,2.5370370370370372,4.0555555555555554,0,54,0,0,0,0,54,0,0,0,0,54,0,0,0,0,0,,True,20260911,5000,artifact/task-cluster percentile 95%; degenerate intervals are not population certainty
CODE,original_8k_shared_prefix_scorer,mistralai/Mistral-7B-Instruct-v0.3,c170c708c41dac9275d15a8fff4eca08d52bab71,immediate_readout,original,bare,main,all_valid,ALL,all_pass,26,26,0,26,0,0.82478632478632474,26,0.72649572649572647,0.89743589743589758,8.3076923076923084,26,7.2692307692307692,9,,0,,,0,,0,,,0,,0,,,0,1,1,,True,20260911,5000,artifact/task-cluster percentile 95%; degenerate intervals are not population certainty
CODE,original_8k_shared_prefix_scorer,mistralai/Mistral-7B-Instruct-v0.3,c170c708c41dac9275d15a8fff4eca08d52bab71,immediate_readout,original,bare,main,all_valid,ALL,all_fail,0,0,0,0,0,,0,,,,0,,,,0,,,0,,0,,,0,,0,,,0,,,,True,20260911,5000,artifact/task-cluster percentile 95%; degenerate intervals are not population certainty
CODE,original_8k_shared_prefix_scorer,mistralai/Mistral-7B-Instruct-v0.3,c170c708c41dac9275d15a8fff4eca08d52bab71,immediate_readout,original,bare,main,all_valid,ALL,partial,23,23,23,0,0,0.41545893719806765,23,0.323671497584541,0.51207729468599017,5.4347826086956523,23,4.4782608695652177,6.3478260869565215,0,23,0,0,0,0,23,0,0,0,0,23,0,0,0,0,0,,True,20260911,5000,artifact/task-cluster percentile 95%; degenerate intervals are not population certainty
CODE,original_8k_shared_prefix_scorer,mistralai/Mistral-7B-Instruct-v0.3,c170c708c41dac9275d15a8fff4eca08d52bab71,immediate_readout,original,bare,main,all_valid,code_acceptance,all,80,80,54,26,0,0.44722222222222224,80,0.37083333333333335,0.52361111111111103,4.9124999999999996,80,4.1246875000000003,5.6875,0,54,0,0,0,0,54,0,0,0,0,54,0,0,0,0.32500000000000001,0.32500000000000001,,True,20260911,5000,artifact/task-cluster percentile 95%; degenerate intervals are not population certainty
CODE,original_8k_shared_prefix_scorer,mistralai/Mistral-7B-Instruct-v0.3,c170c708c41dac9275d15a8fff4eca08d52bab71,immediate_readout,original,bare,main,all_valid,code_acceptance,nontrivial,54,54,54,0,0,0.26543209876543211,54,0.20164609053497942,0.32921810699588477,3.2777777777777777,54,2.5370370370370372,4.0555555555555554,0,54,0,0,0,0,54,0,0,0,0,54,0,0,0,0,0,,True,20260911,5000,artifact/task-cluster percentile 95%; degenerate intervals are not population certainty
CODE,original_8k_shared_prefix_scorer,mistralai/Mistral-7B-Instruct-v0.3,c170c708c41dac9275d15a8fff4eca08d52bab71,immediate_readout,original,bare,main,all_valid,code_acceptance,all_pass,26,26,0,26,0,0.82478632478632474,26,0.72649572649572647,0.89743589743589758,8.3076923076923084,26,7.2692307692307692,9,,0,,,0,,0,,,0,,0,,,0,1,1,,True,20260911,5000,artifact/task-cluster percentile 95%; degenerate intervals are not population certainty
CODE,original_8k_shared_prefix_scorer,mistralai/Mistral-7B-Instruct-v0.3,c170c708c41dac9275d15a8fff4eca08d52bab71,immediate_readout,original,bare,main,all_valid,code_acceptance,all_fail,0,0,0,0,0,,0,,,,0,,,,0,,,0,,0,,,0,,0,,,0,,,,True,20260911,5000,artifact/task-cluster percentile 95%; degenerate intervals are not population certainty
CODE,original_8k_shared_prefix_scorer,mistralai/Mistral-7B-Instruct-v0.3,c170c708c41dac9275d15a8fff4eca08d52bab71,immediate_readout,original,bare,main,all_valid,code_acceptance,partial,23,23,23,0,0,0.41545893719806765,23,0.323671497584541,0.51207729468599017,5.4347826086956523,23,4.4782608695652177,6.3478260869565215,0,23,0,0,0,0,23,0,0,0,0,23,0,0,0,0,0,,True,20260911,5000,artifact/task-cluster percentile 95%; degenerate intervals are not population certainty
CODE,original_8k_shared_prefix_scorer,mistralai/Mistral-7B-Instruct-v0.3,c170c708c41dac9275d15a8fff4eca08d52bab71,immediate_readout,original,bare,smoke,all_valid,ALL,all,3,3,1,2,0,0.55555555555555547,3,0.33333333333333331,0.88888888888888884,6.333333333333333,3,1,9,0,1,0,0,0,0,1,0,0,0,0,1,0,0,0,0.66666666666666663,0.66666666666666663,,True,20260911,5000,artifact/task-cluster percentile 95%; degenerate intervals are not population certainty
CODE,original_8k_shared_prefix_scorer,mistralai/Mistral-7B-Instruct-v0.3,c170c708c41dac9275d15a8fff4eca08d52bab71,immediate_readout,original,bare,smoke,all_valid,ALL,nontrivial,1,1,1,0,0,0.44444444444444442,1,0.44444444444444442,0.44444444444444442,1,1,1,1,0,1,0,0,0,0,1,0,0,0,0,1,0,0,0,0,0,,True,20260911,5000,artifact/task-cluster percentile 95%; degenerate intervals are not population certainty
CODE,original_8k_shared_prefix_scorer,mistralai/Mistral-7B-Instruct-v0.3,c170c708c41dac9275d15a8fff4eca08d52bab71,immediate_readout,original,bare,smoke,all_valid,ALL,all_pass,2,2,0,2,0,0.61111111111111105,2,0.33333333333333331,0.88888888888888884,9,2,9,9,,0,,,0,,0,,,0,,0,,,0,1,1,,True,20260911,5000,artifact/task-cluster percentile 95%; degenerate intervals are not population certainty
CODE,original_8k_shared_prefix_scorer,mistralai/Mistral-7B-Instruct-v0.3,c170c708c41dac9275d15a8fff4eca08d52bab71,immediate_readout,original,bare,smoke,all_valid,ALL,all_fail,0,0,0,0,0,,0,,,,0,,,,0,,,0,,0,,,0,,0,,,0,,,,True,20260911,5000,artifact/task-cluster percentile 95%; degenerate intervals are not population certainty
CODE,original_8k_shared_prefix_scorer,mistralai/Mistral-7B-Instruct-v0.3,c170c708c41dac9275d15a8fff4eca08d52bab71,immediate_readout,original,bare,smoke,all_valid,ALL,partial,0,0,0,0,0,,0,,,,0,,,,0,,,0,,0,,,0,,0,,,0,,,,True,20260911,5000,artifact/task-cluster percentile 95%; degenerate intervals are not population certainty
CODE,original_8k_shared_prefix_scorer,mistralai/Mistral-7B-Instruct-v0.3,c170c708c41dac9275d15a8fff4eca08d52bab71,immediate_readout,original,bare,smoke,all_valid,code_acceptance,all,3,3,1,2,0,0.55555555555555547,3,0.33333333333333331,0.88888888888888884,6.333333333333333,3,1,9,0,1,0,0,0,0,1,0,0,0,0,1,0,0,0,0.66666666666666663,0.66666666666666663,,True,20260911,5000,artifact/task-cluster percentile 95%; degenerate intervals are not population certainty
CODE,original_8k_shared_prefix_scorer,mistralai/Mistral-7B-Instruct-v0.3,c170c708c41dac9275d15a8fff4eca08d52bab71,immediate_readout,original,bare,smoke,all_valid,code_acceptance,nontrivial,1,1,1,0,0,0.44444444444444442,1,0.44444444444444442,0.44444444444444442,1,1,1,1,0,1,0,0,0,0,1,0,0,0,0,1,0,0,0,0,0,,True,20260911,5000,artifact/task-cluster percentile 95%; degenerate intervals are not population certainty
CODE,original_8k_shared_prefix_scorer,mistralai/Mistral-7B-Instruct-v0.3,c170c708c41dac9275d15a8fff4eca08d52bab71,immediate_readout,original,bare,smoke,all_valid,code_acceptance,all_pass,2,2,0,2,0,0.61111111111111105,2,0.33333333333333331,0.88888888888888884,9,2,9,9,,0,,,0,,0,,,0,,0,,,0,1,1,,True,20260911,5000,artifact/task-cluster percentile 95%; degenerate intervals are not population certainty
CODE,original_8k_shared_prefix_scorer,mistralai/Mistral-7B-Instruct-v0.3,c170c708c41dac9275d15a8fff4eca08d52bab71,immediate_readout,original,bare,smoke,all_valid,code_acceptance,all_fail,0,0,0,0,0,,0,,,,0,,,,0,,,0,,0,,,0,,0,,,0,,,,True,20260911,5000,artifact/task-cluster percentile 95%; degenerate intervals are not population certainty
CODE,original_8k_shared_prefix_scorer,mistralai/Mistral-7B-Instruct-v0.3,c170c708c41dac9275d15a8fff4eca08d52bab71,immediate_readout,original,bare,smoke,all_valid,code_acceptance,partial,0,0,0,0,0,,0,,,,0,,,,0,,,0,,0,,,0,,0,,,0,,,,True,20260911,5000,artifact/task-cluster percentile 95%; degenerate intervals are not population certainty
CODE,original_8k_shared_prefix_scorer,mistralai/Mistral-7B-Instruct-v0.3,c170c708c41dac9275d15a8fff4eca08d52bab71,immediate_readout,original,whitespace_union,main,all_valid,ALL,all,80,80,54,26,0,0.47361111111111115,80,0.38888888888888884,0.56111111111111112,3.9874999999999998,80,3.2124999999999999,4.7999999999999998,0,54,0,0,0,0,54,0,0,0,0,54,0,0,0,0.32500000000000001,0.32500000000000001,,True,20260911,5000,artifact/task-cluster percentile 95%; degenerate intervals are not population certainty
CODE,original_8k_shared_prefix_scorer,mistralai/Mistral-7B-Instruct-v0.3,c170c708c41dac9275d15a8fff4eca08d52bab71,immediate_readout,original,whitespace_union,main,all_valid,ALL,nontrivial,54,54,54,0,0,0.26337448559670779,54,0.19135802469135801,0.34156378600823051,3.7407407407407409,54,2.9444444444444446,4.5560185185185116,0,54,0,0,0,0,54,0,0,0,0,54,0,0,0,0,0,,True,20260911,5000,artifact/task-cluster percentile 95%; degenerate intervals are not population certainty
CODE,original_8k_shared_prefix_scorer,mistralai/Mistral-7B-Instruct-v0.3,c170c708c41dac9275d15a8fff4eca08d52bab71,immediate_readout,original,whitespace_union,main,all_valid,ALL,all_pass,26,26,0,26,0,0.91025641025641013,26,0.82478632478632474,0.96581196581196571,4.5,26,2.7692307692307692,6.2307692307692308,,0,,,0,,0,,,0,,0,,,0,1,1,,True,20260911,5000,artifact/task-cluster percentile 95%; degenerate intervals are not population certainty
CODE,original_8k_shared_prefix_scorer,mistralai/Mistral-7B-Instruct-v0.3,c170c708c41dac9275d15a8fff4eca08d52bab71,immediate_readout,original,whitespace_union,main,all_valid,ALL,all_fail,0,0,0,0,0,,0,,,,0,,,,0,,,0,,0,,,0,,0,,,0,,,,True,20260911,5000,artifact/task-cluster percentile 95%; degenerate intervals are not population certainty
CODE,original_8k_shared_prefix_scorer,mistralai/Mistral-7B-Instruct-v0.3,c170c708c41dac9275d15a8fff4eca08d52bab71,immediate_readout,original,whitespace_union,main,all_valid,ALL,partial,23,23,23,0,0,0.51207729468599028,23,0.41050724637681152,0.61352657004830924,5.3043478260869561,23,4.3478260869565215,6.2173913043478262,0,23,0,0,0,0,23,0,0,0,0,23,0,0,0,0,0,,True,20260911,5000,artifact/task-cluster percentile 95%; degenerate intervals are not population certainty
CODE,original_8k_shared_prefix_scorer,mistralai/Mistral-7B-Instruct-v0.3,c170c708c41dac9275d15a8fff4eca08d52bab71,immediate_readout,original,whitespace_union,main,all_valid,code_acceptance,all,80,80,54,26,0,0.47361111111111115,80,0.38888888888888884,0.56111111111111112,3.9874999999999998,80,3.2124999999999999,4.7999999999999998,0,54,0,0,0,0,54,0,0,0,0,54,0,0,0,0.32500000000000001,0.32500000000000001,,True,20260911,5000,artifact/task-cluster percentile 95%; degenerate intervals are not population certainty
CODE,original_8k_shared_prefix_scorer,mistralai/Mistral-7B-Instruct-v0.3,c170c708c41dac9275d15a8fff4eca08d52bab71,immediate_readout,original,whitespace_union,main,all_valid,code_acceptance,nontrivial,54,54,54,0,0,0.26337448559670779,54,0.19135802469135801,0.34156378600823051,3.7407407407407409,54,2.9444444444444446,4.5560185185185116,0,54,0,0,0,0,54,0,0,0,0,54,0,0,0,0,0,,True,20260911,5000,artifact/task-cluster percentile 95%; degenerate intervals are not population certainty
CODE,original_8k_shared_prefix_scorer,mistralai/Mistral-7B-Instruct-v0.3,c170c708c41dac9275d15a8fff4eca08d52bab71,immediate_readout,original,whitespace_union,main,all_valid,code_acceptance,all_pass,26,26,0,26,0,0.91025641025641013,26,0.82478632478632474,0.96581196581196571,4.5,26,2.7692307692307692,6.2307692307692308,,0,,,0,,0,,,0,,0,,,0,1,1,,True,20260911,5000,artifact/task-cluster percentile 95%; degenerate intervals are not population certainty
CODE,original_8k_shared_prefix_scorer,mistralai/Mistral-7B-Instruct-v0.3,c170c708c41dac9275d15a8fff4eca08d52bab71,immediate_readout,original,whitespace_union,main,all_valid,code_acceptance,all_fail,0,0,0,0,0,,0,,,,0,,,,0,,,0,,0,,,0,,0,,,0,,,,True,20260911,5000,artifact/task-cluster percentile 95%; degenerate intervals are not population certainty
CODE,original_8k_shared_prefix_scorer,mistralai/Mistral-7B-Instruct-v0.3,c170c708c41dac9275d15a8fff4eca08d52bab71,immediate_readout,original,whitespace_union,main,all_valid,code_acceptance,partial,23,23,23,0,0,0.51207729468599028,23,0.41050724637681152,0.61352657004830924,5.3043478260869561,23,4.3478260869565215,6.2173913043478262,0,23,0,0,0,0,23,0,0,0,0,23,0,0,0,0,0,,True,20260911,5000,artifact/task-cluster percentile 95%; degenerate intervals are not population certainty
CODE,original_8k_shared_prefix_scorer,mistralai/Mistral-7B-Instruct-v0.3,c170c708c41dac9275d15a8fff4eca08d52bab71,immediate_readout,original,whitespace_union,smoke,all_valid,ALL,all,3,3,1,2,0,0.48148148148148145,3,0.1111111111111111,0.88888888888888884,8.6666666666666661,3,8,9,0,1,0,0,0,0,1,0,0,0,0,1,0,0,0,0.66666666666666663,0.66666666666666663,,True,20260911,5000,artifact/task-cluster percentile 95%; degenerate intervals are not population certainty
CODE,original_8k_shared_prefix_scorer,mistralai/Mistral-7B-Instruct-v0.3,c170c708c41dac9275d15a8fff4eca08d52bab71,immediate_readout,original,whitespace_union,smoke,all_valid,ALL,nontrivial,1,1,1,0,0,0.1111111111111111,1,0.1111111111111111,0.1111111111111111,8,1,8,8,0,1,0,0,0,0,1,0,0,0,0,1,0,0,0,0,0,,True,20260911,5000,artifact/task-cluster percentile 95%; degenerate intervals are not population certainty
CODE,original_8k_shared_prefix_scorer,mistralai/Mistral-7B-Instruct-v0.3,c170c708c41dac9275d15a8fff4eca08d52bab71,immediate_readout,original,whitespace_union,smoke,all_valid,ALL,all_pass,2,2,0,2,0,0.66666666666666663,2,0.44444444444444442,0.88888888888888884,9,2,9,9,,0,,,0,,0,,,0,,0,,,0,1,1,,True,20260911,5000,artifact/task-cluster percentile 95%; degenerate intervals are not population certainty
CODE,original_8k_shared_prefix_scorer,mistralai/Mistral-7B-Instruct-v0.3,c170c708c41dac9275d15a8fff4eca08d52bab71,immediate_readout,original,whitespace_union,smoke,all_valid,ALL,all_fail,0,0,0,0,0,,0,,,,0,,,,0,,,0,,0,,,0,,0,,,0,,,,True,20260911,5000,artifact/task-cluster percentile 95%; degenerate intervals are not population certainty
CODE,original_8k_shared_prefix_scorer,mistralai/Mistral-7B-Instruct-v0.3,c170c708c41dac9275d15a8fff4eca08d52bab71,immediate_readout,original,whitespace_union,smoke,all_valid,ALL,partial,0,0,0,0,0,,0,,,,0,,,,0,,,0,,0,,,0,,0,,,0,,,,True,20260911,5000,artifact/task-cluster percentile 95%; degenerate intervals are not population certainty
CODE,original_8k_shared_prefix_scorer,mistralai/Mistral-7B-Instruct-v0.3,c170c708c41dac9275d15a8fff4eca08d52bab71,immediate_readout,original,whitespace_union,smoke,all_valid,code_acceptance,all,3,3,1,2,0,0.48148148148148145,3,0.1111111111111111,0.88888888888888884,8.6666666666666661,3,8,9,0,1,0,0,0,0,1,0,0,0,0,1,0,0,0,0.66666666666666663,0.66666666666666663,,True,20260911,5000,artifact/task-cluster percentile 95%; degenerate intervals are not population certainty
CODE,original_8k_shared_prefix_scorer,mistralai/Mistral-7B-Instruct-v0.3,c170c708c41dac9275d15a8fff4eca08d52bab71,immediate_readout,original,whitespace_union,smoke,all_valid,code_acceptance,nontrivial,1,1,1,0,0,0.1111111111111111,1,0.1111111111111111,0.1111111111111111,8,1,8,8,0,1,0,0,0,0,1,0,0,0,0,1,0,0,0,0,0,,True,20260911,5000,artifact/task-cluster percentile 95%; degenerate intervals are not population certainty
CODE,original_8k_shared_prefix_scorer,mistralai/Mistral-7B-Instruct-v0.3,c170c708c41dac9275d15a8fff4eca08d52bab71,immediate_readout,original,whitespace_union,smoke,all_valid,code_acceptance,all_pass,2,2,0,2,0,0.66666666666666663,2,0.44444444444444442,0.88888888888888884,9,2,9,9,,0,,,0,,0,,,0,,0,,,0,1,1,,True,20260911,5000,artifact/task-cluster percentile 95%; degenerate intervals are not population certainty
CODE,original_8k_shared_prefix_scorer,mistralai/Mistral-7B-Instruct-v0.3,c170c708c41dac9275d15a8fff4eca08d52bab71,immediate_readout,original,whitespace_union,smoke,all_valid,code_acceptance,all_fail,0,0,0,0,0,,0,,,,0,,,,0,,,0,,0,,,0,,0,,,0,,,,True,20260911,5000,artifact/task-cluster percentile 95%; degenerate intervals are not population certainty
CODE,original_8k_shared_prefix_scorer,mistralai/Mistral-7B-Instruct-v0.3,c170c708c41dac9275d15a8fff4eca08d52bab71,immediate_readout,original,whitespace_union,smoke,all_valid,code_acceptance,partial,0,0,0,0,0,,0,,,,0,,,,0,,,0,,0,,,0,,0,,,0,,,,True,20260911,5000,artifact/task-cluster percentile 95%; degenerate intervals are not population certainty
CODE,two_stage_32k_shared_prefix_scorer,Qwen/Qwen2.5-14B-Instruct,cf98f3b3bbb457ad9e2bb7baf9a0125b6b88caa8,immediate_readout,explicit,bare,main,all_valid,ALL,all,80,80,54,26,0,0.74166666666666659,80,0.67222222222222228,0.80416666666666681,2.3624999999999998,80,1.7625,2.9874999999999998,0.87037037037037035,54,0.77777777777777779,0.94444444444444442,47,0.81481481481481477,54,0.70370370370370372,0.90740740740740744,44,0.055555555555555552,54,0,0.12962962962962962,3,0.91249999999999998,0.875,0.063829787234042548,True,20260911,5000,artifact/task-cluster percentile 95%; degenerate intervals are not population certainty
CODE,two_stage_32k_shared_prefix_scorer,Qwen/Qwen2.5-14B-Instruct,cf98f3b3bbb457ad9e2bb7baf9a0125b6b88caa8,immediate_readout,explicit,bare,main,all_valid,ALL,nontrivial,54,54,54,0,0,0.7325102880658434,54,0.65226337448559668,0.80864197530864201,2.2407407407407409,54,1.5555555555555556,2.9444444444444446,0.87037037037037035,54,0.77777777777777779,0.94444444444444442,47,0.81481481481481477,54,0.70370370370370372,0.90740740740740744,44,0.055555555555555552,54,0,0.12962962962962962,3,0.87037037037037035,0.81481481481481477,0.063829787234042548,True,20260911,5000,artifact/task-cluster percentile 95%; degenerate intervals are not population certainty
CODE,two_stage_32k_shared_prefix_scorer,Qwen/Qwen2.5-14B-Instruct,cf98f3b3bbb457ad9e2bb7baf9a0125b6b88caa8,immediate_readout,explicit,bare,main,all_valid,ALL,all_pass,26,26,0,26,0,0.76068376068376076,26,0.63675213675213671,0.86752136752136755,2.6153846153846154,26,1.4990384615384618,3.8461538461538463,,0,,,0,,0,,,0,,0,,,0,1,1,,True,20260911,5000,artifact/task-cluster percentile 95%; degenerate intervals are not population certainty
CODE,two_stage_32k_shared_prefix_scorer,Qwen/Qwen2.5-14B-Instruct,cf98f3b3bbb457ad9e2bb7baf9a0125b6b88caa8,immediate_readout,explicit,bare,main,all_valid,ALL,all_fail,0,0,0,0,0,,0,,,,0,,,,0,,,0,,0,,,0,,0,,,0,,,,True,20260911,5000,artifact/task-cluster percentile 95%; degenerate intervals are not population certainty
CODE,two_stage_32k_shared_prefix_scorer,Qwen/Qwen2.5-14B-Instruct,cf98f3b3bbb457ad9e2bb7baf9a0125b6b88caa8,immediate_readout,explicit,bare,main,all_valid,ALL,partial,23,23,23,0,0,0.62318840579710144,23,0.52173913043478271,0.71980676328502424,3.2173913043478262,23,2.3043478260869565,4.1304347826086953,0.69565217391304346,23,0.52173913043478259,0.86956521739130432,16,0.56521739130434778,23,0.34782608695652173,0.78260869565217395,13,0.13043478260869565,23,0,0.2608695652173913,3,0.69565217391304346,0.56521739130434778,0.1875,True,20260911,5000,artifact/task-cluster percentile 95%; degenerate intervals are not population certainty
CODE,two_stage_32k_shared_prefix_scorer,Qwen/Qwen2.5-14B-Instruct,cf98f3b3bbb457ad9e2bb7baf9a0125b6b88caa8,immediate_readout,explicit,bare,main,all_valid,code_acceptance,all,80,80,54,26,0,0.74166666666666659,80,0.67222222222222228,0.80416666666666681,2.3624999999999998,80,1.7625,2.9874999999999998,0.87037037037037035,54,0.77777777777777779,0.94444444444444442,47,0.81481481481481477,54,0.70370370370370372,0.90740740740740744,44,0.055555555555555552,54,0,0.12962962962962962,3,0.91249999999999998,0.875,0.063829787234042548,True,20260911,5000,artifact/task-cluster percentile 95%; degenerate intervals are not population certainty
CODE,two_stage_32k_shared_prefix_scorer,Qwen/Qwen2.5-14B-Instruct,cf98f3b3bbb457ad9e2bb7baf9a0125b6b88caa8,immediate_readout,explicit,bare,main,all_valid,code_acceptance,nontrivial,54,54,54,0,0,0.7325102880658434,54,0.65226337448559668,0.80864197530864201,2.2407407407407409,54,1.5555555555555556,2.9444444444444446,0.87037037037037035,54,0.77777777777777779,0.94444444444444442,47,0.81481481481481477,54,0.70370370370370372,0.90740740740740744,44,0.055555555555555552,54,0,0.12962962962962962,3,0.87037037037037035,0.81481481481481477,0.063829787234042548,True,20260911,5000,artifact/task-cluster percentile 95%; degenerate intervals are not population certainty
CODE,two_stage_32k_shared_prefix_scorer,Qwen/Qwen2.5-14B-Instruct,cf98f3b3bbb457ad9e2bb7baf9a0125b6b88caa8,immediate_readout,explicit,bare,main,all_valid,code_acceptance,all_pass,26,26,0,26,0,0.76068376068376076,26,0.63675213675213671,0.86752136752136755,2.6153846153846154,26,1.4990384615384618,3.8461538461538463,,0,,,0,,0,,,0,,0,,,0,1,1,,True,20260911,5000,artifact/task-cluster percentile 95%; degenerate intervals are not population certainty
CODE,two_stage_32k_shared_prefix_scorer,Qwen/Qwen2.5-14B-Instruct,cf98f3b3bbb457ad9e2bb7baf9a0125b6b88caa8,immediate_readout,explicit,bare,main,all_valid,code_acceptance,all_fail,0,0,0,0,0,,0,,,,0,,,,0,,,0,,0,,,0,,0,,,0,,,,True,20260911,5000,artifact/task-cluster percentile 95%; degenerate intervals are not population certainty
CODE,two_stage_32k_shared_prefix_scorer,Qwen/Qwen2.5-14B-Instruct,cf98f3b3bbb457ad9e2bb7baf9a0125b6b88caa8,immediate_readout,explicit,bare,main,all_valid,code_acceptance,partial,23,23,23,0,0,0.62318840579710144,23,0.52173913043478271,0.71980676328502424,3.2173913043478262,23,2.3043478260869565,4.1304347826086953,0.69565217391304346,23,0.52173913043478259,0.86956521739130432,16,0.56521739130434778,23,0.34782608695652173,0.78260869565217395,13,0.13043478260869565,23,0,0.2608695652173913,3,0.69565217391304346,0.56521739130434778,0.1875,True,20260911,5000,artifact/task-cluster percentile 95%; degenerate intervals are not population certainty
CODE,two_stage_32k_shared_prefix_scorer,Qwen/Qwen2.5-14B-Instruct,cf98f3b3bbb457ad9e2bb7baf9a0125b6b88caa8,immediate_readout,explicit,bare,smoke,all_valid,ALL,all,3,3,1,2,0,0.70370370370370372,3,0.1111111111111111,1,2.6666666666666665,3,0,8,1,1,1,1,1,1,1,1,1,1,0,1,0,0,0,1,1,0,True,20260911,5000,artifact/task-cluster percentile 95%; degenerate intervals are not population certainty
CODE,two_stage_32k_shared_prefix_scorer,Qwen/Qwen2.5-14B-Instruct,cf98f3b3bbb457ad9e2bb7baf9a0125b6b88caa8,immediate_readout,explicit,bare,smoke,all_valid,ALL,nontrivial,1,1,1,0,0,1,1,1,1,0,1,0,0,1,1,1,1,1,1,1,1,1,1,0,1,0,0,0,1,1,0,True,20260911,5000,artifact/task-cluster percentile 95%; degenerate intervals are not population certainty
CODE,two_stage_32k_shared_prefix_scorer,Qwen/Qwen2.5-14B-Instruct,cf98f3b3bbb457ad9e2bb7baf9a0125b6b88caa8,immediate_readout,explicit,bare,smoke,all_valid,ALL,all_pass,2,2,0,2,0,0.55555555555555558,2,0.1111111111111111,1,4,2,0,8,,0,,,0,,0,,,0,,0,,,0,1,1,,True,20260911,5000,artifact/task-cluster percentile 95%; degenerate intervals are not population certainty
CODE,two_stage_32k_shared_prefix_scorer,Qwen/Qwen2.5-14B-Instruct,cf98f3b3bbb457ad9e2bb7baf9a0125b6b88caa8,immediate_readout,explicit,bare,smoke,all_valid,ALL,all_fail,0,0,0,0,0,,0,,,,0,,,,0,,,0,,0,,,0,,0,,,0,,,,True,20260911,5000,artifact/task-cluster percentile 95%; degenerate intervals are not population certainty
CODE,two_stage_32k_shared_prefix_scorer,Qwen/Qwen2.5-14B-Instruct,cf98f3b3bbb457ad9e2bb7baf9a0125b6b88caa8,immediate_readout,explicit,bare,smoke,all_valid,ALL,partial,0,0,0,0,0,,0,,,,0,,,,0,,,0,,0,,,0,,0,,,0,,,,True,20260911,5000,artifact/task-cluster percentile 95%; degenerate intervals are not population certainty
CODE,two_stage_32k_shared_prefix_scorer,Qwen/Qwen2.5-14B-Instruct,cf98f3b3bbb457ad9e2bb7baf9a0125b6b88caa8,immediate_readout,explicit,bare,smoke,all_valid,code_acceptance,all,3,3,1,2,0,0.70370370370370372,3,0.1111111111111111,1,2.6666666666666665,3,0,8,1,1,1,1,1,1,1,1,1,1,0,1,0,0,0,1,1,0,True,20260911,5000,artifact/task-cluster percentile 95%; degenerate intervals are not population certainty
CODE,two_stage_32k_shared_prefix_scorer,Qwen/Qwen2.5-14B-Instruct,cf98f3b3bbb457ad9e2bb7baf9a0125b6b88caa8,immediate_readout,explicit,bare,smoke,all_valid,code_acceptance,nontrivial,1,1,1,0,0,1,1,1,1,0,1,0,0,1,1,1,1,1,1,1,1,1,1,0,1,0,0,0,1,1,0,True,20260911,5000,artifact/task-cluster percentile 95%; degenerate intervals are not population certainty
CODE,two_stage_32k_shared_prefix_scorer,Qwen/Qwen2.5-14B-Instruct,cf98f3b3bbb457ad9e2bb7baf9a0125b6b88caa8,immediate_readout,explicit,bare,smoke,all_valid,code_acceptance,all_pass,2,2,0,2,0,0.55555555555555558,2,0.1111111111111111,1,4,2,0,8,,0,,,0,,0,,,0,,0,,,0,1,1,,True,20260911,5000,artifact/task-cluster percentile 95%; degenerate intervals are not population certainty
CODE,two_stage_32k_shared_prefix_scorer,Qwen/Qwen2.5-14B-Instruct,cf98f3b3bbb457ad9e2bb7baf9a0125b6b88caa8,immediate_readout,explicit,bare,smoke,all_valid,code_acceptance,all_fail,0,0,0,0,0,,0,,,,0,,,,0,,,0,,0,,,0,,0,,,0,,,,True,20260911,5000,artifact/task-cluster percentile 95%; degenerate intervals are not population certainty
CODE,two_stage_32k_shared_prefix_scorer,Qwen/Qwen2.5-14B-Instruct,cf98f3b3bbb457ad9e2bb7baf9a0125b6b88caa8,immediate_readout,explicit,bare,smoke,all_valid,code_acceptance,partial,0,0,0,0,0,,0,,,,0,,,,0,,,0,,0,,,0,,0,,,0,,,,True,20260911,5000,artifact/task-cluster percentile 95%; degenerate intervals are not population certainty
CODE,two_stage_32k_shared_prefix_scorer,Qwen/Qwen2.5-14B-Instruct,cf98f3b3bbb457ad9e2bb7baf9a0125b6b88caa8,immediate_readout,explicit,whitespace_union,main,all_valid,ALL,all,80,80,54,26,0,0.73750000000000004,80,0.66805555555555551,0.80138888888888893,2.3875000000000002,80,1.7875000000000001,3.0125000000000002,0.87037037037037035,54,0.77777777777777779,0.94444444444444442,47,0.81481481481481477,54,0.70370370370370372,0.90740740740740744,44,0.055555555555555552,54,0,0.12962962962962962,3,0.91249999999999998,0.875,0.063829787234042548,True,20260911,5000,artifact/task-cluster percentile 95%; degenerate intervals are not population certainty
CODE,two_stage_32k_shared_prefix_scorer,Qwen/Qwen2.5-14B-Instruct,cf98f3b3bbb457ad9e2bb7baf9a0125b6b88caa8,immediate_readout,explicit,whitespace_union,main,all_valid,ALL,nontrivial,54,54,54,0,0,0.72839506172839485,54,0.64609053497942381,0.80658436213991758,2.2592592592592591,54,1.5740740740740742,2.9629629629629628,0.87037037037037035,54,0.77777777777777779,0.94444444444444442,47,0.81481481481481477,54,0.70370370370370372,0.90740740740740744,44,0.055555555555555552,54,0,0.12962962962962962,3,0.87037037037037035,0.81481481481481477,0.063829787234042548,True,20260911,5000,artifact/task-cluster percentile 95%; degenerate intervals are not population certainty
CODE,two_stage_32k_shared_prefix_scorer,Qwen/Qwen2.5-14B-Instruct,cf98f3b3bbb457ad9e2bb7baf9a0125b6b88caa8,immediate_readout,explicit,whitespace_union,main,all_valid,ALL,all_pass,26,26,0,26,0,0.7564102564102565,26,0.63247863247863245,0.86752136752136744,2.6538461538461537,26,1.5,3.8846153846153846,,0,,,0,,0,,,0,,0,,,0,1,1,,True,20260911,5000,artifact/task-cluster percentile 95%; degenerate intervals are not population certainty
CODE,two_stage_32k_shared_prefix_scorer,Qwen/Qwen2.5-14B-Instruct,cf98f3b3bbb457ad9e2bb7baf9a0125b6b88caa8,immediate_readout,explicit,whitespace_union,main,all_valid,ALL,all_fail,0,0,0,0,0,,0,,,,0,,,,0,,,0,,0,,,0,,0,,,0,,,,True,20260911,5000,artifact/task-cluster percentile 95%; degenerate intervals are not population certainty
CODE,two_stage_32k_shared_prefix_scorer,Qwen/Qwen2.5-14B-Instruct,cf98f3b3bbb457ad9e2bb7baf9a0125b6b88caa8,immediate_readout,explicit,whitespace_union,main,all_valid,ALL,partial,23,23,23,0,0,0.61352657004830913,23,0.51207729468599039,0.71014492753623204,3.2608695652173911,23,2.347826086956522,4.1739130434782608,0.69565217391304346,23,0.52173913043478259,0.86956521739130432,16,0.56521739130434778,23,0.34782608695652173,0.78260869565217395,13,0.13043478260869565,23,0,0.2608695652173913,3,0.69565217391304346,0.56521739130434778,0.1875,True,20260911,5000,artifact/task-cluster percentile 95%; degenerate intervals are not population certainty
CODE,two_stage_32k_shared_prefix_scorer,Qwen/Qwen2.5-14B-Instruct,cf98f3b3bbb457ad9e2bb7baf9a0125b6b88caa8,immediate_readout,explicit,whitespace_union,main,all_valid,code_acceptance,all,80,80,54,26,0,0.73750000000000004,80,0.66805555555555551,0.80138888888888893,2.3875000000000002,80,1.7875000000000001,3.0125000000000002,0.87037037037037035,54,0.77777777777777779,0.94444444444444442,47,0.81481481481481477,54,0.70370370370370372,0.90740740740740744,44,0.055555555555555552,54,0,0.12962962962962962,3,0.91249999999999998,0.875,0.063829787234042548,True,20260911,5000,artifact/task-cluster percentile 95%; degenerate intervals are not population certainty
CODE,two_stage_32k_shared_prefix_scorer,Qwen/Qwen2.5-14B-Instruct,cf98f3b3bbb457ad9e2bb7baf9a0125b6b88caa8,immediate_readout,explicit,whitespace_union,main,all_valid,code_acceptance,nontrivial,54,54,54,0,0,0.72839506172839485,54,0.64609053497942381,0.80658436213991758,2.2592592592592591,54,1.5740740740740742,2.9629629629629628,0.87037037037037035,54,0.77777777777777779,0.94444444444444442,47,0.81481481481481477,54,0.70370370370370372,0.90740740740740744,44,0.055555555555555552,54,0,0.12962962962962962,3,0.87037037037037035,0.81481481481481477,0.063829787234042548,True,20260911,5000,artifact/task-cluster percentile 95%; degenerate intervals are not population certainty
CODE,two_stage_32k_shared_prefix_scorer,Qwen/Qwen2.5-14B-Instruct,cf98f3b3bbb457ad9e2bb7baf9a0125b6b88caa8,immediate_readout,explicit,whitespace_union,main,all_valid,code_acceptance,all_pass,26,26,0,26,0,0.7564102564102565,26,0.63247863247863245,0.86752136752136744,2.6538461538461537,26,1.5,3.8846153846153846,,0,,,0,,0,,,0,,0,,,0,1,1,,True,20260911,5000,artifact/task-cluster percentile 95%; degenerate intervals are not population certainty
CODE,two_stage_32k_shared_prefix_scorer,Qwen/Qwen2.5-14B-Instruct,cf98f3b3bbb457ad9e2bb7baf9a0125b6b88caa8,immediate_readout,explicit,whitespace_union,main,all_valid,code_acceptance,all_fail,0,0,0,0,0,,0,,,,0,,,,0,,,0,,0,,,0,,0,,,0,,,,True,20260911,5000,artifact/task-cluster percentile 95%; degenerate intervals are not population certainty
CODE,two_stage_32k_shared_prefix_scorer,Qwen/Qwen2.5-14B-Instruct,cf98f3b3bbb457ad9e2bb7baf9a0125b6b88caa8,immediate_readout,explicit,whitespace_union,main,all_valid,code_acceptance,partial,23,23,23,0,0,0.61352657004830913,23,0.51207729468599039,0.71014492753623204,3.2608695652173911,23,2.347826086956522,4.1739130434782608,0.69565217391304346,23,0.52173913043478259,0.86956521739130432,16,0.56521739130434778,23,0.34782608695652173,0.78260869565217395,13,0.13043478260869565,23,0,0.2608695652173913,3,0.69565217391304346,0.56521739130434778,0.1875,True,20260911,5000,artifact/task-cluster percentile 95%; degenerate intervals are not population certainty
CODE,two_stage_32k_shared_prefix_scorer,Qwen/Qwen2.5-14B-Instruct,cf98f3b3bbb457ad9e2bb7baf9a0125b6b88caa8,immediate_readout,explicit,whitespace_union,smoke,all_valid,ALL,all,3,3,1,2,0,0.70370370370370372,3,0.1111111111111111,1,2.6666666666666665,3,0,8,1,1,1,1,1,1,1,1,1,1,0,1,0,0,0,1,1,0,True,20260911,5000,artifact/task-cluster percentile 95%; degenerate intervals are not population certainty
CODE,two_stage_32k_shared_prefix_scorer,Qwen/Qwen2.5-14B-Instruct,cf98f3b3bbb457ad9e2bb7baf9a0125b6b88caa8,immediate_readout,explicit,whitespace_union,smoke,all_valid,ALL,nontrivial,1,1,1,0,0,1,1,1,1,0,1,0,0,1,1,1,1,1,1,1,1,1,1,0,1,0,0,0,1,1,0,True,20260911,5000,artifact/task-cluster percentile 95%; degenerate intervals are not population certainty
CODE,two_stage_32k_shared_prefix_scorer,Qwen/Qwen2.5-14B-Instruct,cf98f3b3bbb457ad9e2bb7baf9a0125b6b88caa8,immediate_readout,explicit,whitespace_union,smoke,all_valid,ALL,all_pass,2,2,0,2,0,0.55555555555555558,2,0.1111111111111111,1,4,2,0,8,,0,,,0,,0,,,0,,0,,,0,1,1,,True,20260911,5000,artifact/task-cluster percentile 95%; degenerate intervals are not population certainty
CODE,two_stage_32k_shared_prefix_scorer,Qwen/Qwen2.5-14B-Instruct,cf98f3b3bbb457ad9e2bb7baf9a0125b6b88caa8,immediate_readout,explicit,whitespace_union,smoke,all_valid,ALL,all_fail,0,0,0,0,0,,0,,,,0,,,,0,,,0,,0,,,0,,0,,,0,,,,True,20260911,5000,artifact/task-cluster percentile 95%; degenerate intervals are not population certainty
CODE,two_stage_32k_shared_prefix_scorer,Qwen/Qwen2.5-14B-Instruct,cf98f3b3bbb457ad9e2bb7baf9a0125b6b88caa8,immediate_readout,explicit,whitespace_union,smoke,all_valid,ALL,partial,0,0,0,0,0,,0,,,,0,,,,0,,,0,,0,,,0,,0,,,0,,,,True,20260911,5000,artifact/task-cluster percentile 95%; degenerate intervals are not population certainty
CODE,two_stage_32k_shared_prefix_scorer,Qwen/Qwen2.5-14B-Instruct,cf98f3b3bbb457ad9e2bb7baf9a0125b6b88caa8,immediate_readout,explicit,whitespace_union,smoke,all_valid,code_acceptance,all,3,3,1,2,0,0.70370370370370372,3,0.1111111111111111,1,2.6666666666666665,3,0,8,1,1,1,1,1,1,1,1,1,1,0,1,0,0,0,1,1,0,True,20260911,5000,artifact/task-cluster percentile 95%; degenerate intervals are not population certainty
CODE,two_stage_32k_shared_prefix_scorer,Qwen/Qwen2.5-14B-Instruct,cf98f3b3bbb457ad9e2bb7baf9a0125b6b88caa8,immediate_readout,explicit,whitespace_union,smoke,all_valid,code_acceptance,nontrivial,1,1,1,0,0,1,1,1,1,0,1,0,0,1,1,1,1,1,1,1,1,1,1,0,1,0,0,0,1,1,0,True,20260911,5000,artifact/task-cluster percentile 95%; degenerate intervals are not population certainty
CODE,two_stage_32k_shared_prefix_scorer,Qwen/Qwen2.5-14B-Instruct,cf98f3b3bbb457ad9e2bb7baf9a0125b6b88caa8,immediate_readout,explicit,whitespace_union,smoke,all_valid,code_acceptance,all_pass,2,2,0,2,0,0.55555555555555558,2,0.1111111111111111,1,4,2,0,8,,0,,,0,,0,,,0,,0,,,0,1,1,,True,20260911,5000,artifact/task-cluster percentile 95%; degenerate intervals are not population certainty
CODE,two_stage_32k_shared_prefix_scorer,Qwen/Qwen2.5-14B-Instruct,cf98f3b3bbb457ad9e2bb7baf9a0125b6b88caa8,immediate_readout,explicit,whitespace_union,smoke,all_valid,code_acceptance,all_fail,0,0,0,0,0,,0,,,,0,,,,0,,,0,,0,,,0,,0,,,0,,,,True,20260911,5000,artifact/task-cluster percentile 95%; degenerate intervals are not population certainty
CODE,two_stage_32k_shared_prefix_scorer,Qwen/Qwen2.5-14B-Instruct,cf98f3b3bbb457ad9e2bb7baf9a0125b6b88caa8,immediate_readout,explicit,whitespace_union,smoke,all_valid,code_acceptance,partial,0,0,0,0,0,,0,,,,0,,,,0,,,0,,0,,,0,,0,,,0,,,,True,20260911,5000,artifact/task-cluster percentile 95%; degenerate intervals are not population certainty
CODE,two_stage_32k_shared_prefix_scorer,Qwen/Qwen2.5-14B-Instruct,cf98f3b3bbb457ad9e2bb7baf9a0125b6b88caa8,immediate_readout,original,bare,main,all_valid,ALL,all,80,80,54,26,0,0.72083333333333333,80,0.64583333333333326,0.78888888888888897,2.4125000000000001,80,1.8,3.0874999999999999,0.27777777777777779,54,0.16666666666666666,0.40740740740740738,15,0.27777777777777779,54,0.16666666666666666,0.40740740740740738,15,0,54,0,0,0,0.51249999999999996,0.51249999999999996,0,True,20260911,5000,artifact/task-cluster percentile 95%; degenerate intervals are not population certainty
CODE,two_stage_32k_shared_prefix_scorer,Qwen/Qwen2.5-14B-Instruct,cf98f3b3bbb457ad9e2bb7baf9a0125b6b88caa8,immediate_readout,original,bare,main,all_valid,ALL,nontrivial,54,54,54,0,0,0.64197530864197527,54,0.55555555555555558,0.72021604938271522,3.074074074074074,54,2.3518518518518516,3.8148148148148149,0.27777777777777779,54,0.16666666666666666,0.40740740740740738,15,0.27777777777777779,54,0.16666666666666666,0.40740740740740738,15,0,54,0,0,0,0.27777777777777779,0.27777777777777779,0,True,20260911,5000,artifact/task-cluster percentile 95%; degenerate intervals are not population certainty
CODE,two_stage_32k_shared_prefix_scorer,Qwen/Qwen2.5-14B-Instruct,cf98f3b3bbb457ad9e2bb7baf9a0125b6b88caa8,immediate_readout,original,bare,main,all_valid,ALL,all_pass,26,26,0,26,0,0.88461538461538458,26,0.76495726495726502,0.99572649572649574,1.0384615384615385,26,0.038461538461538464,2.1153846153846154,,0,,,0,,0,,,0,,0,,,0,1,1,,True,20260911,5000,artifact/task-cluster percentile 95%; degenerate intervals are not population certainty
CODE,two_stage_32k_shared_prefix_scorer,Qwen/Qwen2.5-14B-Instruct,cf98f3b3bbb457ad9e2bb7baf9a0125b6b88caa8,immediate_readout,original,bare,main,all_valid,ALL,all_fail,0,0,0,0,0,,0,,,,0,,,,0,,,0,,0,,,0,,0,,,0,,,,True,20260911,5000,artifact/task-cluster percentile 95%; degenerate intervals are not population certainty
CODE,two_stage_32k_shared_prefix_scorer,Qwen/Qwen2.5-14B-Instruct,cf98f3b3bbb457ad9e2bb7baf9a0125b6b88caa8,immediate_readout,original,bare,main,all_valid,ALL,partial,23,23,23,0,0,0.54106280193236711,23,0.43478260869565216,0.64734299516908211,4.3478260869565215,23,3.3467391304347833,5.3913043478260869,0.34782608695652173,23,0.17391304347826086,0.56521739130434778,8,0.34782608695652173,23,0.17391304347826086,0.56521739130434778,8,0,23,0,0,0,0.34782608695652173,0.34782608695652173,0,True,20260911,5000,artifact/task-cluster percentile 95%; degenerate intervals are not population certainty
CODE,two_stage_32k_shared_prefix_scorer,Qwen/Qwen2.5-14B-Instruct,cf98f3b3bbb457ad9e2bb7baf9a0125b6b88caa8,immediate_readout,original,bare,main,all_valid,code_acceptance,all,80,80,54,26,0,0.72083333333333333,80,0.64583333333333326,0.78888888888888897,2.4125000000000001,80,1.8,3.0874999999999999,0.27777777777777779,54,0.16666666666666666,0.40740740740740738,15,0.27777777777777779,54,0.16666666666666666,0.40740740740740738,15,0,54,0,0,0,0.51249999999999996,0.51249999999999996,0,True,20260911,5000,artifact/task-cluster percentile 95%; degenerate intervals are not population certainty
CODE,two_stage_32k_shared_prefix_scorer,Qwen/Qwen2.5-14B-Instruct,cf98f3b3bbb457ad9e2bb7baf9a0125b6b88caa8,immediate_readout,original,bare,main,all_valid,code_acceptance,nontrivial,54,54,54,0,0,0.64197530864197527,54,0.55555555555555558,0.72021604938271522,3.074074074074074,54,2.3518518518518516,3.8148148148148149,0.27777777777777779,54,0.16666666666666666,0.40740740740740738,15,0.27777777777777779,54,0.16666666666666666,0.40740740740740738,15,0,54,0,0,0,0.27777777777777779,0.27777777777777779,0,True,20260911,5000,artifact/task-cluster percentile 95%; degenerate intervals are not population certainty
CODE,two_stage_32k_shared_prefix_scorer,Qwen/Qwen2.5-14B-Instruct,cf98f3b3bbb457ad9e2bb7baf9a0125b6b88caa8,immediate_readout,original,bare,main,all_valid,code_acceptance,all_pass,26,26,0,26,0,0.88461538461538458,26,0.76495726495726502,0.99572649572649574,1.0384615384615385,26,0.038461538461538464,2.1153846153846154,,0,,,0,,0,,,0,,0,,,0,1,1,,True,20260911,5000,artifact/task-cluster percentile 95%; degenerate intervals are not population certainty
CODE,two_stage_32k_shared_prefix_scorer,Qwen/Qwen2.5-14B-Instruct,cf98f3b3bbb457ad9e2bb7baf9a0125b6b88caa8,immediate_readout,original,bare,main,all_valid,code_acceptance,all_fail,0,0,0,0,0,,0,,,,0,,,,0,,,0,,0,,,0,,0,,,0,,,,True,20260911,5000,artifact/task-cluster percentile 95%; degenerate intervals are not population certainty
CODE,two_stage_32k_shared_prefix_scorer,Qwen/Qwen2.5-14B-Instruct,cf98f3b3bbb457ad9e2bb7baf9a0125b6b88caa8,immediate_readout,original,bare,main,all_valid,code_acceptance,partial,23,23,23,0,0,0.54106280193236711,23,0.43478260869565216,0.64734299516908211,4.3478260869565215,23,3.3467391304347833,5.3913043478260869,0.34782608695652173,23,0.17391304347826086,0.56521739130434778,8,0.34782608695652173,23,0.17391304347826086,0.56521739130434778,8,0,23,0,0,0,0.34782608695652173,0.34782608695652173,0,True,20260911,5000,artifact/task-cluster percentile 95%; degenerate intervals are not population certainty
CODE,two_stage_32k_shared_prefix_scorer,Qwen/Qwen2.5-14B-Instruct,cf98f3b3bbb457ad9e2bb7baf9a0125b6b88caa8,immediate_readout,original,bare,smoke,all_valid,ALL,all,3,3,1,2,0,0.62962962962962965,3,0,1,3.3333333333333335,3,0,9,0,1,0,0,0,0,1,0,0,0,0,1,0,0,0,0.66666666666666663,0.66666666666666663,,True,20260911,5000,artifact/task-cluster percentile 95%; degenerate intervals are not population certainty
CODE,two_stage_32k_shared_prefix_scorer,Qwen/Qwen2.5-14B-Instruct,cf98f3b3bbb457ad9e2bb7baf9a0125b6b88caa8,immediate_readout,original,bare,smoke,all_valid,ALL,nontrivial,1,1,1,0,0,0.88888888888888884,1,0.88888888888888884,0.88888888888888884,1,1,1,1,0,1,0,0,0,0,1,0,0,0,0,1,0,0,0,0,0,,True,20260911,5000,artifact/task-cluster percentile 95%; degenerate intervals are not population certainty
CODE,two_stage_32k_shared_prefix_scorer,Qwen/Qwen2.5-14B-Instruct,cf98f3b3bbb457ad9e2bb7baf9a0125b6b88caa8,immediate_readout,original,bare,smoke,all_valid,ALL,all_pass,2,2,0,2,0,0.5,2,0,1,4.5,2,0,9,,0,,,0,,0,,,0,,0,,,0,1,1,,True,20260911,5000,artifact/task-cluster percentile 95%; degenerate intervals are not population certainty
CODE,two_stage_32k_shared_prefix_scorer,Qwen/Qwen2.5-14B-Instruct,cf98f3b3bbb457ad9e2bb7baf9a0125b6b88caa8,immediate_readout,original,bare,smoke,all_valid,ALL,all_fail,0,0,0,0,0,,0,,,,0,,,,0,,,0,,0,,,0,,0,,,0,,,,True,20260911,5000,artifact/task-cluster percentile 95%; degenerate intervals are not population certainty
CODE,two_stage_32k_shared_prefix_scorer,Qwen/Qwen2.5-14B-Instruct,cf98f3b3bbb457ad9e2bb7baf9a0125b6b88caa8,immediate_readout,original,bare,smoke,all_valid,ALL,partial,0,0,0,0,0,,0,,,,0,,,,0,,,0,,0,,,0,,0,,,0,,,,True,20260911,5000,artifact/task-cluster percentile 95%; degenerate intervals are not population certainty
CODE,two_stage_32k_shared_prefix_scorer,Qwen/Qwen2.5-14B-Instruct,cf98f3b3bbb457ad9e2bb7baf9a0125b6b88caa8,immediate_readout,original,bare,smoke,all_valid,code_acceptance,all,3,3,1,2,0,0.62962962962962965,3,0,1,3.3333333333333335,3,0,9,0,1,0,0,0,0,1,0,0,0,0,1,0,0,0,0.66666666666666663,0.66666666666666663,,True,20260911,5000,artifact/task-cluster percentile 95%; degenerate intervals are not population certainty
CODE,two_stage_32k_shared_prefix_scorer,Qwen/Qwen2.5-14B-Instruct,cf98f3b3bbb457ad9e2bb7baf9a0125b6b88caa8,immediate_readout,original,bare,smoke,all_valid,code_acceptance,nontrivial,1,1,1,0,0,0.88888888888888884,1,0.88888888888888884,0.88888888888888884,1,1,1,1,0,1,0,0,0,0,1,0,0,0,0,1,0,0,0,0,0,,True,20260911,5000,artifact/task-cluster percentile 95%; degenerate intervals are not population certainty
CODE,two_stage_32k_shared_prefix_scorer,Qwen/Qwen2.5-14B-Instruct,cf98f3b3bbb457ad9e2bb7baf9a0125b6b88caa8,immediate_readout,original,bare,smoke,all_valid,code_acceptance,all_pass,2,2,0,2,0,0.5,2,0,1,4.5,2,0,9,,0,,,0,,0,,,0,,0,,,0,1,1,,True,20260911,5000,artifact/task-cluster percentile 95%; degenerate intervals are not population certainty
CODE,two_stage_32k_shared_prefix_scorer,Qwen/Qwen2.5-14B-Instruct,cf98f3b3bbb457ad9e2bb7baf9a0125b6b88caa8,immediate_readout,original,bare,smoke,all_valid,code_acceptance,all_fail,0,0,0,0,0,,0,,,,0,,,,0,,,0,,0,,,0,,0,,,0,,,,True,20260911,5000,artifact/task-cluster percentile 95%; degenerate intervals are not population certainty
CODE,two_stage_32k_shared_prefix_scorer,Qwen/Qwen2.5-14B-Instruct,cf98f3b3bbb457ad9e2bb7baf9a0125b6b88caa8,immediate_readout,original,bare,smoke,all_valid,code_acceptance,partial,0,0,0,0,0,,0,,,,0,,,,0,,,0,,0,,,0,,0,,,0,,,,True,20260911,5000,artifact/task-cluster percentile 95%; degenerate intervals are not population certainty
CODE,two_stage_32k_shared_prefix_scorer,Qwen/Qwen2.5-14B-Instruct,cf98f3b3bbb457ad9e2bb7baf9a0125b6b88caa8,immediate_readout,original,whitespace_union,main,all_valid,ALL,all,80,80,54,26,0,0.71805555555555556,80,0.64305555555555549,0.78749999999999998,2.4249999999999998,80,1.8,3.1000000000000001,0.29629629629629628,54,0.18518518518518517,0.42592592592592593,16,0.29629629629629628,54,0.18518518518518517,0.42592592592592593,16,0,54,0,0,0,0.52500000000000002,0.52500000000000002,0,True,20260911,5000,artifact/task-cluster percentile 95%; degenerate intervals are not population certainty
CODE,two_stage_32k_shared_prefix_scorer,Qwen/Qwen2.5-14B-Instruct,cf98f3b3bbb457ad9e2bb7baf9a0125b6b88caa8,immediate_readout,original,whitespace_union,main,all_valid,ALL,nontrivial,54,54,54,0,0,0.63991769547325095,54,0.55349794238683125,0.72016460905349744,3.074074074074074,54,2.3518518518518516,3.8148148148148149,0.29629629629629628,54,0.18518518518518517,0.42592592592592593,16,0.29629629629629628,54,0.18518518518518517,0.42592592592592593,16,0,54,0,0,0,0.29629629629629628,0.29629629629629628,0,True,20260911,5000,artifact/task-cluster percentile 95%; degenerate intervals are not population certainty
CODE,two_stage_32k_shared_prefix_scorer,Qwen/Qwen2.5-14B-Instruct,cf98f3b3bbb457ad9e2bb7baf9a0125b6b88caa8,immediate_readout,original,whitespace_union,main,all_valid,ALL,all_pass,26,26,0,26,0,0.88034188034188032,26,0.7564102564102565,0.99572649572649574,1.0769230769230769,26,0.038461538461538464,2.1923076923076925,,0,,,0,,0,,,0,,0,,,0,1,1,,True,20260911,5000,artifact/task-cluster percentile 95%; degenerate intervals are not population certainty
CODE,two_stage_32k_shared_prefix_scorer,Qwen/Qwen2.5-14B-Instruct,cf98f3b3bbb457ad9e2bb7baf9a0125b6b88caa8,immediate_readout,original,whitespace_union,main,all_valid,ALL,all_fail,0,0,0,0,0,,0,,,,0,,,,0,,,0,,0,,,0,,0,,,0,,,,True,20260911,5000,artifact/task-cluster percentile 95%; degenerate intervals are not population certainty
CODE,two_stage_32k_shared_prefix_scorer,Qwen/Qwen2.5-14B-Instruct,cf98f3b3bbb457ad9e2bb7baf9a0125b6b88caa8,immediate_readout,original,whitespace_union,main,all_valid,ALL,partial,23,23,23,0,0,0.53623188405797106,23,0.42995169082125606,0.64251207729468607,4.3478260869565215,23,3.3467391304347833,5.3913043478260869,0.34782608695652173,23,0.17391304347826086,0.56521739130434778,8,0.34782608695652173,23,0.17391304347826086,0.56521739130434778,8,0,23,0,0,0,0.34782608695652173,0.34782608695652173,0,True,20260911,5000,artifact/task-cluster percentile 95%; degenerate intervals are not population certainty
CODE,two_stage_32k_shared_prefix_scorer,Qwen/Qwen2.5-14B-Instruct,cf98f3b3bbb457ad9e2bb7baf9a0125b6b88caa8,immediate_readout,original,whitespace_union,main,all_valid,code_acceptance,all,80,80,54,26,0,0.71805555555555556,80,0.64305555555555549,0.78749999999999998,2.4249999999999998,80,1.8,3.1000000000000001,0.29629629629629628,54,0.18518518518518517,0.42592592592592593,16,0.29629629629629628,54,0.18518518518518517,0.42592592592592593,16,0,54,0,0,0,0.52500000000000002,0.52500000000000002,0,True,20260911,5000,artifact/task-cluster percentile 95%; degenerate intervals are not population certainty
CODE,two_stage_32k_shared_prefix_scorer,Qwen/Qwen2.5-14B-Instruct,cf98f3b3bbb457ad9e2bb7baf9a0125b6b88caa8,immediate_readout,original,whitespace_union,main,all_valid,code_acceptance,nontrivial,54,54,54,0,0,0.63991769547325095,54,0.55349794238683125,0.72016460905349744,3.074074074074074,54,2.3518518518518516,3.8148148148148149,0.29629629629629628,54,0.18518518518518517,0.42592592592592593,16,0.29629629629629628,54,0.18518518518518517,0.42592592592592593,16,0,54,0,0,0,0.29629629629629628,0.29629629629629628,0,True,20260911,5000,artifact/task-cluster percentile 95%; degenerate intervals are not population certainty
CODE,two_stage_32k_shared_prefix_scorer,Qwen/Qwen2.5-14B-Instruct,cf98f3b3bbb457ad9e2bb7baf9a0125b6b88caa8,immediate_readout,original,whitespace_union,main,all_valid,code_acceptance,all_pass,26,26,0,26,0,0.88034188034188032,26,0.7564102564102565,0.99572649572649574,1.0769230769230769,26,0.038461538461538464,2.1923076923076925,,0,,,0,,0,,,0,,0,,,0,1,1,,True,20260911,5000,artifact/task-cluster percentile 95%; degenerate intervals are not population certainty
CODE,two_stage_32k_shared_prefix_scorer,Qwen/Qwen2.5-14B-Instruct,cf98f3b3bbb457ad9e2bb7baf9a0125b6b88caa8,immediate_readout,original,whitespace_union,main,all_valid,code_acceptance,all_fail,0,0,0,0,0,,0,,,,0,,,,0,,,0,,0,,,0,,0,,,0,,,,True,20260911,5000,artifact/task-cluster percentile 95%; degenerate intervals are not population certainty
CODE,two_stage_32k_shared_prefix_scorer,Qwen/Qwen2.5-14B-Instruct,cf98f3b3bbb457ad9e2bb7baf9a0125b6b88caa8,immediate_readout,original,whitespace_union,main,all_valid,code_acceptance,partial,23,23,23,0,0,0.53623188405797106,23,0.42995169082125606,0.64251207729468607,4.3478260869565215,23,3.3467391304347833,5.3913043478260869,0.34782608695652173,23,0.17391304347826086,0.56521739130434778,8,0.34782608695652173,23,0.17391304347826086,0.56521739130434778,8,0,23,0,0,0,0.34782608695652173,0.34782608695652173,0,True,20260911,5000,artifact/task-cluster percentile 95%; degenerate intervals are not population certainty
CODE,two_stage_32k_shared_prefix_scorer,Qwen/Qwen2.5-14B-Instruct,cf98f3b3bbb457ad9e2bb7baf9a0125b6b88caa8,immediate_readout,original,whitespace_union,smoke,all_valid,ALL,all,3,3,1,2,0,0.62962962962962965,3,0,1,3.3333333333333335,3,0,9,1,1,1,1,1,1,1,1,1,1,0,1,0,0,0,1,1,0,True,20260911,5000,artifact/task-cluster percentile 95%; degenerate intervals are not population certainty
CODE,two_stage_32k_shared_prefix_scorer,Qwen/Qwen2.5-14B-Instruct,cf98f3b3bbb457ad9e2bb7baf9a0125b6b88caa8,immediate_readout,original,whitespace_union,smoke,all_valid,ALL,nontrivial,1,1,1,0,0,0.88888888888888884,1,0.88888888888888884,0.88888888888888884,1,1,1,1,1,1,1,1,1,1,1,1,1,1,0,1,0,0,0,1,1,0,True,20260911,5000,artifact/task-cluster percentile 95%; degenerate intervals are not population certainty
CODE,two_stage_32k_shared_prefix_scorer,Qwen/Qwen2.5-14B-Instruct,cf98f3b3bbb457ad9e2bb7baf9a0125b6b88caa8,immediate_readout,original,whitespace_union,smoke,all_valid,ALL,all_pass,2,2,0,2,0,0.5,2,0,1,4.5,2,0,9,,0,,,0,,0,,,0,,0,,,0,1,1,,True,20260911,5000,artifact/task-cluster percentile 95%; degenerate intervals are not population certainty
CODE,two_stage_32k_shared_prefix_scorer,Qwen/Qwen2.5-14B-Instruct,cf98f3b3bbb457ad9e2bb7baf9a0125b6b88caa8,immediate_readout,original,whitespace_union,smoke,all_valid,ALL,all_fail,0,0,0,0,0,,0,,,,0,,,,0,,,0,,0,,,0,,0,,,0,,,,True,20260911,5000,artifact/task-cluster percentile 95%; degenerate intervals are not population certainty
CODE,two_stage_32k_shared_prefix_scorer,Qwen/Qwen2.5-14B-Instruct,cf98f3b3bbb457ad9e2bb7baf9a0125b6b88caa8,immediate_readout,original,whitespace_union,smoke,all_valid,ALL,partial,0,0,0,0,0,,0,,,,0,,,,0,,,0,,0,,,0,,0,,,0,,,,True,20260911,5000,artifact/task-cluster percentile 95%; degenerate intervals are not population certainty
CODE,two_stage_32k_shared_prefix_scorer,Qwen/Qwen2.5-14B-Instruct,cf98f3b3bbb457ad9e2bb7baf9a0125b6b88caa8,immediate_readout,original,whitespace_union,smoke,all_valid,code_acceptance,all,3,3,1,2,0,0.62962962962962965,3,0,1,3.3333333333333335,3,0,9,1,1,1,1,1,1,1,1,1,1,0,1,0,0,0,1,1,0,True,20260911,5000,artifact/task-cluster percentile 95%; degenerate intervals are not population certainty
CODE,two_stage_32k_shared_prefix_scorer,Qwen/Qwen2.5-14B-Instruct,cf98f3b3bbb457ad9e2bb7baf9a0125b6b88caa8,immediate_readout,original,whitespace_union,smoke,all_valid,code_acceptance,nontrivial,1,1,1,0,0,0.88888888888888884,1,0.88888888888888884,0.88888888888888884,1,1,1,1,1,1,1,1,1,1,1,1,1,1,0,1,0,0,0,1,1,0,True,20260911,5000,artifact/task-cluster percentile 95%; degenerate intervals are not population certainty
CODE,two_stage_32k_shared_prefix_scorer,Qwen/Qwen2.5-14B-Instruct,cf98f3b3bbb457ad9e2bb7baf9a0125b6b88caa8,immediate_readout,original,whitespace_union,smoke,all_valid,code_acceptance,all_pass,2,2,0,2,0,0.5,2,0,1,4.5,2,0,9,,0,,,0,,0,,,0,,0,,,0,1,1,,True,20260911,5000,artifact/task-cluster percentile 95%; degenerate intervals are not population certainty
CODE,two_stage_32k_shared_prefix_scorer,Qwen/Qwen2.5-14B-Instruct,cf98f3b3bbb457ad9e2bb7baf9a0125b6b88caa8,immediate_readout,original,whitespace_union,smoke,all_valid,code_acceptance,all_fail,0,0,0,0,0,,0,,,,0,,,,0,,,0,,0,,,0,,0,,,0,,,,True,20260911,5000,artifact/task-cluster percentile 95%; degenerate intervals are not population certainty
CODE,two_stage_32k_shared_prefix_scorer,Qwen/Qwen2.5-14B-Instruct,cf98f3b3bbb457ad9e2bb7baf9a0125b6b88caa8,immediate_readout,original,whitespace_union,smoke,all_valid,code_acceptance,partial,0,0,0,0,0,,0,,,,0,,,,0,,,0,,0,,,0,,0,,,0,,,,True,20260911,5000,artifact/task-cluster percentile 95%; degenerate intervals are not population certainty
CODE,two_stage_32k_shared_prefix_scorer,Qwen/Qwen3-30B-A3B-Thinking-2507,144afc2f379b542fdd4e85a1fcd5e1f79112d95d,native_reason_then_score,explicit,bare,main,all_valid,ALL,all,80,80,54,26,0,0.95833333333333337,80,0.92638888888888893,0.98472222222222217,0.3125,80,0.074999999999999997,0.61250000000000004,0.98148148148148151,54,0.94444444444444442,1,53,0.96296296296296291,54,0.90740740740740744,1,52,0.018518518518518517,54,0,0.055555555555555552,1,0.98750000000000004,0.97499999999999998,0.018867924528301886,True,20260911,5000,artifact/task-cluster percentile 95%; degenerate intervals are not population certainty
CODE,two_stage_32k_shared_prefix_scorer,Qwen/Qwen3-30B-A3B-Thinking-2507,144afc2f379b542fdd4e85a1fcd5e1f79112d95d,native_reason_then_score,explicit,bare,main,all_valid,ALL,nontrivial,54,54,54,0,0,0.94855967078189296,54,0.90534979423868311,0.98353909465020584,0.35185185185185186,54,0.037037037037037035,0.7407407407407407,0.98148148148148151,54,0.94444444444444442,1,53,0.96296296296296291,54,0.90740740740740744,1,52,0.018518518518518517,54,0,0.055555555555555552,1,0.98148148148148151,0.96296296296296291,0.018867924528301886,True,20260911,5000,artifact/task-cluster percentile 95%; degenerate intervals are not population certainty
CODE,two_stage_32k_shared_prefix_scorer,Qwen/Qwen3-30B-A3B-Thinking-2507,144afc2f379b542fdd4e85a1fcd5e1f79112d95d,native_reason_then_score,explicit,bare,main,all_valid,ALL,all_pass,26,26,0,26,0,0.9786324786324786,26,0.9358974358974359,1,0.23076923076923078,26,0,0.69230769230769229,,0,,,0,,0,,,0,,0,,,0,1,1,,True,20260911,5000,artifact/task-cluster percentile 95%; degenerate intervals are not population certainty
CODE,two_stage_32k_shared_prefix_scorer,Qwen/Qwen3-30B-A3B-Thinking-2507,144afc2f379b542fdd4e85a1fcd5e1f79112d95d,native_reason_then_score,explicit,bare,main,all_valid,ALL,all_fail,0,0,0,0,0,,0,,,,0,,,,0,,,0,,0,,,0,,0,,,0,,,,True,20260911,5000,artifact/task-cluster percentile 95%; degenerate intervals are not population certainty
CODE,two_stage_32k_shared_prefix_scorer,Qwen/Qwen3-30B-A3B-Thinking-2507,144afc2f379b542fdd4e85a1fcd5e1f79112d95d,native_reason_then_score,explicit,bare,main,all_valid,ALL,partial,23,23,23,0,0,0.9903381642512078,23,0.97584541062801944,1,0.2608695652173913,23,0,0.78260869565217395,0.95652173913043481,23,0.86956521739130432,1,22,0.91304347826086951,23,0.78260869565217395,1,21,0.043478260869565216,23,0,0.13043478260869565,1,0.95652173913043481,0.91304347826086951,0.045454545454545456,True,20260911,5000,artifact/task-cluster percentile 95%; degenerate intervals are not population certainty
CODE,two_stage_32k_shared_prefix_scorer,Qwen/Qwen3-30B-A3B-Thinking-2507,144afc2f379b542fdd4e85a1fcd5e1f79112d95d,native_reason_then_score,explicit,bare,main,all_valid,code_acceptance,all,80,80,54,26,0,0.95833333333333337,80,0.92638888888888893,0.98472222222222217,0.3125,80,0.074999999999999997,0.61250000000000004,0.98148148148148151,54,0.94444444444444442,1,53,0.96296296296296291,54,0.90740740740740744,1,52,0.018518518518518517,54,0,0.055555555555555552,1,0.98750000000000004,0.97499999999999998,0.018867924528301886,True,20260911,5000,artifact/task-cluster percentile 95%; degenerate intervals are not population certainty
CODE,two_stage_32k_shared_prefix_scorer,Qwen/Qwen3-30B-A3B-Thinking-2507,144afc2f379b542fdd4e85a1fcd5e1f79112d95d,native_reason_then_score,explicit,bare,main,all_valid,code_acceptance,nontrivial,54,54,54,0,0,0.94855967078189296,54,0.90534979423868311,0.98353909465020584,0.35185185185185186,54,0.037037037037037035,0.7407407407407407,0.98148148148148151,54,0.94444444444444442,1,53,0.96296296296296291,54,0.90740740740740744,1,52,0.018518518518518517,54,0,0.055555555555555552,1,0.98148148148148151,0.96296296296296291,0.018867924528301886,True,20260911,5000,artifact/task-cluster percentile 95%; degenerate intervals are not population certainty
CODE,two_stage_32k_shared_prefix_scorer,Qwen/Qwen3-30B-A3B-Thinking-2507,144afc2f379b542fdd4e85a1fcd5e1f79112d95d,native_reason_then_score,explicit,bare,main,all_valid,code_acceptance,all_pass,26,26,0,26,0,0.9786324786324786,26,0.9358974358974359,1,0.23076923076923078,26,0,0.69230769230769229,,0,,,0,,0,,,0,,0,,,0,1,1,,True,20260911,5000,artifact/task-cluster percentile 95%; degenerate intervals are not population certainty
CODE,two_stage_32k_shared_prefix_scorer,Qwen/Qwen3-30B-A3B-Thinking-2507,144afc2f379b542fdd4e85a1fcd5e1f79112d95d,native_reason_then_score,explicit,bare,main,all_valid,code_acceptance,all_fail,0,0,0,0,0,,0,,,,0,,,,0,,,0,,0,,,0,,0,,,0,,,,True,20260911,5000,artifact/task-cluster percentile 95%; degenerate intervals are not population certainty
CODE,two_stage_32k_shared_prefix_scorer,Qwen/Qwen3-30B-A3B-Thinking-2507,144afc2f379b542fdd4e85a1fcd5e1f79112d95d,native_reason_then_score,explicit,bare,main,all_valid,code_acceptance,partial,23,23,23,0,0,0.9903381642512078,23,0.97584541062801944,1,0.2608695652173913,23,0,0.78260869565217395,0.95652173913043481,23,0.86956521739130432,1,22,0.91304347826086951,23,0.78260869565217395,1,21,0.043478260869565216,23,0,0.13043478260869565,1,0.95652173913043481,0.91304347826086951,0.045454545454545456,True,20260911,5000,artifact/task-cluster percentile 95%; degenerate intervals are not population certainty
CODE,two_stage_32k_shared_prefix_scorer,Qwen/Qwen3-30B-A3B-Thinking-2507,144afc2f379b542fdd4e85a1fcd5e1f79112d95d,native_reason_then_score,explicit,bare,smoke,all_valid,ALL,all,3,3,1,2,0,0.96296296296296291,3,0.88888888888888884,1,0,3,0,0,1,1,1,1,1,1,1,1,1,1,0,1,0,0,0,1,1,0,True,20260911,5000,artifact/task-cluster percentile 95%; degenerate intervals are not population certainty
CODE,two_stage_32k_shared_prefix_scorer,Qwen/Qwen3-30B-A3B-Thinking-2507,144afc2f379b542fdd4e85a1fcd5e1f79112d95d,native_reason_then_score,explicit,bare,smoke,all_valid,ALL,nontrivial,1,1,1,0,0,0.88888888888888884,1,0.88888888888888884,0.88888888888888884,0,1,0,0,1,1,1,1,1,1,1,1,1,1,0,1,0,0,0,1,1,0,True,20260911,5000,artifact/task-cluster percentile 95%; degenerate intervals are not population certainty
CODE,two_stage_32k_shared_prefix_scorer,Qwen/Qwen3-30B-A3B-Thinking-2507,144afc2f379b542fdd4e85a1fcd5e1f79112d95d,native_reason_then_score,explicit,bare,smoke,all_valid,ALL,all_pass,2,2,0,2,0,1,2,1,1,0,2,0,0,,0,,,0,,0,,,0,,0,,,0,1,1,,True,20260911,5000,artifact/task-cluster percentile 95%; degenerate intervals are not population certainty
CODE,two_stage_32k_shared_prefix_scorer,Qwen/Qwen3-30B-A3B-Thinking-2507,144afc2f379b542fdd4e85a1fcd5e1f79112d95d,native_reason_then_score,explicit,bare,smoke,all_valid,ALL,all_fail,0,0,0,0,0,,0,,,,0,,,,0,,,0,,0,,,0,,0,,,0,,,,True,20260911,5000,artifact/task-cluster percentile 95%; degenerate intervals are not population certainty
CODE,two_stage_32k_shared_prefix_scorer,Qwen/Qwen3-30B-A3B-Thinking-2507,144afc2f379b542fdd4e85a1fcd5e1f79112d95d,native_reason_then_score,explicit,bare,smoke,all_valid,ALL,partial,0,0,0,0,0,,0,,,,0,,,,0,,,0,,0,,,0,,0,,,0,,,,True,20260911,5000,artifact/task-cluster percentile 95%; degenerate intervals are not population certainty
CODE,two_stage_32k_shared_prefix_scorer,Qwen/Qwen3-30B-A3B-Thinking-2507,144afc2f379b542fdd4e85a1fcd5e1f79112d95d,native_reason_then_score,explicit,bare,smoke,all_valid,code_acceptance,all,3,3,1,2,0,0.96296296296296291,3,0.88888888888888884,1,0,3,0,0,1,1,1,1,1,1,1,1,1,1,0,1,0,0,0,1,1,0,True,20260911,5000,artifact/task-cluster percentile 95%; degenerate intervals are not population certainty
CODE,two_stage_32k_shared_prefix_scorer,Qwen/Qwen3-30B-A3B-Thinking-2507,144afc2f379b542fdd4e85a1fcd5e1f79112d95d,native_reason_then_score,explicit,bare,smoke,all_valid,code_acceptance,nontrivial,1,1,1,0,0,0.88888888888888884,1,0.88888888888888884,0.88888888888888884,0,1,0,0,1,1,1,1,1,1,1,1,1,1,0,1,0,0,0,1,1,0,True,20260911,5000,artifact/task-cluster percentile 95%; degenerate intervals are not population certainty
CODE,two_stage_32k_shared_prefix_scorer,Qwen/Qwen3-30B-A3B-Thinking-2507,144afc2f379b542fdd4e85a1fcd5e1f79112d95d,native_reason_then_score,explicit,bare,smoke,all_valid,code_acceptance,all_pass,2,2,0,2,0,1,2,1,1,0,2,0,0,,0,,,0,,0,,,0,,0,,,0,1,1,,True,20260911,5000,artifact/task-cluster percentile 95%; degenerate intervals are not population certainty
CODE,two_stage_32k_shared_prefix_scorer,Qwen/Qwen3-30B-A3B-Thinking-2507,144afc2f379b542fdd4e85a1fcd5e1f79112d95d,native_reason_then_score,explicit,bare,smoke,all_valid,code_acceptance,all_fail,0,0,0,0,0,,0,,,,0,,,,0,,,0,,0,,,0,,0,,,0,,,,True,20260911,5000,artifact/task-cluster percentile 95%; degenerate intervals are not population certainty
CODE,two_stage_32k_shared_prefix_scorer,Qwen/Qwen3-30B-A3B-Thinking-2507,144afc2f379b542fdd4e85a1fcd5e1f79112d95d,native_reason_then_score,explicit,bare,smoke,all_valid,code_acceptance,partial,0,0,0,0,0,,0,,,,0,,,,0,,,0,,0,,,0,,0,,,0,,,,True,20260911,5000,artifact/task-cluster percentile 95%; degenerate intervals are not population certainty
CODE,two_stage_32k_shared_prefix_scorer,Qwen/Qwen3-30B-A3B-Thinking-2507,144afc2f379b542fdd4e85a1fcd5e1f79112d95d,native_reason_then_score,explicit,whitespace_union,main,all_valid,ALL,all,80,80,54,26,0,0.95833333333333337,80,0.92638888888888893,0.98472222222222217,0.3125,80,0.074999999999999997,0.61250000000000004,0.98148148148148151,54,0.94444444444444442,1,53,0.96296296296296291,54,0.90740740740740744,1,52,0.018518518518518517,54,0,0.055555555555555552,1,0.98750000000000004,0.97499999999999998,0.018867924528301886,True,20260911,5000,artifact/task-cluster percentile 95%; degenerate intervals are not population certainty
CODE,two_stage_32k_shared_prefix_scorer,Qwen/Qwen3-30B-A3B-Thinking-2507,144afc2f379b542fdd4e85a1fcd5e1f79112d95d,native_reason_then_score,explicit,whitespace_union,main,all_valid,ALL,nontrivial,54,54,54,0,0,0.94855967078189296,54,0.90534979423868311,0.98353909465020584,0.35185185185185186,54,0.037037037037037035,0.7407407407407407,0.98148148148148151,54,0.94444444444444442,1,53,0.96296296296296291,54,0.90740740740740744,1,52,0.018518518518518517,54,0,0.055555555555555552,1,0.98148148148148151,0.96296296296296291,0.018867924528301886,True,20260911,5000,artifact/task-cluster percentile 95%; degenerate intervals are not population certainty
CODE,two_stage_32k_shared_prefix_scorer,Qwen/Qwen3-30B-A3B-Thinking-2507,144afc2f379b542fdd4e85a1fcd5e1f79112d95d,native_reason_then_score,explicit,whitespace_union,main,all_valid,ALL,all_pass,26,26,0,26,0,0.9786324786324786,26,0.9358974358974359,1,0.23076923076923078,26,0,0.69230769230769229,,0,,,0,,0,,,0,,0,,,0,1,1,,True,20260911,5000,artifact/task-cluster percentile 95%; degenerate intervals are not population certainty
CODE,two_stage_32k_shared_prefix_scorer,Qwen/Qwen3-30B-A3B-Thinking-2507,144afc2f379b542fdd4e85a1fcd5e1f79112d95d,native_reason_then_score,explicit,whitespace_union,main,all_valid,ALL,all_fail,0,0,0,0,0,,0,,,,0,,,,0,,,0,,0,,,0,,0,,,0,,,,True,20260911,5000,artifact/task-cluster percentile 95%; degenerate intervals are not population certainty
CODE,two_stage_32k_shared_prefix_scorer,Qwen/Qwen3-30B-A3B-Thinking-2507,144afc2f379b542fdd4e85a1fcd5e1f79112d95d,native_reason_then_score,explicit,whitespace_union,main,all_valid,ALL,partial,23,23,23,0,0,0.9903381642512078,23,0.97584541062801944,1,0.2608695652173913,23,0,0.78260869565217395,0.95652173913043481,23,0.86956521739130432,1,22,0.91304347826086951,23,0.78260869565217395,1,21,0.043478260869565216,23,0,0.13043478260869565,1,0.95652173913043481,0.91304347826086951,0.045454545454545456,True,20260911,5000,artifact/task-cluster percentile 95%; degenerate intervals are not population certainty
CODE,two_stage_32k_shared_prefix_scorer,Qwen/Qwen3-30B-A3B-Thinking-2507,144afc2f379b542fdd4e85a1fcd5e1f79112d95d,native_reason_then_score,explicit,whitespace_union,main,all_valid,code_acceptance,all,80,80,54,26,0,0.95833333333333337,80,0.92638888888888893,0.98472222222222217,0.3125,80,0.074999999999999997,0.61250000000000004,0.98148148148148151,54,0.94444444444444442,1,53,0.96296296296296291,54,0.90740740740740744,1,52,0.018518518518518517,54,0,0.055555555555555552,1,0.98750000000000004,0.97499999999999998,0.018867924528301886,True,20260911,5000,artifact/task-cluster percentile 95%; degenerate intervals are not population certainty
CODE,two_stage_32k_shared_prefix_scorer,Qwen/Qwen3-30B-A3B-Thinking-2507,144afc2f379b542fdd4e85a1fcd5e1f79112d95d,native_reason_then_score,explicit,whitespace_union,main,all_valid,code_acceptance,nontrivial,54,54,54,0,0,0.94855967078189296,54,0.90534979423868311,0.98353909465020584,0.35185185185185186,54,0.037037037037037035,0.7407407407407407,0.98148148148148151,54,0.94444444444444442,1,53,0.96296296296296291,54,0.90740740740740744,1,52,0.018518518518518517,54,0,0.055555555555555552,1,0.98148148148148151,0.96296296296296291,0.018867924528301886,True,20260911,5000,artifact/task-cluster percentile 95%; degenerate intervals are not population certainty
CODE,two_stage_32k_shared_prefix_scorer,Qwen/Qwen3-30B-A3B-Thinking-2507,144afc2f379b542fdd4e85a1fcd5e1f79112d95d,native_reason_then_score,explicit,whitespace_union,main,all_valid,code_acceptance,all_pass,26,26,0,26,0,0.9786324786324786,26,0.9358974358974359,1,0.23076923076923078,26,0,0.69230769230769229,,0,,,0,,0,,,0,,0,,,0,1,1,,True,20260911,5000,artifact/task-cluster percentile 95%; degenerate intervals are not population certainty
CODE,two_stage_32k_shared_prefix_scorer,Qwen/Qwen3-30B-A3B-Thinking-2507,144afc2f379b542fdd4e85a1fcd5e1f79112d95d,native_reason_then_score,explicit,whitespace_union,main,all_valid,code_acceptance,all_fail,0,0,0,0,0,,0,,,,0,,,,0,,,0,,0,,,0,,0,,,0,,,,True,20260911,5000,artifact/task-cluster percentile 95%; degenerate intervals are not population certainty
CODE,two_stage_32k_shared_prefix_scorer,Qwen/Qwen3-30B-A3B-Thinking-2507,144afc2f379b542fdd4e85a1fcd5e1f79112d95d,native_reason_then_score,explicit,whitespace_union,main,all_valid,code_acceptance,partial,23,23,23,0,0,0.9903381642512078,23,0.97584541062801944,1,0.2608695652173913,23,0,0.78260869565217395,0.95652173913043481,23,0.86956521739130432,1,22,0.91304347826086951,23,0.78260869565217395,1,21,0.043478260869565216,23,0,0.13043478260869565,1,0.95652173913043481,0.91304347826086951,0.045454545454545456,True,20260911,5000,artifact/task-cluster percentile 95%; degenerate intervals are not population certainty
CODE,two_stage_32k_shared_prefix_scorer,Qwen/Qwen3-30B-A3B-Thinking-2507,144afc2f379b542fdd4e85a1fcd5e1f79112d95d,native_reason_then_score,explicit,whitespace_union,smoke,all_valid,ALL,all,3,3,1,2,0,0.96296296296296291,3,0.88888888888888884,1,0,3,0,0,1,1,1,1,1,1,1,1,1,1,0,1,0,0,0,1,1,0,True,20260911,5000,artifact/task-cluster percentile 95%; degenerate intervals are not population certainty
CODE,two_stage_32k_shared_prefix_scorer,Qwen/Qwen3-30B-A3B-Thinking-2507,144afc2f379b542fdd4e85a1fcd5e1f79112d95d,native_reason_then_score,explicit,whitespace_union,smoke,all_valid,ALL,nontrivial,1,1,1,0,0,0.88888888888888884,1,0.88888888888888884,0.88888888888888884,0,1,0,0,1,1,1,1,1,1,1,1,1,1,0,1,0,0,0,1,1,0,True,20260911,5000,artifact/task-cluster percentile 95%; degenerate intervals are not population certainty
CODE,two_stage_32k_shared_prefix_scorer,Qwen/Qwen3-30B-A3B-Thinking-2507,144afc2f379b542fdd4e85a1fcd5e1f79112d95d,native_reason_then_score,explicit,whitespace_union,smoke,all_valid,ALL,all_pass,2,2,0,2,0,1,2,1,1,0,2,0,0,,0,,,0,,0,,,0,,0,,,0,1,1,,True,20260911,5000,artifact/task-cluster percentile 95%; degenerate intervals are not population certainty
CODE,two_stage_32k_shared_prefix_scorer,Qwen/Qwen3-30B-A3B-Thinking-2507,144afc2f379b542fdd4e85a1fcd5e1f79112d95d,native_reason_then_score,explicit,whitespace_union,smoke,all_valid,ALL,all_fail,0,0,0,0,0,,0,,,,0,,,,0,,,0,,0,,,0,,0,,,0,,,,True,20260911,5000,artifact/task-cluster percentile 95%; degenerate intervals are not population certainty
CODE,two_stage_32k_shared_prefix_scorer,Qwen/Qwen3-30B-A3B-Thinking-2507,144afc2f379b542fdd4e85a1fcd5e1f79112d95d,native_reason_then_score,explicit,whitespace_union,smoke,all_valid,ALL,partial,0,0,0,0,0,,0,,,,0,,,,0,,,0,,0,,,0,,0,,,0,,,,True,20260911,5000,artifact/task-cluster percentile 95%; degenerate intervals are not population certainty
CODE,two_stage_32k_shared_prefix_scorer,Qwen/Qwen3-30B-A3B-Thinking-2507,144afc2f379b542fdd4e85a1fcd5e1f79112d95d,native_reason_then_score,explicit,whitespace_union,smoke,all_valid,code_acceptance,all,3,3,1,2,0,0.96296296296296291,3,0.88888888888888884,1,0,3,0,0,1,1,1,1,1,1,1,1,1,1,0,1,0,0,0,1,1,0,True,20260911,5000,artifact/task-cluster percentile 95%; degenerate intervals are not population certainty
CODE,two_stage_32k_shared_prefix_scorer,Qwen/Qwen3-30B-A3B-Thinking-2507,144afc2f379b542fdd4e85a1fcd5e1f79112d95d,native_reason_then_score,explicit,whitespace_union,smoke,all_valid,code_acceptance,nontrivial,1,1,1,0,0,0.88888888888888884,1,0.88888888888888884,0.88888888888888884,0,1,0,0,1,1,1,1,1,1,1,1,1,1,0,1,0,0,0,1,1,0,True,20260911,5000,artifact/task-cluster percentile 95%; degenerate intervals are not population certainty
CODE,two_stage_32k_shared_prefix_scorer,Qwen/Qwen3-30B-A3B-Thinking-2507,144afc2f379b542fdd4e85a1fcd5e1f79112d95d,native_reason_then_score,explicit,whitespace_union,smoke,all_valid,code_acceptance,all_pass,2,2,0,2,0,1,2,1,1,0,2,0,0,,0,,,0,,0,,,0,,0,,,0,1,1,,True,20260911,5000,artifact/task-cluster percentile 95%; degenerate intervals are not population certainty
CODE,two_stage_32k_shared_prefix_scorer,Qwen/Qwen3-30B-A3B-Thinking-2507,144afc2f379b542fdd4e85a1fcd5e1f79112d95d,native_reason_then_score,explicit,whitespace_union,smoke,all_valid,code_acceptance,all_fail,0,0,0,0,0,,0,,,,0,,,,0,,,0,,0,,,0,,0,,,0,,,,True,20260911,5000,artifact/task-cluster percentile 95%; degenerate intervals are not population certainty
CODE,two_stage_32k_shared_prefix_scorer,Qwen/Qwen3-30B-A3B-Thinking-2507,144afc2f379b542fdd4e85a1fcd5e1f79112d95d,native_reason_then_score,explicit,whitespace_union,smoke,all_valid,code_acceptance,partial,0,0,0,0,0,,0,,,,0,,,,0,,,0,,0,,,0,,0,,,0,,,,True,20260911,5000,artifact/task-cluster percentile 95%; degenerate intervals are not population certainty
CODE,two_stage_32k_shared_prefix_scorer,Qwen/Qwen3-30B-A3B-Thinking-2507,144afc2f379b542fdd4e85a1fcd5e1f79112d95d,native_reason_then_score,original,bare,main,all_valid,ALL,all,80,78,53,25,0,0.95584045584045563,78,0.91737891737891741,0.98717948717948723,0.42307692307692307,78,0.14102564102564102,0.7823717948717902,0.96226415094339623,53,0.90566037735849059,1,51,0.96226415094339623,53,0.90566037735849059,1,51,0,53,0,0,0,0.97435897435897434,0.97435897435897434,0,True,20260911,5000,artifact/task-cluster percentile 95%; degenerate intervals are not population certainty
CODE,two_stage_32k_shared_prefix_scorer,Qwen/Qwen3-30B-A3B-Thinking-2507,144afc2f379b542fdd4e85a1fcd5e1f79112d95d,native_reason_then_score,original,bare,main,all_valid,ALL,nontrivial,54,53,53,0,0,0.93920335429769397,53,0.88050314465408797,0.9853249475890985,0.52830188679245282,53,0.13207547169811321,1.0377358490566038,0.96226415094339623,53,0.90566037735849059,1,51,0.96226415094339623,53,0.90566037735849059,1,51,0,53,0,0,0,0.96226415094339623,0.96226415094339623,0,True,20260911,5000,artifact/task-cluster percentile 95%; degenerate intervals are not population certainty
CODE,two_stage_32k_shared_prefix_scorer,Qwen/Qwen3-30B-A3B-Thinking-2507,144afc2f379b542fdd4e85a1fcd5e1f79112d95d,native_reason_then_score,original,bare,main,all_valid,ALL,all_pass,26,25,0,25,0,0.99111111111111116,25,0.97777777777777775,1,0.20000000000000001,25,0,0.56000000000000005,,0,,,0,,0,,,0,,0,,,0,1,1,,True,20260911,5000,artifact/task-cluster percentile 95%; degenerate intervals are not population certainty
CODE,two_stage_32k_shared_prefix_scorer,Qwen/Qwen3-30B-A3B-Thinking-2507,144afc2f379b542fdd4e85a1fcd5e1f79112d95d,native_reason_then_score,original,bare,main,all_valid,ALL,all_fail,0,0,0,0,0,,0,,,,0,,,,0,,,0,,0,,,0,,0,,,0,,,,True,20260911,5000,artifact/task-cluster percentile 95%; degenerate intervals are not population certainty
CODE,two_stage_32k_shared_prefix_scorer,Qwen/Qwen3-30B-A3B-Thinking-2507,144afc2f379b542fdd4e85a1fcd5e1f79112d95d,native_reason_then_score,original,bare,main,all_valid,ALL,partial,23,23,23,0,0,0.98067632850241548,23,0.95652173913043481,1,0.13043478260869565,23,0,0.2619565217391146,0.91304347826086951,23,0.78260869565217395,1,21,0.91304347826086951,23,0.78260869565217395,1,21,0,23,0,0,0,0.91304347826086951,0.91304347826086951,0,True,20260911,5000,artifact/task-cluster percentile 95%; degenerate intervals are not population certainty
CODE,two_stage_32k_shared_prefix_scorer,Qwen/Qwen3-30B-A3B-Thinking-2507,144afc2f379b542fdd4e85a1fcd5e1f79112d95d,native_reason_then_score,original,bare,main,all_valid,code_acceptance,all,80,78,53,25,0,0.95584045584045563,78,0.91737891737891741,0.98717948717948723,0.42307692307692307,78,0.14102564102564102,0.7823717948717902,0.96226415094339623,53,0.90566037735849059,1,51,0.96226415094339623,53,0.90566037735849059,1,51,0,53,0,0,0,0.97435897435897434,0.97435897435897434,0,True,20260911,5000,artifact/task-cluster percentile 95%; degenerate intervals are not population certainty
CODE,two_stage_32k_shared_prefix_scorer,Qwen/Qwen3-30B-A3B-Thinking-2507,144afc2f379b542fdd4e85a1fcd5e1f79112d95d,native_reason_then_score,original,bare,main,all_valid,code_acceptance,nontrivial,54,53,53,0,0,0.93920335429769397,53,0.88050314465408797,0.9853249475890985,0.52830188679245282,53,0.13207547169811321,1.0377358490566038,0.96226415094339623,53,0.90566037735849059,1,51,0.96226415094339623,53,0.90566037735849059,1,51,0,53,0,0,0,0.96226415094339623,0.96226415094339623,0,True,20260911,5000,artifact/task-cluster percentile 95%; degenerate intervals are not population certainty
CODE,two_stage_32k_shared_prefix_scorer,Qwen/Qwen3-30B-A3B-Thinking-2507,144afc2f379b542fdd4e85a1fcd5e1f79112d95d,native_reason_then_score,original,bare,main,all_valid,code_acceptance,all_pass,26,25,0,25,0,0.99111111111111116,25,0.97777777777777775,1,0.20000000000000001,25,0,0.56000000000000005,,0,,,0,,0,,,0,,0,,,0,1,1,,True,20260911,5000,artifact/task-cluster percentile 95%; degenerate intervals are not population certainty
CODE,two_stage_32k_shared_prefix_scorer,Qwen/Qwen3-30B-A3B-Thinking-2507,144afc2f379b542fdd4e85a1fcd5e1f79112d95d,native_reason_then_score,original,bare,main,all_valid,code_acceptance,all_fail,0,0,0,0,0,,0,,,,0,,,,0,,,0,,0,,,0,,0,,,0,,,,True,20260911,5000,artifact/task-cluster percentile 95%; degenerate intervals are not population certainty
CODE,two_stage_32k_shared_prefix_scorer,Qwen/Qwen3-30B-A3B-Thinking-2507,144afc2f379b542fdd4e85a1fcd5e1f79112d95d,native_reason_then_score,original,bare,main,all_valid,code_acceptance,partial,23,23,23,0,0,0.98067632850241548,23,0.95652173913043481,1,0.13043478260869565,23,0,0.2619565217391146,0.91304347826086951,23,0.78260869565217395,1,21,0.91304347826086951,23,0.78260869565217395,1,21,0,23,0,0,0,0.91304347826086951,0.91304347826086951,0,True,20260911,5000,artifact/task-cluster percentile 95%; degenerate intervals are not population certainty
CODE,two_stage_32k_shared_prefix_scorer,Qwen/Qwen3-30B-A3B-Thinking-2507,144afc2f379b542fdd4e85a1fcd5e1f79112d95d,native_reason_then_score,original,bare,smoke,all_valid,ALL,all,3,2,1,1,0,1,2,1,1,0,2,0,0,1,1,1,1,1,1,1,1,1,1,0,1,0,0,0,1,1,0,True,20260911,5000,artifact/task-cluster percentile 95%; degenerate intervals are not population certainty
CODE,two_stage_32k_shared_prefix_scorer,Qwen/Qwen3-30B-A3B-Thinking-2507,144afc2f379b542fdd4e85a1fcd5e1f79112d95d,native_reason_then_score,original,bare,smoke,all_valid,ALL,nontrivial,1,1,1,0,0,1,1,1,1,0,1,0,0,1,1,1,1,1,1,1,1,1,1,0,1,0,0,0,1,1,0,True,20260911,5000,artifact/task-cluster percentile 95%; degenerate intervals are not population certainty
CODE,two_stage_32k_shared_prefix_scorer,Qwen/Qwen3-30B-A3B-Thinking-2507,144afc2f379b542fdd4e85a1fcd5e1f79112d95d,native_reason_then_score,original,bare,smoke,all_valid,ALL,all_pass,2,1,0,1,0,1,1,1,1,0,1,0,0,,0,,,0,,0,,,0,,0,,,0,1,1,,True,20260911,5000,artifact/task-cluster percentile 95%; degenerate intervals are not population certainty
CODE,two_stage_32k_shared_prefix_scorer,Qwen/Qwen3-30B-A3B-Thinking-2507,144afc2f379b542fdd4e85a1fcd5e1f79112d95d,native_reason_then_score,original,bare,smoke,all_valid,ALL,all_fail,0,0,0,0,0,,0,,,,0,,,,0,,,0,,0,,,0,,0,,,0,,,,True,20260911,5000,artifact/task-cluster percentile 95%; degenerate intervals are not population certainty
CODE,two_stage_32k_shared_prefix_scorer,Qwen/Qwen3-30B-A3B-Thinking-2507,144afc2f379b542fdd4e85a1fcd5e1f79112d95d,native_reason_then_score,original,bare,smoke,all_valid,ALL,partial,0,0,0,0,0,,0,,,,0,,,,0,,,0,,0,,,0,,0,,,0,,,,True,20260911,5000,artifact/task-cluster percentile 95%; degenerate intervals are not population certainty
CODE,two_stage_32k_shared_prefix_scorer,Qwen/Qwen3-30B-A3B-Thinking-2507,144afc2f379b542fdd4e85a1fcd5e1f79112d95d,native_reason_then_score,original,bare,smoke,all_valid,code_acceptance,all,3,2,1,1,0,1,2,1,1,0,2,0,0,1,1,1,1,1,1,1,1,1,1,0,1,0,0,0,1,1,0,True,20260911,5000,artifact/task-cluster percentile 95%; degenerate intervals are not population certainty
CODE,two_stage_32k_shared_prefix_scorer,Qwen/Qwen3-30B-A3B-Thinking-2507,144afc2f379b542fdd4e85a1fcd5e1f79112d95d,native_reason_then_score,original,bare,smoke,all_valid,code_acceptance,nontrivial,1,1,1,0,0,1,1,1,1,0,1,0,0,1,1,1,1,1,1,1,1,1,1,0,1,0,0,0,1,1,0,True,20260911,5000,artifact/task-cluster percentile 95%; degenerate intervals are not population certainty
CODE,two_stage_32k_shared_prefix_scorer,Qwen/Qwen3-30B-A3B-Thinking-2507,144afc2f379b542fdd4e85a1fcd5e1f79112d95d,native_reason_then_score,original,bare,smoke,all_valid,code_acceptance,all_pass,2,1,0,1,0,1,1,1,1,0,1,0,0,,0,,,0,,0,,,0,,0,,,0,1,1,,True,20260911,5000,artifact/task-cluster percentile 95%; degenerate intervals are not population certainty
CODE,two_stage_32k_shared_prefix_scorer,Qwen/Qwen3-30B-A3B-Thinking-2507,144afc2f379b542fdd4e85a1fcd5e1f79112d95d,native_reason_then_score,original,bare,smoke,all_valid,code_acceptance,all_fail,0,0,0,0,0,,0,,,,0,,,,0,,,0,,0,,,0,,0,,,0,,,,True,20260911,5000,artifact/task-cluster percentile 95%; degenerate intervals are not population certainty
CODE,two_stage_32k_shared_prefix_scorer,Qwen/Qwen3-30B-A3B-Thinking-2507,144afc2f379b542fdd4e85a1fcd5e1f79112d95d,native_reason_then_score,original,bare,smoke,all_valid,code_acceptance,partial,0,0,0,0,0,,0,,,,0,,,,0,,,0,,0,,,0,,0,,,0,,,,True,20260911,5000,artifact/task-cluster percentile 95%; degenerate intervals are not population certainty
CODE,two_stage_32k_shared_prefix_scorer,Qwen/Qwen3-30B-A3B-Thinking-2507,144afc2f379b542fdd4e85a1fcd5e1f79112d95d,native_reason_then_score,original,whitespace_union,main,all_valid,ALL,all,80,78,53,25,0,0.95584045584045563,78,0.91737891737891741,0.98717948717948723,0.42307692307692307,78,0.14102564102564102,0.7823717948717902,0.96226415094339623,53,0.90566037735849059,1,51,0.96226415094339623,53,0.90566037735849059,1,51,0,53,0,0,0,0.97435897435897434,0.97435897435897434,0,True,20260911,5000,artifact/task-cluster percentile 95%; degenerate intervals are not population certainty
CODE,two_stage_32k_shared_prefix_scorer,Qwen/Qwen3-30B-A3B-Thinking-2507,144afc2f379b542fdd4e85a1fcd5e1f79112d95d,native_reason_then_score,original,whitespace_union,main,all_valid,ALL,nontrivial,54,53,53,0,0,0.93920335429769397,53,0.88050314465408797,0.9853249475890985,0.52830188679245282,53,0.13207547169811321,1.0377358490566038,0.96226415094339623,53,0.90566037735849059,1,51,0.96226415094339623,53,0.90566037735849059,1,51,0,53,0,0,0,0.96226415094339623,0.96226415094339623,0,True,20260911,5000,artifact/task-cluster percentile 95%; degenerate intervals are not population certainty
CODE,two_stage_32k_shared_prefix_scorer,Qwen/Qwen3-30B-A3B-Thinking-2507,144afc2f379b542fdd4e85a1fcd5e1f79112d95d,native_reason_then_score,original,whitespace_union,main,all_valid,ALL,all_pass,26,25,0,25,0,0.99111111111111116,25,0.97777777777777775,1,0.20000000000000001,25,0,0.56000000000000005,,0,,,0,,0,,,0,,0,,,0,1,1,,True,20260911,5000,artifact/task-cluster percentile 95%; degenerate intervals are not population certainty
CODE,two_stage_32k_shared_prefix_scorer,Qwen/Qwen3-30B-A3B-Thinking-2507,144afc2f379b542fdd4e85a1fcd5e1f79112d95d,native_reason_then_score,original,whitespace_union,main,all_valid,ALL,all_fail,0,0,0,0,0,,0,,,,0,,,,0,,,0,,0,,,0,,0,,,0,,,,True,20260911,5000,artifact/task-cluster percentile 95%; degenerate intervals are not population certainty
CODE,two_stage_32k_shared_prefix_scorer,Qwen/Qwen3-30B-A3B-Thinking-2507,144afc2f379b542fdd4e85a1fcd5e1f79112d95d,native_reason_then_score,original,whitespace_union,main,all_valid,ALL,partial,23,23,23,0,0,0.98067632850241548,23,0.95652173913043481,1,0.13043478260869565,23,0,0.2619565217391146,0.91304347826086951,23,0.78260869565217395,1,21,0.91304347826086951,23,0.78260869565217395,1,21,0,23,0,0,0,0.91304347826086951,0.91304347826086951,0,True,20260911,5000,artifact/task-cluster percentile 95%; degenerate intervals are not population certainty
CODE,two_stage_32k_shared_prefix_scorer,Qwen/Qwen3-30B-A3B-Thinking-2507,144afc2f379b542fdd4e85a1fcd5e1f79112d95d,native_reason_then_score,original,whitespace_union,main,all_valid,code_acceptance,all,80,78,53,25,0,0.95584045584045563,78,0.91737891737891741,0.98717948717948723,0.42307692307692307,78,0.14102564102564102,0.7823717948717902,0.96226415094339623,53,0.90566037735849059,1,51,0.96226415094339623,53,0.90566037735849059,1,51,0,53,0,0,0,0.97435897435897434,0.97435897435897434,0,True,20260911,5000,artifact/task-cluster percentile 95%; degenerate intervals are not population certainty
CODE,two_stage_32k_shared_prefix_scorer,Qwen/Qwen3-30B-A3B-Thinking-2507,144afc2f379b542fdd4e85a1fcd5e1f79112d95d,native_reason_then_score,original,whitespace_union,main,all_valid,code_acceptance,nontrivial,54,53,53,0,0,0.93920335429769397,53,0.88050314465408797,0.9853249475890985,0.52830188679245282,53,0.13207547169811321,1.0377358490566038,0.96226415094339623,53,0.90566037735849059,1,51,0.96226415094339623,53,0.90566037735849059,1,51,0,53,0,0,0,0.96226415094339623,0.96226415094339623,0,True,20260911,5000,artifact/task-cluster percentile 95%; degenerate intervals are not population certainty
CODE,two_stage_32k_shared_prefix_scorer,Qwen/Qwen3-30B-A3B-Thinking-2507,144afc2f379b542fdd4e85a1fcd5e1f79112d95d,native_reason_then_score,original,whitespace_union,main,all_valid,code_acceptance,all_pass,26,25,0,25,0,0.99111111111111116,25,0.97777777777777775,1,0.20000000000000001,25,0,0.56000000000000005,,0,,,0,,0,,,0,,0,,,0,1,1,,True,20260911,5000,artifact/task-cluster percentile 95%; degenerate intervals are not population certainty
CODE,two_stage_32k_shared_prefix_scorer,Qwen/Qwen3-30B-A3B-Thinking-2507,144afc2f379b542fdd4e85a1fcd5e1f79112d95d,native_reason_then_score,original,whitespace_union,main,all_valid,code_acceptance,all_fail,0,0,0,0,0,,0,,,,0,,,,0,,,0,,0,,,0,,0,,,0,,,,True,20260911,5000,artifact/task-cluster percentile 95%; degenerate intervals are not population certainty
CODE,two_stage_32k_shared_prefix_scorer,Qwen/Qwen3-30B-A3B-Thinking-2507,144afc2f379b542fdd4e85a1fcd5e1f79112d95d,native_reason_then_score,original,whitespace_union,main,all_valid,code_acceptance,partial,23,23,23,0,0,0.98067632850241548,23,0.95652173913043481,1,0.13043478260869565,23,0,0.2619565217391146,0.91304347826086951,23,0.78260869565217395,1,21,0.91304347826086951,23,0.78260869565217395,1,21,0,23,0,0,0,0.91304347826086951,0.91304347826086951,0,True,20260911,5000,artifact/task-cluster percentile 95%; degenerate intervals are not population certainty
CODE,two_stage_32k_shared_prefix_scorer,Qwen/Qwen3-30B-A3B-Thinking-2507,144afc2f379b542fdd4e85a1fcd5e1f79112d95d,native_reason_then_score,original,whitespace_union,smoke,all_valid,ALL,all,3,2,1,1,0,1,2,1,1,0,2,0,0,1,1,1,1,1,1,1,1,1,1,0,1,0,0,0,1,1,0,True,20260911,5000,artifact/task-cluster percentile 95%; degenerate intervals are not population certainty
CODE,two_stage_32k_shared_prefix_scorer,Qwen/Qwen3-30B-A3B-Thinking-2507,144afc2f379b542fdd4e85a1fcd5e1f79112d95d,native_reason_then_score,original,whitespace_union,smoke,all_valid,ALL,nontrivial,1,1,1,0,0,1,1,1,1,0,1,0,0,1,1,1,1,1,1,1,1,1,1,0,1,0,0,0,1,1,0,True,20260911,5000,artifact/task-cluster percentile 95%; degenerate intervals are not population certainty
CODE,two_stage_32k_shared_prefix_scorer,Qwen/Qwen3-30B-A3B-Thinking-2507,144afc2f379b542fdd4e85a1fcd5e1f79112d95d,native_reason_then_score,original,whitespace_union,smoke,all_valid,ALL,all_pass,2,1,0,1,0,1,1,1,1,0,1,0,0,,0,,,0,,0,,,0,,0,,,0,1,1,,True,20260911,5000,artifact/task-cluster percentile 95%; degenerate intervals are not population certainty
CODE,two_stage_32k_shared_prefix_scorer,Qwen/Qwen3-30B-A3B-Thinking-2507,144afc2f379b542fdd4e85a1fcd5e1f79112d95d,native_reason_then_score,original,whitespace_union,smoke,all_valid,ALL,all_fail,0,0,0,0,0,,0,,,,0,,,,0,,,0,,0,,,0,,0,,,0,,,,True,20260911,5000,artifact/task-cluster percentile 95%; degenerate intervals are not population certainty
CODE,two_stage_32k_shared_prefix_scorer,Qwen/Qwen3-30B-A3B-Thinking-2507,144afc2f379b542fdd4e85a1fcd5e1f79112d95d,native_reason_then_score,original,whitespace_union,smoke,all_valid,ALL,partial,0,0,0,0,0,,0,,,,0,,,,0,,,0,,0,,,0,,0,,,0,,,,True,20260911,5000,artifact/task-cluster percentile 95%; degenerate intervals are not population certainty
CODE,two_stage_32k_shared_prefix_scorer,Qwen/Qwen3-30B-A3B-Thinking-2507,144afc2f379b542fdd4e85a1fcd5e1f79112d95d,native_reason_then_score,original,whitespace_union,smoke,all_valid,code_acceptance,all,3,2,1,1,0,1,2,1,1,0,2,0,0,1,1,1,1,1,1,1,1,1,1,0,1,0,0,0,1,1,0,True,20260911,5000,artifact/task-cluster percentile 95%; degenerate intervals are not population certainty
CODE,two_stage_32k_shared_prefix_scorer,Qwen/Qwen3-30B-A3B-Thinking-2507,144afc2f379b542fdd4e85a1fcd5e1f79112d95d,native_reason_then_score,original,whitespace_union,smoke,all_valid,code_acceptance,nontrivial,1,1,1,0,0,1,1,1,1,0,1,0,0,1,1,1,1,1,1,1,1,1,1,0,1,0,0,0,1,1,0,True,20260911,5000,artifact/task-cluster percentile 95%; degenerate intervals are not population certainty
CODE,two_stage_32k_shared_prefix_scorer,Qwen/Qwen3-30B-A3B-Thinking-2507,144afc2f379b542fdd4e85a1fcd5e1f79112d95d,native_reason_then_score,original,whitespace_union,smoke,all_valid,code_acceptance,all_pass,2,1,0,1,0,1,1,1,1,0,1,0,0,,0,,,0,,0,,,0,,0,,,0,1,1,,True,20260911,5000,artifact/task-cluster percentile 95%; degenerate intervals are not population certainty
CODE,two_stage_32k_shared_prefix_scorer,Qwen/Qwen3-30B-A3B-Thinking-2507,144afc2f379b542fdd4e85a1fcd5e1f79112d95d,native_reason_then_score,original,whitespace_union,smoke,all_valid,code_acceptance,all_fail,0,0,0,0,0,,0,,,,0,,,,0,,,0,,0,,,0,,0,,,0,,,,True,20260911,5000,artifact/task-cluster percentile 95%; degenerate intervals are not population certainty
CODE,two_stage_32k_shared_prefix_scorer,Qwen/Qwen3-30B-A3B-Thinking-2507,144afc2f379b542fdd4e85a1fcd5e1f79112d95d,native_reason_then_score,original,whitespace_union,smoke,all_valid,code_acceptance,partial,0,0,0,0,0,,0,,,,0,,,,0,,,0,,0,,,0,,0,,,0,,,,True,20260911,5000,artifact/task-cluster percentile 95%; degenerate intervals are not population certainty
CODE,two_stage_32k_shared_prefix_scorer,google/gemma-2-9b-it,11c9b309abf73637e4b6f9a3fa1e92e615547819,immediate_readout,explicit,bare,main,all_valid,ALL,all,80,80,54,26,0,0.50833333333333341,80,0.43333333333333329,0.58194444444444438,3.8125,80,3.0874999999999999,4.5625,0.68518518518518523,54,0.55555555555555558,0.79629629629629628,37,0.31481481481481483,54,0.20370370370370369,0.44444444444444442,17,0.37037037037037035,54,0.24074074074074073,0.5,20,0.78749999999999998,0.53749999999999998,0.54054054054054057,True,20260911,5000,artifact/task-cluster percentile 95%; degenerate intervals are not population certainty
CODE,two_stage_32k_shared_prefix_scorer,google/gemma-2-9b-it,11c9b309abf73637e4b6f9a3fa1e92e615547819,immediate_readout,explicit,bare,main,all_valid,ALL,nontrivial,54,54,54,0,0,0.37242798353909451,54,0.30658436213991763,0.43827160493827155,4.1851851851851851,54,3.3333333333333335,5.0555555555555554,0.68518518518518523,54,0.55555555555555558,0.79629629629629628,37,0.31481481481481483,54,0.20370370370370369,0.44444444444444442,17,0.37037037037037035,54,0.24074074074074073,0.5,20,0.68518518518518523,0.31481481481481483,0.54054054054054057,True,20260911,5000,artifact/task-cluster percentile 95%; degenerate intervals are not population certainty
CODE,two_stage_32k_shared_prefix_scorer,google/gemma-2-9b-it,11c9b309abf73637e4b6f9a3fa1e92e615547819,immediate_readout,explicit,bare,main,all_valid,ALL,all_pass,26,26,0,26,0,0.79059829059829068,26,0.65811965811965811,0.91025641025641013,3.0384615384615383,26,1.7307692307692308,4.4230769230769234,,0,,,0,,0,,,0,,0,,,0,1,1,,True,20260911,5000,artifact/task-cluster percentile 95%; degenerate intervals are not population certainty
CODE,two_stage_32k_shared_prefix_scorer,google/gemma-2-9b-it,11c9b309abf73637e4b6f9a3fa1e92e615547819,immediate_readout,explicit,bare,main,all_valid,ALL,all_fail,0,0,0,0,0,,0,,,,0,,,,0,,,0,,0,,,0,,0,,,0,,,,True,20260911,5000,artifact/task-cluster percentile 95%; degenerate intervals are not population certainty
CODE,two_stage_32k_shared_prefix_scorer,google/gemma-2-9b-it,11c9b309abf73637e4b6f9a3fa1e92e615547819,immediate_readout,explicit,bare,main,all_valid,ALL,partial,23,23,23,0,0,0.45893719806763278,23,0.3671497584541063,0.55555555555555547,4.5217391304347823,23,3.5217391304347827,5.4782608695652177,0.30434782608695654,23,0.13043478260869565,0.47934782608694071,7,0.13043478260869565,23,0,0.30434782608695654,3,0.17391304347826086,23,0.043478260869565216,0.34782608695652173,4,0.30434782608695654,0.13043478260869565,0.5714285714285714,True,20260911,5000,artifact/task-cluster percentile 95%; degenerate intervals are not population certainty
CODE,two_stage_32k_shared_prefix_scorer,google/gemma-2-9b-it,11c9b309abf73637e4b6f9a3fa1e92e615547819,immediate_readout,explicit,bare,main,all_valid,code_acceptance,all,80,80,54,26,0,0.50833333333333341,80,0.43333333333333329,0.58194444444444438,3.8125,80,3.0874999999999999,4.5625,0.68518518518518523,54,0.55555555555555558,0.79629629629629628,37,0.31481481481481483,54,0.20370370370370369,0.44444444444444442,17,0.37037037037037035,54,0.24074074074074073,0.5,20,0.78749999999999998,0.53749999999999998,0.54054054054054057,True,20260911,5000,artifact/task-cluster percentile 95%; degenerate intervals are not population certainty
CODE,two_stage_32k_shared_prefix_scorer,google/gemma-2-9b-it,11c9b309abf73637e4b6f9a3fa1e92e615547819,immediate_readout,explicit,bare,main,all_valid,code_acceptance,nontrivial,54,54,54,0,0,0.37242798353909451,54,0.30658436213991763,0.43827160493827155,4.1851851851851851,54,3.3333333333333335,5.0555555555555554,0.68518518518518523,54,0.55555555555555558,0.79629629629629628,37,0.31481481481481483,54,0.20370370370370369,0.44444444444444442,17,0.37037037037037035,54,0.24074074074074073,0.5,20,0.68518518518518523,0.31481481481481483,0.54054054054054057,True,20260911,5000,artifact/task-cluster percentile 95%; degenerate intervals are not population certainty
CODE,two_stage_32k_shared_prefix_scorer,google/gemma-2-9b-it,11c9b309abf73637e4b6f9a3fa1e92e615547819,immediate_readout,explicit,bare,main,all_valid,code_acceptance,all_pass,26,26,0,26,0,0.79059829059829068,26,0.65811965811965811,0.91025641025641013,3.0384615384615383,26,1.7307692307692308,4.4230769230769234,,0,,,0,,0,,,0,,0,,,0,1,1,,True,20260911,5000,artifact/task-cluster percentile 95%; degenerate intervals are not population certainty
CODE,two_stage_32k_shared_prefix_scorer,google/gemma-2-9b-it,11c9b309abf73637e4b6f9a3fa1e92e615547819,immediate_readout,explicit,bare,main,all_valid,code_acceptance,all_fail,0,0,0,0,0,,0,,,,0,,,,0,,,0,,0,,,0,,0,,,0,,,,True,20260911,5000,artifact/task-cluster percentile 95%; degenerate intervals are not population certainty
CODE,two_stage_32k_shared_prefix_scorer,google/gemma-2-9b-it,11c9b309abf73637e4b6f9a3fa1e92e615547819,immediate_readout,explicit,bare,main,all_valid,code_acceptance,partial,23,23,23,0,0,0.45893719806763278,23,0.3671497584541063,0.55555555555555547,4.5217391304347823,23,3.5217391304347827,5.4782608695652177,0.30434782608695654,23,0.13043478260869565,0.47934782608694071,7,0.13043478260869565,23,0,0.30434782608695654,3,0.17391304347826086,23,0.043478260869565216,0.34782608695652173,4,0.30434782608695654,0.13043478260869565,0.5714285714285714,True,20260911,5000,artifact/task-cluster percentile 95%; degenerate intervals are not population certainty
CODE,two_stage_32k_shared_prefix_scorer,google/gemma-2-9b-it,11c9b309abf73637e4b6f9a3fa1e92e615547819,immediate_readout,explicit,bare,smoke,all_valid,ALL,all,3,3,1,2,0,0.70370370370370372,3,0.1111111111111111,1,2.6666666666666665,3,0,8,1,1,1,1,1,1,1,1,1,1,0,1,0,0,0,1,1,0,True,20260911,5000,artifact/task-cluster percentile 95%; degenerate intervals are not population certainty
CODE,two_stage_32k_shared_prefix_scorer,google/gemma-2-9b-it,11c9b309abf73637e4b6f9a3fa1e92e615547819,immediate_readout,explicit,bare,smoke,all_valid,ALL,nontrivial,1,1,1,0,0,1,1,1,1,0,1,0,0,1,1,1,1,1,1,1,1,1,1,0,1,0,0,0,1,1,0,True,20260911,5000,artifact/task-cluster percentile 95%; degenerate intervals are not population certainty
CODE,two_stage_32k_shared_prefix_scorer,google/gemma-2-9b-it,11c9b309abf73637e4b6f9a3fa1e92e615547819,immediate_readout,explicit,bare,smoke,all_valid,ALL,all_pass,2,2,0,2,0,0.55555555555555558,2,0.1111111111111111,1,4,2,0,8,,0,,,0,,0,,,0,,0,,,0,1,1,,True,20260911,5000,artifact/task-cluster percentile 95%; degenerate intervals are not population certainty
CODE,two_stage_32k_shared_prefix_scorer,google/gemma-2-9b-it,11c9b309abf73637e4b6f9a3fa1e92e615547819,immediate_readout,explicit,bare,smoke,all_valid,ALL,all_fail,0,0,0,0,0,,0,,,,0,,,,0,,,0,,0,,,0,,0,,,0,,,,True,20260911,5000,artifact/task-cluster percentile 95%; degenerate intervals are not population certainty
CODE,two_stage_32k_shared_prefix_scorer,google/gemma-2-9b-it,11c9b309abf73637e4b6f9a3fa1e92e615547819,immediate_readout,explicit,bare,smoke,all_valid,ALL,partial,0,0,0,0,0,,0,,,,0,,,,0,,,0,,0,,,0,,0,,,0,,,,True,20260911,5000,artifact/task-cluster percentile 95%; degenerate intervals are not population certainty
CODE,two_stage_32k_shared_prefix_scorer,google/gemma-2-9b-it,11c9b309abf73637e4b6f9a3fa1e92e615547819,immediate_readout,explicit,bare,smoke,all_valid,code_acceptance,all,3,3,1,2,0,0.70370370370370372,3,0.1111111111111111,1,2.6666666666666665,3,0,8,1,1,1,1,1,1,1,1,1,1,0,1,0,0,0,1,1,0,True,20260911,5000,artifact/task-cluster percentile 95%; degenerate intervals are not population certainty
CODE,two_stage_32k_shared_prefix_scorer,google/gemma-2-9b-it,11c9b309abf73637e4b6f9a3fa1e92e615547819,immediate_readout,explicit,bare,smoke,all_valid,code_acceptance,nontrivial,1,1,1,0,0,1,1,1,1,0,1,0,0,1,1,1,1,1,1,1,1,1,1,0,1,0,0,0,1,1,0,True,20260911,5000,artifact/task-cluster percentile 95%; degenerate intervals are not population certainty
CODE,two_stage_32k_shared_prefix_scorer,google/gemma-2-9b-it,11c9b309abf73637e4b6f9a3fa1e92e615547819,immediate_readout,explicit,bare,smoke,all_valid,code_acceptance,all_pass,2,2,0,2,0,0.55555555555555558,2,0.1111111111111111,1,4,2,0,8,,0,,,0,,0,,,0,,0,,,0,1,1,,True,20260911,5000,artifact/task-cluster percentile 95%; degenerate intervals are not population certainty
CODE,two_stage_32k_shared_prefix_scorer,google/gemma-2-9b-it,11c9b309abf73637e4b6f9a3fa1e92e615547819,immediate_readout,explicit,bare,smoke,all_valid,code_acceptance,all_fail,0,0,0,0,0,,0,,,,0,,,,0,,,0,,0,,,0,,0,,,0,,,,True,20260911,5000,artifact/task-cluster percentile 95%; degenerate intervals are not population certainty
CODE,two_stage_32k_shared_prefix_scorer,google/gemma-2-9b-it,11c9b309abf73637e4b6f9a3fa1e92e615547819,immediate_readout,explicit,bare,smoke,all_valid,code_acceptance,partial,0,0,0,0,0,,0,,,,0,,,,0,,,0,,0,,,0,,0,,,0,,,,True,20260911,5000,artifact/task-cluster percentile 95%; degenerate intervals are not population certainty
CODE,two_stage_32k_shared_prefix_scorer,google/gemma-2-9b-it,11c9b309abf73637e4b6f9a3fa1e92e615547819,immediate_readout,explicit,whitespace_union,main,all_valid,ALL,all,80,80,54,26,0,0.50833333333333341,80,0.43333333333333329,0.58194444444444438,3.8125,80,3.0874999999999999,4.5625,0.70370370370370372,54,0.57407407407407407,0.81481481481481477,38,0.33333333333333331,54,0.20370370370370369,0.46296296296296297,18,0.37037037037037035,54,0.24074074074074073,0.5,20,0.80000000000000004,0.55000000000000004,0.52631578947368418,True,20260911,5000,artifact/task-cluster percentile 95%; degenerate intervals are not population certainty
CODE,two_stage_32k_shared_prefix_scorer,google/gemma-2-9b-it,11c9b309abf73637e4b6f9a3fa1e92e615547819,immediate_readout,explicit,whitespace_union,main,all_valid,ALL,nontrivial,54,54,54,0,0,0.37242798353909451,54,0.30658436213991763,0.43827160493827155,4.1851851851851851,54,3.3333333333333335,5.0555555555555554,0.70370370370370372,54,0.57407407407407407,0.81481481481481477,38,0.33333333333333331,54,0.20370370370370369,0.46296296296296297,18,0.37037037037037035,54,0.24074074074074073,0.5,20,0.70370370370370372,0.33333333333333331,0.52631578947368418,True,20260911,5000,artifact/task-cluster percentile 95%; degenerate intervals are not population certainty
CODE,two_stage_32k_shared_prefix_scorer,google/gemma-2-9b-it,11c9b309abf73637e4b6f9a3fa1e92e615547819,immediate_readout,explicit,whitespace_union,main,all_valid,ALL,all_pass,26,26,0,26,0,0.79059829059829068,26,0.65811965811965811,0.91025641025641013,3.0384615384615383,26,1.7307692307692308,4.4230769230769234,,0,,,0,,0,,,0,,0,,,0,1,1,,True,20260911,5000,artifact/task-cluster percentile 95%; degenerate intervals are not population certainty
CODE,two_stage_32k_shared_prefix_scorer,google/gemma-2-9b-it,11c9b309abf73637e4b6f9a3fa1e92e615547819,immediate_readout,explicit,whitespace_union,main,all_valid,ALL,all_fail,0,0,0,0,0,,0,,,,0,,,,0,,,0,,0,,,0,,0,,,0,,,,True,20260911,5000,artifact/task-cluster percentile 95%; degenerate intervals are not population certainty
CODE,two_stage_32k_shared_prefix_scorer,google/gemma-2-9b-it,11c9b309abf73637e4b6f9a3fa1e92e615547819,immediate_readout,explicit,whitespace_union,main,all_valid,ALL,partial,23,23,23,0,0,0.45893719806763278,23,0.3671497584541063,0.55555555555555547,4.5217391304347823,23,3.5217391304347827,5.4782608695652177,0.34782608695652173,23,0.17391304347826086,0.56521739130434778,8,0.17391304347826086,23,0.043478260869565216,0.34782608695652173,4,0.17391304347826086,23,0.043478260869565216,0.34782608695652173,4,0.34782608695652173,0.17391304347826086,0.5,True,20260911,5000,artifact/task-cluster percentile 95%; degenerate intervals are not population certainty
CODE,two_stage_32k_shared_prefix_scorer,google/gemma-2-9b-it,11c9b309abf73637e4b6f9a3fa1e92e615547819,immediate_readout,explicit,whitespace_union,main,all_valid,code_acceptance,all,80,80,54,26,0,0.50833333333333341,80,0.43333333333333329,0.58194444444444438,3.8125,80,3.0874999999999999,4.5625,0.70370370370370372,54,0.57407407407407407,0.81481481481481477,38,0.33333333333333331,54,0.20370370370370369,0.46296296296296297,18,0.37037037037037035,54,0.24074074074074073,0.5,20,0.80000000000000004,0.55000000000000004,0.52631578947368418,True,20260911,5000,artifact/task-cluster percentile 95%; degenerate intervals are not population certainty
CODE,two_stage_32k_shared_prefix_scorer,google/gemma-2-9b-it,11c9b309abf73637e4b6f9a3fa1e92e615547819,immediate_readout,explicit,whitespace_union,main,all_valid,code_acceptance,nontrivial,54,54,54,0,0,0.37242798353909451,54,0.30658436213991763,0.43827160493827155,4.1851851851851851,54,3.3333333333333335,5.0555555555555554,0.70370370370370372,54,0.57407407407407407,0.81481481481481477,38,0.33333333333333331,54,0.20370370370370369,0.46296296296296297,18,0.37037037037037035,54,0.24074074074074073,0.5,20,0.70370370370370372,0.33333333333333331,0.52631578947368418,True,20260911,5000,artifact/task-cluster percentile 95%; degenerate intervals are not population certainty
CODE,two_stage_32k_shared_prefix_scorer,google/gemma-2-9b-it,11c9b309abf73637e4b6f9a3fa1e92e615547819,immediate_readout,explicit,whitespace_union,main,all_valid,code_acceptance,all_pass,26,26,0,26,0,0.79059829059829068,26,0.65811965811965811,0.91025641025641013,3.0384615384615383,26,1.7307692307692308,4.4230769230769234,,0,,,0,,0,,,0,,0,,,0,1,1,,True,20260911,5000,artifact/task-cluster percentile 95%; degenerate intervals are not population certainty
CODE,two_stage_32k_shared_prefix_scorer,google/gemma-2-9b-it,11c9b309abf73637e4b6f9a3fa1e92e615547819,immediate_readout,explicit,whitespace_union,main,all_valid,code_acceptance,all_fail,0,0,0,0,0,,0,,,,0,,,,0,,,0,,0,,,0,,0,,,0,,,,True,20260911,5000,artifact/task-cluster percentile 95%; degenerate intervals are not population certainty
CODE,two_stage_32k_shared_prefix_scorer,google/gemma-2-9b-it,11c9b309abf73637e4b6f9a3fa1e92e615547819,immediate_readout,explicit,whitespace_union,main,all_valid,code_acceptance,partial,23,23,23,0,0,0.45893719806763278,23,0.3671497584541063,0.55555555555555547,4.5217391304347823,23,3.5217391304347827,5.4782608695652177,0.34782608695652173,23,0.17391304347826086,0.56521739130434778,8,0.17391304347826086,23,0.043478260869565216,0.34782608695652173,4,0.17391304347826086,23,0.043478260869565216,0.34782608695652173,4,0.34782608695652173,0.17391304347826086,0.5,True,20260911,5000,artifact/task-cluster percentile 95%; degenerate intervals are not population certainty
CODE,two_stage_32k_shared_prefix_scorer,google/gemma-2-9b-it,11c9b309abf73637e4b6f9a3fa1e92e615547819,immediate_readout,explicit,whitespace_union,smoke,all_valid,ALL,all,3,3,1,2,0,0.70370370370370372,3,0.1111111111111111,1,2.6666666666666665,3,0,8,1,1,1,1,1,1,1,1,1,1,0,1,0,0,0,1,1,0,True,20260911,5000,artifact/task-cluster percentile 95%; degenerate intervals are not population certainty
CODE,two_stage_32k_shared_prefix_scorer,google/gemma-2-9b-it,11c9b309abf73637e4b6f9a3fa1e92e615547819,immediate_readout,explicit,whitespace_union,smoke,all_valid,ALL,nontrivial,1,1,1,0,0,1,1,1,1,0,1,0,0,1,1,1,1,1,1,1,1,1,1,0,1,0,0,0,1,1,0,True,20260911,5000,artifact/task-cluster percentile 95%; degenerate intervals are not population certainty
CODE,two_stage_32k_shared_prefix_scorer,google/gemma-2-9b-it,11c9b309abf73637e4b6f9a3fa1e92e615547819,immediate_readout,explicit,whitespace_union,smoke,all_valid,ALL,all_pass,2,2,0,2,0,0.55555555555555558,2,0.1111111111111111,1,4,2,0,8,,0,,,0,,0,,,0,,0,,,0,1,1,,True,20260911,5000,artifact/task-cluster percentile 95%; degenerate intervals are not population certainty
CODE,two_stage_32k_shared_prefix_scorer,google/gemma-2-9b-it,11c9b309abf73637e4b6f9a3fa1e92e615547819,immediate_readout,explicit,whitespace_union,smoke,all_valid,ALL,all_fail,0,0,0,0,0,,0,,,,0,,,,0,,,0,,0,,,0,,0,,,0,,,,True,20260911,5000,artifact/task-cluster percentile 95%; degenerate intervals are not population certainty
CODE,two_stage_32k_shared_prefix_scorer,google/gemma-2-9b-it,11c9b309abf73637e4b6f9a3fa1e92e615547819,immediate_readout,explicit,whitespace_union,smoke,all_valid,ALL,partial,0,0,0,0,0,,0,,,,0,,,,0,,,0,,0,,,0,,0,,,0,,,,True,20260911,5000,artifact/task-cluster percentile 95%; degenerate intervals are not population certainty
CODE,two_stage_32k_shared_prefix_scorer,google/gemma-2-9b-it,11c9b309abf73637e4b6f9a3fa1e92e615547819,immediate_readout,explicit,whitespace_union,smoke,all_valid,code_acceptance,all,3,3,1,2,0,0.70370370370370372,3,0.1111111111111111,1,2.6666666666666665,3,0,8,1,1,1,1,1,1,1,1,1,1,0,1,0,0,0,1,1,0,True,20260911,5000,artifact/task-cluster percentile 95%; degenerate intervals are not population certainty
CODE,two_stage_32k_shared_prefix_scorer,google/gemma-2-9b-it,11c9b309abf73637e4b6f9a3fa1e92e615547819,immediate_readout,explicit,whitespace_union,smoke,all_valid,code_acceptance,nontrivial,1,1,1,0,0,1,1,1,1,0,1,0,0,1,1,1,1,1,1,1,1,1,1,0,1,0,0,0,1,1,0,True,20260911,5000,artifact/task-cluster percentile 95%; degenerate intervals are not population certainty
CODE,two_stage_32k_shared_prefix_scorer,google/gemma-2-9b-it,11c9b309abf73637e4b6f9a3fa1e92e615547819,immediate_readout,explicit,whitespace_union,smoke,all_valid,code_acceptance,all_pass,2,2,0,2,0,0.55555555555555558,2,0.1111111111111111,1,4,2,0,8,,0,,,0,,0,,,0,,0,,,0,1,1,,True,20260911,5000,artifact/task-cluster percentile 95%; degenerate intervals are not population certainty
CODE,two_stage_32k_shared_prefix_scorer,google/gemma-2-9b-it,11c9b309abf73637e4b6f9a3fa1e92e615547819,immediate_readout,explicit,whitespace_union,smoke,all_valid,code_acceptance,all_fail,0,0,0,0,0,,0,,,,0,,,,0,,,0,,0,,,0,,0,,,0,,,,True,20260911,5000,artifact/task-cluster percentile 95%; degenerate intervals are not population certainty
CODE,two_stage_32k_shared_prefix_scorer,google/gemma-2-9b-it,11c9b309abf73637e4b6f9a3fa1e92e615547819,immediate_readout,explicit,whitespace_union,smoke,all_valid,code_acceptance,partial,0,0,0,0,0,,0,,,,0,,,,0,,,0,,0,,,0,,0,,,0,,,,True,20260911,5000,artifact/task-cluster percentile 95%; degenerate intervals are not population certainty
CODE,two_stage_32k_shared_prefix_scorer,google/gemma-2-9b-it,11c9b309abf73637e4b6f9a3fa1e92e615547819,immediate_readout,original,bare,main,all_valid,ALL,all,80,80,54,26,0,0.47916666666666663,80,0.39579861111111109,0.56527777777777766,4.3875000000000002,80,3.6000000000000001,5.1749999999999998,0.092592592592592587,54,0.018518518518518517,0.16666666666666666,5,0.037037037037037035,54,0,0.092592592592592587,2,0.055555555555555552,54,0,0.1111111111111111,3,0.38750000000000001,0.34999999999999998,0.59999999999999998,True,20260911,5000,artifact/task-cluster percentile 95%; degenerate intervals are not population certainty
CODE,two_stage_32k_shared_prefix_scorer,google/gemma-2-9b-it,11c9b309abf73637e4b6f9a3fa1e92e615547819,immediate_readout,original,bare,main,all_valid,ALL,nontrivial,54,54,54,0,0,0.31687242798353904,54,0.24279835390946503,0.39300411522633738,5.6851851851851851,54,4.9074074074074074,6.4259259259259256,0.092592592592592587,54,0.018518518518518517,0.16666666666666666,5,0.037037037037037035,54,0,0.092592592592592587,2,0.055555555555555552,54,0,0.1111111111111111,3,0.092592592592592587,0.037037037037037035,0.59999999999999998,True,20260911,5000,artifact/task-cluster percentile 95%; degenerate intervals are not population certainty
CODE,two_stage_32k_shared_prefix_scorer,google/gemma-2-9b-it,11c9b309abf73637e4b6f9a3fa1e92e615547819,immediate_readout,original,bare,main,all_valid,ALL,all_pass,26,26,0,26,0,0.81623931623931623,26,0.66239316239316237,0.96153846153846156,1.6923076923076923,26,0.34615384615384615,3.0769230769230771,,0,,,0,,0,,,0,,0,,,0,1,1,,True,20260911,5000,artifact/task-cluster percentile 95%; degenerate intervals are not population certainty
CODE,two_stage_32k_shared_prefix_scorer,google/gemma-2-9b-it,11c9b309abf73637e4b6f9a3fa1e92e615547819,immediate_readout,original,bare,main,all_valid,ALL,all_fail,0,0,0,0,0,,0,,,,0,,,,0,,,0,,0,,,0,,0,,,0,,,,True,20260911,5000,artifact/task-cluster percentile 95%; degenerate intervals are not population certainty
CODE,two_stage_32k_shared_prefix_scorer,google/gemma-2-9b-it,11c9b309abf73637e4b6f9a3fa1e92e615547819,immediate_readout,original,bare,main,all_valid,ALL,partial,23,23,23,0,0,0.47342995169082125,23,0.36231884057971009,0.58454106280193241,4.7826086956521738,23,3.7826086956521738,5.7826086956521738,0.13043478260869565,23,0,0.2608695652173913,3,0.043478260869565216,23,0,0.13043478260869565,1,0.086956521739130432,23,0,0.21739130434782608,2,0.13043478260869565,0.043478260869565216,0.66666666666666663,True,20260911,5000,artifact/task-cluster percentile 95%; degenerate intervals are not population certainty
CODE,two_stage_32k_shared_prefix_scorer,google/gemma-2-9b-it,11c9b309abf73637e4b6f9a3fa1e92e615547819,immediate_readout,original,bare,main,all_valid,code_acceptance,all,80,80,54,26,0,0.47916666666666663,80,0.39579861111111109,0.56527777777777766,4.3875000000000002,80,3.6000000000000001,5.1749999999999998,0.092592592592592587,54,0.018518518518518517,0.16666666666666666,5,0.037037037037037035,54,0,0.092592592592592587,2,0.055555555555555552,54,0,0.1111111111111111,3,0.38750000000000001,0.34999999999999998,0.59999999999999998,True,20260911,5000,artifact/task-cluster percentile 95%; degenerate intervals are not population certainty
CODE,two_stage_32k_shared_prefix_scorer,google/gemma-2-9b-it,11c9b309abf73637e4b6f9a3fa1e92e615547819,immediate_readout,original,bare,main,all_valid,code_acceptance,nontrivial,54,54,54,0,0,0.31687242798353904,54,0.24279835390946503,0.39300411522633738,5.6851851851851851,54,4.9074074074074074,6.4259259259259256,0.092592592592592587,54,0.018518518518518517,0.16666666666666666,5,0.037037037037037035,54,0,0.092592592592592587,2,0.055555555555555552,54,0,0.1111111111111111,3,0.092592592592592587,0.037037037037037035,0.59999999999999998,True,20260911,5000,artifact/task-cluster percentile 95%; degenerate intervals are not population certainty
CODE,two_stage_32k_shared_prefix_scorer,google/gemma-2-9b-it,11c9b309abf73637e4b6f9a3fa1e92e615547819,immediate_readout,original,bare,main,all_valid,code_acceptance,all_pass,26,26,0,26,0,0.81623931623931623,26,0.66239316239316237,0.96153846153846156,1.6923076923076923,26,0.34615384615384615,3.0769230769230771,,0,,,0,,0,,,0,,0,,,0,1,1,,True,20260911,5000,artifact/task-cluster percentile 95%; degenerate intervals are not population certainty
CODE,two_stage_32k_shared_prefix_scorer,google/gemma-2-9b-it,11c9b309abf73637e4b6f9a3fa1e92e615547819,immediate_readout,original,bare,main,all_valid,code_acceptance,all_fail,0,0,0,0,0,,0,,,,0,,,,0,,,0,,0,,,0,,0,,,0,,,,True,20260911,5000,artifact/task-cluster percentile 95%; degenerate intervals are not population certainty
CODE,two_stage_32k_shared_prefix_scorer,google/gemma-2-9b-it,11c9b309abf73637e4b6f9a3fa1e92e615547819,immediate_readout,original,bare,main,all_valid,code_acceptance,partial,23,23,23,0,0,0.47342995169082125,23,0.36231884057971009,0.58454106280193241,4.7826086956521738,23,3.7826086956521738,5.7826086956521738,0.13043478260869565,23,0,0.2608695652173913,3,0.043478260869565216,23,0,0.13043478260869565,1,0.086956521739130432,23,0,0.21739130434782608,2,0.13043478260869565,0.043478260869565216,0.66666666666666663,True,20260911,5000,artifact/task-cluster percentile 95%; degenerate intervals are not population certainty
CODE,two_stage_32k_shared_prefix_scorer,google/gemma-2-9b-it,11c9b309abf73637e4b6f9a3fa1e92e615547819,immediate_readout,original,bare,smoke,all_valid,ALL,all,3,3,1,2,0,0.62962962962962965,3,0,1,3.3333333333333335,3,0,9,1,1,1,1,1,1,1,1,1,1,0,1,0,0,0,1,1,0,True,20260911,5000,artifact/task-cluster percentile 95%; degenerate intervals are not population certainty
CODE,two_stage_32k_shared_prefix_scorer,google/gemma-2-9b-it,11c9b309abf73637e4b6f9a3fa1e92e615547819,immediate_readout,original,bare,smoke,all_valid,ALL,nontrivial,1,1,1,0,0,0.88888888888888884,1,0.88888888888888884,0.88888888888888884,1,1,1,1,1,1,1,1,1,1,1,1,1,1,0,1,0,0,0,1,1,0,True,20260911,5000,artifact/task-cluster percentile 95%; degenerate intervals are not population certainty
CODE,two_stage_32k_shared_prefix_scorer,google/gemma-2-9b-it,11c9b309abf73637e4b6f9a3fa1e92e615547819,immediate_readout,original,bare,smoke,all_valid,ALL,all_pass,2,2,0,2,0,0.5,2,0,1,4.5,2,0,9,,0,,,0,,0,,,0,,0,,,0,1,1,,True,20260911,5000,artifact/task-cluster percentile 95%; degenerate intervals are not population certainty
CODE,two_stage_32k_shared_prefix_scorer,google/gemma-2-9b-it,11c9b309abf73637e4b6f9a3fa1e92e615547819,immediate_readout,original,bare,smoke,all_valid,ALL,all_fail,0,0,0,0,0,,0,,,,0,,,,0,,,0,,0,,,0,,0,,,0,,,,True,20260911,5000,artifact/task-cluster percentile 95%; degenerate intervals are not population certainty
CODE,two_stage_32k_shared_prefix_scorer,google/gemma-2-9b-it,11c9b309abf73637e4b6f9a3fa1e92e615547819,immediate_readout,original,bare,smoke,all_valid,ALL,partial,0,0,0,0,0,,0,,,,0,,,,0,,,0,,0,,,0,,0,,,0,,,,True,20260911,5000,artifact/task-cluster percentile 95%; degenerate intervals are not population certainty
CODE,two_stage_32k_shared_prefix_scorer,google/gemma-2-9b-it,11c9b309abf73637e4b6f9a3fa1e92e615547819,immediate_readout,original,bare,smoke,all_valid,code_acceptance,all,3,3,1,2,0,0.62962962962962965,3,0,1,3.3333333333333335,3,0,9,1,1,1,1,1,1,1,1,1,1,0,1,0,0,0,1,1,0,True,20260911,5000,artifact/task-cluster percentile 95%; degenerate intervals are not population certainty
CODE,two_stage_32k_shared_prefix_scorer,google/gemma-2-9b-it,11c9b309abf73637e4b6f9a3fa1e92e615547819,immediate_readout,original,bare,smoke,all_valid,code_acceptance,nontrivial,1,1,1,0,0,0.88888888888888884,1,0.88888888888888884,0.88888888888888884,1,1,1,1,1,1,1,1,1,1,1,1,1,1,0,1,0,0,0,1,1,0,True,20260911,5000,artifact/task-cluster percentile 95%; degenerate intervals are not population certainty
CODE,two_stage_32k_shared_prefix_scorer,google/gemma-2-9b-it,11c9b309abf73637e4b6f9a3fa1e92e615547819,immediate_readout,original,bare,smoke,all_valid,code_acceptance,all_pass,2,2,0,2,0,0.5,2,0,1,4.5,2,0,9,,0,,,0,,0,,,0,,0,,,0,1,1,,True,20260911,5000,artifact/task-cluster percentile 95%; degenerate intervals are not population certainty
CODE,two_stage_32k_shared_prefix_scorer,google/gemma-2-9b-it,11c9b309abf73637e4b6f9a3fa1e92e615547819,immediate_readout,original,bare,smoke,all_valid,code_acceptance,all_fail,0,0,0,0,0,,0,,,,0,,,,0,,,0,,0,,,0,,0,,,0,,,,True,20260911,5000,artifact/task-cluster percentile 95%; degenerate intervals are not population certainty
CODE,two_stage_32k_shared_prefix_scorer,google/gemma-2-9b-it,11c9b309abf73637e4b6f9a3fa1e92e615547819,immediate_readout,original,bare,smoke,all_valid,code_acceptance,partial,0,0,0,0,0,,0,,,,0,,,,0,,,0,,0,,,0,,0,,,0,,,,True,20260911,5000,artifact/task-cluster percentile 95%; degenerate intervals are not population certainty
CODE,two_stage_32k_shared_prefix_scorer,google/gemma-2-9b-it,11c9b309abf73637e4b6f9a3fa1e92e615547819,immediate_readout,original,whitespace_union,main,all_valid,ALL,all,80,80,54,26,0,0.47777777777777769,80,0.3930555555555556,0.56388888888888888,4.3875000000000002,80,3.6000000000000001,5.1749999999999998,0.092592592592592587,54,0.018518518518518517,0.16666666666666666,5,0.037037037037037035,54,0,0.092592592592592587,2,0.055555555555555552,54,0,0.1111111111111111,3,0.38750000000000001,0.34999999999999998,0.59999999999999998,True,20260911,5000,artifact/task-cluster percentile 95%; degenerate intervals are not population certainty
CODE,two_stage_32k_shared_prefix_scorer,google/gemma-2-9b-it,11c9b309abf73637e4b6f9a3fa1e92e615547819,immediate_readout,original,whitespace_union,main,all_valid,ALL,nontrivial,54,54,54,0,0,0.31687242798353904,54,0.24279835390946503,0.39300411522633738,5.6851851851851851,54,4.9074074074074074,6.4259259259259256,0.092592592592592587,54,0.018518518518518517,0.16666666666666666,5,0.037037037037037035,54,0,0.092592592592592587,2,0.055555555555555552,54,0,0.1111111111111111,3,0.092592592592592587,0.037037037037037035,0.59999999999999998,True,20260911,5000,artifact/task-cluster percentile 95%; degenerate intervals are not population certainty
CODE,two_stage_32k_shared_prefix_scorer,google/gemma-2-9b-it,11c9b309abf73637e4b6f9a3fa1e92e615547819,immediate_readout,original,whitespace_union,main,all_valid,ALL,all_pass,26,26,0,26,0,0.81196581196581197,26,0.65811965811965811,0.96153846153846156,1.6923076923076923,26,0.34615384615384615,3.0769230769230771,,0,,,0,,0,,,0,,0,,,0,1,1,,True,20260911,5000,artifact/task-cluster percentile 95%; degenerate intervals are not population certainty
CODE,two_stage_32k_shared_prefix_scorer,google/gemma-2-9b-it,11c9b309abf73637e4b6f9a3fa1e92e615547819,immediate_readout,original,whitespace_union,main,all_valid,ALL,all_fail,0,0,0,0,0,,0,,,,0,,,,0,,,0,,0,,,0,,0,,,0,,,,True,20260911,5000,artifact/task-cluster percentile 95%; degenerate intervals are not population certainty
CODE,two_stage_32k_shared_prefix_scorer,google/gemma-2-9b-it,11c9b309abf73637e4b6f9a3fa1e92e615547819,immediate_readout,original,whitespace_union,main,all_valid,ALL,partial,23,23,23,0,0,0.47342995169082125,23,0.36231884057971009,0.58454106280193241,4.7826086956521738,23,3.7826086956521738,5.7826086956521738,0.13043478260869565,23,0,0.2608695652173913,3,0.043478260869565216,23,0,0.13043478260869565,1,0.086956521739130432,23,0,0.21739130434782608,2,0.13043478260869565,0.043478260869565216,0.66666666666666663,True,20260911,5000,artifact/task-cluster percentile 95%; degenerate intervals are not population certainty
CODE,two_stage_32k_shared_prefix_scorer,google/gemma-2-9b-it,11c9b309abf73637e4b6f9a3fa1e92e615547819,immediate_readout,original,whitespace_union,main,all_valid,code_acceptance,all,80,80,54,26,0,0.47777777777777769,80,0.3930555555555556,0.56388888888888888,4.3875000000000002,80,3.6000000000000001,5.1749999999999998,0.092592592592592587,54,0.018518518518518517,0.16666666666666666,5,0.037037037037037035,54,0,0.092592592592592587,2,0.055555555555555552,54,0,0.1111111111111111,3,0.38750000000000001,0.34999999999999998,0.59999999999999998,True,20260911,5000,artifact/task-cluster percentile 95%; degenerate intervals are not population certainty
CODE,two_stage_32k_shared_prefix_scorer,google/gemma-2-9b-it,11c9b309abf73637e4b6f9a3fa1e92e615547819,immediate_readout,original,whitespace_union,main,all_valid,code_acceptance,nontrivial,54,54,54,0,0,0.31687242798353904,54,0.24279835390946503,0.39300411522633738,5.6851851851851851,54,4.9074074074074074,6.4259259259259256,0.092592592592592587,54,0.018518518518518517,0.16666666666666666,5,0.037037037037037035,54,0,0.092592592592592587,2,0.055555555555555552,54,0,0.1111111111111111,3,0.092592592592592587,0.037037037037037035,0.59999999999999998,True,20260911,5000,artifact/task-cluster percentile 95%; degenerate intervals are not population certainty
CODE,two_stage_32k_shared_prefix_scorer,google/gemma-2-9b-it,11c9b309abf73637e4b6f9a3fa1e92e615547819,immediate_readout,original,whitespace_union,main,all_valid,code_acceptance,all_pass,26,26,0,26,0,0.81196581196581197,26,0.65811965811965811,0.96153846153846156,1.6923076923076923,26,0.34615384615384615,3.0769230769230771,,0,,,0,,0,,,0,,0,,,0,1,1,,True,20260911,5000,artifact/task-cluster percentile 95%; degenerate intervals are not population certainty
CODE,two_stage_32k_shared_prefix_scorer,google/gemma-2-9b-it,11c9b309abf73637e4b6f9a3fa1e92e615547819,immediate_readout,original,whitespace_union,main,all_valid,code_acceptance,all_fail,0,0,0,0,0,,0,,,,0,,,,0,,,0,,0,,,0,,0,,,0,,,,True,20260911,5000,artifact/task-cluster percentile 95%; degenerate intervals are not population certainty
CODE,two_stage_32k_shared_prefix_scorer,google/gemma-2-9b-it,11c9b309abf73637e4b6f9a3fa1e92e615547819,immediate_readout,original,whitespace_union,main,all_valid,code_acceptance,partial,23,23,23,0,0,0.47342995169082125,23,0.36231884057971009,0.58454106280193241,4.7826086956521738,23,3.7826086956521738,5.7826086956521738,0.13043478260869565,23,0,0.2608695652173913,3,0.043478260869565216,23,0,0.13043478260869565,1,0.086956521739130432,23,0,0.21739130434782608,2,0.13043478260869565,0.043478260869565216,0.66666666666666663,True,20260911,5000,artifact/task-cluster percentile 95%; degenerate intervals are not population certainty
CODE,two_stage_32k_shared_prefix_scorer,google/gemma-2-9b-it,11c9b309abf73637e4b6f9a3fa1e92e615547819,immediate_readout,original,whitespace_union,smoke,all_valid,ALL,all,3,3,1,2,0,0.62962962962962965,3,0,1,3.3333333333333335,3,0,9,1,1,1,1,1,1,1,1,1,1,0,1,0,0,0,1,1,0,True,20260911,5000,artifact/task-cluster percentile 95%; degenerate intervals are not population certainty
CODE,two_stage_32k_shared_prefix_scorer,google/gemma-2-9b-it,11c9b309abf73637e4b6f9a3fa1e92e615547819,immediate_readout,original,whitespace_union,smoke,all_valid,ALL,nontrivial,1,1,1,0,0,0.88888888888888884,1,0.88888888888888884,0.88888888888888884,1,1,1,1,1,1,1,1,1,1,1,1,1,1,0,1,0,0,0,1,1,0,True,20260911,5000,artifact/task-cluster percentile 95%; degenerate intervals are not population certainty
CODE,two_stage_32k_shared_prefix_scorer,google/gemma-2-9b-it,11c9b309abf73637e4b6f9a3fa1e92e615547819,immediate_readout,original,whitespace_union,smoke,all_valid,ALL,all_pass,2,2,0,2,0,0.5,2,0,1,4.5,2,0,9,,0,,,0,,0,,,0,,0,,,0,1,1,,True,20260911,5000,artifact/task-cluster percentile 95%; degenerate intervals are not population certainty
CODE,two_stage_32k_shared_prefix_scorer,google/gemma-2-9b-it,11c9b309abf73637e4b6f9a3fa1e92e615547819,immediate_readout,original,whitespace_union,smoke,all_valid,ALL,all_fail,0,0,0,0,0,,0,,,,0,,,,0,,,0,,0,,,0,,0,,,0,,,,True,20260911,5000,artifact/task-cluster percentile 95%; degenerate intervals are not population certainty
CODE,two_stage_32k_shared_prefix_scorer,google/gemma-2-9b-it,11c9b309abf73637e4b6f9a3fa1e92e615547819,immediate_readout,original,whitespace_union,smoke,all_valid,ALL,partial,0,0,0,0,0,,0,,,,0,,,,0,,,0,,0,,,0,,0,,,0,,,,True,20260911,5000,artifact/task-cluster percentile 95%; degenerate intervals are not population certainty
CODE,two_stage_32k_shared_prefix_scorer,google/gemma-2-9b-it,11c9b309abf73637e4b6f9a3fa1e92e615547819,immediate_readout,original,whitespace_union,smoke,all_valid,code_acceptance,all,3,3,1,2,0,0.62962962962962965,3,0,1,3.3333333333333335,3,0,9,1,1,1,1,1,1,1,1,1,1,0,1,0,0,0,1,1,0,True,20260911,5000,artifact/task-cluster percentile 95%; degenerate intervals are not population certainty
CODE,two_stage_32k_shared_prefix_scorer,google/gemma-2-9b-it,11c9b309abf73637e4b6f9a3fa1e92e615547819,immediate_readout,original,whitespace_union,smoke,all_valid,code_acceptance,nontrivial,1,1,1,0,0,0.88888888888888884,1,0.88888888888888884,0.88888888888888884,1,1,1,1,1,1,1,1,1,1,1,1,1,1,0,1,0,0,0,1,1,0,True,20260911,5000,artifact/task-cluster percentile 95%; degenerate intervals are not population certainty
CODE,two_stage_32k_shared_prefix_scorer,google/gemma-2-9b-it,11c9b309abf73637e4b6f9a3fa1e92e615547819,immediate_readout,original,whitespace_union,smoke,all_valid,code_acceptance,all_pass,2,2,0,2,0,0.5,2,0,1,4.5,2,0,9,,0,,,0,,0,,,0,,0,,,0,1,1,,True,20260911,5000,artifact/task-cluster percentile 95%; degenerate intervals are not population certainty
CODE,two_stage_32k_shared_prefix_scorer,google/gemma-2-9b-it,11c9b309abf73637e4b6f9a3fa1e92e615547819,immediate_readout,original,whitespace_union,smoke,all_valid,code_acceptance,all_fail,0,0,0,0,0,,0,,,,0,,,,0,,,0,,0,,,0,,0,,,0,,,,True,20260911,5000,artifact/task-cluster percentile 95%; degenerate intervals are not population certainty
CODE,two_stage_32k_shared_prefix_scorer,google/gemma-2-9b-it,11c9b309abf73637e4b6f9a3fa1e92e615547819,immediate_readout,original,whitespace_union,smoke,all_valid,code_acceptance,partial,0,0,0,0,0,,0,,,,0,,,,0,,,0,,0,,,0,,0,,,0,,,,True,20260911,5000,artifact/task-cluster percentile 95%; degenerate intervals are not population certainty
CODE,two_stage_32k_shared_prefix_scorer,meta-llama/Llama-3.1-8B-Instruct,0e9e39f249a16976918f6564b8830bc894c89659,immediate_readout,explicit,bare,main,all_valid,ALL,all,80,80,54,26,0,0.54722222222222217,80,0.47499999999999998,0.61805555555555558,3.7875000000000001,80,3.0625,4.5125000000000002,0.7592592592592593,54,0.64814814814814814,0.87037037037037035,41,0.66666666666666663,54,0.53703703703703709,0.79629629629629628,36,0.092592592592592587,54,0.018518518518518517,0.16666666666666666,5,0.83750000000000002,0.77500000000000002,0.12195121951219512,True,20260911,5000,artifact/task-cluster percentile 95%; degenerate intervals are not population certainty
CODE,two_stage_32k_shared_prefix_scorer,meta-llama/Llama-3.1-8B-Instruct,0e9e39f249a16976918f6564b8830bc894c89659,immediate_readout,explicit,bare,main,all_valid,ALL,nontrivial,54,54,54,0,0,0.46090534979423869,54,0.38271604938271614,0.54115226337448563,4.0185185185185182,54,3.1666666666666665,4.8518518518518521,0.7592592592592593,54,0.64814814814814814,0.87037037037037035,41,0.66666666666666663,54,0.53703703703703709,0.79629629629629628,36,0.092592592592592587,54,0.018518518518518517,0.16666666666666666,5,0.7592592592592593,0.66666666666666663,0.12195121951219512,True,20260911,5000,artifact/task-cluster percentile 95%; degenerate intervals are not population certainty
CODE,two_stage_32k_shared_prefix_scorer,meta-llama/Llama-3.1-8B-Instruct,0e9e39f249a16976918f6564b8830bc894c89659,immediate_readout,explicit,bare,main,all_valid,ALL,all_pass,26,26,0,26,0,0.72649572649572636,26,0.60683760683760679,0.84188034188034189,3.3076923076923075,26,2,4.615384615384615,,0,,,0,,0,,,0,,0,,,0,1,1,,True,20260911,5000,artifact/task-cluster percentile 95%; degenerate intervals are not population certainty
CODE,two_stage_32k_shared_prefix_scorer,meta-llama/Llama-3.1-8B-Instruct,0e9e39f249a16976918f6564b8830bc894c89659,immediate_readout,explicit,bare,main,all_valid,ALL,all_fail,0,0,0,0,0,,0,,,,0,,,,0,,,0,,0,,,0,,0,,,0,,,,True,20260911,5000,artifact/task-cluster percentile 95%; degenerate intervals are not population certainty
CODE,two_stage_32k_shared_prefix_scorer,meta-llama/Llama-3.1-8B-Instruct,0e9e39f249a16976918f6564b8830bc894c89659,immediate_readout,explicit,bare,main,all_valid,ALL,partial,23,23,23,0,0,0.59903381642512077,23,0.50724637681159412,0.68599033816425137,3.0434782608695654,23,2.0869565217391304,4.0434782608695654,0.43478260869565216,23,0.2608695652173913,0.65217391304347827,10,0.2608695652173913,23,0.086956521739130432,0.43478260869565216,6,0.17391304347826086,23,0.043478260869565216,0.34782608695652173,4,0.43478260869565216,0.2608695652173913,0.40000000000000002,True,20260911,5000,artifact/task-cluster percentile 95%; degenerate intervals are not population certainty
CODE,two_stage_32k_shared_prefix_scorer,meta-llama/Llama-3.1-8B-Instruct,0e9e39f249a16976918f6564b8830bc894c89659,immediate_readout,explicit,bare,main,all_valid,code_acceptance,all,80,80,54,26,0,0.54722222222222217,80,0.47499999999999998,0.61805555555555558,3.7875000000000001,80,3.0625,4.5125000000000002,0.7592592592592593,54,0.64814814814814814,0.87037037037037035,41,0.66666666666666663,54,0.53703703703703709,0.79629629629629628,36,0.092592592592592587,54,0.018518518518518517,0.16666666666666666,5,0.83750000000000002,0.77500000000000002,0.12195121951219512,True,20260911,5000,artifact/task-cluster percentile 95%; degenerate intervals are not population certainty
CODE,two_stage_32k_shared_prefix_scorer,meta-llama/Llama-3.1-8B-Instruct,0e9e39f249a16976918f6564b8830bc894c89659,immediate_readout,explicit,bare,main,all_valid,code_acceptance,nontrivial,54,54,54,0,0,0.46090534979423869,54,0.38271604938271614,0.54115226337448563,4.0185185185185182,54,3.1666666666666665,4.8518518518518521,0.7592592592592593,54,0.64814814814814814,0.87037037037037035,41,0.66666666666666663,54,0.53703703703703709,0.79629629629629628,36,0.092592592592592587,54,0.018518518518518517,0.16666666666666666,5,0.7592592592592593,0.66666666666666663,0.12195121951219512,True,20260911,5000,artifact/task-cluster percentile 95%; degenerate intervals are not population certainty
CODE,two_stage_32k_shared_prefix_scorer,meta-llama/Llama-3.1-8B-Instruct,0e9e39f249a16976918f6564b8830bc894c89659,immediate_readout,explicit,bare,main,all_valid,code_acceptance,all_pass,26,26,0,26,0,0.72649572649572636,26,0.60683760683760679,0.84188034188034189,3.3076923076923075,26,2,4.615384615384615,,0,,,0,,0,,,0,,0,,,0,1,1,,True,20260911,5000,artifact/task-cluster percentile 95%; degenerate intervals are not population certainty
CODE,two_stage_32k_shared_prefix_scorer,meta-llama/Llama-3.1-8B-Instruct,0e9e39f249a16976918f6564b8830bc894c89659,immediate_readout,explicit,bare,main,all_valid,code_acceptance,all_fail,0,0,0,0,0,,0,,,,0,,,,0,,,0,,0,,,0,,0,,,0,,,,True,20260911,5000,artifact/task-cluster percentile 95%; degenerate intervals are not population certainty
CODE,two_stage_32k_shared_prefix_scorer,meta-llama/Llama-3.1-8B-Instruct,0e9e39f249a16976918f6564b8830bc894c89659,immediate_readout,explicit,bare,main,all_valid,code_acceptance,partial,23,23,23,0,0,0.59903381642512077,23,0.50724637681159412,0.68599033816425137,3.0434782608695654,23,2.0869565217391304,4.0434782608695654,0.43478260869565216,23,0.2608695652173913,0.65217391304347827,10,0.2608695652173913,23,0.086956521739130432,0.43478260869565216,6,0.17391304347826086,23,0.043478260869565216,0.34782608695652173,4,0.43478260869565216,0.2608695652173913,0.40000000000000002,True,20260911,5000,artifact/task-cluster percentile 95%; degenerate intervals are not population certainty
CODE,two_stage_32k_shared_prefix_scorer,meta-llama/Llama-3.1-8B-Instruct,0e9e39f249a16976918f6564b8830bc894c89659,immediate_readout,explicit,bare,smoke,all_valid,ALL,all,3,3,1,2,0,0.59259259259259256,3,0.33333333333333331,1,5,3,0,8,1,1,1,1,1,1,1,1,1,1,0,1,0,0,0,1,1,0,True,20260911,5000,artifact/task-cluster percentile 95%; degenerate intervals are not population certainty
CODE,two_stage_32k_shared_prefix_scorer,meta-llama/Llama-3.1-8B-Instruct,0e9e39f249a16976918f6564b8830bc894c89659,immediate_readout,explicit,bare,smoke,all_valid,ALL,nontrivial,1,1,1,0,0,1,1,1,1,0,1,0,0,1,1,1,1,1,1,1,1,1,1,0,1,0,0,0,1,1,0,True,20260911,5000,artifact/task-cluster percentile 95%; degenerate intervals are not population certainty
CODE,two_stage_32k_shared_prefix_scorer,meta-llama/Llama-3.1-8B-Instruct,0e9e39f249a16976918f6564b8830bc894c89659,immediate_readout,explicit,bare,smoke,all_valid,ALL,all_pass,2,2,0,2,0,0.38888888888888884,2,0.33333333333333331,0.44444444444444442,7.5,2,7,8,,0,,,0,,0,,,0,,0,,,0,1,1,,True,20260911,5000,artifact/task-cluster percentile 95%; degenerate intervals are not population certainty
CODE,two_stage_32k_shared_prefix_scorer,meta-llama/Llama-3.1-8B-Instruct,0e9e39f249a16976918f6564b8830bc894c89659,immediate_readout,explicit,bare,smoke,all_valid,ALL,all_fail,0,0,0,0,0,,0,,,,0,,,,0,,,0,,0,,,0,,0,,,0,,,,True,20260911,5000,artifact/task-cluster percentile 95%; degenerate intervals are not population certainty
CODE,two_stage_32k_shared_prefix_scorer,meta-llama/Llama-3.1-8B-Instruct,0e9e39f249a16976918f6564b8830bc894c89659,immediate_readout,explicit,bare,smoke,all_valid,ALL,partial,0,0,0,0,0,,0,,,,0,,,,0,,,0,,0,,,0,,0,,,0,,,,True,20260911,5000,artifact/task-cluster percentile 95%; degenerate intervals are not population certainty
CODE,two_stage_32k_shared_prefix_scorer,meta-llama/Llama-3.1-8B-Instruct,0e9e39f249a16976918f6564b8830bc894c89659,immediate_readout,explicit,bare,smoke,all_valid,code_acceptance,all,3,3,1,2,0,0.59259259259259256,3,0.33333333333333331,1,5,3,0,8,1,1,1,1,1,1,1,1,1,1,0,1,0,0,0,1,1,0,True,20260911,5000,artifact/task-cluster percentile 95%; degenerate intervals are not population certainty
CODE,two_stage_32k_shared_prefix_scorer,meta-llama/Llama-3.1-8B-Instruct,0e9e39f249a16976918f6564b8830bc894c89659,immediate_readout,explicit,bare,smoke,all_valid,code_acceptance,nontrivial,1,1,1,0,0,1,1,1,1,0,1,0,0,1,1,1,1,1,1,1,1,1,1,0,1,0,0,0,1,1,0,True,20260911,5000,artifact/task-cluster percentile 95%; degenerate intervals are not population certainty
CODE,two_stage_32k_shared_prefix_scorer,meta-llama/Llama-3.1-8B-Instruct,0e9e39f249a16976918f6564b8830bc894c89659,immediate_readout,explicit,bare,smoke,all_valid,code_acceptance,all_pass,2,2,0,2,0,0.38888888888888884,2,0.33333333333333331,0.44444444444444442,7.5,2,7,8,,0,,,0,,0,,,0,,0,,,0,1,1,,True,20260911,5000,artifact/task-cluster percentile 95%; degenerate intervals are not population certainty
CODE,two_stage_32k_shared_prefix_scorer,meta-llama/Llama-3.1-8B-Instruct,0e9e39f249a16976918f6564b8830bc894c89659,immediate_readout,explicit,bare,smoke,all_valid,code_acceptance,all_fail,0,0,0,0,0,,0,,,,0,,,,0,,,0,,0,,,0,,0,,,0,,,,True,20260911,5000,artifact/task-cluster percentile 95%; degenerate intervals are not population certainty
CODE,two_stage_32k_shared_prefix_scorer,meta-llama/Llama-3.1-8B-Instruct,0e9e39f249a16976918f6564b8830bc894c89659,immediate_readout,explicit,bare,smoke,all_valid,code_acceptance,partial,0,0,0,0,0,,0,,,,0,,,,0,,,0,,0,,,0,,0,,,0,,,,True,20260911,5000,artifact/task-cluster percentile 95%; degenerate intervals are not population certainty
CODE,two_stage_32k_shared_prefix_scorer,meta-llama/Llama-3.1-8B-Instruct,0e9e39f249a16976918f6564b8830bc894c89659,immediate_readout,explicit,whitespace_union,main,all_valid,ALL,all,80,80,54,26,0,0.5541666666666667,80,0.47916666666666663,0.62916666666666665,3.6749999999999998,80,2.9500000000000002,4.4000000000000004,0.79629629629629628,54,0.68518518518518523,0.88935185185184507,43,0.68518518518518523,54,0.55555555555555558,0.79629629629629628,37,0.1111111111111111,54,0.037037037037037035,0.20370370370370369,6,0.86250000000000004,0.78749999999999998,0.13953488372093023,True,20260911,5000,artifact/task-cluster percentile 95%; degenerate intervals are not population certainty
CODE,two_stage_32k_shared_prefix_scorer,meta-llama/Llama-3.1-8B-Instruct,0e9e39f249a16976918f6564b8830bc894c89659,immediate_readout,explicit,whitespace_union,main,all_valid,ALL,nontrivial,54,54,54,0,0,0.51028806584362141,54,0.42592592592592593,0.59465020576131689,3.6481481481481484,54,2.8148148148148149,4.4814814814814818,0.79629629629629628,54,0.68518518518518523,0.88935185185184507,43,0.68518518518518523,54,0.55555555555555558,0.79629629629629628,37,0.1111111111111111,54,0.037037037037037035,0.20370370370370369,6,0.79629629629629628,0.68518518518518523,0.13953488372093023,True,20260911,5000,artifact/task-cluster percentile 95%; degenerate intervals are not population certainty
CODE,two_stage_32k_shared_prefix_scorer,meta-llama/Llama-3.1-8B-Instruct,0e9e39f249a16976918f6564b8830bc894c89659,immediate_readout,explicit,whitespace_union,main,all_valid,ALL,all_pass,26,26,0,26,0,0.64529914529914534,26,0.50427350427350437,0.78205128205128205,3.7307692307692308,26,2.3846153846153846,5.115384615384615,,0,,,0,,0,,,0,,0,,,0,1,1,,True,20260911,5000,artifact/task-cluster percentile 95%; degenerate intervals are not population certainty
CODE,two_stage_32k_shared_prefix_scorer,meta-llama/Llama-3.1-8B-Instruct,0e9e39f249a16976918f6564b8830bc894c89659,immediate_readout,explicit,whitespace_union,main,all_valid,ALL,all_fail,0,0,0,0,0,,0,,,,0,,,,0,,,0,,0,,,0,,0,,,0,,,,True,20260911,5000,artifact/task-cluster percentile 95%; degenerate intervals are not population certainty
CODE,two_stage_32k_shared_prefix_scorer,meta-llama/Llama-3.1-8B-Instruct,0e9e39f249a16976918f6564b8830bc894c89659,immediate_readout,explicit,whitespace_union,main,all_valid,ALL,partial,23,23,23,0,0,0.59903381642512088,23,0.48792270531400972,0.70531400966183566,3.0869565217391304,23,2.0434782608695654,4.1304347826086953,0.52173913043478259,23,0.30434782608695654,0.73913043478260865,12,0.30434782608695654,23,0.13043478260869565,0.52173913043478259,7,0.21739130434782608,23,0.043478260869565216,0.39130434782608697,5,0.52173913043478259,0.30434782608695654,0.41666666666666669,True,20260911,5000,artifact/task-cluster percentile 95%; degenerate intervals are not population certainty
CODE,two_stage_32k_shared_prefix_scorer,meta-llama/Llama-3.1-8B-Instruct,0e9e39f249a16976918f6564b8830bc894c89659,immediate_readout,explicit,whitespace_union,main,all_valid,code_acceptance,all,80,80,54,26,0,0.5541666666666667,80,0.47916666666666663,0.62916666666666665,3.6749999999999998,80,2.9500000000000002,4.4000000000000004,0.79629629629629628,54,0.68518518518518523,0.88935185185184507,43,0.68518518518518523,54,0.55555555555555558,0.79629629629629628,37,0.1111111111111111,54,0.037037037037037035,0.20370370370370369,6,0.86250000000000004,0.78749999999999998,0.13953488372093023,True,20260911,5000,artifact/task-cluster percentile 95%; degenerate intervals are not population certainty
CODE,two_stage_32k_shared_prefix_scorer,meta-llama/Llama-3.1-8B-Instruct,0e9e39f249a16976918f6564b8830bc894c89659,immediate_readout,explicit,whitespace_union,main,all_valid,code_acceptance,nontrivial,54,54,54,0,0,0.51028806584362141,54,0.42592592592592593,0.59465020576131689,3.6481481481481484,54,2.8148148148148149,4.4814814814814818,0.79629629629629628,54,0.68518518518518523,0.88935185185184507,43,0.68518518518518523,54,0.55555555555555558,0.79629629629629628,37,0.1111111111111111,54,0.037037037037037035,0.20370370370370369,6,0.79629629629629628,0.68518518518518523,0.13953488372093023,True,20260911,5000,artifact/task-cluster percentile 95%; degenerate intervals are not population certainty
CODE,two_stage_32k_shared_prefix_scorer,meta-llama/Llama-3.1-8B-Instruct,0e9e39f249a16976918f6564b8830bc894c89659,immediate_readout,explicit,whitespace_union,main,all_valid,code_acceptance,all_pass,26,26,0,26,0,0.64529914529914534,26,0.50427350427350437,0.78205128205128205,3.7307692307692308,26,2.3846153846153846,5.115384615384615,,0,,,0,,0,,,0,,0,,,0,1,1,,True,20260911,5000,artifact/task-cluster percentile 95%; degenerate intervals are not population certainty
CODE,two_stage_32k_shared_prefix_scorer,meta-llama/Llama-3.1-8B-Instruct,0e9e39f249a16976918f6564b8830bc894c89659,immediate_readout,explicit,whitespace_union,main,all_valid,code_acceptance,all_fail,0,0,0,0,0,,0,,,,0,,,,0,,,0,,0,,,0,,0,,,0,,,,True,20260911,5000,artifact/task-cluster percentile 95%; degenerate intervals are not population certainty
CODE,two_stage_32k_shared_prefix_scorer,meta-llama/Llama-3.1-8B-Instruct,0e9e39f249a16976918f6564b8830bc894c89659,immediate_readout,explicit,whitespace_union,main,all_valid,code_acceptance,partial,23,23,23,0,0,0.59903381642512088,23,0.48792270531400972,0.70531400966183566,3.0869565217391304,23,2.0434782608695654,4.1304347826086953,0.52173913043478259,23,0.30434782608695654,0.73913043478260865,12,0.30434782608695654,23,0.13043478260869565,0.52173913043478259,7,0.21739130434782608,23,0.043478260869565216,0.39130434782608697,5,0.52173913043478259,0.30434782608695654,0.41666666666666669,True,20260911,5000,artifact/task-cluster percentile 95%; degenerate intervals are not population certainty
CODE,two_stage_32k_shared_prefix_scorer,meta-llama/Llama-3.1-8B-Instruct,0e9e39f249a16976918f6564b8830bc894c89659,immediate_readout,explicit,whitespace_union,smoke,all_valid,ALL,all,3,3,1,2,0,0.51851851851851849,3,0.22222222222222221,1,5,3,0,8,1,1,1,1,1,1,1,1,1,1,0,1,0,0,0,1,1,0,True,20260911,5000,artifact/task-cluster percentile 95%; degenerate intervals are not population certainty
CODE,two_stage_32k_shared_prefix_scorer,meta-llama/Llama-3.1-8B-Instruct,0e9e39f249a16976918f6564b8830bc894c89659,immediate_readout,explicit,whitespace_union,smoke,all_valid,ALL,nontrivial,1,1,1,0,0,1,1,1,1,0,1,0,0,1,1,1,1,1,1,1,1,1,1,0,1,0,0,0,1,1,0,True,20260911,5000,artifact/task-cluster percentile 95%; degenerate intervals are not population certainty
CODE,two_stage_32k_shared_prefix_scorer,meta-llama/Llama-3.1-8B-Instruct,0e9e39f249a16976918f6564b8830bc894c89659,immediate_readout,explicit,whitespace_union,smoke,all_valid,ALL,all_pass,2,2,0,2,0,0.27777777777777779,2,0.22222222222222221,0.33333333333333331,7.5,2,7,8,,0,,,0,,0,,,0,,0,,,0,1,1,,True,20260911,5000,artifact/task-cluster percentile 95%; degenerate intervals are not population certainty
CODE,two_stage_32k_shared_prefix_scorer,meta-llama/Llama-3.1-8B-Instruct,0e9e39f249a16976918f6564b8830bc894c89659,immediate_readout,explicit,whitespace_union,smoke,all_valid,ALL,all_fail,0,0,0,0,0,,0,,,,0,,,,0,,,0,,0,,,0,,0,,,0,,,,True,20260911,5000,artifact/task-cluster percentile 95%; degenerate intervals are not population certainty
CODE,two_stage_32k_shared_prefix_scorer,meta-llama/Llama-3.1-8B-Instruct,0e9e39f249a16976918f6564b8830bc894c89659,immediate_readout,explicit,whitespace_union,smoke,all_valid,ALL,partial,0,0,0,0,0,,0,,,,0,,,,0,,,0,,0,,,0,,0,,,0,,,,True,20260911,5000,artifact/task-cluster percentile 95%; degenerate intervals are not population certainty
CODE,two_stage_32k_shared_prefix_scorer,meta-llama/Llama-3.1-8B-Instruct,0e9e39f249a16976918f6564b8830bc894c89659,immediate_readout,explicit,whitespace_union,smoke,all_valid,code_acceptance,all,3,3,1,2,0,0.51851851851851849,3,0.22222222222222221,1,5,3,0,8,1,1,1,1,1,1,1,1,1,1,0,1,0,0,0,1,1,0,True,20260911,5000,artifact/task-cluster percentile 95%; degenerate intervals are not population certainty
CODE,two_stage_32k_shared_prefix_scorer,meta-llama/Llama-3.1-8B-Instruct,0e9e39f249a16976918f6564b8830bc894c89659,immediate_readout,explicit,whitespace_union,smoke,all_valid,code_acceptance,nontrivial,1,1,1,0,0,1,1,1,1,0,1,0,0,1,1,1,1,1,1,1,1,1,1,0,1,0,0,0,1,1,0,True,20260911,5000,artifact/task-cluster percentile 95%; degenerate intervals are not population certainty
CODE,two_stage_32k_shared_prefix_scorer,meta-llama/Llama-3.1-8B-Instruct,0e9e39f249a16976918f6564b8830bc894c89659,immediate_readout,explicit,whitespace_union,smoke,all_valid,code_acceptance,all_pass,2,2,0,2,0,0.27777777777777779,2,0.22222222222222221,0.33333333333333331,7.5,2,7,8,,0,,,0,,0,,,0,,0,,,0,1,1,,True,20260911,5000,artifact/task-cluster percentile 95%; degenerate intervals are not population certainty
CODE,two_stage_32k_shared_prefix_scorer,meta-llama/Llama-3.1-8B-Instruct,0e9e39f249a16976918f6564b8830bc894c89659,immediate_readout,explicit,whitespace_union,smoke,all_valid,code_acceptance,all_fail,0,0,0,0,0,,0,,,,0,,,,0,,,0,,0,,,0,,0,,,0,,,,True,20260911,5000,artifact/task-cluster percentile 95%; degenerate intervals are not population certainty
CODE,two_stage_32k_shared_prefix_scorer,meta-llama/Llama-3.1-8B-Instruct,0e9e39f249a16976918f6564b8830bc894c89659,immediate_readout,explicit,whitespace_union,smoke,all_valid,code_acceptance,partial,0,0,0,0,0,,0,,,,0,,,,0,,,0,,0,,,0,,0,,,0,,,,True,20260911,5000,artifact/task-cluster percentile 95%; degenerate intervals are not population certainty
CODE,two_stage_32k_shared_prefix_scorer,meta-llama/Llama-3.1-8B-Instruct,0e9e39f249a16976918f6564b8830bc894c89659,immediate_readout,original,bare,main,all_valid,ALL,all,80,80,54,26,0,0.57222222222222219,80,0.48888888888888893,0.6513888888888888,4.3499999999999996,80,3.5625,5.1500000000000004,0,54,0,0,0,0,54,0,0,0,0,54,0,0,0,0.32500000000000001,0.32500000000000001,,True,20260911,5000,artifact/task-cluster percentile 95%; degenerate intervals are not population certainty
CODE,two_stage_32k_shared_prefix_scorer,meta-llama/Llama-3.1-8B-Instruct,0e9e39f249a16976918f6564b8830bc894c89659,immediate_readout,original,bare,main,all_valid,ALL,nontrivial,54,54,54,0,0,0.50617283950617287,54,0.41152263374485593,0.5967078189300411,3.1111111111111112,54,2.4074074074074074,3.8703703703703702,0,54,0,0,0,0,54,0,0,0,0,54,0,0,0,0,0,,True,20260911,5000,artifact/task-cluster percentile 95%; degenerate intervals are not population certainty
CODE,two_stage_32k_shared_prefix_scorer,meta-llama/Llama-3.1-8B-Instruct,0e9e39f249a16976918f6564b8830bc894c89659,immediate_readout,original,bare,main,all_valid,ALL,all_pass,26,26,0,26,0,0.70940170940170932,26,0.5641025641025641,0.83771367521367368,6.9230769230769234,26,5.5384615384615383,8.3076923076923084,,0,,,0,,0,,,0,,0,,,0,1,1,,True,20260911,5000,artifact/task-cluster percentile 95%; degenerate intervals are not population certainty
CODE,two_stage_32k_shared_prefix_scorer,meta-llama/Llama-3.1-8B-Instruct,0e9e39f249a16976918f6564b8830bc894c89659,immediate_readout,original,bare,main,all_valid,ALL,all_fail,0,0,0,0,0,,0,,,,0,,,,0,,,0,,0,,,0,,0,,,0,,,,True,20260911,5000,artifact/task-cluster percentile 95%; degenerate intervals are not population certainty
CODE,two_stage_32k_shared_prefix_scorer,meta-llama/Llama-3.1-8B-Instruct,0e9e39f249a16976918f6564b8830bc894c89659,immediate_readout,original,bare,main,all_valid,ALL,partial,23,23,23,0,0,0.35265700483091778,23,0.2657004830917874,0.44444444444444425,5.6521739130434785,23,4.7391304347826084,6.5217391304347823,0,23,0,0,0,0,23,0,0,0,0,23,0,0,0,0,0,,True,20260911,5000,artifact/task-cluster percentile 95%; degenerate intervals are not population certainty
CODE,two_stage_32k_shared_prefix_scorer,meta-llama/Llama-3.1-8B-Instruct,0e9e39f249a16976918f6564b8830bc894c89659,immediate_readout,original,bare,main,all_valid,code_acceptance,all,80,80,54,26,0,0.57222222222222219,80,0.48888888888888893,0.6513888888888888,4.3499999999999996,80,3.5625,5.1500000000000004,0,54,0,0,0,0,54,0,0,0,0,54,0,0,0,0.32500000000000001,0.32500000000000001,,True,20260911,5000,artifact/task-cluster percentile 95%; degenerate intervals are not population certainty
CODE,two_stage_32k_shared_prefix_scorer,meta-llama/Llama-3.1-8B-Instruct,0e9e39f249a16976918f6564b8830bc894c89659,immediate_readout,original,bare,main,all_valid,code_acceptance,nontrivial,54,54,54,0,0,0.50617283950617287,54,0.41152263374485593,0.5967078189300411,3.1111111111111112,54,2.4074074074074074,3.8703703703703702,0,54,0,0,0,0,54,0,0,0,0,54,0,0,0,0,0,,True,20260911,5000,artifact/task-cluster percentile 95%; degenerate intervals are not population certainty
CODE,two_stage_32k_shared_prefix_scorer,meta-llama/Llama-3.1-8B-Instruct,0e9e39f249a16976918f6564b8830bc894c89659,immediate_readout,original,bare,main,all_valid,code_acceptance,all_pass,26,26,0,26,0,0.70940170940170932,26,0.5641025641025641,0.83771367521367368,6.9230769230769234,26,5.5384615384615383,8.3076923076923084,,0,,,0,,0,,,0,,0,,,0,1,1,,True,20260911,5000,artifact/task-cluster percentile 95%; degenerate intervals are not population certainty
CODE,two_stage_32k_shared_prefix_scorer,meta-llama/Llama-3.1-8B-Instruct,0e9e39f249a16976918f6564b8830bc894c89659,immediate_readout,original,bare,main,all_valid,code_acceptance,all_fail,0,0,0,0,0,,0,,,,0,,,,0,,,0,,0,,,0,,0,,,0,,,,True,20260911,5000,artifact/task-cluster percentile 95%; degenerate intervals are not population certainty
CODE,two_stage_32k_shared_prefix_scorer,meta-llama/Llama-3.1-8B-Instruct,0e9e39f249a16976918f6564b8830bc894c89659,immediate_readout,original,bare,main,all_valid,code_acceptance,partial,23,23,23,0,0,0.35265700483091778,23,0.2657004830917874,0.44444444444444425,5.6521739130434785,23,4.7391304347826084,6.5217391304347823,0,23,0,0,0,0,23,0,0,0,0,23,0,0,0,0,0,,True,20260911,5000,artifact/task-cluster percentile 95%; degenerate intervals are not population certainty
CODE,two_stage_32k_shared_prefix_scorer,meta-llama/Llama-3.1-8B-Instruct,0e9e39f249a16976918f6564b8830bc894c89659,immediate_readout,original,bare,smoke,all_valid,ALL,all,3,3,1,2,0,0.37037037037037041,3,0,1,3.3333333333333335,3,0,9,0,1,0,0,0,0,1,0,0,0,0,1,0,0,0,0.66666666666666663,0.66666666666666663,,True,20260911,5000,artifact/task-cluster percentile 95%; degenerate intervals are not population certainty
CODE,two_stage_32k_shared_prefix_scorer,meta-llama/Llama-3.1-8B-Instruct,0e9e39f249a16976918f6564b8830bc894c89659,immediate_readout,original,bare,smoke,all_valid,ALL,nontrivial,1,1,1,0,0,0.1111111111111111,1,0.1111111111111111,0.1111111111111111,1,1,1,1,0,1,0,0,0,0,1,0,0,0,0,1,0,0,0,0,0,,True,20260911,5000,artifact/task-cluster percentile 95%; degenerate intervals are not population certainty
CODE,two_stage_32k_shared_prefix_scorer,meta-llama/Llama-3.1-8B-Instruct,0e9e39f249a16976918f6564b8830bc894c89659,immediate_readout,original,bare,smoke,all_valid,ALL,all_pass,2,2,0,2,0,0.5,2,0,1,4.5,2,0,9,,0,,,0,,0,,,0,,0,,,0,1,1,,True,20260911,5000,artifact/task-cluster percentile 95%; degenerate intervals are not population certainty
CODE,two_stage_32k_shared_prefix_scorer,meta-llama/Llama-3.1-8B-Instruct,0e9e39f249a16976918f6564b8830bc894c89659,immediate_readout,original,bare,smoke,all_valid,ALL,all_fail,0,0,0,0,0,,0,,,,0,,,,0,,,0,,0,,,0,,0,,,0,,,,True,20260911,5000,artifact/task-cluster percentile 95%; degenerate intervals are not population certainty
CODE,two_stage_32k_shared_prefix_scorer,meta-llama/Llama-3.1-8B-Instruct,0e9e39f249a16976918f6564b8830bc894c89659,immediate_readout,original,bare,smoke,all_valid,ALL,partial,0,0,0,0,0,,0,,,,0,,,,0,,,0,,0,,,0,,0,,,0,,,,True,20260911,5000,artifact/task-cluster percentile 95%; degenerate intervals are not population certainty
CODE,two_stage_32k_shared_prefix_scorer,meta-llama/Llama-3.1-8B-Instruct,0e9e39f249a16976918f6564b8830bc894c89659,immediate_readout,original,bare,smoke,all_valid,code_acceptance,all,3,3,1,2,0,0.37037037037037041,3,0,1,3.3333333333333335,3,0,9,0,1,0,0,0,0,1,0,0,0,0,1,0,0,0,0.66666666666666663,0.66666666666666663,,True,20260911,5000,artifact/task-cluster percentile 95%; degenerate intervals are not population certainty
CODE,two_stage_32k_shared_prefix_scorer,meta-llama/Llama-3.1-8B-Instruct,0e9e39f249a16976918f6564b8830bc894c89659,immediate_readout,original,bare,smoke,all_valid,code_acceptance,nontrivial,1,1,1,0,0,0.1111111111111111,1,0.1111111111111111,0.1111111111111111,1,1,1,1,0,1,0,0,0,0,1,0,0,0,0,1,0,0,0,0,0,,True,20260911,5000,artifact/task-cluster percentile 95%; degenerate intervals are not population certainty
CODE,two_stage_32k_shared_prefix_scorer,meta-llama/Llama-3.1-8B-Instruct,0e9e39f249a16976918f6564b8830bc894c89659,immediate_readout,original,bare,smoke,all_valid,code_acceptance,all_pass,2,2,0,2,0,0.5,2,0,1,4.5,2,0,9,,0,,,0,,0,,,0,,0,,,0,1,1,,True,20260911,5000,artifact/task-cluster percentile 95%; degenerate intervals are not population certainty
CODE,two_stage_32k_shared_prefix_scorer,meta-llama/Llama-3.1-8B-Instruct,0e9e39f249a16976918f6564b8830bc894c89659,immediate_readout,original,bare,smoke,all_valid,code_acceptance,all_fail,0,0,0,0,0,,0,,,,0,,,,0,,,0,,0,,,0,,0,,,0,,,,True,20260911,5000,artifact/task-cluster percentile 95%; degenerate intervals are not population certainty
CODE,two_stage_32k_shared_prefix_scorer,meta-llama/Llama-3.1-8B-Instruct,0e9e39f249a16976918f6564b8830bc894c89659,immediate_readout,original,bare,smoke,all_valid,code_acceptance,partial,0,0,0,0,0,,0,,,,0,,,,0,,,0,,0,,,0,,0,,,0,,,,True,20260911,5000,artifact/task-cluster percentile 95%; degenerate intervals are not population certainty
CODE,two_stage_32k_shared_prefix_scorer,meta-llama/Llama-3.1-8B-Instruct,0e9e39f249a16976918f6564b8830bc894c89659,immediate_readout,original,whitespace_union,main,all_valid,ALL,all,80,80,54,26,0,0.56527777777777777,80,0.48472222222222222,0.64027777777777772,4.5750000000000002,80,3.7875000000000001,5.3499999999999996,0,54,0,0,0,0,54,0,0,0,0,54,0,0,0,0.32500000000000001,0.32500000000000001,,True,20260911,5000,artifact/task-cluster percentile 95%; degenerate intervals are not population certainty
CODE,two_stage_32k_shared_prefix_scorer,meta-llama/Llama-3.1-8B-Instruct,0e9e39f249a16976918f6564b8830bc894c89659,immediate_readout,original,whitespace_union,main,all_valid,ALL,nontrivial,54,54,54,0,0,0.51646090534979427,54,0.42592592592592593,0.60288065843621397,3.1111111111111112,54,2.4074074074074074,3.8703703703703702,0,54,0,0,0,0,54,0,0,0,0,54,0,0,0,0,0,,True,20260911,5000,artifact/task-cluster percentile 95%; degenerate intervals are not population certainty
CODE,two_stage_32k_shared_prefix_scorer,meta-llama/Llama-3.1-8B-Instruct,0e9e39f249a16976918f6564b8830bc894c89659,immediate_readout,original,whitespace_union,main,all_valid,ALL,all_pass,26,26,0,26,0,0.66666666666666663,26,0.52564102564102566,0.79487179487179493,7.615384615384615,26,6.2307692307692308,8.6538461538461533,,0,,,0,,0,,,0,,0,,,0,1,1,,True,20260911,5000,artifact/task-cluster percentile 95%; degenerate intervals are not population certainty
CODE,two_stage_32k_shared_prefix_scorer,meta-llama/Llama-3.1-8B-Instruct,0e9e39f249a16976918f6564b8830bc894c89659,immediate_readout,original,whitespace_union,main,all_valid,ALL,all_fail,0,0,0,0,0,,0,,,,0,,,,0,,,0,,0,,,0,,0,,,0,,,,True,20260911,5000,artifact/task-cluster percentile 95%; degenerate intervals are not population certainty
CODE,two_stage_32k_shared_prefix_scorer,meta-llama/Llama-3.1-8B-Instruct,0e9e39f249a16976918f6564b8830bc894c89659,immediate_readout,original,whitespace_union,main,all_valid,ALL,partial,23,23,23,0,0,0.34299516908212552,23,0.2608695652173913,0.42995169082125584,5.6521739130434785,23,4.7391304347826084,6.5217391304347823,0,23,0,0,0,0,23,0,0,0,0,23,0,0,0,0,0,,True,20260911,5000,artifact/task-cluster percentile 95%; degenerate intervals are not population certainty
CODE,two_stage_32k_shared_prefix_scorer,meta-llama/Llama-3.1-8B-Instruct,0e9e39f249a16976918f6564b8830bc894c89659,immediate_readout,original,whitespace_union,main,all_valid,code_acceptance,all,80,80,54,26,0,0.56527777777777777,80,0.48472222222222222,0.64027777777777772,4.5750000000000002,80,3.7875000000000001,5.3499999999999996,0,54,0,0,0,0,54,0,0,0,0,54,0,0,0,0.32500000000000001,0.32500000000000001,,True,20260911,5000,artifact/task-cluster percentile 95%; degenerate intervals are not population certainty
CODE,two_stage_32k_shared_prefix_scorer,meta-llama/Llama-3.1-8B-Instruct,0e9e39f249a16976918f6564b8830bc894c89659,immediate_readout,original,whitespace_union,main,all_valid,code_acceptance,nontrivial,54,54,54,0,0,0.51646090534979427,54,0.42592592592592593,0.60288065843621397,3.1111111111111112,54,2.4074074074074074,3.8703703703703702,0,54,0,0,0,0,54,0,0,0,0,54,0,0,0,0,0,,True,20260911,5000,artifact/task-cluster percentile 95%; degenerate intervals are not population certainty
CODE,two_stage_32k_shared_prefix_scorer,meta-llama/Llama-3.1-8B-Instruct,0e9e39f249a16976918f6564b8830bc894c89659,immediate_readout,original,whitespace_union,main,all_valid,code_acceptance,all_pass,26,26,0,26,0,0.66666666666666663,26,0.52564102564102566,0.79487179487179493,7.615384615384615,26,6.2307692307692308,8.6538461538461533,,0,,,0,,0,,,0,,0,,,0,1,1,,True,20260911,5000,artifact/task-cluster percentile 95%; degenerate intervals are not population certainty
CODE,two_stage_32k_shared_prefix_scorer,meta-llama/Llama-3.1-8B-Instruct,0e9e39f249a16976918f6564b8830bc894c89659,immediate_readout,original,whitespace_union,main,all_valid,code_acceptance,all_fail,0,0,0,0,0,,0,,,,0,,,,0,,,0,,0,,,0,,0,,,0,,,,True,20260911,5000,artifact/task-cluster percentile 95%; degenerate intervals are not population certainty
CODE,two_stage_32k_shared_prefix_scorer,meta-llama/Llama-3.1-8B-Instruct,0e9e39f249a16976918f6564b8830bc894c89659,immediate_readout,original,whitespace_union,main,all_valid,code_acceptance,partial,23,23,23,0,0,0.34299516908212552,23,0.2608695652173913,0.42995169082125584,5.6521739130434785,23,4.7391304347826084,6.5217391304347823,0,23,0,0,0,0,23,0,0,0,0,23,0,0,0,0,0,,True,20260911,5000,artifact/task-cluster percentile 95%; degenerate intervals are not population certainty
CODE,two_stage_32k_shared_prefix_scorer,meta-llama/Llama-3.1-8B-Instruct,0e9e39f249a16976918f6564b8830bc894c89659,immediate_readout,original,whitespace_union,smoke,all_valid,ALL,all,3,3,1,2,0,0.40740740740740744,3,0,1,3.3333333333333335,3,0,9,0,1,0,0,0,0,1,0,0,0,0,1,0,0,0,0.66666666666666663,0.66666666666666663,,True,20260911,5000,artifact/task-cluster percentile 95%; degenerate intervals are not population certainty
CODE,two_stage_32k_shared_prefix_scorer,meta-llama/Llama-3.1-8B-Instruct,0e9e39f249a16976918f6564b8830bc894c89659,immediate_readout,original,whitespace_union,smoke,all_valid,ALL,nontrivial,1,1,1,0,0,0.22222222222222221,1,0.22222222222222221,0.22222222222222221,1,1,1,1,0,1,0,0,0,0,1,0,0,0,0,1,0,0,0,0,0,,True,20260911,5000,artifact/task-cluster percentile 95%; degenerate intervals are not population certainty
CODE,two_stage_32k_shared_prefix_scorer,meta-llama/Llama-3.1-8B-Instruct,0e9e39f249a16976918f6564b8830bc894c89659,immediate_readout,original,whitespace_union,smoke,all_valid,ALL,all_pass,2,2,0,2,0,0.5,2,0,1,4.5,2,0,9,,0,,,0,,0,,,0,,0,,,0,1,1,,True,20260911,5000,artifact/task-cluster percentile 95%; degenerate intervals are not population certainty
CODE,two_stage_32k_shared_prefix_scorer,meta-llama/Llama-3.1-8B-Instruct,0e9e39f249a16976918f6564b8830bc894c89659,immediate_readout,original,whitespace_union,smoke,all_valid,ALL,all_fail,0,0,0,0,0,,0,,,,0,,,,0,,,0,,0,,,0,,0,,,0,,,,True,20260911,5000,artifact/task-cluster percentile 95%; degenerate intervals are not population certainty
CODE,two_stage_32k_shared_prefix_scorer,meta-llama/Llama-3.1-8B-Instruct,0e9e39f249a16976918f6564b8830bc894c89659,immediate_readout,original,whitespace_union,smoke,all_valid,ALL,partial,0,0,0,0,0,,0,,,,0,,,,0,,,0,,0,,,0,,0,,,0,,,,True,20260911,5000,artifact/task-cluster percentile 95%; degenerate intervals are not population certainty
CODE,two_stage_32k_shared_prefix_scorer,meta-llama/Llama-3.1-8B-Instruct,0e9e39f249a16976918f6564b8830bc894c89659,immediate_readout,original,whitespace_union,smoke,all_valid,code_acceptance,all,3,3,1,2,0,0.40740740740740744,3,0,1,3.3333333333333335,3,0,9,0,1,0,0,0,0,1,0,0,0,0,1,0,0,0,0.66666666666666663,0.66666666666666663,,True,20260911,5000,artifact/task-cluster percentile 95%; degenerate intervals are not population certainty
CODE,two_stage_32k_shared_prefix_scorer,meta-llama/Llama-3.1-8B-Instruct,0e9e39f249a16976918f6564b8830bc894c89659,immediate_readout,original,whitespace_union,smoke,all_valid,code_acceptance,nontrivial,1,1,1,0,0,0.22222222222222221,1,0.22222222222222221,0.22222222222222221,1,1,1,1,0,1,0,0,0,0,1,0,0,0,0,1,0,0,0,0,0,,True,20260911,5000,artifact/task-cluster percentile 95%; degenerate intervals are not population certainty
CODE,two_stage_32k_shared_prefix_scorer,meta-llama/Llama-3.1-8B-Instruct,0e9e39f249a16976918f6564b8830bc894c89659,immediate_readout,original,whitespace_union,smoke,all_valid,code_acceptance,all_pass,2,2,0,2,0,0.5,2,0,1,4.5,2,0,9,,0,,,0,,0,,,0,,0,,,0,1,1,,True,20260911,5000,artifact/task-cluster percentile 95%; degenerate intervals are not population certainty
CODE,two_stage_32k_shared_prefix_scorer,meta-llama/Llama-3.1-8B-Instruct,0e9e39f249a16976918f6564b8830bc894c89659,immediate_readout,original,whitespace_union,smoke,all_valid,code_acceptance,all_fail,0,0,0,0,0,,0,,,,0,,,,0,,,0,,0,,,0,,0,,,0,,,,True,20260911,5000,artifact/task-cluster percentile 95%; degenerate intervals are not population certainty
CODE,two_stage_32k_shared_prefix_scorer,meta-llama/Llama-3.1-8B-Instruct,0e9e39f249a16976918f6564b8830bc894c89659,immediate_readout,original,whitespace_union,smoke,all_valid,code_acceptance,partial,0,0,0,0,0,,0,,,,0,,,,0,,,0,,0,,,0,,0,,,0,,,,True,20260911,5000,artifact/task-cluster percentile 95%; degenerate intervals are not population certainty
CODE,two_stage_32k_shared_prefix_scorer,mistralai/Mistral-7B-Instruct-v0.3,c170c708c41dac9275d15a8fff4eca08d52bab71,immediate_readout,explicit,bare,main,all_valid,ALL,all,80,80,54,26,0,0.53333333333333333,80,0.44722222222222224,0.61944444444444435,4.1875,80,3.4125000000000001,4.9625000000000004,0.20370370370370369,54,0.1111111111111111,0.31481481481481483,11,0.1111111111111111,54,0.037037037037037035,0.20370370370370369,6,0.092592592592592587,54,0.018518518518518517,0.18518518518518517,5,0.46250000000000002,0.40000000000000002,0.45454545454545453,True,20260911,5000,artifact/task-cluster percentile 95%; degenerate intervals are not population certainty
CODE,two_stage_32k_shared_prefix_scorer,mistralai/Mistral-7B-Instruct-v0.3,c170c708c41dac9275d15a8fff4eca08d52bab71,immediate_readout,explicit,bare,main,all_valid,ALL,nontrivial,54,54,54,0,0,0.33744855967078186,54,0.25925925925925924,0.41975308641975312,5.9444444444444446,54,5.1851851851851851,6.6481481481481479,0.20370370370370369,54,0.1111111111111111,0.31481481481481483,11,0.1111111111111111,54,0.037037037037037035,0.20370370370370369,6,0.092592592592592587,54,0.018518518518518517,0.18518518518518517,5,0.20370370370370369,0.1111111111111111,0.45454545454545453,True,20260911,5000,artifact/task-cluster percentile 95%; degenerate intervals are not population certainty
CODE,two_stage_32k_shared_prefix_scorer,mistralai/Mistral-7B-Instruct-v0.3,c170c708c41dac9275d15a8fff4eca08d52bab71,immediate_readout,explicit,bare,main,all_valid,ALL,all_pass,26,26,0,26,0,0.94017094017094016,26,0.84615384615384615,1,0.53846153846153844,26,0,1.3846153846153846,,0,,,0,,0,,,0,,0,,,0,1,1,,True,20260911,5000,artifact/task-cluster percentile 95%; degenerate intervals are not population certainty
CODE,two_stage_32k_shared_prefix_scorer,mistralai/Mistral-7B-Instruct-v0.3,c170c708c41dac9275d15a8fff4eca08d52bab71,immediate_readout,explicit,bare,main,all_valid,ALL,all_fail,0,0,0,0,0,,0,,,,0,,,,0,,,0,,0,,,0,,0,,,0,,,,True,20260911,5000,artifact/task-cluster percentile 95%; degenerate intervals are not population certainty
CODE,two_stage_32k_shared_prefix_scorer,mistralai/Mistral-7B-Instruct-v0.3,c170c708c41dac9275d15a8fff4eca08d52bab71,immediate_readout,explicit,bare,main,all_valid,ALL,partial,23,23,23,0,0,0.60869565217391308,23,0.50724637681159412,0.70543478260869408,3.5217391304347827,23,2.6510869565217394,4.4347826086956523,0.21739130434782608,23,0.086956521739130432,0.39130434782608697,5,0.13043478260869565,23,0,0.30434782608695654,3,0.086956521739130432,23,0,0.21739130434782608,2,0.21739130434782608,0.13043478260869565,0.40000000000000002,True,20260911,5000,artifact/task-cluster percentile 95%; degenerate intervals are not population certainty
CODE,two_stage_32k_shared_prefix_scorer,mistralai/Mistral-7B-Instruct-v0.3,c170c708c41dac9275d15a8fff4eca08d52bab71,immediate_readout,explicit,bare,main,all_valid,code_acceptance,all,80,80,54,26,0,0.53333333333333333,80,0.44722222222222224,0.61944444444444435,4.1875,80,3.4125000000000001,4.9625000000000004,0.20370370370370369,54,0.1111111111111111,0.31481481481481483,11,0.1111111111111111,54,0.037037037037037035,0.20370370370370369,6,0.092592592592592587,54,0.018518518518518517,0.18518518518518517,5,0.46250000000000002,0.40000000000000002,0.45454545454545453,True,20260911,5000,artifact/task-cluster percentile 95%; degenerate intervals are not population certainty
CODE,two_stage_32k_shared_prefix_scorer,mistralai/Mistral-7B-Instruct-v0.3,c170c708c41dac9275d15a8fff4eca08d52bab71,immediate_readout,explicit,bare,main,all_valid,code_acceptance,nontrivial,54,54,54,0,0,0.33744855967078186,54,0.25925925925925924,0.41975308641975312,5.9444444444444446,54,5.1851851851851851,6.6481481481481479,0.20370370370370369,54,0.1111111111111111,0.31481481481481483,11,0.1111111111111111,54,0.037037037037037035,0.20370370370370369,6,0.092592592592592587,54,0.018518518518518517,0.18518518518518517,5,0.20370370370370369,0.1111111111111111,0.45454545454545453,True,20260911,5000,artifact/task-cluster percentile 95%; degenerate intervals are not population certainty
CODE,two_stage_32k_shared_prefix_scorer,mistralai/Mistral-7B-Instruct-v0.3,c170c708c41dac9275d15a8fff4eca08d52bab71,immediate_readout,explicit,bare,main,all_valid,code_acceptance,all_pass,26,26,0,26,0,0.94017094017094016,26,0.84615384615384615,1,0.53846153846153844,26,0,1.3846153846153846,,0,,,0,,0,,,0,,0,,,0,1,1,,True,20260911,5000,artifact/task-cluster percentile 95%; degenerate intervals are not population certainty
CODE,two_stage_32k_shared_prefix_scorer,mistralai/Mistral-7B-Instruct-v0.3,c170c708c41dac9275d15a8fff4eca08d52bab71,immediate_readout,explicit,bare,main,all_valid,code_acceptance,all_fail,0,0,0,0,0,,0,,,,0,,,,0,,,0,,0,,,0,,0,,,0,,,,True,20260911,5000,artifact/task-cluster percentile 95%; degenerate intervals are not population certainty
CODE,two_stage_32k_shared_prefix_scorer,mistralai/Mistral-7B-Instruct-v0.3,c170c708c41dac9275d15a8fff4eca08d52bab71,immediate_readout,explicit,bare,main,all_valid,code_acceptance,partial,23,23,23,0,0,0.60869565217391308,23,0.50724637681159412,0.70543478260869408,3.5217391304347827,23,2.6510869565217394,4.4347826086956523,0.21739130434782608,23,0.086956521739130432,0.39130434782608697,5,0.13043478260869565,23,0,0.30434782608695654,3,0.086956521739130432,23,0,0.21739130434782608,2,0.21739130434782608,0.13043478260869565,0.40000000000000002,True,20260911,5000,artifact/task-cluster percentile 95%; degenerate intervals are not population certainty
CODE,two_stage_32k_shared_prefix_scorer,mistralai/Mistral-7B-Instruct-v0.3,c170c708c41dac9275d15a8fff4eca08d52bab71,immediate_readout,explicit,bare,smoke,all_valid,ALL,all,3,3,1,2,0,0.70370370370370372,3,0.1111111111111111,1,2.6666666666666665,3,0,8,1,1,1,1,1,1,1,1,1,1,0,1,0,0,0,1,1,0,True,20260911,5000,artifact/task-cluster percentile 95%; degenerate intervals are not population certainty
CODE,two_stage_32k_shared_prefix_scorer,mistralai/Mistral-7B-Instruct-v0.3,c170c708c41dac9275d15a8fff4eca08d52bab71,immediate_readout,explicit,bare,smoke,all_valid,ALL,nontrivial,1,1,1,0,0,0.1111111111111111,1,0.1111111111111111,0.1111111111111111,8,1,8,8,1,1,1,1,1,1,1,1,1,1,0,1,0,0,0,1,1,0,True,20260911,5000,artifact/task-cluster percentile 95%; degenerate intervals are not population certainty
CODE,two_stage_32k_shared_prefix_scorer,mistralai/Mistral-7B-Instruct-v0.3,c170c708c41dac9275d15a8fff4eca08d52bab71,immediate_readout,explicit,bare,smoke,all_valid,ALL,all_pass,2,2,0,2,0,1,2,1,1,0,2,0,0,,0,,,0,,0,,,0,,0,,,0,1,1,,True,20260911,5000,artifact/task-cluster percentile 95%; degenerate intervals are not population certainty
CODE,two_stage_32k_shared_prefix_scorer,mistralai/Mistral-7B-Instruct-v0.3,c170c708c41dac9275d15a8fff4eca08d52bab71,immediate_readout,explicit,bare,smoke,all_valid,ALL,all_fail,0,0,0,0,0,,0,,,,0,,,,0,,,0,,0,,,0,,0,,,0,,,,True,20260911,5000,artifact/task-cluster percentile 95%; degenerate intervals are not population certainty
CODE,two_stage_32k_shared_prefix_scorer,mistralai/Mistral-7B-Instruct-v0.3,c170c708c41dac9275d15a8fff4eca08d52bab71,immediate_readout,explicit,bare,smoke,all_valid,ALL,partial,0,0,0,0,0,,0,,,,0,,,,0,,,0,,0,,,0,,0,,,0,,,,True,20260911,5000,artifact/task-cluster percentile 95%; degenerate intervals are not population certainty
CODE,two_stage_32k_shared_prefix_scorer,mistralai/Mistral-7B-Instruct-v0.3,c170c708c41dac9275d15a8fff4eca08d52bab71,immediate_readout,explicit,bare,smoke,all_valid,code_acceptance,all,3,3,1,2,0,0.70370370370370372,3,0.1111111111111111,1,2.6666666666666665,3,0,8,1,1,1,1,1,1,1,1,1,1,0,1,0,0,0,1,1,0,True,20260911,5000,artifact/task-cluster percentile 95%; degenerate intervals are not population certainty
CODE,two_stage_32k_shared_prefix_scorer,mistralai/Mistral-7B-Instruct-v0.3,c170c708c41dac9275d15a8fff4eca08d52bab71,immediate_readout,explicit,bare,smoke,all_valid,code_acceptance,nontrivial,1,1,1,0,0,0.1111111111111111,1,0.1111111111111111,0.1111111111111111,8,1,8,8,1,1,1,1,1,1,1,1,1,1,0,1,0,0,0,1,1,0,True,20260911,5000,artifact/task-cluster percentile 95%; degenerate intervals are not population certainty
CODE,two_stage_32k_shared_prefix_scorer,mistralai/Mistral-7B-Instruct-v0.3,c170c708c41dac9275d15a8fff4eca08d52bab71,immediate_readout,explicit,bare,smoke,all_valid,code_acceptance,all_pass,2,2,0,2,0,1,2,1,1,0,2,0,0,,0,,,0,,0,,,0,,0,,,0,1,1,,True,20260911,5000,artifact/task-cluster percentile 95%; degenerate intervals are not population certainty
CODE,two_stage_32k_shared_prefix_scorer,mistralai/Mistral-7B-Instruct-v0.3,c170c708c41dac9275d15a8fff4eca08d52bab71,immediate_readout,explicit,bare,smoke,all_valid,code_acceptance,all_fail,0,0,0,0,0,,0,,,,0,,,,0,,,0,,0,,,0,,0,,,0,,,,True,20260911,5000,artifact/task-cluster percentile 95%; degenerate intervals are not population certainty
CODE,two_stage_32k_shared_prefix_scorer,mistralai/Mistral-7B-Instruct-v0.3,c170c708c41dac9275d15a8fff4eca08d52bab71,immediate_readout,explicit,bare,smoke,all_valid,code_acceptance,partial,0,0,0,0,0,,0,,,,0,,,,0,,,0,,0,,,0,,0,,,0,,,,True,20260911,5000,artifact/task-cluster percentile 95%; degenerate intervals are not population certainty
CODE,two_stage_32k_shared_prefix_scorer,mistralai/Mistral-7B-Instruct-v0.3,c170c708c41dac9275d15a8fff4eca08d52bab71,immediate_readout,explicit,whitespace_union,main,all_valid,ALL,all,80,80,54,26,0,0.53333333333333333,80,0.44722222222222224,0.61944444444444435,4.1875,80,3.4125000000000001,4.9625000000000004,0.20370370370370369,54,0.1111111111111111,0.31481481481481483,11,0.1111111111111111,54,0.037037037037037035,0.20370370370370369,6,0.092592592592592587,54,0.018518518518518517,0.18518518518518517,5,0.46250000000000002,0.40000000000000002,0.45454545454545453,True,20260911,5000,artifact/task-cluster percentile 95%; degenerate intervals are not population certainty
CODE,two_stage_32k_shared_prefix_scorer,mistralai/Mistral-7B-Instruct-v0.3,c170c708c41dac9275d15a8fff4eca08d52bab71,immediate_readout,explicit,whitespace_union,main,all_valid,ALL,nontrivial,54,54,54,0,0,0.33744855967078186,54,0.25925925925925924,0.41975308641975312,5.9444444444444446,54,5.1851851851851851,6.6481481481481479,0.20370370370370369,54,0.1111111111111111,0.31481481481481483,11,0.1111111111111111,54,0.037037037037037035,0.20370370370370369,6,0.092592592592592587,54,0.018518518518518517,0.18518518518518517,5,0.20370370370370369,0.1111111111111111,0.45454545454545453,True,20260911,5000,artifact/task-cluster percentile 95%; degenerate intervals are not population certainty
CODE,two_stage_32k_shared_prefix_scorer,mistralai/Mistral-7B-Instruct-v0.3,c170c708c41dac9275d15a8fff4eca08d52bab71,immediate_readout,explicit,whitespace_union,main,all_valid,ALL,all_pass,26,26,0,26,0,0.94017094017094016,26,0.84615384615384615,1,0.53846153846153844,26,0,1.3846153846153846,,0,,,0,,0,,,0,,0,,,0,1,1,,True,20260911,5000,artifact/task-cluster percentile 95%; degenerate intervals are not population certainty
CODE,two_stage_32k_shared_prefix_scorer,mistralai/Mistral-7B-Instruct-v0.3,c170c708c41dac9275d15a8fff4eca08d52bab71,immediate_readout,explicit,whitespace_union,main,all_valid,ALL,all_fail,0,0,0,0,0,,0,,,,0,,,,0,,,0,,0,,,0,,0,,,0,,,,True,20260911,5000,artifact/task-cluster percentile 95%; degenerate intervals are not population certainty
CODE,two_stage_32k_shared_prefix_scorer,mistralai/Mistral-7B-Instruct-v0.3,c170c708c41dac9275d15a8fff4eca08d52bab71,immediate_readout,explicit,whitespace_union,main,all_valid,ALL,partial,23,23,23,0,0,0.60869565217391308,23,0.50724637681159412,0.70543478260869408,3.5217391304347827,23,2.6510869565217394,4.4347826086956523,0.21739130434782608,23,0.086956521739130432,0.39130434782608697,5,0.13043478260869565,23,0,0.30434782608695654,3,0.086956521739130432,23,0,0.21739130434782608,2,0.21739130434782608,0.13043478260869565,0.40000000000000002,True,20260911,5000,artifact/task-cluster percentile 95%; degenerate intervals are not population certainty
CODE,two_stage_32k_shared_prefix_scorer,mistralai/Mistral-7B-Instruct-v0.3,c170c708c41dac9275d15a8fff4eca08d52bab71,immediate_readout,explicit,whitespace_union,main,all_valid,code_acceptance,all,80,80,54,26,0,0.53333333333333333,80,0.44722222222222224,0.61944444444444435,4.1875,80,3.4125000000000001,4.9625000000000004,0.20370370370370369,54,0.1111111111111111,0.31481481481481483,11,0.1111111111111111,54,0.037037037037037035,0.20370370370370369,6,0.092592592592592587,54,0.018518518518518517,0.18518518518518517,5,0.46250000000000002,0.40000000000000002,0.45454545454545453,True,20260911,5000,artifact/task-cluster percentile 95%; degenerate intervals are not population certainty
CODE,two_stage_32k_shared_prefix_scorer,mistralai/Mistral-7B-Instruct-v0.3,c170c708c41dac9275d15a8fff4eca08d52bab71,immediate_readout,explicit,whitespace_union,main,all_valid,code_acceptance,nontrivial,54,54,54,0,0,0.33744855967078186,54,0.25925925925925924,0.41975308641975312,5.9444444444444446,54,5.1851851851851851,6.6481481481481479,0.20370370370370369,54,0.1111111111111111,0.31481481481481483,11,0.1111111111111111,54,0.037037037037037035,0.20370370370370369,6,0.092592592592592587,54,0.018518518518518517,0.18518518518518517,5,0.20370370370370369,0.1111111111111111,0.45454545454545453,True,20260911,5000,artifact/task-cluster percentile 95%; degenerate intervals are not population certainty
CODE,two_stage_32k_shared_prefix_scorer,mistralai/Mistral-7B-Instruct-v0.3,c170c708c41dac9275d15a8fff4eca08d52bab71,immediate_readout,explicit,whitespace_union,main,all_valid,code_acceptance,all_pass,26,26,0,26,0,0.94017094017094016,26,0.84615384615384615,1,0.53846153846153844,26,0,1.3846153846153846,,0,,,0,,0,,,0,,0,,,0,1,1,,True,20260911,5000,artifact/task-cluster percentile 95%; degenerate intervals are not population certainty
CODE,two_stage_32k_shared_prefix_scorer,mistralai/Mistral-7B-Instruct-v0.3,c170c708c41dac9275d15a8fff4eca08d52bab71,immediate_readout,explicit,whitespace_union,main,all_valid,code_acceptance,all_fail,0,0,0,0,0,,0,,,,0,,,,0,,,0,,0,,,0,,0,,,0,,,,True,20260911,5000,artifact/task-cluster percentile 95%; degenerate intervals are not population certainty
CODE,two_stage_32k_shared_prefix_scorer,mistralai/Mistral-7B-Instruct-v0.3,c170c708c41dac9275d15a8fff4eca08d52bab71,immediate_readout,explicit,whitespace_union,main,all_valid,code_acceptance,partial,23,23,23,0,0,0.60869565217391308,23,0.50724637681159412,0.70543478260869408,3.5217391304347827,23,2.6510869565217394,4.4347826086956523,0.21739130434782608,23,0.086956521739130432,0.39130434782608697,5,0.13043478260869565,23,0,0.30434782608695654,3,0.086956521739130432,23,0,0.21739130434782608,2,0.21739130434782608,0.13043478260869565,0.40000000000000002,True,20260911,5000,artifact/task-cluster percentile 95%; degenerate intervals are not population certainty
CODE,two_stage_32k_shared_prefix_scorer,mistralai/Mistral-7B-Instruct-v0.3,c170c708c41dac9275d15a8fff4eca08d52bab71,immediate_readout,explicit,whitespace_union,smoke,all_valid,ALL,all,3,3,1,2,0,0.70370370370370372,3,0.1111111111111111,1,2.6666666666666665,3,0,8,1,1,1,1,1,1,1,1,1,1,0,1,0,0,0,1,1,0,True,20260911,5000,artifact/task-cluster percentile 95%; degenerate intervals are not population certainty
CODE,two_stage_32k_shared_prefix_scorer,mistralai/Mistral-7B-Instruct-v0.3,c170c708c41dac9275d15a8fff4eca08d52bab71,immediate_readout,explicit,whitespace_union,smoke,all_valid,ALL,nontrivial,1,1,1,0,0,0.1111111111111111,1,0.1111111111111111,0.1111111111111111,8,1,8,8,1,1,1,1,1,1,1,1,1,1,0,1,0,0,0,1,1,0,True,20260911,5000,artifact/task-cluster percentile 95%; degenerate intervals are not population certainty
CODE,two_stage_32k_shared_prefix_scorer,mistralai/Mistral-7B-Instruct-v0.3,c170c708c41dac9275d15a8fff4eca08d52bab71,immediate_readout,explicit,whitespace_union,smoke,all_valid,ALL,all_pass,2,2,0,2,0,1,2,1,1,0,2,0,0,,0,,,0,,0,,,0,,0,,,0,1,1,,True,20260911,5000,artifact/task-cluster percentile 95%; degenerate intervals are not population certainty
CODE,two_stage_32k_shared_prefix_scorer,mistralai/Mistral-7B-Instruct-v0.3,c170c708c41dac9275d15a8fff4eca08d52bab71,immediate_readout,explicit,whitespace_union,smoke,all_valid,ALL,all_fail,0,0,0,0,0,,0,,,,0,,,,0,,,0,,0,,,0,,0,,,0,,,,True,20260911,5000,artifact/task-cluster percentile 95%; degenerate intervals are not population certainty
CODE,two_stage_32k_shared_prefix_scorer,mistralai/Mistral-7B-Instruct-v0.3,c170c708c41dac9275d15a8fff4eca08d52bab71,immediate_readout,explicit,whitespace_union,smoke,all_valid,ALL,partial,0,0,0,0,0,,0,,,,0,,,,0,,,0,,0,,,0,,0,,,0,,,,True,20260911,5000,artifact/task-cluster percentile 95%; degenerate intervals are not population certainty
CODE,two_stage_32k_shared_prefix_scorer,mistralai/Mistral-7B-Instruct-v0.3,c170c708c41dac9275d15a8fff4eca08d52bab71,immediate_readout,explicit,whitespace_union,smoke,all_valid,code_acceptance,all,3,3,1,2,0,0.70370370370370372,3,0.1111111111111111,1,2.6666666666666665,3,0,8,1,1,1,1,1,1,1,1,1,1,0,1,0,0,0,1,1,0,True,20260911,5000,artifact/task-cluster percentile 95%; degenerate intervals are not population certainty
CODE,two_stage_32k_shared_prefix_scorer,mistralai/Mistral-7B-Instruct-v0.3,c170c708c41dac9275d15a8fff4eca08d52bab71,immediate_readout,explicit,whitespace_union,smoke,all_valid,code_acceptance,nontrivial,1,1,1,0,0,0.1111111111111111,1,0.1111111111111111,0.1111111111111111,8,1,8,8,1,1,1,1,1,1,1,1,1,1,0,1,0,0,0,1,1,0,True,20260911,5000,artifact/task-cluster percentile 95%; degenerate intervals are not population certainty
CODE,two_stage_32k_shared_prefix_scorer,mistralai/Mistral-7B-Instruct-v0.3,c170c708c41dac9275d15a8fff4eca08d52bab71,immediate_readout,explicit,whitespace_union,smoke,all_valid,code_acceptance,all_pass,2,2,0,2,0,1,2,1,1,0,2,0,0,,0,,,0,,0,,,0,,0,,,0,1,1,,True,20260911,5000,artifact/task-cluster percentile 95%; degenerate intervals are not population certainty
CODE,two_stage_32k_shared_prefix_scorer,mistralai/Mistral-7B-Instruct-v0.3,c170c708c41dac9275d15a8fff4eca08d52bab71,immediate_readout,explicit,whitespace_union,smoke,all_valid,code_acceptance,all_fail,0,0,0,0,0,,0,,,,0,,,,0,,,0,,0,,,0,,0,,,0,,,,True,20260911,5000,artifact/task-cluster percentile 95%; degenerate intervals are not population certainty
CODE,two_stage_32k_shared_prefix_scorer,mistralai/Mistral-7B-Instruct-v0.3,c170c708c41dac9275d15a8fff4eca08d52bab71,immediate_readout,explicit,whitespace_union,smoke,all_valid,code_acceptance,partial,0,0,0,0,0,,0,,,,0,,,,0,,,0,,0,,,0,,0,,,0,,,,True,20260911,5000,artifact/task-cluster percentile 95%; degenerate intervals are not population certainty
CODE,two_stage_32k_shared_prefix_scorer,mistralai/Mistral-7B-Instruct-v0.3,c170c708c41dac9275d15a8fff4eca08d52bab71,immediate_readout,original,bare,main,all_valid,ALL,all,80,80,54,26,0,0.44722222222222224,80,0.37083333333333335,0.52361111111111103,4.9124999999999996,80,4.1246875000000003,5.6875,0,54,0,0,0,0,54,0,0,0,0,54,0,0,0,0.32500000000000001,0.32500000000000001,,True,20260911,5000,artifact/task-cluster percentile 95%; degenerate intervals are not population certainty
CODE,two_stage_32k_shared_prefix_scorer,mistralai/Mistral-7B-Instruct-v0.3,c170c708c41dac9275d15a8fff4eca08d52bab71,immediate_readout,original,bare,main,all_valid,ALL,nontrivial,54,54,54,0,0,0.26543209876543211,54,0.20164609053497942,0.32921810699588477,3.2777777777777777,54,2.5370370370370372,4.0555555555555554,0,54,0,0,0,0,54,0,0,0,0,54,0,0,0,0,0,,True,20260911,5000,artifact/task-cluster percentile 95%; degenerate intervals are not population certainty
CODE,two_stage_32k_shared_prefix_scorer,mistralai/Mistral-7B-Instruct-v0.3,c170c708c41dac9275d15a8fff4eca08d52bab71,immediate_readout,original,bare,main,all_valid,ALL,all_pass,26,26,0,26,0,0.82478632478632474,26,0.72649572649572647,0.89743589743589758,8.3076923076923084,26,7.2692307692307692,9,,0,,,0,,0,,,0,,0,,,0,1,1,,True,20260911,5000,artifact/task-cluster percentile 95%; degenerate intervals are not population certainty
CODE,two_stage_32k_shared_prefix_scorer,mistralai/Mistral-7B-Instruct-v0.3,c170c708c41dac9275d15a8fff4eca08d52bab71,immediate_readout,original,bare,main,all_valid,ALL,all_fail,0,0,0,0,0,,0,,,,0,,,,0,,,0,,0,,,0,,0,,,0,,,,True,20260911,5000,artifact/task-cluster percentile 95%; degenerate intervals are not population certainty
CODE,two_stage_32k_shared_prefix_scorer,mistralai/Mistral-7B-Instruct-v0.3,c170c708c41dac9275d15a8fff4eca08d52bab71,immediate_readout,original,bare,main,all_valid,ALL,partial,23,23,23,0,0,0.41545893719806765,23,0.323671497584541,0.51207729468599017,5.4347826086956523,23,4.4782608695652177,6.3478260869565215,0,23,0,0,0,0,23,0,0,0,0,23,0,0,0,0,0,,True,20260911,5000,artifact/task-cluster percentile 95%; degenerate intervals are not population certainty
CODE,two_stage_32k_shared_prefix_scorer,mistralai/Mistral-7B-Instruct-v0.3,c170c708c41dac9275d15a8fff4eca08d52bab71,immediate_readout,original,bare,main,all_valid,code_acceptance,all,80,80,54,26,0,0.44722222222222224,80,0.37083333333333335,0.52361111111111103,4.9124999999999996,80,4.1246875000000003,5.6875,0,54,0,0,0,0,54,0,0,0,0,54,0,0,0,0.32500000000000001,0.32500000000000001,,True,20260911,5000,artifact/task-cluster percentile 95%; degenerate intervals are not population certainty
CODE,two_stage_32k_shared_prefix_scorer,mistralai/Mistral-7B-Instruct-v0.3,c170c708c41dac9275d15a8fff4eca08d52bab71,immediate_readout,original,bare,main,all_valid,code_acceptance,nontrivial,54,54,54,0,0,0.26543209876543211,54,0.20164609053497942,0.32921810699588477,3.2777777777777777,54,2.5370370370370372,4.0555555555555554,0,54,0,0,0,0,54,0,0,0,0,54,0,0,0,0,0,,True,20260911,5000,artifact/task-cluster percentile 95%; degenerate intervals are not population certainty
CODE,two_stage_32k_shared_prefix_scorer,mistralai/Mistral-7B-Instruct-v0.3,c170c708c41dac9275d15a8fff4eca08d52bab71,immediate_readout,original,bare,main,all_valid,code_acceptance,all_pass,26,26,0,26,0,0.82478632478632474,26,0.72649572649572647,0.89743589743589758,8.3076923076923084,26,7.2692307692307692,9,,0,,,0,,0,,,0,,0,,,0,1,1,,True,20260911,5000,artifact/task-cluster percentile 95%; degenerate intervals are not population certainty
CODE,two_stage_32k_shared_prefix_scorer,mistralai/Mistral-7B-Instruct-v0.3,c170c708c41dac9275d15a8fff4eca08d52bab71,immediate_readout,original,bare,main,all_valid,code_acceptance,all_fail,0,0,0,0,0,,0,,,,0,,,,0,,,0,,0,,,0,,0,,,0,,,,True,20260911,5000,artifact/task-cluster percentile 95%; degenerate intervals are not population certainty
CODE,two_stage_32k_shared_prefix_scorer,mistralai/Mistral-7B-Instruct-v0.3,c170c708c41dac9275d15a8fff4eca08d52bab71,immediate_readout,original,bare,main,all_valid,code_acceptance,partial,23,23,23,0,0,0.41545893719806765,23,0.323671497584541,0.51207729468599017,5.4347826086956523,23,4.4782608695652177,6.3478260869565215,0,23,0,0,0,0,23,0,0,0,0,23,0,0,0,0,0,,True,20260911,5000,artifact/task-cluster percentile 95%; degenerate intervals are not population certainty
CODE,two_stage_32k_shared_prefix_scorer,mistralai/Mistral-7B-Instruct-v0.3,c170c708c41dac9275d15a8fff4eca08d52bab71,immediate_readout,original,bare,smoke,all_valid,ALL,all,3,3,1,2,0,0.55555555555555547,3,0.33333333333333331,0.88888888888888884,6.333333333333333,3,1,9,0,1,0,0,0,0,1,0,0,0,0,1,0,0,0,0.66666666666666663,0.66666666666666663,,True,20260911,5000,artifact/task-cluster percentile 95%; degenerate intervals are not population certainty
CODE,two_stage_32k_shared_prefix_scorer,mistralai/Mistral-7B-Instruct-v0.3,c170c708c41dac9275d15a8fff4eca08d52bab71,immediate_readout,original,bare,smoke,all_valid,ALL,nontrivial,1,1,1,0,0,0.44444444444444442,1,0.44444444444444442,0.44444444444444442,1,1,1,1,0,1,0,0,0,0,1,0,0,0,0,1,0,0,0,0,0,,True,20260911,5000,artifact/task-cluster percentile 95%; degenerate intervals are not population certainty
CODE,two_stage_32k_shared_prefix_scorer,mistralai/Mistral-7B-Instruct-v0.3,c170c708c41dac9275d15a8fff4eca08d52bab71,immediate_readout,original,bare,smoke,all_valid,ALL,all_pass,2,2,0,2,0,0.61111111111111105,2,0.33333333333333331,0.88888888888888884,9,2,9,9,,0,,,0,,0,,,0,,0,,,0,1,1,,True,20260911,5000,artifact/task-cluster percentile 95%; degenerate intervals are not population certainty
CODE,two_stage_32k_shared_prefix_scorer,mistralai/Mistral-7B-Instruct-v0.3,c170c708c41dac9275d15a8fff4eca08d52bab71,immediate_readout,original,bare,smoke,all_valid,ALL,all_fail,0,0,0,0,0,,0,,,,0,,,,0,,,0,,0,,,0,,0,,,0,,,,True,20260911,5000,artifact/task-cluster percentile 95%; degenerate intervals are not population certainty
CODE,two_stage_32k_shared_prefix_scorer,mistralai/Mistral-7B-Instruct-v0.3,c170c708c41dac9275d15a8fff4eca08d52bab71,immediate_readout,original,bare,smoke,all_valid,ALL,partial,0,0,0,0,0,,0,,,,0,,,,0,,,0,,0,,,0,,0,,,0,,,,True,20260911,5000,artifact/task-cluster percentile 95%; degenerate intervals are not population certainty
CODE,two_stage_32k_shared_prefix_scorer,mistralai/Mistral-7B-Instruct-v0.3,c170c708c41dac9275d15a8fff4eca08d52bab71,immediate_readout,original,bare,smoke,all_valid,code_acceptance,all,3,3,1,2,0,0.55555555555555547,3,0.33333333333333331,0.88888888888888884,6.333333333333333,3,1,9,0,1,0,0,0,0,1,0,0,0,0,1,0,0,0,0.66666666666666663,0.66666666666666663,,True,20260911,5000,artifact/task-cluster percentile 95%; degenerate intervals are not population certainty
CODE,two_stage_32k_shared_prefix_scorer,mistralai/Mistral-7B-Instruct-v0.3,c170c708c41dac9275d15a8fff4eca08d52bab71,immediate_readout,original,bare,smoke,all_valid,code_acceptance,nontrivial,1,1,1,0,0,0.44444444444444442,1,0.44444444444444442,0.44444444444444442,1,1,1,1,0,1,0,0,0,0,1,0,0,0,0,1,0,0,0,0,0,,True,20260911,5000,artifact/task-cluster percentile 95%; degenerate intervals are not population certainty
CODE,two_stage_32k_shared_prefix_scorer,mistralai/Mistral-7B-Instruct-v0.3,c170c708c41dac9275d15a8fff4eca08d52bab71,immediate_readout,original,bare,smoke,all_valid,code_acceptance,all_pass,2,2,0,2,0,0.61111111111111105,2,0.33333333333333331,0.88888888888888884,9,2,9,9,,0,,,0,,0,,,0,,0,,,0,1,1,,True,20260911,5000,artifact/task-cluster percentile 95%; degenerate intervals are not population certainty
CODE,two_stage_32k_shared_prefix_scorer,mistralai/Mistral-7B-Instruct-v0.3,c170c708c41dac9275d15a8fff4eca08d52bab71,immediate_readout,original,bare,smoke,all_valid,code_acceptance,all_fail,0,0,0,0,0,,0,,,,0,,,,0,,,0,,0,,,0,,0,,,0,,,,True,20260911,5000,artifact/task-cluster percentile 95%; degenerate intervals are not population certainty
CODE,two_stage_32k_shared_prefix_scorer,mistralai/Mistral-7B-Instruct-v0.3,c170c708c41dac9275d15a8fff4eca08d52bab71,immediate_readout,original,bare,smoke,all_valid,code_acceptance,partial,0,0,0,0,0,,0,,,,0,,,,0,,,0,,0,,,0,,0,,,0,,,,True,20260911,5000,artifact/task-cluster percentile 95%; degenerate intervals are not population certainty
CODE,two_stage_32k_shared_prefix_scorer,mistralai/Mistral-7B-Instruct-v0.3,c170c708c41dac9275d15a8fff4eca08d52bab71,immediate_readout,original,whitespace_union,main,all_valid,ALL,all,80,80,54,26,0,0.47361111111111115,80,0.38888888888888884,0.56111111111111112,3.9874999999999998,80,3.2124999999999999,4.7999999999999998,0,54,0,0,0,0,54,0,0,0,0,54,0,0,0,0.32500000000000001,0.32500000000000001,,True,20260911,5000,artifact/task-cluster percentile 95%; degenerate intervals are not population certainty
CODE,two_stage_32k_shared_prefix_scorer,mistralai/Mistral-7B-Instruct-v0.3,c170c708c41dac9275d15a8fff4eca08d52bab71,immediate_readout,original,whitespace_union,main,all_valid,ALL,nontrivial,54,54,54,0,0,0.26337448559670779,54,0.19135802469135801,0.34156378600823051,3.7407407407407409,54,2.9444444444444446,4.5560185185185116,0,54,0,0,0,0,54,0,0,0,0,54,0,0,0,0,0,,True,20260911,5000,artifact/task-cluster percentile 95%; degenerate intervals are not population certainty
CODE,two_stage_32k_shared_prefix_scorer,mistralai/Mistral-7B-Instruct-v0.3,c170c708c41dac9275d15a8fff4eca08d52bab71,immediate_readout,original,whitespace_union,main,all_valid,ALL,all_pass,26,26,0,26,0,0.91025641025641013,26,0.82478632478632474,0.96581196581196571,4.5,26,2.7692307692307692,6.2307692307692308,,0,,,0,,0,,,0,,0,,,0,1,1,,True,20260911,5000,artifact/task-cluster percentile 95%; degenerate intervals are not population certainty
CODE,two_stage_32k_shared_prefix_scorer,mistralai/Mistral-7B-Instruct-v0.3,c170c708c41dac9275d15a8fff4eca08d52bab71,immediate_readout,original,whitespace_union,main,all_valid,ALL,all_fail,0,0,0,0,0,,0,,,,0,,,,0,,,0,,0,,,0,,0,,,0,,,,True,20260911,5000,artifact/task-cluster percentile 95%; degenerate intervals are not population certainty
CODE,two_stage_32k_shared_prefix_scorer,mistralai/Mistral-7B-Instruct-v0.3,c170c708c41dac9275d15a8fff4eca08d52bab71,immediate_readout,original,whitespace_union,main,all_valid,ALL,partial,23,23,23,0,0,0.51207729468599028,23,0.41050724637681152,0.61352657004830924,5.3043478260869561,23,4.3478260869565215,6.2173913043478262,0,23,0,0,0,0,23,0,0,0,0,23,0,0,0,0,0,,True,20260911,5000,artifact/task-cluster percentile 95%; degenerate intervals are not population certainty
CODE,two_stage_32k_shared_prefix_scorer,mistralai/Mistral-7B-Instruct-v0.3,c170c708c41dac9275d15a8fff4eca08d52bab71,immediate_readout,original,whitespace_union,main,all_valid,code_acceptance,all,80,80,54,26,0,0.47361111111111115,80,0.38888888888888884,0.56111111111111112,3.9874999999999998,80,3.2124999999999999,4.7999999999999998,0,54,0,0,0,0,54,0,0,0,0,54,0,0,0,0.32500000000000001,0.32500000000000001,,True,20260911,5000,artifact/task-cluster percentile 95%; degenerate intervals are not population certainty
CODE,two_stage_32k_shared_prefix_scorer,mistralai/Mistral-7B-Instruct-v0.3,c170c708c41dac9275d15a8fff4eca08d52bab71,immediate_readout,original,whitespace_union,main,all_valid,code_acceptance,nontrivial,54,54,54,0,0,0.26337448559670779,54,0.19135802469135801,0.34156378600823051,3.7407407407407409,54,2.9444444444444446,4.5560185185185116,0,54,0,0,0,0,54,0,0,0,0,54,0,0,0,0,0,,True,20260911,5000,artifact/task-cluster percentile 95%; degenerate intervals are not population certainty
CODE,two_stage_32k_shared_prefix_scorer,mistralai/Mistral-7B-Instruct-v0.3,c170c708c41dac9275d15a8fff4eca08d52bab71,immediate_readout,original,whitespace_union,main,all_valid,code_acceptance,all_pass,26,26,0,26,0,0.91025641025641013,26,0.82478632478632474,0.96581196581196571,4.5,26,2.7692307692307692,6.2307692307692308,,0,,,0,,0,,,0,,0,,,0,1,1,,True,20260911,5000,artifact/task-cluster percentile 95%; degenerate intervals are not population certainty
CODE,two_stage_32k_shared_prefix_scorer,mistralai/Mistral-7B-Instruct-v0.3,c170c708c41dac9275d15a8fff4eca08d52bab71,immediate_readout,original,whitespace_union,main,all_valid,code_acceptance,all_fail,0,0,0,0,0,,0,,,,0,,,,0,,,0,,0,,,0,,0,,,0,,,,True,20260911,5000,artifact/task-cluster percentile 95%; degenerate intervals are not population certainty
CODE,two_stage_32k_shared_prefix_scorer,mistralai/Mistral-7B-Instruct-v0.3,c170c708c41dac9275d15a8fff4eca08d52bab71,immediate_readout,original,whitespace_union,main,all_valid,code_acceptance,partial,23,23,23,0,0,0.51207729468599028,23,0.41050724637681152,0.61352657004830924,5.3043478260869561,23,4.3478260869565215,6.2173913043478262,0,23,0,0,0,0,23,0,0,0,0,23,0,0,0,0,0,,True,20260911,5000,artifact/task-cluster percentile 95%; degenerate intervals are not population certainty
CODE,two_stage_32k_shared_prefix_scorer,mistralai/Mistral-7B-Instruct-v0.3,c170c708c41dac9275d15a8fff4eca08d52bab71,immediate_readout,original,whitespace_union,smoke,all_valid,ALL,all,3,3,1,2,0,0.48148148148148145,3,0.1111111111111111,0.88888888888888884,8.6666666666666661,3,8,9,0,1,0,0,0,0,1,0,0,0,0,1,0,0,0,0.66666666666666663,0.66666666666666663,,True,20260911,5000,artifact/task-cluster percentile 95%; degenerate intervals are not population certainty
CODE,two_stage_32k_shared_prefix_scorer,mistralai/Mistral-7B-Instruct-v0.3,c170c708c41dac9275d15a8fff4eca08d52bab71,immediate_readout,original,whitespace_union,smoke,all_valid,ALL,nontrivial,1,1,1,0,0,0.1111111111111111,1,0.1111111111111111,0.1111111111111111,8,1,8,8,0,1,0,0,0,0,1,0,0,0,0,1,0,0,0,0,0,,True,20260911,5000,artifact/task-cluster percentile 95%; degenerate intervals are not population certainty
CODE,two_stage_32k_shared_prefix_scorer,mistralai/Mistral-7B-Instruct-v0.3,c170c708c41dac9275d15a8fff4eca08d52bab71,immediate_readout,original,whitespace_union,smoke,all_valid,ALL,all_pass,2,2,0,2,0,0.66666666666666663,2,0.44444444444444442,0.88888888888888884,9,2,9,9,,0,,,0,,0,,,0,,0,,,0,1,1,,True,20260911,5000,artifact/task-cluster percentile 95%; degenerate intervals are not population certainty
CODE,two_stage_32k_shared_prefix_scorer,mistralai/Mistral-7B-Instruct-v0.3,c170c708c41dac9275d15a8fff4eca08d52bab71,immediate_readout,original,whitespace_union,smoke,all_valid,ALL,all_fail,0,0,0,0,0,,0,,,,0,,,,0,,,0,,0,,,0,,0,,,0,,,,True,20260911,5000,artifact/task-cluster percentile 95%; degenerate intervals are not population certainty
CODE,two_stage_32k_shared_prefix_scorer,mistralai/Mistral-7B-Instruct-v0.3,c170c708c41dac9275d15a8fff4eca08d52bab71,immediate_readout,original,whitespace_union,smoke,all_valid,ALL,partial,0,0,0,0,0,,0,,,,0,,,,0,,,0,,0,,,0,,0,,,0,,,,True,20260911,5000,artifact/task-cluster percentile 95%; degenerate intervals are not population certainty
CODE,two_stage_32k_shared_prefix_scorer,mistralai/Mistral-7B-Instruct-v0.3,c170c708c41dac9275d15a8fff4eca08d52bab71,immediate_readout,original,whitespace_union,smoke,all_valid,code_acceptance,all,3,3,1,2,0,0.48148148148148145,3,0.1111111111111111,0.88888888888888884,8.6666666666666661,3,8,9,0,1,0,0,0,0,1,0,0,0,0,1,0,0,0,0.66666666666666663,0.66666666666666663,,True,20260911,5000,artifact/task-cluster percentile 95%; degenerate intervals are not population certainty
CODE,two_stage_32k_shared_prefix_scorer,mistralai/Mistral-7B-Instruct-v0.3,c170c708c41dac9275d15a8fff4eca08d52bab71,immediate_readout,original,whitespace_union,smoke,all_valid,code_acceptance,nontrivial,1,1,1,0,0,0.1111111111111111,1,0.1111111111111111,0.1111111111111111,8,1,8,8,0,1,0,0,0,0,1,0,0,0,0,1,0,0,0,0,0,,True,20260911,5000,artifact/task-cluster percentile 95%; degenerate intervals are not population certainty
CODE,two_stage_32k_shared_prefix_scorer,mistralai/Mistral-7B-Instruct-v0.3,c170c708c41dac9275d15a8fff4eca08d52bab71,immediate_readout,original,whitespace_union,smoke,all_valid,code_acceptance,all_pass,2,2,0,2,0,0.66666666666666663,2,0.44444444444444442,0.88888888888888884,9,2,9,9,,0,,,0,,0,,,0,,0,,,0,1,1,,True,20260911,5000,artifact/task-cluster percentile 95%; degenerate intervals are not population certainty
CODE,two_stage_32k_shared_prefix_scorer,mistralai/Mistral-7B-Instruct-v0.3,c170c708c41dac9275d15a8fff4eca08d52bab71,immediate_readout,original,whitespace_union,smoke,all_valid,code_acceptance,all_fail,0,0,0,0,0,,0,,,,0,,,,0,,,0,,0,,,0,,0,,,0,,,,True,20260911,5000,artifact/task-cluster percentile 95%; degenerate intervals are not population certainty
CODE,two_stage_32k_shared_prefix_scorer,mistralai/Mistral-7B-Instruct-v0.3,c170c708c41dac9275d15a8fff4eca08d52bab71,immediate_readout,original,whitespace_union,smoke,all_valid,code_acceptance,partial,0,0,0,0,0,,0,,,,0,,,,0,,,0,,0,,,0,,0,,,0,,,,True,20260911,5000,artifact/task-cluster percentile 95%; degenerate intervals are not population certainty
LS,frozen,Qwen/Qwen2.5-14B-Instruct,cf98f3b3bbb457ad9e2bb7baf9a0125b6b88caa8,immediate_readout,swapped,bare,test,all_valid,ALL,all,324,324,288,36,0,0.75754458161865568,324,0.73491083676268865,0.7794924554183813,3.4783950617283952,324,3.1881944444444446,3.7716049382716048,0.43402777777777779,288,0.37847222222222221,0.49305555555555558,125,0.41319444444444442,288,0.3576388888888889,0.46875,119,0.020833333333333332,288,0.0069444444444444441,0.038194444444444448,6,0.49691358024691357,0.47839506172839508,0.048000000000000001,True,20260911,5000,artifact/task-cluster percentile 95%; degenerate intervals are not population certainty
LS,frozen,Qwen/Qwen2.5-14B-Instruct,cf98f3b3bbb457ad9e2bb7baf9a0125b6b88caa8,immediate_readout,swapped,bare,test,all_valid,ALL,nontrivial,288,288,288,0,0,0.73379629629629628,288,0.71064814814814825,0.7573302469135802,3.5381944444444446,288,3.2672743055555555,3.8090277777777777,0.43402777777777779,288,0.37847222222222221,0.49305555555555558,125,0.41319444444444442,288,0.3576388888888889,0.46875,119,0.020833333333333332,288,0.0069444444444444441,0.038194444444444448,6,0.43402777777777779,0.41319444444444442,0.048000000000000001,True,20260911,5000,artifact/task-cluster percentile 95%; degenerate intervals are not population certainty
LS,frozen,Qwen/Qwen2.5-14B-Instruct,cf98f3b3bbb457ad9e2bb7baf9a0125b6b88caa8,immediate_readout,swapped,bare,test,all_valid,ALL,all_pass,36,36,0,36,0,0.94753086419753096,36,0.91049382716049365,0.97530864197530853,3,36,1.75,4.5,,0,,,0,,0,,,0,,0,,,0,1,1,,True,20260911,5000,artifact/task-cluster percentile 95%; degenerate intervals are not population certainty
LS,frozen,Qwen/Qwen2.5-14B-Instruct,cf98f3b3bbb457ad9e2bb7baf9a0125b6b88caa8,immediate_readout,swapped,bare,test,all_valid,ALL,all_fail,0,0,0,0,0,,0,,,,0,,,,0,,,0,,0,,,0,,0,,,0,,,,True,20260911,5000,artifact/task-cluster percentile 95%; degenerate intervals are not population certainty
LS,frozen,Qwen/Qwen2.5-14B-Instruct,cf98f3b3bbb457ad9e2bb7baf9a0125b6b88caa8,immediate_readout,swapped,bare,test,all_valid,coverage,all,108,108,96,12,0,0.8353909465020577,108,0.81584362139917677,0.85390946502057608,4.8888888888888893,108,4.3703703703703702,5.4168981481481451,0.28125,96,0.19791666666666666,0.375,27,0.28125,96,0.19791666666666666,0.375,27,0,96,0,0,0,0.3611111111111111,0.3611111111111111,0,True,20260911,5000,artifact/task-cluster percentile 95%; degenerate intervals are not population certainty
LS,frozen,Qwen/Qwen2.5-14B-Instruct,cf98f3b3bbb457ad9e2bb7baf9a0125b6b88caa8,immediate_readout,swapped,bare,test,all_valid,coverage,nontrivial,96,96,96,0,0,0.83449074074074092,96,0.81365740740740744,0.85416666666666663,4.375,96,3.8645833333333335,4.875,0.28125,96,0.19791666666666666,0.375,27,0.28125,96,0.19791666666666666,0.375,27,0,96,0,0,0,0.28125,0.28125,0,True,20260911,5000,artifact/task-cluster percentile 95%; degenerate intervals are not population certainty
LS,frozen,Qwen/Qwen2.5-14B-Instruct,cf98f3b3bbb457ad9e2bb7baf9a0125b6b88caa8,immediate_readout,swapped,bare,test,all_valid,coverage,all_pass,12,12,0,12,0,0.84259259259259267,12,0.75925925925925941,0.88888888888888895,9,12,9,9,,0,,,0,,0,,,0,,0,,,0,1,1,,True,20260911,5000,artifact/task-cluster percentile 95%; degenerate intervals are not population certainty
LS,frozen,Qwen/Qwen2.5-14B-Instruct,cf98f3b3bbb457ad9e2bb7baf9a0125b6b88caa8,immediate_readout,swapped,bare,test,all_valid,coverage,all_fail,0,0,0,0,0,,0,,,,0,,,,0,,,0,,0,,,0,,0,,,0,,,,True,20260911,5000,artifact/task-cluster percentile 95%; degenerate intervals are not population certainty
LS,frozen,Qwen/Qwen2.5-14B-Instruct,cf98f3b3bbb457ad9e2bb7baf9a0125b6b88caa8,immediate_readout,swapped,bare,test,all_valid,max_violation,all,108,108,96,12,0,0.62345679012345678,108,0.5771604938271605,0.67181069958847728,3.8703703703703702,108,3.3796296296296298,4.3518518518518521,0.20833333333333334,96,0.125,0.29166666666666669,20,0.19791666666666666,96,0.125,0.28125,19,0.010416666666666666,96,0,0.03125,1,0.29629629629629628,0.28703703703703703,0.050000000000000003,True,20260911,5000,artifact/task-cluster percentile 95%; degenerate intervals are not population certainty
LS,frozen,Qwen/Qwen2.5-14B-Instruct,cf98f3b3bbb457ad9e2bb7baf9a0125b6b88caa8,immediate_readout,swapped,bare,test,all_valid,max_violation,nontrivial,96,96,96,0,0,0.57638888888888884,96,0.53009259259259256,0.62268518518518512,4.354166666666667,96,3.8854166666666665,4.84375,0.20833333333333334,96,0.125,0.29166666666666669,20,0.19791666666666666,96,0.125,0.28125,19,0.010416666666666666,96,0,0.03125,1,0.20833333333333334,0.19791666666666666,0.050000000000000003,True,20260911,5000,artifact/task-cluster percentile 95%; degenerate intervals are not population certainty
LS,frozen,Qwen/Qwen2.5-14B-Instruct,cf98f3b3bbb457ad9e2bb7baf9a0125b6b88caa8,immediate_readout,swapped,bare,test,all_valid,max_violation,all_pass,12,12,0,12,0,1,12,1,1,0,12,0,0,,0,,,0,,0,,,0,,0,,,0,1,1,,True,20260911,5000,artifact/task-cluster percentile 95%; degenerate intervals are not population certainty
LS,frozen,Qwen/Qwen2.5-14B-Instruct,cf98f3b3bbb457ad9e2bb7baf9a0125b6b88caa8,immediate_readout,swapped,bare,test,all_valid,max_violation,all_fail,0,0,0,0,0,,0,,,,0,,,,0,,,0,,0,,,0,,0,,,0,,,,True,20260911,5000,artifact/task-cluster percentile 95%; degenerate intervals are not population certainty
LS,frozen,Qwen/Qwen2.5-14B-Instruct,cf98f3b3bbb457ad9e2bb7baf9a0125b6b88caa8,immediate_readout,swapped,bare,test,all_valid,numeric_tolerance,all,108,108,96,12,0,0.81378600823045266,108,0.78292181069958866,0.84465020576131677,1.6759259259259258,108,1.3981481481481481,1.9537037037037037,0.8125,96,0.72916666666666663,0.88541666666666663,78,0.76041666666666663,96,0.67708333333333337,0.84375,73,0.052083333333333336,96,0.010416666666666666,0.10416666666666667,5,0.83333333333333337,0.78703703703703709,0.064102564102564097,True,20260911,5000,artifact/task-cluster percentile 95%; degenerate intervals are not population certainty
LS,frozen,Qwen/Qwen2.5-14B-Instruct,cf98f3b3bbb457ad9e2bb7baf9a0125b6b88caa8,immediate_readout,swapped,bare,test,all_valid,numeric_tolerance,nontrivial,96,96,96,0,0,0.79050925925925919,96,0.75810185185185197,0.82175925925925941,1.8854166666666667,96,1.59375,2.1770833333333335,0.8125,96,0.72916666666666663,0.88541666666666663,78,0.76041666666666663,96,0.67708333333333337,0.84375,73,0.052083333333333336,96,0.010416666666666666,0.10416666666666667,5,0.8125,0.76041666666666663,0.064102564102564097,True,20260911,5000,artifact/task-cluster percentile 95%; degenerate intervals are not population certainty
LS,frozen,Qwen/Qwen2.5-14B-Instruct,cf98f3b3bbb457ad9e2bb7baf9a0125b6b88caa8,immediate_readout,swapped,bare,test,all_valid,numeric_tolerance,all_pass,12,12,0,12,0,1,12,1,1,0,12,0,0,,0,,,0,,0,,,0,,0,,,0,1,1,,True,20260911,5000,artifact/task-cluster percentile 95%; degenerate intervals are not population certainty
LS,frozen,Qwen/Qwen2.5-14B-Instruct,cf98f3b3bbb457ad9e2bb7baf9a0125b6b88caa8,immediate_readout,swapped,bare,test,all_valid,numeric_tolerance,all_fail,0,0,0,0,0,,0,,,,0,,,,0,,,0,,0,,,0,,0,,,0,,,,True,20260911,5000,artifact/task-cluster percentile 95%; degenerate intervals are not population certainty
LS,frozen,google/gemma-2-9b-it,11c9b309abf73637e4b6f9a3fa1e92e615547819,immediate_readout,swapped,bare,test,all_valid,ALL,all,324,324,288,36,0,0.64266117969821657,324,0.61384602194787374,0.67078189300411517,3.2623456790123457,324,3.0091820987654319,3.5246913580246915,0.52083333333333337,288,0.46180555555555558,0.57638888888888884,150,0.44097222222222221,288,0.38194444444444442,0.49652777777777779,127,0.079861111111111105,288,0.048611111111111112,0.1111111111111111,23,0.57407407407407407,0.50308641975308643,0.15333333333333332,True,20260911,5000,artifact/task-cluster percentile 95%; degenerate intervals are not population certainty
LS,frozen,google/gemma-2-9b-it,11c9b309abf73637e4b6f9a3fa1e92e615547819,immediate_readout,swapped,bare,test,all_valid,ALL,nontrivial,288,288,288,0,0,0.61033950617283961,288,0.58179012345679004,0.63850308641975317,3.5034722222222223,288,3.2430555555555554,3.7604166666666665,0.52083333333333337,288,0.46180555555555558,0.57638888888888884,150,0.44097222222222221,288,0.38194444444444442,0.49652777777777779,127,0.079861111111111105,288,0.048611111111111112,0.1111111111111111,23,0.52083333333333337,0.44097222222222221,0.15333333333333332,True,20260911,5000,artifact/task-cluster percentile 95%; degenerate intervals are not population certainty
LS,frozen,google/gemma-2-9b-it,11c9b309abf73637e4b6f9a3fa1e92e615547819,immediate_readout,swapped,bare,test,all_valid,ALL,all_pass,36,36,0,36,0,0.90123456790123457,36,0.83333333333333337,0.95987654320987637,1.3333333333333333,36,0.63888888888888884,2.1388888888888888,,0,,,0,,0,,,0,,0,,,0,1,1,,True,20260911,5000,artifact/task-cluster percentile 95%; degenerate intervals are not population certainty
LS,frozen,google/gemma-2-9b-it,11c9b309abf73637e4b6f9a3fa1e92e615547819,immediate_readout,swapped,bare,test,all_valid,ALL,all_fail,0,0,0,0,0,,0,,,,0,,,,0,,,0,,0,,,0,,0,,,0,,,,True,20260911,5000,artifact/task-cluster percentile 95%; degenerate intervals are not population certainty
LS,frozen,google/gemma-2-9b-it,11c9b309abf73637e4b6f9a3fa1e92e615547819,immediate_readout,swapped,bare,test,all_valid,coverage,all,108,108,96,12,0,0.68724279835390956,108,0.64711934156378581,0.72736625514403297,2.8148148148148149,108,2.4537037037037037,3.175925925925926,0.28125,96,0.1875,0.375,27,0.27083333333333331,96,0.1875,0.36458333333333331,26,0.010416666666666666,96,0,0.03125,1,0.3611111111111111,0.35185185185185186,0.037037037037037035,True,20260911,5000,artifact/task-cluster percentile 95%; degenerate intervals are not population certainty
LS,frozen,google/gemma-2-9b-it,11c9b309abf73637e4b6f9a3fa1e92e615547819,immediate_readout,swapped,bare,test,all_valid,coverage,nontrivial,96,96,96,0,0,0.64814814814814814,96,0.60879629629629628,0.68634259259259256,3.1666666666666665,96,2.8229166666666665,3.5208333333333335,0.28125,96,0.1875,0.375,27,0.27083333333333331,96,0.1875,0.36458333333333331,26,0.010416666666666666,96,0,0.03125,1,0.28125,0.27083333333333331,0.037037037037037035,True,20260911,5000,artifact/task-cluster percentile 95%; degenerate intervals are not population certainty
LS,frozen,google/gemma-2-9b-it,11c9b309abf73637e4b6f9a3fa1e92e615547819,immediate_readout,swapped,bare,test,all_valid,coverage,all_pass,12,12,0,12,0,1,12,1,1,0,12,0,0,,0,,,0,,0,,,0,,0,,,0,1,1,,True,20260911,5000,artifact/task-cluster percentile 95%; degenerate intervals are not population certainty
LS,frozen,google/gemma-2-9b-it,11c9b309abf73637e4b6f9a3fa1e92e615547819,immediate_readout,swapped,bare,test,all_valid,coverage,all_fail,0,0,0,0,0,,0,,,,0,,,,0,,,0,,0,,,0,,0,,,0,,,,True,20260911,5000,artifact/task-cluster percentile 95%; degenerate intervals are not population certainty
LS,frozen,google/gemma-2-9b-it,11c9b309abf73637e4b6f9a3fa1e92e615547819,immediate_readout,swapped,bare,test,all_valid,max_violation,all,108,108,96,12,0,0.52263374485596692,108,0.47530864197530859,0.57098765432098775,4.4444444444444446,108,4.0182870370370365,4.8703703703703702,0.52083333333333337,96,0.41666666666666669,0.625,50,0.32291666666666669,96,0.22916666666666666,0.41666666666666669,31,0.19791666666666666,96,0.125,0.28125,19,0.57407407407407407,0.39814814814814814,0.38,True,20260911,5000,artifact/task-cluster percentile 95%; degenerate intervals are not population certainty
LS,frozen,google/gemma-2-9b-it,11c9b309abf73637e4b6f9a3fa1e92e615547819,immediate_readout,swapped,bare,test,all_valid,max_violation,nontrivial,96,96,96,0,0,0.49999999999999994,96,0.44791666666666669,0.55208333333333337,4.5,96,4.03125,4.96875,0.52083333333333337,96,0.41666666666666669,0.625,50,0.32291666666666669,96,0.22916666666666666,0.41666666666666669,31,0.19791666666666666,96,0.125,0.28125,19,0.52083333333333337,0.32291666666666669,0.38,True,20260911,5000,artifact/task-cluster percentile 95%; degenerate intervals are not population certainty
LS,frozen,google/gemma-2-9b-it,11c9b309abf73637e4b6f9a3fa1e92e615547819,immediate_readout,swapped,bare,test,all_valid,max_violation,all_pass,12,12,0,12,0,0.70370370370370372,12,0.57407407407407407,0.83333333333333337,4,12,2.6666666666666665,5.25,,0,,,0,,0,,,0,,0,,,0,1,1,,True,20260911,5000,artifact/task-cluster percentile 95%; degenerate intervals are not population certainty
LS,frozen,google/gemma-2-9b-it,11c9b309abf73637e4b6f9a3fa1e92e615547819,immediate_readout,swapped,bare,test,all_valid,max_violation,all_fail,0,0,0,0,0,,0,,,,0,,,,0,,,0,,0,,,0,,0,,,0,,,,True,20260911,5000,artifact/task-cluster percentile 95%; degenerate intervals are not population certainty
LS,frozen,google/gemma-2-9b-it,11c9b309abf73637e4b6f9a3fa1e92e615547819,immediate_readout,swapped,bare,test,all_valid,numeric_tolerance,all,108,108,96,12,0,0.71810699588477356,108,0.66872427983539118,0.76543209876543206,2.5277777777777777,108,2.1018518518518516,2.9722222222222223,0.76041666666666663,96,0.66666666666666663,0.84375,73,0.72916666666666663,96,0.63541666666666663,0.8125,70,0.03125,96,0,0.072916666666666671,3,0.78703703703703709,0.7592592592592593,0.041095890410958902,True,20260911,5000,artifact/task-cluster percentile 95%; degenerate intervals are not population certainty
LS,frozen,google/gemma-2-9b-it,11c9b309abf73637e4b6f9a3fa1e92e615547819,immediate_readout,swapped,bare,test,all_valid,numeric_tolerance,nontrivial,96,96,96,0,0,0.68287037037037035,96,0.62962962962962965,0.73263888888888895,2.84375,96,2.3854166666666665,3.3333333333333335,0.76041666666666663,96,0.66666666666666663,0.84375,73,0.72916666666666663,96,0.63541666666666663,0.8125,70,0.03125,96,0,0.072916666666666671,3,0.76041666666666663,0.72916666666666663,0.041095890410958902,True,20260911,5000,artifact/task-cluster percentile 95%; degenerate intervals are not population certainty
LS,frozen,google/gemma-2-9b-it,11c9b309abf73637e4b6f9a3fa1e92e615547819,immediate_readout,swapped,bare,test,all_valid,numeric_tolerance,all_pass,12,12,0,12,0,1,12,1,1,0,12,0,0,,0,,,0,,0,,,0,,0,,,0,1,1,,True,20260911,5000,artifact/task-cluster percentile 95%; degenerate intervals are not population certainty
LS,frozen,google/gemma-2-9b-it,11c9b309abf73637e4b6f9a3fa1e92e615547819,immediate_readout,swapped,bare,test,all_valid,numeric_tolerance,all_fail,0,0,0,0,0,,0,,,,0,,,,0,,,0,,0,,,0,,0,,,0,,,,True,20260911,5000,artifact/task-cluster percentile 95%; degenerate intervals are not population certainty
LS,frozen,meta-llama/Llama-3.1-8B-Instruct,0e9e39f249a16976918f6564b8830bc894c89659,immediate_readout,swapped,bare,test,all_valid,ALL,all,324,324,288,36,0,0.49348422496570638,324,0.46262002743484226,0.52434842249657054,4.8611111111111107,324,4.5802469135802468,5.1419753086419755,0.3923611111111111,288,0.33680555555555558,0.44791666666666669,113,0.2013888888888889,288,0.15972222222222221,0.25,58,0.19097222222222221,288,0.14921875000000004,0.2361111111111111,55,0.45987654320987653,0.29012345679012347,0.48672566371681414,True,20260911,5000,artifact/task-cluster percentile 95%; degenerate intervals are not population certainty
LS,frozen,meta-llama/Llama-3.1-8B-Instruct,0e9e39f249a16976918f6564b8830bc894c89659,immediate_readout,swapped,bare,test,all_valid,ALL,nontrivial,288,288,288,0,0,0.54745370370370372,288,0.51851851851851849,0.57600308641975306,4.3506944444444446,288,4.0868055555555554,4.6180555555555554,0.3923611111111111,288,0.33680555555555558,0.44791666666666669,113,0.2013888888888889,288,0.15972222222222221,0.25,58,0.19097222222222221,288,0.14921875000000004,0.2361111111111111,55,0.3923611111111111,0.2013888888888889,0.48672566371681414,True,20260911,5000,artifact/task-cluster percentile 95%; degenerate intervals are not population certainty
LS,frozen,meta-llama/Llama-3.1-8B-Instruct,0e9e39f249a16976918f6564b8830bc894c89659,immediate_readout,swapped,bare,test,all_valid,ALL,all_pass,36,36,0,36,0,0.061728395061728399,36,0.030864197530864199,0.098765432098765454,8.9444444444444446,36,8.8333333333333339,9,,0,,,0,,0,,,0,,0,,,0,1,1,,True,20260911,5000,artifact/task-cluster percentile 95%; degenerate intervals are not population certainty
LS,frozen,meta-llama/Llama-3.1-8B-Instruct,0e9e39f249a16976918f6564b8830bc894c89659,immediate_readout,swapped,bare,test,all_valid,ALL,all_fail,0,0,0,0,0,,0,,,,0,,,,0,,,0,,0,,,0,,0,,,0,,,,True,20260911,5000,artifact/task-cluster percentile 95%; degenerate intervals are not population certainty
LS,frozen,meta-llama/Llama-3.1-8B-Instruct,0e9e39f249a16976918f6564b8830bc894c89659,immediate_readout,swapped,bare,test,all_valid,coverage,all,108,108,96,12,0,0.53600823045267498,108,0.48659979423868305,0.58641975308641969,5,108,4.5182870370370365,5.5,0.44791666666666669,96,0.35416666666666669,0.54166666666666663,43,0.34375,96,0.25,0.4375,33,0.10416666666666667,96,0.052083333333333336,0.16666666666666666,10,0.5092592592592593,0.41666666666666669,0.23255813953488372,True,20260911,5000,artifact/task-cluster percentile 95%; degenerate intervals are not population certainty
LS,frozen,meta-llama/Llama-3.1-8B-Instruct,0e9e39f249a16976918f6564b8830bc894c89659,immediate_readout,swapped,bare,test,all_valid,coverage,nontrivial,96,96,96,0,0,0.58796296296296291,96,0.5405092592592593,0.6342592592592593,4.5,96,4.03125,4.96875,0.44791666666666669,96,0.35416666666666669,0.54166666666666663,43,0.34375,96,0.25,0.4375,33,0.10416666666666667,96,0.052083333333333336,0.16666666666666666,10,0.44791666666666669,0.34375,0.23255813953488372,True,20260911,5000,artifact/task-cluster percentile 95%; degenerate intervals are not population certainty
LS,frozen,meta-llama/Llama-3.1-8B-Instruct,0e9e39f249a16976918f6564b8830bc894c89659,immediate_readout,swapped,bare,test,all_valid,coverage,all_pass,12,12,0,12,0,0.12037037037037039,12,0.11111111111111112,0.13888888888888892,9,12,9,9,,0,,,0,,0,,,0,,0,,,0,1,1,,True,20260911,5000,artifact/task-cluster percentile 95%; degenerate intervals are not population certainty
LS,frozen,meta-llama/Llama-3.1-8B-Instruct,0e9e39f249a16976918f6564b8830bc894c89659,immediate_readout,swapped,bare,test,all_valid,coverage,all_fail,0,0,0,0,0,,0,,,,0,,,,0,,,0,,0,,,0,,0,,,0,,,,True,20260911,5000,artifact/task-cluster percentile 95%; degenerate intervals are not population certainty
LS,frozen,meta-llama/Llama-3.1-8B-Instruct,0e9e39f249a16976918f6564b8830bc894c89659,immediate_readout,swapped,bare,test,all_valid,max_violation,all,108,108,96,12,0,0.49999999999999989,108,0.44444444444444442,0.55452674897119336,4.583333333333333,108,4.0925925925925926,5.083333333333333,0.35416666666666669,96,0.26041666666666669,0.44791666666666669,34,0.125,96,0.0625,0.19791666666666666,12,0.22916666666666666,96,0.14583333333333334,0.3125,22,0.42592592592592593,0.22222222222222221,0.6470588235294118,True,20260911,5000,artifact/task-cluster percentile 95%; degenerate intervals are not population certainty
LS,frozen,meta-llama/Llama-3.1-8B-Instruct,0e9e39f249a16976918f6564b8830bc894c89659,immediate_readout,swapped,bare,test,all_valid,max_violation,nontrivial,96,96,96,0,0,0.55439814814814814,96,0.50231481481481477,0.60416666666666663,4.052083333333333,96,3.6039062500000001,4.53125,0.35416666666666669,96,0.26041666666666669,0.44791666666666669,34,0.125,96,0.0625,0.19791666666666666,12,0.22916666666666666,96,0.14583333333333334,0.3125,22,0.35416666666666669,0.125,0.6470588235294118,True,20260911,5000,artifact/task-cluster percentile 95%; degenerate intervals are not population certainty
LS,frozen,meta-llama/Llama-3.1-8B-Instruct,0e9e39f249a16976918f6564b8830bc894c89659,immediate_readout,swapped,bare,test,all_valid,max_violation,all_pass,12,12,0,12,0,0.064814814814814811,12,0,0.17592592592592593,8.8333333333333339,12,8.5,9,,0,,,0,,0,,,0,,0,,,0,1,1,,True,20260911,5000,artifact/task-cluster percentile 95%; degenerate intervals are not population certainty
LS,frozen,meta-llama/Llama-3.1-8B-Instruct,0e9e39f249a16976918f6564b8830bc894c89659,immediate_readout,swapped,bare,test,all_valid,max_violation,all_fail,0,0,0,0,0,,0,,,,0,,,,0,,,0,,0,,,0,,0,,,0,,,,True,20260911,5000,artifact/task-cluster percentile 95%; degenerate intervals are not population certainty
LS,frozen,meta-llama/Llama-3.1-8B-Instruct,0e9e39f249a16976918f6564b8830bc894c89659,immediate_readout,swapped,bare,test,all_valid,numeric_tolerance,all,108,108,96,12,0,0.44444444444444425,108,0.39092078189300405,0.49999999999999994,5,108,4.5,5.48171296296296,0.375,96,0.28125,0.46875,36,0.13541666666666666,96,0.072916666666666671,0.20833333333333334,13,0.23958333333333334,96,0.15625,0.32291666666666669,23,0.44444444444444442,0.23148148148148148,0.63888888888888884,True,20260911,5000,artifact/task-cluster percentile 95%; degenerate intervals are not population certainty
LS,frozen,meta-llama/Llama-3.1-8B-Instruct,0e9e39f249a16976918f6564b8830bc894c89659,immediate_readout,swapped,bare,test,all_valid,numeric_tolerance,nontrivial,96,96,96,0,0,0.49999999999999994,96,0.44791666666666669,0.55208333333333337,4.5,96,4.03125,4.96875,0.375,96,0.28125,0.46875,36,0.13541666666666666,96,0.072916666666666671,0.20833333333333334,13,0.23958333333333334,96,0.15625,0.32291666666666669,23,0.375,0.13541666666666666,0.63888888888888884,True,20260911,5000,artifact/task-cluster percentile 95%; degenerate intervals are not population certainty
LS,frozen,meta-llama/Llama-3.1-8B-Instruct,0e9e39f249a16976918f6564b8830bc894c89659,immediate_readout,swapped,bare,test,all_valid,numeric_tolerance,all_pass,12,12,0,12,0,0,12,0,0,9,12,9,9,,0,,,0,,0,,,0,,0,,,0,1,1,,True,20260911,5000,artifact/task-cluster percentile 95%; degenerate intervals are not population certainty
LS,frozen,meta-llama/Llama-3.1-8B-Instruct,0e9e39f249a16976918f6564b8830bc894c89659,immediate_readout,swapped,bare,test,all_valid,numeric_tolerance,all_fail,0,0,0,0,0,,0,,,,0,,,,0,,,0,,0,,,0,,0,,,0,,,,True,20260911,5000,artifact/task-cluster percentile 95%; degenerate intervals are not population certainty
LS,frozen,mistralai/Mistral-7B-Instruct-v0.3,c170c708c41dac9275d15a8fff4eca08d52bab71,immediate_readout,swapped,bare,test,all_valid,ALL,all,324,324,288,36,0,0.58607681755829899,324,0.5569272976680385,0.61591220850480111,3.5833333333333335,324,3.3209876543209877,3.8580246913580245,0.31944444444444442,288,0.2673611111111111,0.375,92,0.21875,288,0.1736111111111111,0.2673611111111111,63,0.10069444444444445,288,0.069444444444444448,0.1388888888888889,29,0.39506172839506171,0.30555555555555558,0.31521739130434784,True,20260911,5000,artifact/task-cluster percentile 95%; degenerate intervals are not population certainty
LS,frozen,mistralai/Mistral-7B-Instruct-v0.3,c170c708c41dac9275d15a8fff4eca08d52bab71,immediate_readout,swapped,bare,test,all_valid,ALL,nontrivial,288,288,288,0,0,0.56790123456790131,288,0.53973765432098775,0.59567901234567899,3.6631944444444446,288,3.4270833333333335,3.90625,0.31944444444444442,288,0.2673611111111111,0.375,92,0.21875,288,0.1736111111111111,0.2673611111111111,63,0.10069444444444445,288,0.069444444444444448,0.1388888888888889,29,0.31944444444444442,0.21875,0.31521739130434784,True,20260911,5000,artifact/task-cluster percentile 95%; degenerate intervals are not population certainty
LS,frozen,mistralai/Mistral-7B-Instruct-v0.3,c170c708c41dac9275d15a8fff4eca08d52bab71,immediate_readout,swapped,bare,test,all_valid,ALL,all_pass,36,36,0,36,0,0.73148148148148151,36,0.60493827160493818,0.85185185185185186,2.9444444444444446,36,1.6944444444444444,4.3611111111111107,,0,,,0,,0,,,0,,0,,,0,1,1,,True,20260911,5000,artifact/task-cluster percentile 95%; degenerate intervals are not population certainty
LS,frozen,mistralai/Mistral-7B-Instruct-v0.3,c170c708c41dac9275d15a8fff4eca08d52bab71,immediate_readout,swapped,bare,test,all_valid,ALL,all_fail,0,0,0,0,0,,0,,,,0,,,,0,,,0,,0,,,0,,0,,,0,,,,True,20260911,5000,artifact/task-cluster percentile 95%; degenerate intervals are not population certainty
LS,frozen,mistralai/Mistral-7B-Instruct-v0.3,c170c708c41dac9275d15a8fff4eca08d52bab71,immediate_readout,swapped,bare,test,all_valid,coverage,all,108,108,96,12,0,0.66872427983539096,108,0.62037037037037024,0.71502057613168712,2.574074074074074,108,2.2314814814814814,2.9076388888888856,0.020833333333333332,96,0,0.052083333333333336,2,0,96,0,0,0,0.020833333333333332,96,0,0.052083333333333336,2,0.12962962962962962,0.1111111111111111,1,True,20260911,5000,artifact/task-cluster percentile 95%; degenerate intervals are not population certainty
LS,frozen,mistralai/Mistral-7B-Instruct-v0.3,c170c708c41dac9275d15a8fff4eca08d52bab71,immediate_readout,swapped,bare,test,all_valid,coverage,nontrivial,96,96,96,0,0,0.62731481481481477,96,0.5786747685185184,0.67592592592592593,2.8958333333333335,96,2.5729166666666665,3.2291666666666665,0.020833333333333332,96,0,0.052083333333333336,2,0,96,0,0,0,0.020833333333333332,96,0,0.052083333333333336,2,0.020833333333333332,0,1,True,20260911,5000,artifact/task-cluster percentile 95%; degenerate intervals are not population certainty
LS,frozen,mistralai/Mistral-7B-Instruct-v0.3,c170c708c41dac9275d15a8fff4eca08d52bab71,immediate_readout,swapped,bare,test,all_valid,coverage,all_pass,12,12,0,12,0,1,12,1,1,0,12,0,0,,0,,,0,,0,,,0,,0,,,0,1,1,,True,20260911,5000,artifact/task-cluster percentile 95%; degenerate intervals are not population certainty
LS,frozen,mistralai/Mistral-7B-Instruct-v0.3,c170c708c41dac9275d15a8fff4eca08d52bab71,immediate_readout,swapped,bare,test,all_valid,coverage,all_fail,0,0,0,0,0,,0,,,,0,,,,0,,,0,,0,,,0,,0,,,0,,,,True,20260911,5000,artifact/task-cluster percentile 95%; degenerate intervals are not population certainty
LS,frozen,mistralai/Mistral-7B-Instruct-v0.3,c170c708c41dac9275d15a8fff4eca08d52bab71,immediate_readout,swapped,bare,test,all_valid,max_violation,all,108,108,96,12,0,0.46810699588477356,108,0.41769547325102885,0.5185185185185186,4.9722222222222223,108,4.4814814814814818,5.4537037037037033,0.66666666666666663,96,0.57291666666666663,0.76041666666666663,64,0.58333333333333337,96,0.48958333333333331,0.67708333333333337,56,0.083333333333333329,96,0.03125,0.14583333333333334,8,0.70370370370370372,0.62962962962962965,0.125,True,20260911,5000,artifact/task-cluster percentile 95%; degenerate intervals are not population certainty
LS,frozen,mistralai/Mistral-7B-Instruct-v0.3,c170c708c41dac9275d15a8fff4eca08d52bab71,immediate_readout,swapped,bare,test,all_valid,max_violation,nontrivial,96,96,96,0,0,0.50231481481481477,96,0.44907407407407413,0.55439814814814803,4.489583333333333,96,4.020833333333333,4.9585937499999959,0.66666666666666663,96,0.57291666666666663,0.76041666666666663,64,0.58333333333333337,96,0.48958333333333331,0.67708333333333337,56,0.083333333333333329,96,0.03125,0.14583333333333334,8,0.66666666666666663,0.58333333333333337,0.125,True,20260911,5000,artifact/task-cluster percentile 95%; degenerate intervals are not population certainty
LS,frozen,mistralai/Mistral-7B-Instruct-v0.3,c170c708c41dac9275d15a8fff4eca08d52bab71,immediate_readout,swapped,bare,test,all_valid,max_violation,all_pass,12,12,0,12,0,0.19444444444444445,12,0.11111111111111112,0.30555555555555552,8.8333333333333339,12,8.5833333333333339,9,,0,,,0,,0,,,0,,0,,,0,1,1,,True,20260911,5000,artifact/task-cluster percentile 95%; degenerate intervals are not population certainty
LS,frozen,mistralai/Mistral-7B-Instruct-v0.3,c170c708c41dac9275d15a8fff4eca08d52bab71,immediate_readout,swapped,bare,test,all_valid,max_violation,all_fail,0,0,0,0,0,,0,,,,0,,,,0,,,0,,0,,,0,,0,,,0,,,,True,20260911,5000,artifact/task-cluster percentile 95%; degenerate intervals are not population certainty
LS,frozen,mistralai/Mistral-7B-Instruct-v0.3,c170c708c41dac9275d15a8fff4eca08d52bab71,immediate_readout,swapped,bare,test,all_valid,numeric_tolerance,all,108,108,96,12,0,0.62139917695473246,108,0.57510288065843618,0.66769547325102874,3.2037037037037037,108,2.7685185185185186,3.6203703703703702,0.27083333333333331,96,0.1875,0.36458333333333331,26,0.072916666666666671,96,0.03125,0.125,7,0.19791666666666666,96,0.125,0.28125,19,0.35185185185185186,0.17592592592592593,0.73076923076923073,True,20260911,5000,artifact/task-cluster percentile 95%; degenerate intervals are not population certainty
LS,frozen,mistralai/Mistral-7B-Instruct-v0.3,c170c708c41dac9275d15a8fff4eca08d52bab71,immediate_readout,swapped,bare,test,all_valid,numeric_tolerance,nontrivial,96,96,96,0,0,0.57407407407407407,96,0.53125,0.61692708333333302,3.6041666666666665,96,3.1875,4.03125,0.27083333333333331,96,0.1875,0.36458333333333331,26,0.072916666666666671,96,0.03125,0.125,7,0.19791666666666666,96,0.125,0.28125,19,0.27083333333333331,0.072916666666666671,0.73076923076923073,True,20260911,5000,artifact/task-cluster percentile 95%; degenerate intervals are not population certainty
LS,frozen,mistralai/Mistral-7B-Instruct-v0.3,c170c708c41dac9275d15a8fff4eca08d52bab71,immediate_readout,swapped,bare,test,all_valid,numeric_tolerance,all_pass,12,12,0,12,0,1,12,1,1,0,12,0,0,,0,,,0,,0,,,0,,0,,,0,1,1,,True,20260911,5000,artifact/task-cluster percentile 95%; degenerate intervals are not population certainty
LS,frozen,mistralai/Mistral-7B-Instruct-v0.3,c170c708c41dac9275d15a8fff4eca08d52bab71,immediate_readout,swapped,bare,test,all_valid,numeric_tolerance,all_fail,0,0,0,0,0,,0,,,,0,,,,0,,,0,,0,,,0,,0,,,0,,,,True,20260911,5000,artifact/task-cluster percentile 95%; degenerate intervals are not population certainty
LS81,CLUSTER_panel_v2,Qwen/Qwen2.5-14B-Instruct,cf98f3b3bbb457ad9e2bb7baf9a0125b6b88caa8,immediate_readout,original,bare,test,all_valid,ALL,all,81,81,72,9,0,0.76543209876543206,81,0.72290809327846361,0.80658436213991769,3.382716049382716,81,2.8145061728395064,3.9753086419753085,0.4861111111111111,72,0.375,0.59722222222222221,35,0.47222222222222221,72,0.3611111111111111,0.58333333333333337,34,0.013888888888888888,72,0,0.041666666666666664,1,0.54320987654320985,0.53086419753086422,0.028571428571428571,True,20260911,5000,artifact/task-cluster percentile 95%; degenerate intervals are not population certainty
LS81,CLUSTER_panel_v2,Qwen/Qwen2.5-14B-Instruct,cf98f3b3bbb457ad9e2bb7baf9a0125b6b88caa8,immediate_readout,original,bare,test,all_valid,ALL,nontrivial,72,72,72,0,0,0.74691358024691357,72,0.70370370370370372,0.78703703703703709,3.4305555555555554,72,2.875,4,0.4861111111111111,72,0.375,0.59722222222222221,35,0.47222222222222221,72,0.3611111111111111,0.58333333333333337,34,0.013888888888888888,72,0,0.041666666666666664,1,0.4861111111111111,0.47222222222222221,0.028571428571428571,True,20260911,5000,artifact/task-cluster percentile 95%; degenerate intervals are not population certainty
LS81,CLUSTER_panel_v2,Qwen/Qwen2.5-14B-Instruct,cf98f3b3bbb457ad9e2bb7baf9a0125b6b88caa8,immediate_readout,original,bare,test,all_valid,ALL,all_pass,9,9,0,9,0,0.9135802469135802,9,0.79012345679012341,0.98796296296295849,3,9,0.97500000000000853,6,,0,,,0,,0,,,0,,0,,,0,1,1,,True,20260911,5000,artifact/task-cluster percentile 95%; degenerate intervals are not population certainty
LS81,CLUSTER_panel_v2,Qwen/Qwen2.5-14B-Instruct,cf98f3b3bbb457ad9e2bb7baf9a0125b6b88caa8,immediate_readout,original,bare,test,all_valid,ALL,all_fail,0,0,0,0,0,,0,,,,0,,,,0,,,0,,0,,,0,,0,,,0,,,,True,20260911,5000,artifact/task-cluster percentile 95%; degenerate intervals are not population certainty
LS81,CLUSTER_panel_v2,Qwen/Qwen2.5-14B-Instruct,cf98f3b3bbb457ad9e2bb7baf9a0125b6b88caa8,immediate_readout,original,bare,test,all_valid,coverage,all,27,27,24,3,0,0.8189300411522632,27,0.77366255144032925,0.86008230452674894,4.8888888888888893,27,3.8148148148148149,5.9259259259259256,0.33333333333333331,24,0.16666666666666666,0.54166666666666663,8,0.33333333333333331,24,0.16666666666666666,0.54166666666666663,8,0,24,0,0,0,0.40740740740740738,0.40740740740740738,0,True,20260911,5000,artifact/task-cluster percentile 95%; degenerate intervals are not population certainty
LS81,CLUSTER_panel_v2,Qwen/Qwen2.5-14B-Instruct,cf98f3b3bbb457ad9e2bb7baf9a0125b6b88caa8,immediate_readout,original,bare,test,all_valid,coverage,nontrivial,24,24,24,0,0,0.82870370370370361,24,0.79166666666666663,0.86574074074074081,4.375,24,3.375,5.375,0.33333333333333331,24,0.16666666666666666,0.54166666666666663,8,0.33333333333333331,24,0.16666666666666666,0.54166666666666663,8,0,24,0,0,0,0.33333333333333331,0.33333333333333331,0,True,20260911,5000,artifact/task-cluster percentile 95%; degenerate intervals are not population certainty
LS81,CLUSTER_panel_v2,Qwen/Qwen2.5-14B-Instruct,cf98f3b3bbb457ad9e2bb7baf9a0125b6b88caa8,immediate_readout,original,bare,test,all_valid,coverage,all_pass,3,3,0,3,0,0.74074074074074081,3,0.44444444444444442,0.88888888888888884,9,3,9,9,,0,,,0,,0,,,0,,0,,,0,1,1,,True,20260911,5000,artifact/task-cluster percentile 95%; degenerate intervals are not population certainty
LS81,CLUSTER_panel_v2,Qwen/Qwen2.5-14B-Instruct,cf98f3b3bbb457ad9e2bb7baf9a0125b6b88caa8,immediate_readout,original,bare,test,all_valid,coverage,all_fail,0,0,0,0,0,,0,,,,0,,,,0,,,0,,0,,,0,,0,,,0,,,,True,20260911,5000,artifact/task-cluster percentile 95%; degenerate intervals are not population certainty
LS81,CLUSTER_panel_v2,Qwen/Qwen2.5-14B-Instruct,cf98f3b3bbb457ad9e2bb7baf9a0125b6b88caa8,immediate_readout,original,bare,test,all_valid,max_violation,all,27,27,24,3,0,0.65432098765432101,27,0.56779835390946487,0.74074074074074092,3.7037037037037037,27,2.7037037037037037,4.666666666666667,0.16666666666666666,24,0.041666666666666664,0.33333333333333331,4,0.16666666666666666,24,0.041666666666666664,0.33333333333333331,4,0,24,0,0,0,0.25925925925925924,0.25925925925925924,0,True,20260911,5000,artifact/task-cluster percentile 95%; degenerate intervals are not population certainty
LS81,CLUSTER_panel_v2,Qwen/Qwen2.5-14B-Instruct,cf98f3b3bbb457ad9e2bb7baf9a0125b6b88caa8,immediate_readout,original,bare,test,all_valid,max_violation,nontrivial,24,24,24,0,0,0.61111111111111105,24,0.52314814814814814,0.69907407407407407,4.166666666666667,24,3.2083333333333335,5.125,0.16666666666666666,24,0.041666666666666664,0.33333333333333331,4,0.16666666666666666,24,0.041666666666666664,0.33333333333333331,4,0,24,0,0,0,0.16666666666666666,0.16666666666666666,0,True,20260911,5000,artifact/task-cluster percentile 95%; degenerate intervals are not population certainty
LS81,CLUSTER_panel_v2,Qwen/Qwen2.5-14B-Instruct,cf98f3b3bbb457ad9e2bb7baf9a0125b6b88caa8,immediate_readout,original,bare,test,all_valid,max_violation,all_pass,3,3,0,3,0,1,3,1,1,0,3,0,0,,0,,,0,,0,,,0,,0,,,0,1,1,,True,20260911,5000,artifact/task-cluster percentile 95%; degenerate intervals are not population certainty
LS81,CLUSTER_panel_v2,Qwen/Qwen2.5-14B-Instruct,cf98f3b3bbb457ad9e2bb7baf9a0125b6b88caa8,immediate_readout,original,bare,test,all_valid,max_violation,all_fail,0,0,0,0,0,,0,,,,0,,,,0,,,0,,0,,,0,,0,,,0,,,,True,20260911,5000,artifact/task-cluster percentile 95%; degenerate intervals are not population certainty
LS81,CLUSTER_panel_v2,Qwen/Qwen2.5-14B-Instruct,cf98f3b3bbb457ad9e2bb7baf9a0125b6b88caa8,immediate_readout,original,bare,test,all_valid,numeric_tolerance,all,27,27,24,3,0,0.82304526748971185,27,0.76954732510288071,0.87242798353909468,1.5555555555555556,27,1.1111111111111112,2.0370370370370372,0.95833333333333337,24,0.875,1,23,0.91666666666666663,24,0.79166666666666663,1,22,0.041666666666666664,24,0,0.125,1,0.96296296296296291,0.92592592592592593,0.043478260869565216,True,20260911,5000,artifact/task-cluster percentile 95%; degenerate intervals are not population certainty
LS81,CLUSTER_panel_v2,Qwen/Qwen2.5-14B-Instruct,cf98f3b3bbb457ad9e2bb7baf9a0125b6b88caa8,immediate_readout,original,bare,test,all_valid,numeric_tolerance,nontrivial,24,24,24,0,0,0.80092592592592593,24,0.75,0.85185185185185175,1.75,24,1.2916666666666667,2.2083333333333335,0.95833333333333337,24,0.875,1,23,0.91666666666666663,24,0.79166666666666663,1,22,0.041666666666666664,24,0,0.125,1,0.95833333333333337,0.91666666666666663,0.043478260869565216,True,20260911,5000,artifact/task-cluster percentile 95%; degenerate intervals are not population certainty
LS81,CLUSTER_panel_v2,Qwen/Qwen2.5-14B-Instruct,cf98f3b3bbb457ad9e2bb7baf9a0125b6b88caa8,immediate_readout,original,bare,test,all_valid,numeric_tolerance,all_pass,3,3,0,3,0,1,3,1,1,0,3,0,0,,0,,,0,,0,,,0,,0,,,0,1,1,,True,20260911,5000,artifact/task-cluster percentile 95%; degenerate intervals are not population certainty
LS81,CLUSTER_panel_v2,Qwen/Qwen2.5-14B-Instruct,cf98f3b3bbb457ad9e2bb7baf9a0125b6b88caa8,immediate_readout,original,bare,test,all_valid,numeric_tolerance,all_fail,0,0,0,0,0,,0,,,,0,,,,0,,,0,,0,,,0,,0,,,0,,,,True,20260911,5000,artifact/task-cluster percentile 95%; degenerate intervals are not population certainty
LS81,CLUSTER_panel_v2,Qwen/Qwen2.5-14B-Instruct,cf98f3b3bbb457ad9e2bb7baf9a0125b6b88caa8,immediate_readout,swapped,bare,test,all_valid,ALL,all,81,81,72,9,0,0.7503429355281207,81,0.70504115226337449,0.79423868312757195,3.5308641975308643,81,2.9629629629629628,4.1358024691358022,0.44444444444444442,72,0.33333333333333331,0.56944444444444442,32,0.40277777777777779,72,0.29166666666666669,0.51388888888888884,29,0.041666666666666664,72,0,0.097222222222222224,3,0.50617283950617287,0.46913580246913578,0.09375,True,20260911,5000,artifact/task-cluster percentile 95%; degenerate intervals are not population certainty
LS81,CLUSTER_panel_v2,Qwen/Qwen2.5-14B-Instruct,cf98f3b3bbb457ad9e2bb7baf9a0125b6b88caa8,immediate_readout,swapped,bare,test,all_valid,ALL,nontrivial,72,72,72,0,0,0.72993827160493829,72,0.6820987654320988,0.77469135802469125,3.5972222222222223,72,3.0416666666666665,4.166666666666667,0.44444444444444442,72,0.33333333333333331,0.56944444444444442,32,0.40277777777777779,72,0.29166666666666669,0.51388888888888884,29,0.041666666666666664,72,0,0.097222222222222224,3,0.44444444444444442,0.40277777777777779,0.09375,True,20260911,5000,artifact/task-cluster percentile 95%; degenerate intervals are not population certainty
LS81,CLUSTER_panel_v2,Qwen/Qwen2.5-14B-Instruct,cf98f3b3bbb457ad9e2bb7baf9a0125b6b88caa8,immediate_readout,swapped,bare,test,all_valid,ALL,all_pass,9,9,0,9,0,0.9135802469135802,9,0.79012345679012341,0.98796296296295849,3,9,0.97500000000000853,6,,0,,,0,,0,,,0,,0,,,0,1,1,,True,20260911,5000,artifact/task-cluster percentile 95%; degenerate intervals are not population certainty
LS81,CLUSTER_panel_v2,Qwen/Qwen2.5-14B-Instruct,cf98f3b3bbb457ad9e2bb7baf9a0125b6b88caa8,immediate_readout,swapped,bare,test,all_valid,ALL,all_fail,0,0,0,0,0,,0,,,,0,,,,0,,,0,,0,,,0,,0,,,0,,,,True,20260911,5000,artifact/task-cluster percentile 95%; degenerate intervals are not population certainty
LS81,CLUSTER_panel_v2,Qwen/Qwen2.5-14B-Instruct,cf98f3b3bbb457ad9e2bb7baf9a0125b6b88caa8,immediate_readout,swapped,bare,test,all_valid,coverage,all,27,27,24,3,0,0.8189300411522632,27,0.77366255144032925,0.86008230452674894,4.8888888888888893,27,3.8148148148148149,5.9259259259259256,0.25,24,0.083333333333333329,0.41666666666666669,6,0.25,24,0.083333333333333329,0.41666666666666669,6,0,24,0,0,0,0.33333333333333331,0.33333333333333331,0,True,20260911,5000,artifact/task-cluster percentile 95%; degenerate intervals are not population certainty
LS81,CLUSTER_panel_v2,Qwen/Qwen2.5-14B-Instruct,cf98f3b3bbb457ad9e2bb7baf9a0125b6b88caa8,immediate_readout,swapped,bare,test,all_valid,coverage,nontrivial,24,24,24,0,0,0.82870370370370361,24,0.79166666666666663,0.86574074074074081,4.375,24,3.375,5.375,0.25,24,0.083333333333333329,0.41666666666666669,6,0.25,24,0.083333333333333329,0.41666666666666669,6,0,24,0,0,0,0.25,0.25,0,True,20260911,5000,artifact/task-cluster percentile 95%; degenerate intervals are not population certainty
LS81,CLUSTER_panel_v2,Qwen/Qwen2.5-14B-Instruct,cf98f3b3bbb457ad9e2bb7baf9a0125b6b88caa8,immediate_readout,swapped,bare,test,all_valid,coverage,all_pass,3,3,0,3,0,0.74074074074074081,3,0.44444444444444442,0.88888888888888884,9,3,9,9,,0,,,0,,0,,,0,,0,,,0,1,1,,True,20260911,5000,artifact/task-cluster percentile 95%; degenerate intervals are not population certainty
LS81,CLUSTER_panel_v2,Qwen/Qwen2.5-14B-Instruct,cf98f3b3bbb457ad9e2bb7baf9a0125b6b88caa8,immediate_readout,swapped,bare,test,all_valid,coverage,all_fail,0,0,0,0,0,,0,,,,0,,,,0,,,0,,0,,,0,,0,,,0,,,,True,20260911,5000,artifact/task-cluster percentile 95%; degenerate intervals are not population certainty
LS81,CLUSTER_panel_v2,Qwen/Qwen2.5-14B-Instruct,cf98f3b3bbb457ad9e2bb7baf9a0125b6b88caa8,immediate_readout,swapped,bare,test,all_valid,max_violation,all,27,27,24,3,0,0.62139917695473257,27,0.52674897119341557,0.71193415637860091,4,27,3,4.9629629629629628,0.16666666666666666,24,0.041666666666666664,0.33333333333333331,4,0.16666666666666666,24,0.041666666666666664,0.33333333333333331,4,0,24,0,0,0,0.25925925925925924,0.25925925925925924,0,True,20260911,5000,artifact/task-cluster percentile 95%; degenerate intervals are not population certainty
LS81,CLUSTER_panel_v2,Qwen/Qwen2.5-14B-Instruct,cf98f3b3bbb457ad9e2bb7baf9a0125b6b88caa8,immediate_readout,swapped,bare,test,all_valid,max_violation,nontrivial,24,24,24,0,0,0.57407407407407407,24,0.4861111111111111,0.66203703703703709,4.5,24,3.5833333333333335,5.416666666666667,0.16666666666666666,24,0.041666666666666664,0.33333333333333331,4,0.16666666666666666,24,0.041666666666666664,0.33333333333333331,4,0,24,0,0,0,0.16666666666666666,0.16666666666666666,0,True,20260911,5000,artifact/task-cluster percentile 95%; degenerate intervals are not population certainty
LS81,CLUSTER_panel_v2,Qwen/Qwen2.5-14B-Instruct,cf98f3b3bbb457ad9e2bb7baf9a0125b6b88caa8,immediate_readout,swapped,bare,test,all_valid,max_violation,all_pass,3,3,0,3,0,1,3,1,1,0,3,0,0,,0,,,0,,0,,,0,,0,,,0,1,1,,True,20260911,5000,artifact/task-cluster percentile 95%; degenerate intervals are not population certainty
LS81,CLUSTER_panel_v2,Qwen/Qwen2.5-14B-Instruct,cf98f3b3bbb457ad9e2bb7baf9a0125b6b88caa8,immediate_readout,swapped,bare,test,all_valid,max_violation,all_fail,0,0,0,0,0,,0,,,,0,,,,0,,,0,,0,,,0,,0,,,0,,,,True,20260911,5000,artifact/task-cluster percentile 95%; degenerate intervals are not population certainty
LS81,CLUSTER_panel_v2,Qwen/Qwen2.5-14B-Instruct,cf98f3b3bbb457ad9e2bb7baf9a0125b6b88caa8,immediate_readout,swapped,bare,test,all_valid,numeric_tolerance,all,27,27,24,3,0,0.81069958847736623,27,0.75308641975308654,0.86831275720164591,1.7037037037037037,27,1.1851851851851851,2.2222222222222223,0.91666666666666663,24,0.79166666666666663,1,22,0.79166666666666663,24,0.625,0.91666666666666663,19,0.125,24,0,0.25,3,0.92592592592592593,0.81481481481481477,0.13636363636363635,True,20260911,5000,artifact/task-cluster percentile 95%; degenerate intervals are not population certainty
LS81,CLUSTER_panel_v2,Qwen/Qwen2.5-14B-Instruct,cf98f3b3bbb457ad9e2bb7baf9a0125b6b88caa8,immediate_readout,swapped,bare,test,all_valid,numeric_tolerance,nontrivial,24,24,24,0,0,0.78703703703703687,24,0.7314814814814814,0.84259259259259256,1.9166666666666667,24,1.375,2.4583333333333335,0.91666666666666663,24,0.79166666666666663,1,22,0.79166666666666663,24,0.625,0.91666666666666663,19,0.125,24,0,0.25,3,0.91666666666666663,0.79166666666666663,0.13636363636363635,True,20260911,5000,artifact/task-cluster percentile 95%; degenerate intervals are not population certainty
LS81,CLUSTER_panel_v2,Qwen/Qwen2.5-14B-Instruct,cf98f3b3bbb457ad9e2bb7baf9a0125b6b88caa8,immediate_readout,swapped,bare,test,all_valid,numeric_tolerance,all_pass,3,3,0,3,0,1,3,1,1,0,3,0,0,,0,,,0,,0,,,0,,0,,,0,1,1,,True,20260911,5000,artifact/task-cluster percentile 95%; degenerate intervals are not population certainty
LS81,CLUSTER_panel_v2,Qwen/Qwen2.5-14B-Instruct,cf98f3b3bbb457ad9e2bb7baf9a0125b6b88caa8,immediate_readout,swapped,bare,test,all_valid,numeric_tolerance,all_fail,0,0,0,0,0,,0,,,,0,,,,0,,,0,,0,,,0,,0,,,0,,,,True,20260911,5000,artifact/task-cluster percentile 95%; degenerate intervals are not population certainty
LS81,CLUSTER_panel_v2,google/gemma-2-9b-it,11c9b309abf73637e4b6f9a3fa1e92e615547819,immediate_readout,original,bare,test,all_valid,ALL,all,81,81,72,9,0,0.65294924554183809,81,0.59533607681755818,0.71056241426611788,3.1851851851851851,81,2.6543209876543208,3.7283950617283952,0.56944444444444442,72,0.45833333333333331,0.68055555555555558,41,0.5,72,0.3888888888888889,0.61111111111111116,36,0.069444444444444448,72,0.013888888888888888,0.1388888888888889,5,0.61728395061728392,0.55555555555555558,0.12195121951219512,True,20260911,5000,artifact/task-cluster percentile 95%; degenerate intervals are not population certainty
LS81,CLUSTER_panel_v2,google/gemma-2-9b-it,11c9b309abf73637e4b6f9a3fa1e92e615547819,immediate_readout,original,bare,test,all_valid,ALL,nontrivial,72,72,72,0,0,0.64506172839506171,72,0.58950617283950613,0.7021604938271605,3.2361111111111112,72,2.7083333333333335,3.7503472222222172,0.56944444444444442,72,0.45833333333333331,0.68055555555555558,41,0.5,72,0.3888888888888889,0.61111111111111116,36,0.069444444444444448,72,0.013888888888888888,0.1388888888888889,5,0.56944444444444442,0.5,0.12195121951219512,True,20260911,5000,artifact/task-cluster percentile 95%; degenerate intervals are not population certainty
LS81,CLUSTER_panel_v2,google/gemma-2-9b-it,11c9b309abf73637e4b6f9a3fa1e92e615547819,immediate_readout,original,bare,test,all_valid,ALL,all_pass,9,9,0,9,0,0.71604938271604945,9,0.4320987654320988,1,2.7777777777777777,9,0,5.5555555555555554,,0,,,0,,0,,,0,,0,,,0,1,1,,True,20260911,5000,artifact/task-cluster percentile 95%; degenerate intervals are not population certainty
LS81,CLUSTER_panel_v2,google/gemma-2-9b-it,11c9b309abf73637e4b6f9a3fa1e92e615547819,immediate_readout,original,bare,test,all_valid,ALL,all_fail,0,0,0,0,0,,0,,,,0,,,,0,,,0,,0,,,0,,0,,,0,,,,True,20260911,5000,artifact/task-cluster percentile 95%; degenerate intervals are not population certainty
LS81,CLUSTER_panel_v2,google/gemma-2-9b-it,11c9b309abf73637e4b6f9a3fa1e92e615547819,immediate_readout,original,bare,test,all_valid,coverage,all,27,27,24,3,0,0.69958847736625507,27,0.62139917695473257,0.77366255144032936,2.7037037037037037,27,2.0370370370370372,3.4074074074074074,0.41666666666666669,24,0.20833333333333334,0.625,10,0.41666666666666669,24,0.20833333333333334,0.625,10,0,24,0,0,0,0.48148148148148145,0.48148148148148145,0,True,20260911,5000,artifact/task-cluster percentile 95%; degenerate intervals are not population certainty
LS81,CLUSTER_panel_v2,google/gemma-2-9b-it,11c9b309abf73637e4b6f9a3fa1e92e615547819,immediate_readout,original,bare,test,all_valid,coverage,nontrivial,24,24,24,0,0,0.66203703703703698,24,0.59259259259259256,0.73611111111111105,3.0416666666666665,24,2.375,3.6666666666666665,0.41666666666666669,24,0.20833333333333334,0.625,10,0.41666666666666669,24,0.20833333333333334,0.625,10,0,24,0,0,0,0.41666666666666669,0.41666666666666669,0,True,20260911,5000,artifact/task-cluster percentile 95%; degenerate intervals are not population certainty
LS81,CLUSTER_panel_v2,google/gemma-2-9b-it,11c9b309abf73637e4b6f9a3fa1e92e615547819,immediate_readout,original,bare,test,all_valid,coverage,all_pass,3,3,0,3,0,1,3,1,1,0,3,0,0,,0,,,0,,0,,,0,,0,,,0,1,1,,True,20260911,5000,artifact/task-cluster percentile 95%; degenerate intervals are not population certainty
LS81,CLUSTER_panel_v2,google/gemma-2-9b-it,11c9b309abf73637e4b6f9a3fa1e92e615547819,immediate_readout,original,bare,test,all_valid,coverage,all_fail,0,0,0,0,0,,0,,,,0,,,,0,,,0,,0,,,0,,0,,,0,,,,True,20260911,5000,artifact/task-cluster percentile 95%; degenerate intervals are not population certainty
LS81,CLUSTER_panel_v2,google/gemma-2-9b-it,11c9b309abf73637e4b6f9a3fa1e92e615547819,immediate_readout,original,bare,test,all_valid,max_violation,all,27,27,24,3,0,0.46090534979423875,27,0.35802469135802467,0.56378600823045266,4.9259259259259256,27,3.9629629629629628,5.8888888888888893,0.54166666666666663,24,0.33333333333333331,0.75,13,0.375,24,0.20833333333333334,0.58333333333333337,9,0.16666666666666666,24,0.041666666666666664,0.33333333333333331,4,0.59259259259259256,0.44444444444444442,0.30769230769230771,True,20260911,5000,artifact/task-cluster percentile 95%; degenerate intervals are not population certainty
LS81,CLUSTER_panel_v2,google/gemma-2-9b-it,11c9b309abf73637e4b6f9a3fa1e92e615547819,immediate_readout,original,bare,test,all_valid,max_violation,nontrivial,24,24,24,0,0,0.5,24,0.3981481481481482,0.60185185185185175,4.5,24,3.5833333333333335,5.416666666666667,0.54166666666666663,24,0.33333333333333331,0.75,13,0.375,24,0.20833333333333334,0.58333333333333337,9,0.16666666666666666,24,0.041666666666666664,0.33333333333333331,4,0.54166666666666663,0.375,0.30769230769230771,True,20260911,5000,artifact/task-cluster percentile 95%; degenerate intervals are not population certainty
LS81,CLUSTER_panel_v2,google/gemma-2-9b-it,11c9b309abf73637e4b6f9a3fa1e92e615547819,immediate_readout,original,bare,test,all_valid,max_violation,all_pass,3,3,0,3,0,0.14814814814814814,3,0,0.22222222222222221,8.3333333333333339,3,8,9,,0,,,0,,0,,,0,,0,,,0,1,1,,True,20260911,5000,artifact/task-cluster percentile 95%; degenerate intervals are not population certainty
LS81,CLUSTER_panel_v2,google/gemma-2-9b-it,11c9b309abf73637e4b6f9a3fa1e92e615547819,immediate_readout,original,bare,test,all_valid,max_violation,all_fail,0,0,0,0,0,,0,,,,0,,,,0,,,0,,0,,,0,,0,,,0,,,,True,20260911,5000,artifact/task-cluster percentile 95%; degenerate intervals are not population certainty
LS81,CLUSTER_panel_v2,google/gemma-2-9b-it,11c9b309abf73637e4b6f9a3fa1e92e615547819,immediate_readout,original,bare,test,all_valid,numeric_tolerance,all,27,27,24,3,0,0.79835390946502061,27,0.72427983539094642,0.86419753086419759,1.9259259259259258,27,1.2222222222222223,2.7037037037037037,0.75,24,0.58333333333333337,0.91666666666666663,18,0.70833333333333337,24,0.54166666666666663,0.875,17,0.041666666666666664,24,0,0.125,1,0.77777777777777779,0.7407407407407407,0.055555555555555552,True,20260911,5000,artifact/task-cluster percentile 95%; degenerate intervals are not population certainty
LS81,CLUSTER_panel_v2,google/gemma-2-9b-it,11c9b309abf73637e4b6f9a3fa1e92e615547819,immediate_readout,original,bare,test,all_valid,numeric_tolerance,nontrivial,24,24,24,0,0,0.77314814814814803,24,0.69444444444444431,0.84259259259259256,2.1666666666666665,24,1.4166666666666667,3,0.75,24,0.58333333333333337,0.91666666666666663,18,0.70833333333333337,24,0.54166666666666663,0.875,17,0.041666666666666664,24,0,0.125,1,0.75,0.70833333333333337,0.055555555555555552,True,20260911,5000,artifact/task-cluster percentile 95%; degenerate intervals are not population certainty
LS81,CLUSTER_panel_v2,google/gemma-2-9b-it,11c9b309abf73637e4b6f9a3fa1e92e615547819,immediate_readout,original,bare,test,all_valid,numeric_tolerance,all_pass,3,3,0,3,0,1,3,1,1,0,3,0,0,,0,,,0,,0,,,0,,0,,,0,1,1,,True,20260911,5000,artifact/task-cluster percentile 95%; degenerate intervals are not population certainty
LS81,CLUSTER_panel_v2,google/gemma-2-9b-it,11c9b309abf73637e4b6f9a3fa1e92e615547819,immediate_readout,original,bare,test,all_valid,numeric_tolerance,all_fail,0,0,0,0,0,,0,,,,0,,,,0,,,0,,0,,,0,,0,,,0,,,,True,20260911,5000,artifact/task-cluster percentile 95%; degenerate intervals are not population certainty
LS81,CLUSTER_panel_v2,google/gemma-2-9b-it,11c9b309abf73637e4b6f9a3fa1e92e615547819,immediate_readout,swapped,bare,test,all_valid,ALL,all,81,81,72,9,0,0.65980795610425236,81,0.60219478737997256,0.71742112482853226,3.0864197530864197,81,2.5679012345679011,3.6049382716049383,0.51388888888888884,72,0.40277777777777779,0.625,37,0.40277777777777779,72,0.29166666666666669,0.51388888888888884,29,0.1111111111111111,72,0.041666666666666664,0.18055555555555555,8,0.5679012345679012,0.46913580246913578,0.21621621621621623,True,20260911,5000,artifact/task-cluster percentile 95%; degenerate intervals are not population certainty
LS81,CLUSTER_panel_v2,google/gemma-2-9b-it,11c9b309abf73637e4b6f9a3fa1e92e615547819,immediate_readout,swapped,bare,test,all_valid,ALL,nontrivial,72,72,72,0,0,0.62654320987654322,72,0.56635802469135799,0.68672839506172834,3.3472222222222223,72,2.8055555555555554,3.8888888888888888,0.51388888888888884,72,0.40277777777777779,0.625,37,0.40277777777777779,72,0.29166666666666669,0.51388888888888884,29,0.1111111111111111,72,0.041666666666666664,0.18055555555555555,8,0.51388888888888884,0.40277777777777779,0.21621621621621623,True,20260911,5000,artifact/task-cluster percentile 95%; degenerate intervals are not population certainty
LS81,CLUSTER_panel_v2,google/gemma-2-9b-it,11c9b309abf73637e4b6f9a3fa1e92e615547819,immediate_readout,swapped,bare,test,all_valid,ALL,all_pass,9,9,0,9,0,0.92592592592592582,9,0.80246913580246904,1,1,9,0,2.3333333333333335,,0,,,0,,0,,,0,,0,,,0,1,1,,True,20260911,5000,artifact/task-cluster percentile 95%; degenerate intervals are not population certainty
LS81,CLUSTER_panel_v2,google/gemma-2-9b-it,11c9b309abf73637e4b6f9a3fa1e92e615547819,immediate_readout,swapped,bare,test,all_valid,ALL,all_fail,0,0,0,0,0,,0,,,,0,,,,0,,,0,,0,,,0,,0,,,0,,,,True,20260911,5000,artifact/task-cluster percentile 95%; degenerate intervals are not population certainty
LS81,CLUSTER_panel_v2,google/gemma-2-9b-it,11c9b309abf73637e4b6f9a3fa1e92e615547819,immediate_readout,swapped,bare,test,all_valid,coverage,all,27,27,24,3,0,0.67489711934156371,27,0.58847736625514402,0.75720164609053509,2.925925925925926,27,2.1851851851851851,3.7037037037037037,0.29166666666666669,24,0.125,0.5,7,0.29166666666666669,24,0.125,0.5,7,0,24,0,0,0,0.37037037037037035,0.37037037037037035,0,True,20260911,5000,artifact/task-cluster percentile 95%; degenerate intervals are not population certainty
LS81,CLUSTER_panel_v2,google/gemma-2-9b-it,11c9b309abf73637e4b6f9a3fa1e92e615547819,immediate_readout,swapped,bare,test,all_valid,coverage,nontrivial,24,24,24,0,0,0.63425925925925919,24,0.55555555555555547,0.71296296296296291,3.2916666666666665,24,2.5833333333333335,4,0.29166666666666669,24,0.125,0.5,7,0.29166666666666669,24,0.125,0.5,7,0,24,0,0,0,0.29166666666666669,0.29166666666666669,0,True,20260911,5000,artifact/task-cluster percentile 95%; degenerate intervals are not population certainty
LS81,CLUSTER_panel_v2,google/gemma-2-9b-it,11c9b309abf73637e4b6f9a3fa1e92e615547819,immediate_readout,swapped,bare,test,all_valid,coverage,all_pass,3,3,0,3,0,1,3,1,1,0,3,0,0,,0,,,0,,0,,,0,,0,,,0,1,1,,True,20260911,5000,artifact/task-cluster percentile 95%; degenerate intervals are not population certainty
LS81,CLUSTER_panel_v2,google/gemma-2-9b-it,11c9b309abf73637e4b6f9a3fa1e92e615547819,immediate_readout,swapped,bare,test,all_valid,coverage,all_fail,0,0,0,0,0,,0,,,,0,,,,0,,,0,,0,,,0,,0,,,0,,,,True,20260911,5000,artifact/task-cluster percentile 95%; degenerate intervals are not population certainty
LS81,CLUSTER_panel_v2,google/gemma-2-9b-it,11c9b309abf73637e4b6f9a3fa1e92e615547819,immediate_readout,swapped,bare,test,all_valid,max_violation,all,27,27,24,3,0,0.53086419753086422,27,0.42798353909465031,0.63374485596707819,4.333333333333333,27,3.4444444444444446,5.2222222222222223,0.54166666666666663,24,0.33333333333333331,0.75,13,0.25,24,0.083333333333333329,0.41666666666666669,6,0.29166666666666669,24,0.125,0.45937499999998482,7,0.59259259259259256,0.33333333333333331,0.53846153846153844,True,20260911,5000,artifact/task-cluster percentile 95%; degenerate intervals are not population certainty
LS81,CLUSTER_panel_v2,google/gemma-2-9b-it,11c9b309abf73637e4b6f9a3fa1e92e615547819,immediate_readout,swapped,bare,test,all_valid,max_violation,nontrivial,24,24,24,0,0,0.5,24,0.3981481481481482,0.60185185185185175,4.5,24,3.5833333333333335,5.416666666666667,0.54166666666666663,24,0.33333333333333331,0.75,13,0.25,24,0.083333333333333329,0.41666666666666669,6,0.29166666666666669,24,0.125,0.45937499999998482,7,0.54166666666666663,0.25,0.53846153846153844,True,20260911,5000,artifact/task-cluster percentile 95%; degenerate intervals are not population certainty
LS81,CLUSTER_panel_v2,google/gemma-2-9b-it,11c9b309abf73637e4b6f9a3fa1e92e615547819,immediate_readout,swapped,bare,test,all_valid,max_violation,all_pass,3,3,0,3,0,0.77777777777777768,3,0.44444444444444442,1,3,3,0,6,,0,,,0,,0,,,0,,0,,,0,1,1,,True,20260911,5000,artifact/task-cluster percentile 95%; degenerate intervals are not population certainty
LS81,CLUSTER_panel_v2,google/gemma-2-9b-it,11c9b309abf73637e4b6f9a3fa1e92e615547819,immediate_readout,swapped,bare,test,all_valid,max_violation,all_fail,0,0,0,0,0,,0,,,,0,,,,0,,,0,,0,,,0,,0,,,0,,,,True,20260911,5000,artifact/task-cluster percentile 95%; degenerate intervals are not population certainty
LS81,CLUSTER_panel_v2,google/gemma-2-9b-it,11c9b309abf73637e4b6f9a3fa1e92e615547819,immediate_readout,swapped,bare,test,all_valid,numeric_tolerance,all,27,27,24,3,0,0.77366255144032925,27,0.67901234567901225,0.8559670781893004,2,27,1.2592592592592593,2.8518518518518516,0.70833333333333337,24,0.54166666666666663,0.875,17,0.66666666666666663,24,0.5,0.83333333333333337,16,0.041666666666666664,24,0,0.125,1,0.7407407407407407,0.70370370370370372,0.058823529411764705,True,20260911,5000,artifact/task-cluster percentile 95%; degenerate intervals are not population certainty
LS81,CLUSTER_panel_v2,google/gemma-2-9b-it,11c9b309abf73637e4b6f9a3fa1e92e615547819,immediate_readout,swapped,bare,test,all_valid,numeric_tolerance,nontrivial,24,24,24,0,0,0.74537037037037035,24,0.64814814814814803,0.8379629629629628,2.25,24,1.4166666666666667,3.125,0.70833333333333337,24,0.54166666666666663,0.875,17,0.66666666666666663,24,0.5,0.83333333333333337,16,0.041666666666666664,24,0,0.125,1,0.70833333333333337,0.66666666666666663,0.058823529411764705,True,20260911,5000,artifact/task-cluster percentile 95%; degenerate intervals are not population certainty
LS81,CLUSTER_panel_v2,google/gemma-2-9b-it,11c9b309abf73637e4b6f9a3fa1e92e615547819,immediate_readout,swapped,bare,test,all_valid,numeric_tolerance,all_pass,3,3,0,3,0,1,3,1,1,0,3,0,0,,0,,,0,,0,,,0,,0,,,0,1,1,,True,20260911,5000,artifact/task-cluster percentile 95%; degenerate intervals are not population certainty
LS81,CLUSTER_panel_v2,google/gemma-2-9b-it,11c9b309abf73637e4b6f9a3fa1e92e615547819,immediate_readout,swapped,bare,test,all_valid,numeric_tolerance,all_fail,0,0,0,0,0,,0,,,,0,,,,0,,,0,,0,,,0,,0,,,0,,,,True,20260911,5000,artifact/task-cluster percentile 95%; degenerate intervals are not population certainty
LS81,CLUSTER_panel_v2,meta-llama/Llama-3.1-8B-Instruct,0e9e39f249a16976918f6564b8830bc894c89659,immediate_readout,original,bare,test,all_valid,ALL,all,81,81,72,9,0,0.55281207133058974,81,0.4910836762688614,0.61316872427983549,4.7283950617283947,81,4.1728395061728394,5.2962962962962967,0.2638888888888889,72,0.16666666666666666,0.36145833333332827,19,0.16666666666666666,72,0.083333333333333329,0.25,12,0.097222222222222224,72,0.027777777777777776,0.16666666666666666,7,0.34567901234567899,0.25925925925925924,0.36842105263157893,True,20260911,5000,artifact/task-cluster percentile 95%; degenerate intervals are not population certainty
LS81,CLUSTER_panel_v2,meta-llama/Llama-3.1-8B-Instruct,0e9e39f249a16976918f6564b8830bc894c89659,immediate_readout,original,bare,test,all_valid,ALL,nontrivial,72,72,72,0,0,0.57561728395061729,72,0.51851851851851849,0.63271604938271608,4.3194444444444446,72,3.7916666666666665,4.8472222222222223,0.2638888888888889,72,0.16666666666666666,0.36145833333332827,19,0.16666666666666666,72,0.083333333333333329,0.25,12,0.097222222222222224,72,0.027777777777777776,0.16666666666666666,7,0.2638888888888889,0.16666666666666666,0.36842105263157893,True,20260911,5000,artifact/task-cluster percentile 95%; degenerate intervals are not population certainty
LS81,CLUSTER_panel_v2,meta-llama/Llama-3.1-8B-Instruct,0e9e39f249a16976918f6564b8830bc894c89659,immediate_readout,original,bare,test,all_valid,ALL,all_pass,9,9,0,9,0,0.37037037037037041,9,0.1234567901234568,0.64197530864197538,8,9,6,9,,0,,,0,,0,,,0,,0,,,0,1,1,,True,20260911,5000,artifact/task-cluster percentile 95%; degenerate intervals are not population certainty
LS81,CLUSTER_panel_v2,meta-llama/Llama-3.1-8B-Instruct,0e9e39f249a16976918f6564b8830bc894c89659,immediate_readout,original,bare,test,all_valid,ALL,all_fail,0,0,0,0,0,,0,,,,0,,,,0,,,0,,0,,,0,,0,,,0,,,,True,20260911,5000,artifact/task-cluster percentile 95%; degenerate intervals are not population certainty
LS81,CLUSTER_panel_v2,meta-llama/Llama-3.1-8B-Instruct,0e9e39f249a16976918f6564b8830bc894c89659,immediate_readout,original,bare,test,all_valid,coverage,all,27,27,24,3,0,0.74897119341563778,27,0.69135802469135821,0.80246913580246915,4.1851851851851851,27,3.2592592592592591,5.1851851851851851,0.25,24,0.083333333333333329,0.41666666666666669,6,0.125,24,0,0.29166666666666669,3,0.125,24,0,0.29166666666666669,3,0.33333333333333331,0.22222222222222221,0.5,True,20260911,5000,artifact/task-cluster percentile 95%; degenerate intervals are not population certainty
LS81,CLUSTER_panel_v2,meta-llama/Llama-3.1-8B-Instruct,0e9e39f249a16976918f6564b8830bc894c89659,immediate_readout,original,bare,test,all_valid,coverage,nontrivial,24,24,24,0,0,0.72685185185185175,24,0.67129629629629617,0.78240740740740744,3.9583333333333335,24,3.125,4.833333333333333,0.25,24,0.083333333333333329,0.41666666666666669,6,0.125,24,0,0.29166666666666669,3,0.125,24,0,0.29166666666666669,3,0.25,0.125,0.5,True,20260911,5000,artifact/task-cluster percentile 95%; degenerate intervals are not population certainty
LS81,CLUSTER_panel_v2,meta-llama/Llama-3.1-8B-Instruct,0e9e39f249a16976918f6564b8830bc894c89659,immediate_readout,original,bare,test,all_valid,coverage,all_pass,3,3,0,3,0,0.92592592592592593,3,0.88888888888888884,1,6,3,0,9,,0,,,0,,0,,,0,,0,,,0,1,1,,True,20260911,5000,artifact/task-cluster percentile 95%; degenerate intervals are not population certainty
LS81,CLUSTER_panel_v2,meta-llama/Llama-3.1-8B-Instruct,0e9e39f249a16976918f6564b8830bc894c89659,immediate_readout,original,bare,test,all_valid,coverage,all_fail,0,0,0,0,0,,0,,,,0,,,,0,,,0,,0,,,0,,0,,,0,,,,True,20260911,5000,artifact/task-cluster percentile 95%; degenerate intervals are not population certainty
LS81,CLUSTER_panel_v2,meta-llama/Llama-3.1-8B-Instruct,0e9e39f249a16976918f6564b8830bc894c89659,immediate_readout,original,bare,test,all_valid,max_violation,all,27,27,24,3,0,0.44444444444444442,27,0.33333333333333331,0.55555555555555547,5,27,4,6,0.45833333333333331,24,0.25,0.66666666666666663,11,0.29166666666666669,24,0.125,0.45937499999998482,7,0.16666666666666666,24,0.041666666666666664,0.33333333333333331,4,0.51851851851851849,0.37037037037037035,0.36363636363636365,True,20260911,5000,artifact/task-cluster percentile 95%; degenerate intervals are not population certainty
LS81,CLUSTER_panel_v2,meta-llama/Llama-3.1-8B-Instruct,0e9e39f249a16976918f6564b8830bc894c89659,immediate_readout,original,bare,test,all_valid,max_violation,nontrivial,24,24,24,0,0,0.5,24,0.3981481481481482,0.60185185185185175,4.5,24,3.5833333333333335,5.416666666666667,0.45833333333333331,24,0.25,0.66666666666666663,11,0.29166666666666669,24,0.125,0.45937499999998482,7,0.16666666666666666,24,0.041666666666666664,0.33333333333333331,4,0.45833333333333331,0.29166666666666669,0.36363636363636365,True,20260911,5000,artifact/task-cluster percentile 95%; degenerate intervals are not population certainty
LS81,CLUSTER_panel_v2,meta-llama/Llama-3.1-8B-Instruct,0e9e39f249a16976918f6564b8830bc894c89659,immediate_readout,original,bare,test,all_valid,max_violation,all_pass,3,3,0,3,0,0,3,0,0,9,3,9,9,,0,,,0,,0,,,0,,0,,,0,1,1,,True,20260911,5000,artifact/task-cluster percentile 95%; degenerate intervals are not population certainty
LS81,CLUSTER_panel_v2,meta-llama/Llama-3.1-8B-Instruct,0e9e39f249a16976918f6564b8830bc894c89659,immediate_readout,original,bare,test,all_valid,max_violation,all_fail,0,0,0,0,0,,0,,,,0,,,,0,,,0,,0,,,0,,0,,,0,,,,True,20260911,5000,artifact/task-cluster percentile 95%; degenerate intervals are not population certainty
LS81,CLUSTER_panel_v2,meta-llama/Llama-3.1-8B-Instruct,0e9e39f249a16976918f6564b8830bc894c89659,immediate_readout,original,bare,test,all_valid,numeric_tolerance,all,27,27,24,3,0,0.46502057613168729,27,0.36625514403292175,0.5679012345679012,5,27,4,6,0.083333333333333329,24,0,0.20833333333333334,2,0.083333333333333329,24,0,0.20833333333333334,2,0,24,0,0,0,0.18518518518518517,0.18518518518518517,0,True,20260911,5000,artifact/task-cluster percentile 95%; degenerate intervals are not population certainty
LS81,CLUSTER_panel_v2,meta-llama/Llama-3.1-8B-Instruct,0e9e39f249a16976918f6564b8830bc894c89659,immediate_readout,original,bare,test,all_valid,numeric_tolerance,nontrivial,24,24,24,0,0,0.5,24,0.3981481481481482,0.60185185185185175,4.5,24,3.5833333333333335,5.416666666666667,0.083333333333333329,24,0,0.20833333333333334,2,0.083333333333333329,24,0,0.20833333333333334,2,0,24,0,0,0,0.083333333333333329,0.083333333333333329,0,True,20260911,5000,artifact/task-cluster percentile 95%; degenerate intervals are not population certainty
LS81,CLUSTER_panel_v2,meta-llama/Llama-3.1-8B-Instruct,0e9e39f249a16976918f6564b8830bc894c89659,immediate_readout,original,bare,test,all_valid,numeric_tolerance,all_pass,3,3,0,3,0,0.1851851851851852,3,0.1111111111111111,0.22222222222222221,9,3,9,9,,0,,,0,,0,,,0,,0,,,0,1,1,,True,20260911,5000,artifact/task-cluster percentile 95%; degenerate intervals are not population certainty
LS81,CLUSTER_panel_v2,meta-llama/Llama-3.1-8B-Instruct,0e9e39f249a16976918f6564b8830bc894c89659,immediate_readout,original,bare,test,all_valid,numeric_tolerance,all_fail,0,0,0,0,0,,0,,,,0,,,,0,,,0,,0,,,0,,0,,,0,,,,True,20260911,5000,artifact/task-cluster percentile 95%; degenerate intervals are not population certainty
LS81,CLUSTER_panel_v2,meta-llama/Llama-3.1-8B-Instruct,0e9e39f249a16976918f6564b8830bc894c89659,immediate_readout,swapped,bare,test,all_valid,ALL,all,81,81,72,9,0,0.48285322359396426,81,0.41838134430727031,0.54595336076817558,4.9259259259259256,81,4.3580246913580245,5.4938271604938276,0.33333333333333331,72,0.22222222222222221,0.44444444444444442,24,0.125,72,0.055555555555555552,0.20833333333333334,9,0.20833333333333334,72,0.125,0.30555555555555558,15,0.40740740740740738,0.22222222222222221,0.625,True,20260911,5000,artifact/task-cluster percentile 95%; degenerate intervals are not population certainty
LS81,CLUSTER_panel_v2,meta-llama/Llama-3.1-8B-Instruct,0e9e39f249a16976918f6564b8830bc894c89659,immediate_readout,swapped,bare,test,all_valid,ALL,nontrivial,72,72,72,0,0,0.53858024691358031,72,0.47993827160493829,0.59722222222222221,4.416666666666667,72,3.875,4.9444444444444446,0.33333333333333331,72,0.22222222222222221,0.44444444444444442,24,0.125,72,0.055555555555555552,0.20833333333333334,9,0.20833333333333334,72,0.125,0.30555555555555558,15,0.33333333333333331,0.125,0.625,True,20260911,5000,artifact/task-cluster percentile 95%; degenerate intervals are not population certainty
LS81,CLUSTER_panel_v2,meta-llama/Llama-3.1-8B-Instruct,0e9e39f249a16976918f6564b8830bc894c89659,immediate_readout,swapped,bare,test,all_valid,ALL,all_pass,9,9,0,9,0,0.037037037037037035,9,0.012037037037037141,0.074074074074074084,9,9,9,9,,0,,,0,,0,,,0,,0,,,0,1,1,,True,20260911,5000,artifact/task-cluster percentile 95%; degenerate intervals are not population certainty
LS81,CLUSTER_panel_v2,meta-llama/Llama-3.1-8B-Instruct,0e9e39f249a16976918f6564b8830bc894c89659,immediate_readout,swapped,bare,test,all_valid,ALL,all_fail,0,0,0,0,0,,0,,,,0,,,,0,,,0,,0,,,0,,0,,,0,,,,True,20260911,5000,artifact/task-cluster percentile 95%; degenerate intervals are not population certainty
LS81,CLUSTER_panel_v2,meta-llama/Llama-3.1-8B-Instruct,0e9e39f249a16976918f6564b8830bc894c89659,immediate_readout,swapped,bare,test,all_valid,coverage,all,27,27,24,3,0,0.54320987654320974,27,0.44032921810699582,0.64609053497942381,5,27,4,6,0.375,24,0.20833333333333334,0.58333333333333337,9,0.20833333333333334,24,0.041666666666666664,0.375,5,0.16666666666666666,24,0.041666666666666664,0.33333333333333331,4,0.44444444444444442,0.29629629629629628,0.44444444444444442,True,20260911,5000,artifact/task-cluster percentile 95%; degenerate intervals are not population certainty
LS81,CLUSTER_panel_v2,meta-llama/Llama-3.1-8B-Instruct,0e9e39f249a16976918f6564b8830bc894c89659,immediate_readout,swapped,bare,test,all_valid,coverage,nontrivial,24,24,24,0,0,0.59722222222222221,24,0.50462962962962965,0.68981481481481477,4.5,24,3.5833333333333335,5.416666666666667,0.375,24,0.20833333333333334,0.58333333333333337,9,0.20833333333333334,24,0.041666666666666664,0.375,5,0.16666666666666666,24,0.041666666666666664,0.33333333333333331,4,0.375,0.20833333333333334,0.44444444444444442,True,20260911,5000,artifact/task-cluster percentile 95%; degenerate intervals are not population certainty
LS81,CLUSTER_panel_v2,meta-llama/Llama-3.1-8B-Instruct,0e9e39f249a16976918f6564b8830bc894c89659,immediate_readout,swapped,bare,test,all_valid,coverage,all_pass,3,3,0,3,0,0.1111111111111111,3,0.1111111111111111,0.1111111111111111,9,3,9,9,,0,,,0,,0,,,0,,0,,,0,1,1,,True,20260911,5000,artifact/task-cluster percentile 95%; degenerate intervals are not population certainty
LS81,CLUSTER_panel_v2,meta-llama/Llama-3.1-8B-Instruct,0e9e39f249a16976918f6564b8830bc894c89659,immediate_readout,swapped,bare,test,all_valid,coverage,all_fail,0,0,0,0,0,,0,,,,0,,,,0,,,0,,0,,,0,,0,,,0,,,,True,20260911,5000,artifact/task-cluster percentile 95%; degenerate intervals are not population certainty
LS81,CLUSTER_panel_v2,meta-llama/Llama-3.1-8B-Instruct,0e9e39f249a16976918f6564b8830bc894c89659,immediate_readout,swapped,bare,test,all_valid,max_violation,all,27,27,24,3,0,0.46090534979423875,27,0.34567901234567905,0.57613168724279828,4.7777777777777777,27,3.7777777777777777,5.8148148148148149,0.375,24,0.20833333333333334,0.58333333333333337,9,0.125,24,0,0.25,3,0.25,24,0.083333333333333329,0.41666666666666669,6,0.44444444444444442,0.22222222222222221,0.66666666666666663,True,20260911,5000,artifact/task-cluster percentile 95%; degenerate intervals are not population certainty
LS81,CLUSTER_panel_v2,meta-llama/Llama-3.1-8B-Instruct,0e9e39f249a16976918f6564b8830bc894c89659,immediate_readout,swapped,bare,test,all_valid,max_violation,nontrivial,24,24,24,0,0,0.51851851851851849,24,0.41203703703703703,0.62499999999999989,4.25,24,3.3333333333333335,5.208333333333333,0.375,24,0.20833333333333334,0.58333333333333337,9,0.125,24,0,0.25,3,0.25,24,0.083333333333333329,0.41666666666666669,6,0.375,0.125,0.66666666666666663,True,20260911,5000,artifact/task-cluster percentile 95%; degenerate intervals are not population certainty
LS81,CLUSTER_panel_v2,meta-llama/Llama-3.1-8B-Instruct,0e9e39f249a16976918f6564b8830bc894c89659,immediate_readout,swapped,bare,test,all_valid,max_violation,all_pass,3,3,0,3,0,0,3,0,0,9,3,9,9,,0,,,0,,0,,,0,,0,,,0,1,1,,True,20260911,5000,artifact/task-cluster percentile 95%; degenerate intervals are not population certainty
LS81,CLUSTER_panel_v2,meta-llama/Llama-3.1-8B-Instruct,0e9e39f249a16976918f6564b8830bc894c89659,immediate_readout,swapped,bare,test,all_valid,max_violation,all_fail,0,0,0,0,0,,0,,,,0,,,,0,,,0,,0,,,0,,0,,,0,,,,True,20260911,5000,artifact/task-cluster percentile 95%; degenerate intervals are not population certainty
LS81,CLUSTER_panel_v2,meta-llama/Llama-3.1-8B-Instruct,0e9e39f249a16976918f6564b8830bc894c89659,immediate_readout,swapped,bare,test,all_valid,numeric_tolerance,all,27,27,24,3,0,0.44444444444444442,27,0.33333333333333331,0.55555555555555547,5,27,4,6,0.25,24,0.083333333333333329,0.45833333333333331,6,0.041666666666666664,24,0,0.125,1,0.20833333333333334,24,0.041666666666666664,0.375,5,0.33333333333333331,0.14814814814814814,0.83333333333333337,True,20260911,5000,artifact/task-cluster percentile 95%; degenerate intervals are not population certainty
LS81,CLUSTER_panel_v2,meta-llama/Llama-3.1-8B-Instruct,0e9e39f249a16976918f6564b8830bc894c89659,immediate_readout,swapped,bare,test,all_valid,numeric_tolerance,nontrivial,24,24,24,0,0,0.5,24,0.3981481481481482,0.60185185185185175,4.5,24,3.5833333333333335,5.416666666666667,0.25,24,0.083333333333333329,0.45833333333333331,6,0.041666666666666664,24,0,0.125,1,0.20833333333333334,24,0.041666666666666664,0.375,5,0.25,0.041666666666666664,0.83333333333333337,True,20260911,5000,artifact/task-cluster percentile 95%; degenerate intervals are not population certainty
LS81,CLUSTER_panel_v2,meta-llama/Llama-3.1-8B-Instruct,0e9e39f249a16976918f6564b8830bc894c89659,immediate_readout,swapped,bare,test,all_valid,numeric_tolerance,all_pass,3,3,0,3,0,0,3,0,0,9,3,9,9,,0,,,0,,0,,,0,,0,,,0,1,1,,True,20260911,5000,artifact/task-cluster percentile 95%; degenerate intervals are not population certainty
LS81,CLUSTER_panel_v2,meta-llama/Llama-3.1-8B-Instruct,0e9e39f249a16976918f6564b8830bc894c89659,immediate_readout,swapped,bare,test,all_valid,numeric_tolerance,all_fail,0,0,0,0,0,,0,,,,0,,,,0,,,0,,0,,,0,,0,,,0,,,,True,20260911,5000,artifact/task-cluster percentile 95%; degenerate intervals are not population certainty
LS81,CLUSTER_panel_v2,mistralai/Mistral-7B-Instruct-v0.3,c170c708c41dac9275d15a8fff4eca08d52bab71,immediate_readout,original,bare,test,all_valid,ALL,all,81,81,72,9,0,0.65432098765432101,81,0.60219478737997256,0.70507544581618664,2.9382716049382718,81,2.4814814814814814,3.4197530864197532,0.375,72,0.2638888888888889,0.4861111111111111,27,0.19444444444444445,72,0.1111111111111111,0.29166666666666669,14,0.18055555555555555,72,0.097222222222222224,0.27777777777777779,13,0.44444444444444442,0.2839506172839506,0.48148148148148145,True,20260911,5000,artifact/task-cluster percentile 95%; degenerate intervals are not population certainty
LS81,CLUSTER_panel_v2,mistralai/Mistral-7B-Instruct-v0.3,c170c708c41dac9275d15a8fff4eca08d52bab71,immediate_readout,original,bare,test,all_valid,ALL,nontrivial,72,72,72,0,0,0.61111111111111116,72,0.56172839506172834,0.66049382716049376,3.3055555555555554,72,2.8472222222222223,3.7638888888888888,0.375,72,0.2638888888888889,0.4861111111111111,27,0.19444444444444445,72,0.1111111111111111,0.29166666666666669,14,0.18055555555555555,72,0.097222222222222224,0.27777777777777779,13,0.375,0.19444444444444445,0.48148148148148145,True,20260911,5000,artifact/task-cluster percentile 95%; degenerate intervals are not population certainty
LS81,CLUSTER_panel_v2,mistralai/Mistral-7B-Instruct-v0.3,c170c708c41dac9275d15a8fff4eca08d52bab71,immediate_readout,original,bare,test,all_valid,ALL,all_pass,9,9,0,9,0,1,9,1,1,0,9,0,0,,0,,,0,,0,,,0,,0,,,0,1,1,,True,20260911,5000,artifact/task-cluster percentile 95%; degenerate intervals are not population certainty
LS81,CLUSTER_panel_v2,mistralai/Mistral-7B-Instruct-v0.3,c170c708c41dac9275d15a8fff4eca08d52bab71,immediate_readout,original,bare,test,all_valid,ALL,all_fail,0,0,0,0,0,,0,,,,0,,,,0,,,0,,0,,,0,,0,,,0,,,,True,20260911,5000,artifact/task-cluster percentile 95%; degenerate intervals are not population certainty
LS81,CLUSTER_panel_v2,mistralai/Mistral-7B-Instruct-v0.3,c170c708c41dac9275d15a8fff4eca08d52bab71,immediate_readout,original,bare,test,all_valid,coverage,all,27,27,24,3,0,0.64609053497942381,27,0.55555555555555558,0.73662551440329216,3.074074074074074,27,2.2222222222222223,3.925925925925926,0.041666666666666664,24,0,0.125,1,0,24,0,0,0,0.041666666666666664,24,0,0.125,1,0.14814814814814814,0.1111111111111111,1,True,20260911,5000,artifact/task-cluster percentile 95%; degenerate intervals are not population certainty
LS81,CLUSTER_panel_v2,mistralai/Mistral-7B-Instruct-v0.3,c170c708c41dac9275d15a8fff4eca08d52bab71,immediate_readout,original,bare,test,all_valid,coverage,nontrivial,24,24,24,0,0,0.60185185185185186,24,0.51840277777777777,0.68530092592592429,3.4583333333333335,24,2.6666666666666665,4.25,0.041666666666666664,24,0,0.125,1,0,24,0,0,0,0.041666666666666664,24,0,0.125,1,0.041666666666666664,0,1,True,20260911,5000,artifact/task-cluster percentile 95%; degenerate intervals are not population certainty
LS81,CLUSTER_panel_v2,mistralai/Mistral-7B-Instruct-v0.3,c170c708c41dac9275d15a8fff4eca08d52bab71,immediate_readout,original,bare,test,all_valid,coverage,all_pass,3,3,0,3,0,1,3,1,1,0,3,0,0,,0,,,0,,0,,,0,,0,,,0,1,1,,True,20260911,5000,artifact/task-cluster percentile 95%; degenerate intervals are not population certainty
LS81,CLUSTER_panel_v2,mistralai/Mistral-7B-Instruct-v0.3,c170c708c41dac9275d15a8fff4eca08d52bab71,immediate_readout,original,bare,test,all_valid,coverage,all_fail,0,0,0,0,0,,0,,,,0,,,,0,,,0,,0,,,0,,0,,,0,,,,True,20260911,5000,artifact/task-cluster percentile 95%; degenerate intervals are not population certainty
LS81,CLUSTER_panel_v2,mistralai/Mistral-7B-Instruct-v0.3,c170c708c41dac9275d15a8fff4eca08d52bab71,immediate_readout,original,bare,test,all_valid,max_violation,all,27,27,24,3,0,0.67078189300411517,27,0.58436213991769548,0.75308641975308654,2.925925925925926,27,2.1851851851851851,3.7037037037037037,0.75,24,0.58333333333333337,0.91666666666666663,18,0.54166666666666663,24,0.33333333333333331,0.75,13,0.20833333333333334,24,0.041666666666666664,0.375,5,0.77777777777777779,0.59259259259259256,0.27777777777777779,True,20260911,5000,artifact/task-cluster percentile 95%; degenerate intervals are not population certainty
LS81,CLUSTER_panel_v2,mistralai/Mistral-7B-Instruct-v0.3,c170c708c41dac9275d15a8fff4eca08d52bab71,immediate_readout,original,bare,test,all_valid,max_violation,nontrivial,24,24,24,0,0,0.62962962962962965,24,0.54629629629629628,0.7129629629629628,3.2916666666666665,24,2.5833333333333335,4.041666666666667,0.75,24,0.58333333333333337,0.91666666666666663,18,0.54166666666666663,24,0.33333333333333331,0.75,13,0.20833333333333334,24,0.041666666666666664,0.375,5,0.75,0.54166666666666663,0.27777777777777779,True,20260911,5000,artifact/task-cluster percentile 95%; degenerate intervals are not population certainty
LS81,CLUSTER_panel_v2,mistralai/Mistral-7B-Instruct-v0.3,c170c708c41dac9275d15a8fff4eca08d52bab71,immediate_readout,original,bare,test,all_valid,max_violation,all_pass,3,3,0,3,0,1,3,1,1,0,3,0,0,,0,,,0,,0,,,0,,0,,,0,1,1,,True,20260911,5000,artifact/task-cluster percentile 95%; degenerate intervals are not population certainty
LS81,CLUSTER_panel_v2,mistralai/Mistral-7B-Instruct-v0.3,c170c708c41dac9275d15a8fff4eca08d52bab71,immediate_readout,original,bare,test,all_valid,max_violation,all_fail,0,0,0,0,0,,0,,,,0,,,,0,,,0,,0,,,0,,0,,,0,,,,True,20260911,5000,artifact/task-cluster percentile 95%; degenerate intervals are not population certainty
LS81,CLUSTER_panel_v2,mistralai/Mistral-7B-Instruct-v0.3,c170c708c41dac9275d15a8fff4eca08d52bab71,immediate_readout,original,bare,test,all_valid,numeric_tolerance,all,27,27,24,3,0,0.64609053497942381,27,0.55967078189300401,0.72839506172839519,2.8148148148148149,27,2.0370370370370372,3.6666666666666665,0.33333333333333331,24,0.16666666666666666,0.54166666666666663,8,0.041666666666666664,24,0,0.125,1,0.29166666666666669,24,0.125,0.45833333333333331,7,0.40740740740740738,0.14814814814814814,0.875,True,20260911,5000,artifact/task-cluster percentile 95%; degenerate intervals are not population certainty
LS81,CLUSTER_panel_v2,mistralai/Mistral-7B-Instruct-v0.3,c170c708c41dac9275d15a8fff4eca08d52bab71,immediate_readout,original,bare,test,all_valid,numeric_tolerance,nontrivial,24,24,24,0,0,0.60185185185185175,24,0.51851851851851849,0.68055555555555547,3.1666666666666665,24,2.375,4,0.33333333333333331,24,0.16666666666666666,0.54166666666666663,8,0.041666666666666664,24,0,0.125,1,0.29166666666666669,24,0.125,0.45833333333333331,7,0.33333333333333331,0.041666666666666664,0.875,True,20260911,5000,artifact/task-cluster percentile 95%; degenerate intervals are not population certainty
LS81,CLUSTER_panel_v2,mistralai/Mistral-7B-Instruct-v0.3,c170c708c41dac9275d15a8fff4eca08d52bab71,immediate_readout,original,bare,test,all_valid,numeric_tolerance,all_pass,3,3,0,3,0,1,3,1,1,0,3,0,0,,0,,,0,,0,,,0,,0,,,0,1,1,,True,20260911,5000,artifact/task-cluster percentile 95%; degenerate intervals are not population certainty
LS81,CLUSTER_panel_v2,mistralai/Mistral-7B-Instruct-v0.3,c170c708c41dac9275d15a8fff4eca08d52bab71,immediate_readout,original,bare,test,all_valid,numeric_tolerance,all_fail,0,0,0,0,0,,0,,,,0,,,,0,,,0,,0,,,0,,0,,,0,,,,True,20260911,5000,artifact/task-cluster percentile 95%; degenerate intervals are not population certainty
LS81,CLUSTER_panel_v2,mistralai/Mistral-7B-Instruct-v0.3,c170c708c41dac9275d15a8fff4eca08d52bab71,immediate_readout,swapped,bare,test,all_valid,ALL,all,81,81,72,9,0,0.59259259259259256,81,0.53223593964334703,0.65294924554183809,3.5679012345679011,81,3.0493827160493829,4.0987654320987659,0.27777777777777779,72,0.18055555555555555,0.3888888888888889,20,0.18055555555555555,72,0.097222222222222224,0.27777777777777779,13,0.097222222222222224,72,0.041666666666666664,0.16666666666666666,7,0.35802469135802467,0.27160493827160492,0.34999999999999998,True,20260911,5000,artifact/task-cluster percentile 95%; degenerate intervals are not population certainty
LS81,CLUSTER_panel_v2,mistralai/Mistral-7B-Instruct-v0.3,c170c708c41dac9275d15a8fff4eca08d52bab71,immediate_readout,swapped,bare,test,all_valid,ALL,nontrivial,72,72,72,0,0,0.57561728395061729,72,0.51543209876543217,0.63271604938271608,3.6527777777777777,72,3.1805555555555554,4.1388888888888893,0.27777777777777779,72,0.18055555555555555,0.3888888888888889,20,0.18055555555555555,72,0.097222222222222224,0.27777777777777779,13,0.097222222222222224,72,0.041666666666666664,0.16666666666666666,7,0.27777777777777779,0.18055555555555555,0.34999999999999998,True,20260911,5000,artifact/task-cluster percentile 95%; degenerate intervals are not population certainty
LS81,CLUSTER_panel_v2,mistralai/Mistral-7B-Instruct-v0.3,c170c708c41dac9275d15a8fff4eca08d52bab71,immediate_readout,swapped,bare,test,all_valid,ALL,all_pass,9,9,0,9,0,0.72839506172839508,9,0.4567901234567901,1,2.8888888888888888,9,0,5.7777777777777777,,0,,,0,,0,,,0,,0,,,0,1,1,,True,20260911,5000,artifact/task-cluster percentile 95%; degenerate intervals are not population certainty
LS81,CLUSTER_panel_v2,mistralai/Mistral-7B-Instruct-v0.3,c170c708c41dac9275d15a8fff4eca08d52bab71,immediate_readout,swapped,bare,test,all_valid,ALL,all_fail,0,0,0,0,0,,0,,,,0,,,,0,,,0,,0,,,0,,0,,,0,,,,True,20260911,5000,artifact/task-cluster percentile 95%; degenerate intervals are not population certainty
LS81,CLUSTER_panel_v2,mistralai/Mistral-7B-Instruct-v0.3,c170c708c41dac9275d15a8fff4eca08d52bab71,immediate_readout,swapped,bare,test,all_valid,coverage,all,27,27,24,3,0,0.68312757201646079,27,0.58436213991769548,0.77777777777777779,2.4444444444444446,27,1.8518518518518519,3.074074074074074,0,24,0,0,0,0,24,0,0,0,0,24,0,0,0,0.1111111111111111,0.1111111111111111,,True,20260911,5000,artifact/task-cluster percentile 95%; degenerate intervals are not population certainty
LS81,CLUSTER_panel_v2,mistralai/Mistral-7B-Instruct-v0.3,c170c708c41dac9275d15a8fff4eca08d52bab71,immediate_readout,swapped,bare,test,all_valid,coverage,nontrivial,24,24,24,0,0,0.64351851851851849,24,0.54166666666666663,0.73611111111111105,2.75,24,2.1666666666666665,3.375,0,24,0,0,0,0,24,0,0,0,0,24,0,0,0,0,0,,True,20260911,5000,artifact/task-cluster percentile 95%; degenerate intervals are not population certainty
LS81,CLUSTER_panel_v2,mistralai/Mistral-7B-Instruct-v0.3,c170c708c41dac9275d15a8fff4eca08d52bab71,immediate_readout,swapped,bare,test,all_valid,coverage,all_pass,3,3,0,3,0,1,3,1,1,0,3,0,0,,0,,,0,,0,,,0,,0,,,0,1,1,,True,20260911,5000,artifact/task-cluster percentile 95%; degenerate intervals are not population certainty
LS81,CLUSTER_panel_v2,mistralai/Mistral-7B-Instruct-v0.3,c170c708c41dac9275d15a8fff4eca08d52bab71,immediate_readout,swapped,bare,test,all_valid,coverage,all_fail,0,0,0,0,0,,0,,,,0,,,,0,,,0,,0,,,0,,0,,,0,,,,True,20260911,5000,artifact/task-cluster percentile 95%; degenerate intervals are not population certainty
LS81,CLUSTER_panel_v2,mistralai/Mistral-7B-Instruct-v0.3,c170c708c41dac9275d15a8fff4eca08d52bab71,immediate_readout,swapped,bare,test,all_valid,max_violation,all,27,27,24,3,0,0.46502057613168729,27,0.36625514403292175,0.56378600823045266,4.9629629629629628,27,4,5.9259259259259256,0.58333333333333337,24,0.375,0.79166666666666663,14,0.5,24,0.29166666666666669,0.70833333333333337,12,0.083333333333333329,24,0,0.20833333333333334,2,0.62962962962962965,0.55555555555555558,0.14285714285714285,True,20260911,5000,artifact/task-cluster percentile 95%; degenerate intervals are not population certainty
LS81,CLUSTER_panel_v2,mistralai/Mistral-7B-Instruct-v0.3,c170c708c41dac9275d15a8fff4eca08d52bab71,immediate_readout,swapped,bare,test,all_valid,max_violation,nontrivial,24,24,24,0,0,0.5,24,0.3981481481481482,0.60185185185185175,4.5,24,3.5833333333333335,5.416666666666667,0.58333333333333337,24,0.375,0.79166666666666663,14,0.5,24,0.29166666666666669,0.70833333333333337,12,0.083333333333333329,24,0,0.20833333333333334,2,0.58333333333333337,0.5,0.14285714285714285,True,20260911,5000,artifact/task-cluster percentile 95%; degenerate intervals are not population certainty
LS81,CLUSTER_panel_v2,mistralai/Mistral-7B-Instruct-v0.3,c170c708c41dac9275d15a8fff4eca08d52bab71,immediate_readout,swapped,bare,test,all_valid,max_violation,all_pass,3,3,0,3,0,0.1851851851851852,3,0.1111111111111111,0.33333333333333331,8.6666666666666661,3,8,9,,0,,,0,,0,,,0,,0,,,0,1,1,,True,20260911,5000,artifact/task-cluster percentile 95%; degenerate intervals are not population certainty
LS81,CLUSTER_panel_v2,mistralai/Mistral-7B-Instruct-v0.3,c170c708c41dac9275d15a8fff4eca08d52bab71,immediate_readout,swapped,bare,test,all_valid,max_violation,all_fail,0,0,0,0,0,,0,,,,0,,,,0,,,0,,0,,,0,,0,,,0,,,,True,20260911,5000,artifact/task-cluster percentile 95%; degenerate intervals are not population certainty
LS81,CLUSTER_panel_v2,mistralai/Mistral-7B-Instruct-v0.3,c170c708c41dac9275d15a8fff4eca08d52bab71,immediate_readout,swapped,bare,test,all_valid,numeric_tolerance,all,27,27,24,3,0,0.62962962962962965,27,0.53909465020576131,0.72016460905349788,3.2962962962962963,27,2.4814814814814814,4.1481481481481479,0.25,24,0.083333333333333329,0.41666666666666669,6,0.041666666666666664,24,0,0.125,1,0.20833333333333334,24,0.041666666666666664,0.375,5,0.33333333333333331,0.14814814814814814,0.83333333333333337,True,20260911,5000,artifact/task-cluster percentile 95%; degenerate intervals are not population certainty
LS81,CLUSTER_panel_v2,mistralai/Mistral-7B-Instruct-v0.3,c170c708c41dac9275d15a8fff4eca08d52bab71,immediate_readout,swapped,bare,test,all_valid,numeric_tolerance,nontrivial,24,24,24,0,0,0.58333333333333337,24,0.49537037037037041,0.67129629629629628,3.7083333333333335,24,2.9166666666666665,4.541666666666667,0.25,24,0.083333333333333329,0.41666666666666669,6,0.041666666666666664,24,0,0.125,1,0.20833333333333334,24,0.041666666666666664,0.375,5,0.25,0.041666666666666664,0.83333333333333337,True,20260911,5000,artifact/task-cluster percentile 95%; degenerate intervals are not population certainty
LS81,CLUSTER_panel_v2,mistralai/Mistral-7B-Instruct-v0.3,c170c708c41dac9275d15a8fff4eca08d52bab71,immediate_readout,swapped,bare,test,all_valid,numeric_tolerance,all_pass,3,3,0,3,0,1,3,1,1,0,3,0,0,,0,,,0,,0,,,0,,0,,,0,1,1,,True,20260911,5000,artifact/task-cluster percentile 95%; degenerate intervals are not population certainty
LS81,CLUSTER_panel_v2,mistralai/Mistral-7B-Instruct-v0.3,c170c708c41dac9275d15a8fff4eca08d52bab71,immediate_readout,swapped,bare,test,all_valid,numeric_tolerance,all_fail,0,0,0,0,0,,0,,,,0,,,,0,,,0,,0,,,0,,0,,,0,,,,True,20260911,5000,artifact/task-cluster percentile 95%; degenerate intervals are not population certainty
Q3,frozen,Qwen/Qwen3-30B-A3B-Thinking-2507,144afc2f379b542fdd4e85a1fcd5e1f79112d95d,native_reason_then_score,original,bare,test,all_valid,ALL,all,324,324,288,36,0,0.91563786008230463,324,0.90157750342935516,0.92901234567901236,0.40123456790123457,324,0.31172839506172839,0.49691358024691357,1,288,1,1,288,1,288,1,1,288,0,288,0,0,0,1,1,0,True,20260911,5000,artifact/task-cluster percentile 95%; degenerate intervals are not population certainty
Q3,frozen,Qwen/Qwen3-30B-A3B-Thinking-2507,144afc2f379b542fdd4e85a1fcd5e1f79112d95d,native_reason_then_score,original,bare,test,all_valid,ALL,nontrivial,288,288,288,0,0,0.90509259259259245,288,0.89042245370370376,0.91936728395061706,0.4513888888888889,288,0.3576388888888889,0.55555555555555558,1,288,1,1,288,1,288,1,1,288,0,288,0,0,0,1,1,0,True,20260911,5000,artifact/task-cluster percentile 95%; degenerate intervals are not population certainty
Q3,frozen,Qwen/Qwen3-30B-A3B-Thinking-2507,144afc2f379b542fdd4e85a1fcd5e1f79112d95d,native_reason_then_score,original,bare,test,all_valid,ALL,all_pass,36,36,0,36,0,1,36,1,1,0,36,0,0,,0,,,0,,0,,,0,,0,,,0,1,1,,True,20260911,5000,artifact/task-cluster percentile 95%; degenerate intervals are not population certainty
Q3,frozen,Qwen/Qwen3-30B-A3B-Thinking-2507,144afc2f379b542fdd4e85a1fcd5e1f79112d95d,native_reason_then_score,original,bare,test,all_valid,ALL,all_fail,0,0,0,0,0,,0,,,,0,,,,0,,,0,,0,,,0,,0,,,0,,,,True,20260911,5000,artifact/task-cluster percentile 95%; degenerate intervals are not population certainty
Q3,frozen,Qwen/Qwen3-30B-A3B-Thinking-2507,144afc2f379b542fdd4e85a1fcd5e1f79112d95d,native_reason_then_score,original,bare,test,all_valid,coverage,all,108,108,96,12,0,0.98765432098765438,108,0.98045267489711929,0.99382716049382724,0.055555555555555552,108,0.018518518518518517,0.10185185185185185,1,96,1,1,96,1,96,1,1,96,0,96,0,0,0,1,1,0,True,20260911,5000,artifact/task-cluster percentile 95%; degenerate intervals are not population certainty
Q3,frozen,Qwen/Qwen3-30B-A3B-Thinking-2507,144afc2f379b542fdd4e85a1fcd5e1f79112d95d,native_reason_then_score,original,bare,test,all_valid,coverage,nontrivial,96,96,96,0,0,0.98611111111111116,96,0.97798032407407398,0.99305555555555569,0.0625,96,0.020833333333333332,0.11458333333333333,1,96,1,1,96,1,96,1,1,96,0,96,0,0,0,1,1,0,True,20260911,5000,artifact/task-cluster percentile 95%; degenerate intervals are not population certainty
Q3,frozen,Qwen/Qwen3-30B-A3B-Thinking-2507,144afc2f379b542fdd4e85a1fcd5e1f79112d95d,native_reason_then_score,original,bare,test,all_valid,coverage,all_pass,12,12,0,12,0,1,12,1,1,0,12,0,0,,0,,,0,,0,,,0,,0,,,0,1,1,,True,20260911,5000,artifact/task-cluster percentile 95%; degenerate intervals are not population certainty
Q3,frozen,Qwen/Qwen3-30B-A3B-Thinking-2507,144afc2f379b542fdd4e85a1fcd5e1f79112d95d,native_reason_then_score,original,bare,test,all_valid,coverage,all_fail,0,0,0,0,0,,0,,,,0,,,,0,,,0,,0,,,0,,0,,,0,,,,True,20260911,5000,artifact/task-cluster percentile 95%; degenerate intervals are not population certainty
Q3,frozen,Qwen/Qwen3-30B-A3B-Thinking-2507,144afc2f379b542fdd4e85a1fcd5e1f79112d95d,native_reason_then_score,original,bare,test,all_valid,max_violation,all,108,108,96,12,0,0.91358024691358031,108,0.8940329218106996,0.93312757201646079,0.35185185185185186,108,0.24074074074074073,0.46319444444444108,1,96,1,1,96,1,96,1,1,96,0,96,0,0,0,1,1,0,True,20260911,5000,artifact/task-cluster percentile 95%; degenerate intervals are not population certainty
Q3,frozen,Qwen/Qwen3-30B-A3B-Thinking-2507,144afc2f379b542fdd4e85a1fcd5e1f79112d95d,native_reason_then_score,original,bare,test,all_valid,max_violation,nontrivial,96,96,96,0,0,0.90277777777777779,96,0.88194444444444453,0.92361111111111116,0.39583333333333331,96,0.27083333333333331,0.52083333333333337,1,96,1,1,96,1,96,1,1,96,0,96,0,0,0,1,1,0,True,20260911,5000,artifact/task-cluster percentile 95%; degenerate intervals are not population certainty
Q3,frozen,Qwen/Qwen3-30B-A3B-Thinking-2507,144afc2f379b542fdd4e85a1fcd5e1f79112d95d,native_reason_then_score,original,bare,test,all_valid,max_violation,all_pass,12,12,0,12,0,1,12,1,1,0,12,0,0,,0,,,0,,0,,,0,,0,,,0,1,1,,True,20260911,5000,artifact/task-cluster percentile 95%; degenerate intervals are not population certainty
Q3,frozen,Qwen/Qwen3-30B-A3B-Thinking-2507,144afc2f379b542fdd4e85a1fcd5e1f79112d95d,native_reason_then_score,original,bare,test,all_valid,max_violation,all_fail,0,0,0,0,0,,0,,,,0,,,,0,,,0,,0,,,0,,0,,,0,,,,True,20260911,5000,artifact/task-cluster percentile 95%; degenerate intervals are not population certainty
Q3,frozen,Qwen/Qwen3-30B-A3B-Thinking-2507,144afc2f379b542fdd4e85a1fcd5e1f79112d95d,native_reason_then_score,original,bare,test,all_valid,numeric_tolerance,all,108,108,96,12,0,0.8456790123456791,108,0.81378600823045277,0.87451131687242767,0.79629629629629628,108,0.58333333333333337,1.037037037037037,1,96,1,1,96,1,96,1,1,96,0,96,0,0,0,1,1,0,True,20260911,5000,artifact/task-cluster percentile 95%; degenerate intervals are not population certainty
Q3,frozen,Qwen/Qwen3-30B-A3B-Thinking-2507,144afc2f379b542fdd4e85a1fcd5e1f79112d95d,native_reason_then_score,original,bare,test,all_valid,numeric_tolerance,nontrivial,96,96,96,0,0,0.82638888888888895,96,0.79398148148148151,0.85763888888888895,0.89583333333333337,96,0.66666666666666663,1.15625,1,96,1,1,96,1,96,1,1,96,0,96,0,0,0,1,1,0,True,20260911,5000,artifact/task-cluster percentile 95%; degenerate intervals are not population certainty
Q3,frozen,Qwen/Qwen3-30B-A3B-Thinking-2507,144afc2f379b542fdd4e85a1fcd5e1f79112d95d,native_reason_then_score,original,bare,test,all_valid,numeric_tolerance,all_pass,12,12,0,12,0,1,12,1,1,0,12,0,0,,0,,,0,,0,,,0,,0,,,0,1,1,,True,20260911,5000,artifact/task-cluster percentile 95%; degenerate intervals are not population certainty
Q3,frozen,Qwen/Qwen3-30B-A3B-Thinking-2507,144afc2f379b542fdd4e85a1fcd5e1f79112d95d,native_reason_then_score,original,bare,test,all_valid,numeric_tolerance,all_fail,0,0,0,0,0,,0,,,,0,,,,0,,,0,,0,,,0,,0,,,0,,,,True,20260911,5000,artifact/task-cluster percentile 95%; degenerate intervals are not population certainty
S1,frozen,Qwen/Qwen2.5-14B-Instruct,cf98f3b3bbb457ad9e2bb7baf9a0125b6b88caa8,immediate_readout,original,bare,test,all_valid,ALL,all,324,324,288,36,0,0.7602880658436213,324,0.73764574759945123,0.78257887517146774,3.5432098765432101,324,3.237577160493827,3.8487654320987654,0.47916666666666669,288,0.4201388888888889,0.53819444444444442,138,0.46875,288,0.40972222222222221,0.52777777777777779,135,0.010416666666666666,288,0,0.024305555555555556,3,0.53703703703703709,0.52777777777777779,0.021739130434782608,True,20260911,5000,artifact/task-cluster percentile 95%; degenerate intervals are not population certainty
S1,frozen,Qwen/Qwen2.5-14B-Instruct,cf98f3b3bbb457ad9e2bb7baf9a0125b6b88caa8,immediate_readout,original,bare,test,all_valid,ALL,nontrivial,288,288,288,0,0,0.73688271604938271,288,0.71450617283950613,0.75964506172839508,3.5173611111111112,288,3.2361111111111112,3.7951388888888888,0.47916666666666669,288,0.4201388888888889,0.53819444444444442,138,0.46875,288,0.40972222222222221,0.52777777777777779,135,0.010416666666666666,288,0,0.024305555555555556,3,0.47916666666666669,0.46875,0.021739130434782608,True,20260911,5000,artifact/task-cluster percentile 95%; degenerate intervals are not population certainty
S1,frozen,Qwen/Qwen2.5-14B-Instruct,cf98f3b3bbb457ad9e2bb7baf9a0125b6b88caa8,immediate_readout,original,bare,test,all_valid,ALL,all_pass,36,36,0,36,0,0.94753086419753096,36,0.92592592592592582,0.96913580246913567,3.75,36,2.25,5.25,,0,,,0,,0,,,0,,0,,,0,1,1,,True,20260911,5000,artifact/task-cluster percentile 95%; degenerate intervals are not population certainty
S1,frozen,Qwen/Qwen2.5-14B-Instruct,cf98f3b3bbb457ad9e2bb7baf9a0125b6b88caa8,immediate_readout,original,bare,test,all_valid,ALL,all_fail,0,0,0,0,0,,0,,,,0,,,,0,,,0,,0,,,0,,0,,,0,,,,True,20260911,5000,artifact/task-cluster percentile 95%; degenerate intervals are not population certainty
S1,frozen,Qwen/Qwen2.5-14B-Instruct,cf98f3b3bbb457ad9e2bb7baf9a0125b6b88caa8,immediate_readout,original,bare,test,all_valid,coverage,all,108,108,96,12,0,0.83024691358024683,108,0.80864197530864201,0.85082304526748964,4.833333333333333,108,4.3055555555555554,5.3796296296296298,0.33333333333333331,96,0.23958333333333334,0.42708333333333331,32,0.33333333333333331,96,0.23958333333333334,0.42708333333333331,32,0,96,0,0,0,0.40740740740740738,0.40740740740740738,0,True,20260911,5000,artifact/task-cluster percentile 95%; degenerate intervals are not population certainty
S1,frozen,Qwen/Qwen2.5-14B-Instruct,cf98f3b3bbb457ad9e2bb7baf9a0125b6b88caa8,immediate_readout,original,bare,test,all_valid,coverage,nontrivial,96,96,96,0,0,0.82523148148148151,96,0.80208333333333348,0.84837962962962976,4.3125,96,3.7916666666666665,4.833333333333333,0.33333333333333331,96,0.23958333333333334,0.42708333333333331,32,0.33333333333333331,96,0.23958333333333334,0.42708333333333331,32,0,96,0,0,0,0.33333333333333331,0.33333333333333331,0,True,20260911,5000,artifact/task-cluster percentile 95%; degenerate intervals are not population certainty
S1,frozen,Qwen/Qwen2.5-14B-Instruct,cf98f3b3bbb457ad9e2bb7baf9a0125b6b88caa8,immediate_readout,original,bare,test,all_valid,coverage,all_pass,12,12,0,12,0,0.87037037037037035,12,0.84259259259259267,0.88888888888888895,9,12,9,9,,0,,,0,,0,,,0,,0,,,0,1,1,,True,20260911,5000,artifact/task-cluster percentile 95%; degenerate intervals are not population certainty
S1,frozen,Qwen/Qwen2.5-14B-Instruct,cf98f3b3bbb457ad9e2bb7baf9a0125b6b88caa8,immediate_readout,original,bare,test,all_valid,coverage,all_fail,0,0,0,0,0,,0,,,,0,,,,0,,,0,,0,,,0,,0,,,0,,,,True,20260911,5000,artifact/task-cluster percentile 95%; degenerate intervals are not population certainty
S1,frozen,Qwen/Qwen2.5-14B-Instruct,cf98f3b3bbb457ad9e2bb7baf9a0125b6b88caa8,immediate_readout,original,bare,test,all_valid,max_violation,all,108,108,96,12,0,0.62962962962962954,108,0.58539094650205759,0.6748971193415636,4.1851851851851851,108,3.6944444444444446,4.666666666666667,0.25,96,0.16666666666666666,0.34375,24,0.23958333333333334,96,0.15625,0.32291666666666669,23,0.010416666666666666,96,0,0.03125,1,0.33333333333333331,0.32407407407407407,0.041666666666666664,True,20260911,5000,artifact/task-cluster percentile 95%; degenerate intervals are not population certainty
S1,frozen,Qwen/Qwen2.5-14B-Instruct,cf98f3b3bbb457ad9e2bb7baf9a0125b6b88caa8,immediate_readout,original,bare,test,all_valid,max_violation,nontrivial,96,96,96,0,0,0.58680555555555547,96,0.54282407407407407,0.63078703703703698,4.427083333333333,96,3.9583333333333335,4.885416666666667,0.25,96,0.16666666666666666,0.34375,24,0.23958333333333334,96,0.15625,0.32291666666666669,23,0.010416666666666666,96,0,0.03125,1,0.25,0.23958333333333334,0.041666666666666664,True,20260911,5000,artifact/task-cluster percentile 95%; degenerate intervals are not population certainty
S1,frozen,Qwen/Qwen2.5-14B-Instruct,cf98f3b3bbb457ad9e2bb7baf9a0125b6b88caa8,immediate_readout,original,bare,test,all_valid,max_violation,all_pass,12,12,0,12,0,0.97222222222222221,12,0.94444444444444453,1,2.25,12,0,4.5,,0,,,0,,0,,,0,,0,,,0,1,1,,True,20260911,5000,artifact/task-cluster percentile 95%; degenerate intervals are not population certainty
S1,frozen,Qwen/Qwen2.5-14B-Instruct,cf98f3b3bbb457ad9e2bb7baf9a0125b6b88caa8,immediate_readout,original,bare,test,all_valid,max_violation,all_fail,0,0,0,0,0,,0,,,,0,,,,0,,,0,,0,,,0,,0,,,0,,,,True,20260911,5000,artifact/task-cluster percentile 95%; degenerate intervals are not population certainty
S1,frozen,Qwen/Qwen2.5-14B-Instruct,cf98f3b3bbb457ad9e2bb7baf9a0125b6b88caa8,immediate_readout,original,bare,test,all_valid,numeric_tolerance,all,108,108,96,12,0,0.82098765432098775,108,0.7900977366255143,0.85185185185185186,1.6111111111111112,108,1.3333333333333333,1.8888888888888888,0.85416666666666663,96,0.78125,0.91666666666666663,82,0.83333333333333337,96,0.75,0.90625,80,0.020833333333333332,96,0,0.052083333333333336,2,0.87037037037037035,0.85185185185185186,0.024390243902439025,True,20260911,5000,artifact/task-cluster percentile 95%; degenerate intervals are not population certainty
S1,frozen,Qwen/Qwen2.5-14B-Instruct,cf98f3b3bbb457ad9e2bb7baf9a0125b6b88caa8,immediate_readout,original,bare,test,all_valid,numeric_tolerance,nontrivial,96,96,96,0,0,0.79861111111111116,96,0.7661747685185184,0.8287326388888886,1.8125,96,1.53125,2.1041666666666665,0.85416666666666663,96,0.78125,0.91666666666666663,82,0.83333333333333337,96,0.75,0.90625,80,0.020833333333333332,96,0,0.052083333333333336,2,0.85416666666666663,0.83333333333333337,0.024390243902439025,True,20260911,5000,artifact/task-cluster percentile 95%; degenerate intervals are not population certainty
S1,frozen,Qwen/Qwen2.5-14B-Instruct,cf98f3b3bbb457ad9e2bb7baf9a0125b6b88caa8,immediate_readout,original,bare,test,all_valid,numeric_tolerance,all_pass,12,12,0,12,0,1,12,1,1,0,12,0,0,,0,,,0,,0,,,0,,0,,,0,1,1,,True,20260911,5000,artifact/task-cluster percentile 95%; degenerate intervals are not population certainty
S1,frozen,Qwen/Qwen2.5-14B-Instruct,cf98f3b3bbb457ad9e2bb7baf9a0125b6b88caa8,immediate_readout,original,bare,test,all_valid,numeric_tolerance,all_fail,0,0,0,0,0,,0,,,,0,,,,0,,,0,,0,,,0,,0,,,0,,,,True,20260911,5000,artifact/task-cluster percentile 95%; degenerate intervals are not population certainty
S1,frozen,google/gemma-2-9b-it,11c9b309abf73637e4b6f9a3fa1e92e615547819,immediate_readout,original,bare,test,all_valid,ALL,all,324,324,288,36,0,0.63065843621399176,324,0.60150891632373116,0.65946502057613166,3.3796296296296298,324,3.1203703703703702,3.6543981481481467,0.64930555555555558,288,0.59375,0.70486111111111116,187,0.60069444444444442,288,0.54166666666666663,0.65625,173,0.048611111111111112,288,0.027777777777777776,0.076388888888888895,14,0.68827160493827155,0.64506172839506171,0.074866310160427801,True,20260911,5000,artifact/task-cluster percentile 95%; degenerate intervals are not population certainty
S1,frozen,google/gemma-2-9b-it,11c9b309abf73637e4b6f9a3fa1e92e615547819,immediate_readout,original,bare,test,all_valid,ALL,nontrivial,288,288,288,0,0,0.61998456790123457,288,0.59297839506172834,0.64737654320987648,3.4409722222222223,288,3.1944444444444446,3.6875,0.64930555555555558,288,0.59375,0.70486111111111116,187,0.60069444444444442,288,0.54166666666666663,0.65625,173,0.048611111111111112,288,0.027777777777777776,0.076388888888888895,14,0.64930555555555558,0.60069444444444442,0.074866310160427801,True,20260911,5000,artifact/task-cluster percentile 95%; degenerate intervals are not population certainty
S1,frozen,google/gemma-2-9b-it,11c9b309abf73637e4b6f9a3fa1e92e615547819,immediate_readout,original,bare,test,all_valid,ALL,all_pass,36,36,0,36,0,0.71604938271604945,36,0.58325617283950615,0.83950617283950613,2.8888888888888888,36,1.6388888888888888,4.2506944444444343,,0,,,0,,0,,,0,,0,,,0,1,1,,True,20260911,5000,artifact/task-cluster percentile 95%; degenerate intervals are not population certainty
S1,frozen,google/gemma-2-9b-it,11c9b309abf73637e4b6f9a3fa1e92e615547819,immediate_readout,original,bare,test,all_valid,ALL,all_fail,0,0,0,0,0,,0,,,,0,,,,0,,,0,,0,,,0,,0,,,0,,,,True,20260911,5000,artifact/task-cluster percentile 95%; degenerate intervals are not population certainty
S1,frozen,google/gemma-2-9b-it,11c9b309abf73637e4b6f9a3fa1e92e615547819,immediate_readout,original,bare,test,all_valid,coverage,all,108,108,96,12,0,0.71810699588477367,108,0.68004115226337447,0.75617283950617276,2.5370370370370372,108,2.1944444444444446,2.8796296296296298,0.52083333333333337,96,0.41666666666666669,0.61458333333333337,50,0.52083333333333337,96,0.41666666666666669,0.61458333333333337,50,0,96,0,0,0,0.57407407407407407,0.57407407407407407,0,True,20260911,5000,artifact/task-cluster percentile 95%; degenerate intervals are not population certainty
S1,frozen,google/gemma-2-9b-it,11c9b309abf73637e4b6f9a3fa1e92e615547819,immediate_readout,original,bare,test,all_valid,coverage,nontrivial,96,96,96,0,0,0.68287037037037035,96,0.64583333333333337,0.71759259259259256,2.8541666666666665,96,2.5416666666666665,3.1875,0.52083333333333337,96,0.41666666666666669,0.61458333333333337,50,0.52083333333333337,96,0.41666666666666669,0.61458333333333337,50,0,96,0,0,0,0.52083333333333337,0.52083333333333337,0,True,20260911,5000,artifact/task-cluster percentile 95%; degenerate intervals are not population certainty
S1,frozen,google/gemma-2-9b-it,11c9b309abf73637e4b6f9a3fa1e92e615547819,immediate_readout,original,bare,test,all_valid,coverage,all_pass,12,12,0,12,0,1,12,1,1,0,12,0,0,,0,,,0,,0,,,0,,0,,,0,1,1,,True,20260911,5000,artifact/task-cluster percentile 95%; degenerate intervals are not population certainty
S1,frozen,google/gemma-2-9b-it,11c9b309abf73637e4b6f9a3fa1e92e615547819,immediate_readout,original,bare,test,all_valid,coverage,all_fail,0,0,0,0,0,,0,,,,0,,,,0,,,0,,0,,,0,,0,,,0,,,,True,20260911,5000,artifact/task-cluster percentile 95%; degenerate intervals are not population certainty
S1,frozen,google/gemma-2-9b-it,11c9b309abf73637e4b6f9a3fa1e92e615547819,immediate_readout,original,bare,test,all_valid,max_violation,all,108,108,96,12,0,0.46090534979423858,108,0.41049382716049387,0.51131687242798352,4.9629629629629628,108,4.4814814814814818,5.4351851851851851,0.6875,96,0.59375,0.78125,66,0.57291666666666663,96,0.46875,0.66666666666666663,55,0.11458333333333333,96,0.052083333333333336,0.17708333333333334,11,0.72222222222222221,0.62037037037037035,0.16666666666666666,True,20260911,5000,artifact/task-cluster percentile 95%; degenerate intervals are not population certainty
S1,frozen,google/gemma-2-9b-it,11c9b309abf73637e4b6f9a3fa1e92e615547819,immediate_readout,original,bare,test,all_valid,max_violation,nontrivial,96,96,96,0,0,0.49999999999999994,96,0.44791666666666669,0.55208333333333337,4.5,96,4.03125,4.96875,0.6875,96,0.59375,0.78125,66,0.57291666666666663,96,0.46875,0.66666666666666663,55,0.11458333333333333,96,0.052083333333333336,0.17708333333333334,11,0.6875,0.57291666666666663,0.16666666666666666,True,20260911,5000,artifact/task-cluster percentile 95%; degenerate intervals are not population certainty
S1,frozen,google/gemma-2-9b-it,11c9b309abf73637e4b6f9a3fa1e92e615547819,immediate_readout,original,bare,test,all_valid,max_violation,all_pass,12,12,0,12,0,0.14814814814814814,12,0.12037037037037039,0.17592592592592593,8.6666666666666661,12,8.4166666666666661,8.9166666666666661,,0,,,0,,0,,,0,,0,,,0,1,1,,True,20260911,5000,artifact/task-cluster percentile 95%; degenerate intervals are not population certainty
S1,frozen,google/gemma-2-9b-it,11c9b309abf73637e4b6f9a3fa1e92e615547819,immediate_readout,original,bare,test,all_valid,max_violation,all_fail,0,0,0,0,0,,0,,,,0,,,,0,,,0,,0,,,0,,0,,,0,,,,True,20260911,5000,artifact/task-cluster percentile 95%; degenerate intervals are not population certainty
S1,frozen,google/gemma-2-9b-it,11c9b309abf73637e4b6f9a3fa1e92e615547819,immediate_readout,original,bare,test,all_valid,numeric_tolerance,all,108,108,96,12,0,0.71296296296296291,108,0.66666666666666663,0.75617283950617287,2.6388888888888888,108,2.2407407407407409,3.0555555555555554,0.73958333333333337,96,0.64583333333333337,0.82291666666666663,71,0.70833333333333337,96,0.61458333333333337,0.80208333333333337,68,0.03125,96,0,0.072916666666666671,3,0.76851851851851849,0.7407407407407407,0.042253521126760563,True,20260911,5000,artifact/task-cluster percentile 95%; degenerate intervals are not population certainty
S1,frozen,google/gemma-2-9b-it,11c9b309abf73637e4b6f9a3fa1e92e615547819,immediate_readout,original,bare,test,all_valid,numeric_tolerance,nontrivial,96,96,96,0,0,0.67708333333333337,96,0.62962962962962965,0.72106481481481488,2.96875,96,2.5625,3.40625,0.73958333333333337,96,0.64583333333333337,0.82291666666666663,71,0.70833333333333337,96,0.61458333333333337,0.80208333333333337,68,0.03125,96,0,0.072916666666666671,3,0.73958333333333337,0.70833333333333337,0.042253521126760563,True,20260911,5000,artifact/task-cluster percentile 95%; degenerate intervals are not population certainty
S1,frozen,google/gemma-2-9b-it,11c9b309abf73637e4b6f9a3fa1e92e615547819,immediate_readout,original,bare,test,all_valid,numeric_tolerance,all_pass,12,12,0,12,0,1,12,1,1,0,12,0,0,,0,,,0,,0,,,0,,0,,,0,1,1,,True,20260911,5000,artifact/task-cluster percentile 95%; degenerate intervals are not population certainty
S1,frozen,google/gemma-2-9b-it,11c9b309abf73637e4b6f9a3fa1e92e615547819,immediate_readout,original,bare,test,all_valid,numeric_tolerance,all_fail,0,0,0,0,0,,0,,,,0,,,,0,,,0,,0,,,0,,0,,,0,,,,True,20260911,5000,artifact/task-cluster percentile 95%; degenerate intervals are not population certainty
S1,frozen,meta-llama/Llama-3.1-8B-Instruct,0e9e39f249a16976918f6564b8830bc894c89659,immediate_readout,original,bare,test,all_valid,ALL,all,324,324,288,36,0,0.53360768175582984,324,0.50445816186556935,0.56241426611796985,4.9444444444444446,324,4.666666666666667,5.2283950617283947,0.2951388888888889,288,0.24305555555555555,0.34722222222222221,85,0.21180555555555555,288,0.16319444444444445,0.26041666666666669,61,0.083333333333333329,288,0.052083333333333336,0.11805555555555555,24,0.37345679012345678,0.29938271604938271,0.28235294117647058,True,20260911,5000,artifact/task-cluster percentile 95%; degenerate intervals are not population certainty
S1,frozen,meta-llama/Llama-3.1-8B-Instruct,0e9e39f249a16976918f6564b8830bc894c89659,immediate_readout,original,bare,test,all_valid,ALL,nontrivial,288,288,288,0,0,0.55787037037037035,288,0.52893518518518512,0.58641975308641969,4.5,288,4.239583333333333,4.7639756944444436,0.2951388888888889,288,0.24305555555555555,0.34722222222222221,85,0.21180555555555555,288,0.16319444444444445,0.26041666666666669,61,0.083333333333333329,288,0.052083333333333336,0.11805555555555555,24,0.2951388888888889,0.21180555555555555,0.28235294117647058,True,20260911,5000,artifact/task-cluster percentile 95%; degenerate intervals are not population certainty
S1,frozen,meta-llama/Llama-3.1-8B-Instruct,0e9e39f249a16976918f6564b8830bc894c89659,immediate_readout,original,bare,test,all_valid,ALL,all_pass,36,36,0,36,0,0.33950617283950613,36,0.23148148148148151,0.4506944444444434,8.5,36,7.75,9,,0,,,0,,0,,,0,,0,,,0,1,1,,True,20260911,5000,artifact/task-cluster percentile 95%; degenerate intervals are not population certainty
S1,frozen,meta-llama/Llama-3.1-8B-Instruct,0e9e39f249a16976918f6564b8830bc894c89659,immediate_readout,original,bare,test,all_valid,ALL,all_fail,0,0,0,0,0,,0,,,,0,,,,0,,,0,,0,,,0,,0,,,0,,,,True,20260911,5000,artifact/task-cluster percentile 95%; degenerate intervals are not population certainty
S1,frozen,meta-llama/Llama-3.1-8B-Instruct,0e9e39f249a16976918f6564b8830bc894c89659,immediate_readout,original,bare,test,all_valid,coverage,all,108,108,96,12,0,0.67695473251028815,108,0.64094650205761328,0.71195987654320958,4.916666666666667,108,4.4259259259259256,5.4074074074074074,0.40625,96,0.30208333333333331,0.5,39,0.35416666666666669,96,0.26041666666666669,0.44791666666666669,34,0.052083333333333336,96,0.010416666666666666,0.10416666666666667,5,0.47222222222222221,0.42592592592592593,0.12820512820512819,True,20260911,5000,artifact/task-cluster percentile 95%; degenerate intervals are not population certainty
S1,frozen,meta-llama/Llama-3.1-8B-Instruct,0e9e39f249a16976918f6564b8830bc894c89659,immediate_readout,original,bare,test,all_valid,coverage,nontrivial,96,96,96,0,0,0.67361111111111105,96,0.63541666666666663,0.71064814814814825,4.5,96,4.03125,4.96875,0.40625,96,0.30208333333333331,0.5,39,0.35416666666666669,96,0.26041666666666669,0.44791666666666669,34,0.052083333333333336,96,0.010416666666666666,0.10416666666666667,5,0.40625,0.35416666666666669,0.12820512820512819,True,20260911,5000,artifact/task-cluster percentile 95%; degenerate intervals are not population certainty
S1,frozen,meta-llama/Llama-3.1-8B-Instruct,0e9e39f249a16976918f6564b8830bc894c89659,immediate_readout,original,bare,test,all_valid,coverage,all_pass,12,12,0,12,0,0.70370370370370372,12,0.56481481481481477,0.83333333333333337,8.25,12,6.75,9,,0,,,0,,0,,,0,,0,,,0,1,1,,True,20260911,5000,artifact/task-cluster percentile 95%; degenerate intervals are not population certainty
S1,frozen,meta-llama/Llama-3.1-8B-Instruct,0e9e39f249a16976918f6564b8830bc894c89659,immediate_readout,original,bare,test,all_valid,coverage,all_fail,0,0,0,0,0,,0,,,,0,,,,0,,,0,,0,,,0,,0,,,0,,,,True,20260911,5000,artifact/task-cluster percentile 95%; degenerate intervals are not population certainty
S1,frozen,meta-llama/Llama-3.1-8B-Instruct,0e9e39f249a16976918f6564b8830bc894c89659,immediate_readout,original,bare,test,all_valid,max_violation,all,108,108,96,12,0,0.44855967078189285,108,0.39506172839506176,0.50205761316872433,5,108,4.5,5.48171296296296,0.29166666666666669,96,0.19791666666666666,0.38541666666666669,28,0.17708333333333334,96,0.10416666666666667,0.26041666666666669,17,0.11458333333333333,96,0.052083333333333336,0.1875,11,0.37037037037037035,0.26851851851851855,0.39285714285714285,True,20260911,5000,artifact/task-cluster percentile 95%; degenerate intervals are not population certainty
S1,frozen,meta-llama/Llama-3.1-8B-Instruct,0e9e39f249a16976918f6564b8830bc894c89659,immediate_readout,original,bare,test,all_valid,max_violation,nontrivial,96,96,96,0,0,0.49999999999999994,96,0.44791666666666669,0.55208333333333337,4.5,96,4.03125,4.96875,0.29166666666666669,96,0.19791666666666666,0.38541666666666669,28,0.17708333333333334,96,0.10416666666666667,0.26041666666666669,17,0.11458333333333333,96,0.052083333333333336,0.1875,11,0.29166666666666669,0.17708333333333334,0.39285714285714285,True,20260911,5000,artifact/task-cluster percentile 95%; degenerate intervals are not population certainty
S1,frozen,meta-llama/Llama-3.1-8B-Instruct,0e9e39f249a16976918f6564b8830bc894c89659,immediate_readout,original,bare,test,all_valid,max_violation,all_pass,12,12,0,12,0,0.037037037037037035,12,0,0.083333333333333329,9,12,9,9,,0,,,0,,0,,,0,,0,,,0,1,1,,True,20260911,5000,artifact/task-cluster percentile 95%; degenerate intervals are not population certainty
S1,frozen,meta-llama/Llama-3.1-8B-Instruct,0e9e39f249a16976918f6564b8830bc894c89659,immediate_readout,original,bare,test,all_valid,max_violation,all_fail,0,0,0,0,0,,0,,,,0,,,,0,,,0,,0,,,0,,0,,,0,,,,True,20260911,5000,artifact/task-cluster percentile 95%; degenerate intervals are not population certainty
S1,frozen,meta-llama/Llama-3.1-8B-Instruct,0e9e39f249a16976918f6564b8830bc894c89659,immediate_readout,original,bare,test,all_valid,numeric_tolerance,all,108,108,96,12,0,0.47530864197530848,108,0.42489711934156377,0.52469135802469136,4.916666666666667,108,4.4259259259259256,5.4076388888888856,0.1875,96,0.11458333333333333,0.27083333333333331,18,0.10416666666666667,96,0.052083333333333336,0.16666666666666666,10,0.083333333333333329,96,0.03125,0.14583333333333334,8,0.27777777777777779,0.20370370370370369,0.44444444444444442,True,20260911,5000,artifact/task-cluster percentile 95%; degenerate intervals are not population certainty
S1,frozen,meta-llama/Llama-3.1-8B-Instruct,0e9e39f249a16976918f6564b8830bc894c89659,immediate_readout,original,bare,test,all_valid,numeric_tolerance,nontrivial,96,96,96,0,0,0.49999999999999994,96,0.44791666666666669,0.55208333333333337,4.5,96,4.03125,4.96875,0.1875,96,0.11458333333333333,0.27083333333333331,18,0.10416666666666667,96,0.052083333333333336,0.16666666666666666,10,0.083333333333333329,96,0.03125,0.14583333333333334,8,0.1875,0.10416666666666667,0.44444444444444442,True,20260911,5000,artifact/task-cluster percentile 95%; degenerate intervals are not population certainty
S1,frozen,meta-llama/Llama-3.1-8B-Instruct,0e9e39f249a16976918f6564b8830bc894c89659,immediate_readout,original,bare,test,all_valid,numeric_tolerance,all_pass,12,12,0,12,0,0.27777777777777773,12,0.16666666666666666,0.43518518518518517,8.25,12,6.75,9,,0,,,0,,0,,,0,,0,,,0,1,1,,True,20260911,5000,artifact/task-cluster percentile 95%; degenerate intervals are not population certainty
S1,frozen,meta-llama/Llama-3.1-8B-Instruct,0e9e39f249a16976918f6564b8830bc894c89659,immediate_readout,original,bare,test,all_valid,numeric_tolerance,all_fail,0,0,0,0,0,,0,,,,0,,,,0,,,0,,0,,,0,,0,,,0,,,,True,20260911,5000,artifact/task-cluster percentile 95%; degenerate intervals are not population certainty
S1,frozen,mistralai/Mistral-7B-Instruct-v0.3,c170c708c41dac9275d15a8fff4eca08d52bab71,immediate_readout,original,bare,test,all_valid,ALL,all,324,324,288,36,0,0.66975308641975306,324,0.6443758573388203,0.69376714677640594,2.8580246913580245,324,2.6358024691358026,3.0925925925925926,0.3576388888888889,288,0.30208333333333331,0.41319444444444442,103,0.22222222222222221,288,0.1736111111111111,0.27083333333333331,64,0.13541666666666666,288,0.097222222222222224,0.17708333333333334,39,0.42901234567901236,0.30864197530864196,0.37864077669902912,True,20260911,5000,artifact/task-cluster percentile 95%; degenerate intervals are not population certainty
S1,frozen,mistralai/Mistral-7B-Instruct-v0.3,c170c708c41dac9275d15a8fff4eca08d52bab71,immediate_readout,original,bare,test,all_valid,ALL,nontrivial,288,288,288,0,0,0.63271604938271608,288,0.60879629629629628,0.65625,3.0659722222222223,288,2.8541666666666665,3.2847222222222223,0.3576388888888889,288,0.30208333333333331,0.41319444444444442,103,0.22222222222222221,288,0.1736111111111111,0.27083333333333331,64,0.13541666666666666,288,0.097222222222222224,0.17708333333333334,39,0.3576388888888889,0.22222222222222221,0.37864077669902912,True,20260911,5000,artifact/task-cluster percentile 95%; degenerate intervals are not population certainty
S1,frozen,mistralai/Mistral-7B-Instruct-v0.3,c170c708c41dac9275d15a8fff4eca08d52bab71,immediate_readout,original,bare,test,all_valid,ALL,all_pass,36,36,0,36,0,0.96604938271604945,36,0.9320987654320988,0.99074074074074092,1.1944444444444444,36,0.3888888888888889,2.1388888888888888,,0,,,0,,0,,,0,,0,,,0,1,1,,True,20260911,5000,artifact/task-cluster percentile 95%; degenerate intervals are not population certainty
S1,frozen,mistralai/Mistral-7B-Instruct-v0.3,c170c708c41dac9275d15a8fff4eca08d52bab71,immediate_readout,original,bare,test,all_valid,ALL,all_fail,0,0,0,0,0,,0,,,,0,,,,0,,,0,,0,,,0,,0,,,0,,,,True,20260911,5000,artifact/task-cluster percentile 95%; degenerate intervals are not population certainty
S1,frozen,mistralai/Mistral-7B-Instruct-v0.3,c170c708c41dac9275d15a8fff4eca08d52bab71,immediate_readout,original,bare,test,all_valid,coverage,all,108,108,96,12,0,0.6450617283950616,108,0.59876543209876543,0.69032921810699577,2.8611111111111112,108,2.4722222222222223,3.2592592592592591,0.072916666666666671,96,0.020833333333333332,0.125,7,0.052083333333333336,96,0.010416666666666666,0.10416666666666667,5,0.020833333333333332,96,0,0.052083333333333336,2,0.17592592592592593,0.15740740740740741,0.2857142857142857,True,20260911,5000,artifact/task-cluster percentile 95%; degenerate intervals are not population certainty
S1,frozen,mistralai/Mistral-7B-Instruct-v0.3,c170c708c41dac9275d15a8fff4eca08d52bab71,immediate_readout,original,bare,test,all_valid,coverage,nontrivial,96,96,96,0,0,0.60069444444444453,96,0.55552662037037026,0.64467592592592593,3.21875,96,2.8333333333333335,3.6041666666666665,0.072916666666666671,96,0.020833333333333332,0.125,7,0.052083333333333336,96,0.010416666666666666,0.10416666666666667,5,0.020833333333333332,96,0,0.052083333333333336,2,0.072916666666666671,0.052083333333333336,0.2857142857142857,True,20260911,5000,artifact/task-cluster percentile 95%; degenerate intervals are not population certainty
S1,frozen,mistralai/Mistral-7B-Instruct-v0.3,c170c708c41dac9275d15a8fff4eca08d52bab71,immediate_readout,original,bare,test,all_valid,coverage,all_pass,12,12,0,12,0,1,12,1,1,0,12,0,0,,0,,,0,,0,,,0,,0,,,0,1,1,,True,20260911,5000,artifact/task-cluster percentile 95%; degenerate intervals are not population certainty
S1,frozen,mistralai/Mistral-7B-Instruct-v0.3,c170c708c41dac9275d15a8fff4eca08d52bab71,immediate_readout,original,bare,test,all_valid,coverage,all_fail,0,0,0,0,0,,0,,,,0,,,,0,,,0,,0,,,0,,0,,,0,,,,True,20260911,5000,artifact/task-cluster percentile 95%; degenerate intervals are not population certainty
S1,frozen,mistralai/Mistral-7B-Instruct-v0.3,c170c708c41dac9275d15a8fff4eca08d52bab71,immediate_readout,original,bare,test,all_valid,max_violation,all,108,108,96,12,0,0.68930041152263377,108,0.65020576131687235,0.72736625514403286,3.2222222222222223,108,2.824074074074074,3.6388888888888888,0.67708333333333337,96,0.58333333333333337,0.77083333333333337,65,0.60416666666666663,96,0.51041666666666663,0.69791666666666663,58,0.072916666666666671,96,0.03125,0.125,7,0.71296296296296291,0.64814814814814814,0.1076923076923077,True,20260911,5000,artifact/task-cluster percentile 95%; degenerate intervals are not population certainty
S1,frozen,mistralai/Mistral-7B-Instruct-v0.3,c170c708c41dac9275d15a8fff4eca08d52bab71,immediate_readout,original,bare,test,all_valid,max_violation,nontrivial,96,96,96,0,0,0.66319444444444442,96,0.62384259259259256,0.70138888888888895,3.1770833333333335,96,2.8229166666666665,3.5419270833333294,0.67708333333333337,96,0.58333333333333337,0.77083333333333337,65,0.60416666666666663,96,0.51041666666666663,0.69791666666666663,58,0.072916666666666671,96,0.03125,0.125,7,0.67708333333333337,0.60416666666666663,0.1076923076923077,True,20260911,5000,artifact/task-cluster percentile 95%; degenerate intervals are not population certainty
S1,frozen,mistralai/Mistral-7B-Instruct-v0.3,c170c708c41dac9275d15a8fff4eca08d52bab71,immediate_readout,original,bare,test,all_valid,max_violation,all_pass,12,12,0,12,0,0.89814814814814825,12,0.81481481481481488,0.96296296296296313,3.5833333333333335,12,1.6666666666666667,5.583333333333333,,0,,,0,,0,,,0,,0,,,0,1,1,,True,20260911,5000,artifact/task-cluster percentile 95%; degenerate intervals are not population certainty
S1,frozen,mistralai/Mistral-7B-Instruct-v0.3,c170c708c41dac9275d15a8fff4eca08d52bab71,immediate_readout,original,bare,test,all_valid,max_violation,all_fail,0,0,0,0,0,,0,,,,0,,,,0,,,0,,0,,,0,,0,,,0,,,,True,20260911,5000,artifact/task-cluster percentile 95%; degenerate intervals are not population certainty
S1,frozen,mistralai/Mistral-7B-Instruct-v0.3,c170c708c41dac9275d15a8fff4eca08d52bab71,immediate_readout,original,bare,test,all_valid,numeric_tolerance,all,108,108,96,12,0,0.67489711934156371,108,0.6347736625514403,0.71502057613168735,2.4907407407407409,108,2.1388888888888888,2.8611111111111112,0.32291666666666669,96,0.22916666666666666,0.41666666666666669,31,0.010416666666666666,96,0,0.03125,1,0.3125,96,0.21875,0.40625,30,0.39814814814814814,0.12037037037037036,0.967741935483871,True,20260911,5000,artifact/task-cluster percentile 95%; degenerate intervals are not population certainty
S1,frozen,mistralai/Mistral-7B-Instruct-v0.3,c170c708c41dac9275d15a8fff4eca08d52bab71,immediate_readout,original,bare,test,all_valid,numeric_tolerance,nontrivial,96,96,96,0,0,0.63425925925925919,96,0.59490740740740733,0.67013888888888895,2.8020833333333335,96,2.46875,3.1770833333333335,0.32291666666666669,96,0.22916666666666666,0.41666666666666669,31,0.010416666666666666,96,0,0.03125,1,0.3125,96,0.21875,0.40625,30,0.32291666666666669,0.010416666666666666,0.967741935483871,True,20260911,5000,artifact/task-cluster percentile 95%; degenerate intervals are not population certainty
S1,frozen,mistralai/Mistral-7B-Instruct-v0.3,c170c708c41dac9275d15a8fff4eca08d52bab71,immediate_readout,original,bare,test,all_valid,numeric_tolerance,all_pass,12,12,0,12,0,1,12,1,1,0,12,0,0,,0,,,0,,0,,,0,,0,,,0,1,1,,True,20260911,5000,artifact/task-cluster percentile 95%; degenerate intervals are not population certainty
S1,frozen,mistralai/Mistral-7B-Instruct-v0.3,c170c708c41dac9275d15a8fff4eca08d52bab71,immediate_readout,original,bare,test,all_valid,numeric_tolerance,all_fail,0,0,0,0,0,,0,,,,0,,,,0,,,0,,0,,,0,,0,,,0,,,,True,20260911,5000,artifact/task-cluster percentile 95%; degenerate intervals are not population certainty
S2,frozen,Qwen/Qwen2.5-14B-Instruct,cf98f3b3bbb457ad9e2bb7baf9a0125b6b88caa8,immediate_readout,original,bare,test,all_valid,ALL,all,324,324,288,36,0,0.75685871056241416,324,0.73422496570644724,0.7794924554183813,3.5555555555555554,324,3.2623456790123457,3.8519290123456775,0.49652777777777779,288,0.43402777777777779,0.55208333333333337,143,0.4861111111111111,288,0.42708333333333331,0.54513888888888884,140,0.010416666666666666,288,0,0.024305555555555556,3,0.55246913580246915,0.54320987654320985,0.02097902097902098,True,20260911,5000,artifact/task-cluster percentile 95%; degenerate intervals are not population certainty
S2,frozen,Qwen/Qwen2.5-14B-Instruct,cf98f3b3bbb457ad9e2bb7baf9a0125b6b88caa8,immediate_readout,original,bare,test,all_valid,ALL,nontrivial,288,288,288,0,0,0.73302469135802473,288,0.70910493827160492,0.7573302469135802,3.5,288,3.2152777777777777,3.78125,0.49652777777777779,288,0.43402777777777779,0.55208333333333337,143,0.4861111111111111,288,0.42708333333333331,0.54513888888888884,140,0.010416666666666666,288,0,0.024305555555555556,3,0.49652777777777779,0.4861111111111111,0.02097902097902098,True,20260911,5000,artifact/task-cluster percentile 95%; degenerate intervals are not population certainty
S2,frozen,Qwen/Qwen2.5-14B-Instruct,cf98f3b3bbb457ad9e2bb7baf9a0125b6b88caa8,immediate_readout,original,bare,test,all_valid,ALL,all_pass,36,36,0,36,0,0.94753086419753074,36,0.92901234567901214,0.96604938271604945,4,36,2.5,5.5,,0,,,0,,0,,,0,,0,,,0,1,1,,True,20260911,5000,artifact/task-cluster percentile 95%; degenerate intervals are not population certainty
S2,frozen,Qwen/Qwen2.5-14B-Instruct,cf98f3b3bbb457ad9e2bb7baf9a0125b6b88caa8,immediate_readout,original,bare,test,all_valid,ALL,all_fail,0,0,0,0,0,,0,,,,0,,,,0,,,0,,0,,,0,,0,,,0,,,,True,20260911,5000,artifact/task-cluster percentile 95%; degenerate intervals are not population certainty
S2,frozen,Qwen/Qwen2.5-14B-Instruct,cf98f3b3bbb457ad9e2bb7baf9a0125b6b88caa8,immediate_readout,original,bare,test,all_valid,coverage,all,108,108,96,12,0,0.82716049382716061,108,0.80555555555555569,0.84773662551440332,4.8703703703703702,108,4.3516203703703704,5.4074074074074074,0.34375,96,0.25,0.4375,33,0.33333333333333331,96,0.23958333333333334,0.42708333333333331,32,0.010416666666666666,96,0,0.03125,1,0.41666666666666669,0.40740740740740738,0.030303030303030304,True,20260911,5000,artifact/task-cluster percentile 95%; degenerate intervals are not population certainty
S2,frozen,Qwen/Qwen2.5-14B-Instruct,cf98f3b3bbb457ad9e2bb7baf9a0125b6b88caa8,immediate_readout,original,bare,test,all_valid,coverage,nontrivial,96,96,96,0,0,0.81944444444444464,96,0.79629629629629639,0.84259259259259256,4.354166666666667,96,3.8333333333333335,4.864583333333333,0.34375,96,0.25,0.4375,33,0.33333333333333331,96,0.23958333333333334,0.42708333333333331,32,0.010416666666666666,96,0,0.03125,1,0.34375,0.33333333333333331,0.030303030303030304,True,20260911,5000,artifact/task-cluster percentile 95%; degenerate intervals are not population certainty
S2,frozen,Qwen/Qwen2.5-14B-Instruct,cf98f3b3bbb457ad9e2bb7baf9a0125b6b88caa8,immediate_readout,original,bare,test,all_valid,coverage,all_pass,12,12,0,12,0,0.88888888888888895,12,0.88888888888888895,0.88888888888888895,9,12,9,9,,0,,,0,,0,,,0,,0,,,0,1,1,,True,20260911,5000,artifact/task-cluster percentile 95%; degenerate intervals are not population certainty
S2,frozen,Qwen/Qwen2.5-14B-Instruct,cf98f3b3bbb457ad9e2bb7baf9a0125b6b88caa8,immediate_readout,original,bare,test,all_valid,coverage,all_fail,0,0,0,0,0,,0,,,,0,,,,0,,,0,,0,,,0,,0,,,0,,,,True,20260911,5000,artifact/task-cluster percentile 95%; degenerate intervals are not population certainty
S2,frozen,Qwen/Qwen2.5-14B-Instruct,cf98f3b3bbb457ad9e2bb7baf9a0125b6b88caa8,immediate_readout,original,bare,test,all_valid,max_violation,all,108,108,96,12,0,0.62345679012345678,108,0.5771604938271605,0.66975308641975306,4.1481481481481479,108,3.6666666666666665,4.6298611111111079,0.23958333333333334,96,0.15625,0.33333333333333331,23,0.23958333333333334,96,0.15625,0.33333333333333331,23,0,96,0,0,0,0.32407407407407407,0.32407407407407407,0,True,20260911,5000,artifact/task-cluster percentile 95%; degenerate intervals are not population certainty
S2,frozen,Qwen/Qwen2.5-14B-Instruct,cf98f3b3bbb457ad9e2bb7baf9a0125b6b88caa8,immediate_readout,original,bare,test,all_valid,max_violation,nontrivial,96,96,96,0,0,0.58217592592592593,96,0.53703703703703709,0.62615740740740744,4.291666666666667,96,3.8226562500000001,4.760416666666667,0.23958333333333334,96,0.15625,0.33333333333333331,23,0.23958333333333334,96,0.15625,0.33333333333333331,23,0,96,0,0,0,0.23958333333333334,0.23958333333333334,0,True,20260911,5000,artifact/task-cluster percentile 95%; degenerate intervals are not population certainty
S2,frozen,Qwen/Qwen2.5-14B-Instruct,cf98f3b3bbb457ad9e2bb7baf9a0125b6b88caa8,immediate_readout,original,bare,test,all_valid,max_violation,all_pass,12,12,0,12,0,0.95370370370370372,12,0.90740740740740755,0.99074074074074081,3,12,0.75,5.25,,0,,,0,,0,,,0,,0,,,0,1,1,,True,20260911,5000,artifact/task-cluster percentile 95%; degenerate intervals are not population certainty
S2,frozen,Qwen/Qwen2.5-14B-Instruct,cf98f3b3bbb457ad9e2bb7baf9a0125b6b88caa8,immediate_readout,original,bare,test,all_valid,max_violation,all_fail,0,0,0,0,0,,0,,,,0,,,,0,,,0,,0,,,0,,0,,,0,,,,True,20260911,5000,artifact/task-cluster percentile 95%; degenerate intervals are not population certainty
S2,frozen,Qwen/Qwen2.5-14B-Instruct,cf98f3b3bbb457ad9e2bb7baf9a0125b6b88caa8,immediate_readout,original,bare,test,all_valid,numeric_tolerance,all,108,108,96,12,0,0.81995884773662553,108,0.78703703703703709,0.85185185185185186,1.6481481481481481,108,1.3518518518518519,1.9537037037037037,0.90625,96,0.84375,0.95833333333333337,87,0.88541666666666663,96,0.8125,0.94791666666666663,85,0.020833333333333332,96,0,0.052083333333333336,2,0.91666666666666663,0.89814814814814814,0.022988505747126436,True,20260911,5000,artifact/task-cluster percentile 95%; degenerate intervals are not population certainty
S2,frozen,Qwen/Qwen2.5-14B-Instruct,cf98f3b3bbb457ad9e2bb7baf9a0125b6b88caa8,immediate_readout,original,bare,test,all_valid,numeric_tolerance,nontrivial,96,96,96,0,0,0.79745370370370372,96,0.76388888888888895,0.82986111111111127,1.8541666666666667,96,1.5520833333333333,2.1666666666666665,0.90625,96,0.84375,0.95833333333333337,87,0.88541666666666663,96,0.8125,0.94791666666666663,85,0.020833333333333332,96,0,0.052083333333333336,2,0.90625,0.88541666666666663,0.022988505747126436,True,20260911,5000,artifact/task-cluster percentile 95%; degenerate intervals are not population certainty
S2,frozen,Qwen/Qwen2.5-14B-Instruct,cf98f3b3bbb457ad9e2bb7baf9a0125b6b88caa8,immediate_readout,original,bare,test,all_valid,numeric_tolerance,all_pass,12,12,0,12,0,1,12,1,1,0,12,0,0,,0,,,0,,0,,,0,,0,,,0,1,1,,True,20260911,5000,artifact/task-cluster percentile 95%; degenerate intervals are not population certainty
S2,frozen,Qwen/Qwen2.5-14B-Instruct,cf98f3b3bbb457ad9e2bb7baf9a0125b6b88caa8,immediate_readout,original,bare,test,all_valid,numeric_tolerance,all_fail,0,0,0,0,0,,0,,,,0,,,,0,,,0,,0,,,0,,0,,,0,,,,True,20260911,5000,artifact/task-cluster percentile 95%; degenerate intervals are not population certainty
S2,frozen,google/gemma-2-9b-it,11c9b309abf73637e4b6f9a3fa1e92e615547819,immediate_readout,original,bare,test,all_valid,ALL,all,324,324,288,36,0,0.62757201646090532,324,0.59842249657064472,0.65637860082304522,3.3734567901234569,324,3.1111111111111112,3.6451388888888876,0.66666666666666663,288,0.61458333333333337,0.72222222222222221,192,0.61111111111111116,288,0.55555555555555558,0.66666666666666663,176,0.055555555555555552,288,0.03125,0.083333333333333329,16,0.70370370370370372,0.65432098765432101,0.083333333333333329,True,20260911,5000,artifact/task-cluster percentile 95%; degenerate intervals are not population certainty
S2,frozen,google/gemma-2-9b-it,11c9b309abf73637e4b6f9a3fa1e92e615547819,immediate_readout,original,bare,test,all_valid,ALL,nontrivial,288,288,288,0,0,0.61844135802469136,288,0.59027777777777779,0.64621913580246915,3.4236111111111112,288,3.1701388888888888,3.6770833333333335,0.66666666666666663,288,0.61458333333333337,0.72222222222222221,192,0.61111111111111116,288,0.55555555555555558,0.66666666666666663,176,0.055555555555555552,288,0.03125,0.083333333333333329,16,0.66666666666666663,0.61111111111111116,0.083333333333333329,True,20260911,5000,artifact/task-cluster percentile 95%; degenerate intervals are not population certainty
S2,frozen,google/gemma-2-9b-it,11c9b309abf73637e4b6f9a3fa1e92e615547819,immediate_readout,original,bare,test,all_valid,ALL,all_pass,36,36,0,36,0,0.70061728395061729,36,0.55864197530864201,0.83024691358024694,2.9722222222222223,36,1.6944444444444444,4.416666666666667,,0,,,0,,0,,,0,,0,,,0,1,1,,True,20260911,5000,artifact/task-cluster percentile 95%; degenerate intervals are not population certainty
S2,frozen,google/gemma-2-9b-it,11c9b309abf73637e4b6f9a3fa1e92e615547819,immediate_readout,original,bare,test,all_valid,ALL,all_fail,0,0,0,0,0,,0,,,,0,,,,0,,,0,,0,,,0,,0,,,0,,,,True,20260911,5000,artifact/task-cluster percentile 95%; degenerate intervals are not population certainty
S2,frozen,google/gemma-2-9b-it,11c9b309abf73637e4b6f9a3fa1e92e615547819,immediate_readout,original,bare,test,all_valid,coverage,all,108,108,96,12,0,0.71913580246913567,108,0.68415637860082301,0.75514403292181087,2.5277777777777777,108,2.2037037037037037,2.8425925925925926,0.58333333333333337,96,0.48958333333333331,0.67708333333333337,56,0.57291666666666663,96,0.47916666666666669,0.67708333333333337,55,0.010416666666666666,96,0,0.03125,1,0.62962962962962965,0.62037037037037035,0.017857142857142856,True,20260911,5000,artifact/task-cluster percentile 95%; degenerate intervals are not population certainty
S2,frozen,google/gemma-2-9b-it,11c9b309abf73637e4b6f9a3fa1e92e615547819,immediate_readout,original,bare,test,all_valid,coverage,nontrivial,96,96,96,0,0,0.68402777777777768,96,0.64930555555555558,0.71759259259259256,2.84375,96,2.5416666666666665,3.15625,0.58333333333333337,96,0.48958333333333331,0.67708333333333337,56,0.57291666666666663,96,0.47916666666666669,0.67708333333333337,55,0.010416666666666666,96,0,0.03125,1,0.58333333333333337,0.57291666666666663,0.017857142857142856,True,20260911,5000,artifact/task-cluster percentile 95%; degenerate intervals are not population certainty
S2,frozen,google/gemma-2-9b-it,11c9b309abf73637e4b6f9a3fa1e92e615547819,immediate_readout,original,bare,test,all_valid,coverage,all_pass,12,12,0,12,0,1,12,1,1,0,12,0,0,,0,,,0,,0,,,0,,0,,,0,1,1,,True,20260911,5000,artifact/task-cluster percentile 95%; degenerate intervals are not population certainty
S2,frozen,google/gemma-2-9b-it,11c9b309abf73637e4b6f9a3fa1e92e615547819,immediate_readout,original,bare,test,all_valid,coverage,all_fail,0,0,0,0,0,,0,,,,0,,,,0,,,0,,0,,,0,,0,,,0,,,,True,20260911,5000,artifact/task-cluster percentile 95%; degenerate intervals are not population certainty
S2,frozen,google/gemma-2-9b-it,11c9b309abf73637e4b6f9a3fa1e92e615547819,immediate_readout,original,bare,test,all_valid,max_violation,all,108,108,96,12,0,0.45576131687242794,108,0.40432098765432095,0.50720164609053497,4.9907407407407405,108,4.5,5.4814814814814818,0.59375,96,0.5,0.6875,57,0.47916666666666669,96,0.375,0.58333333333333337,46,0.11458333333333333,96,0.052083333333333336,0.1875,11,0.63888888888888884,0.53703703703703709,0.19298245614035087,True,20260911,5000,artifact/task-cluster percentile 95%; degenerate intervals are not population certainty
S2,frozen,google/gemma-2-9b-it,11c9b309abf73637e4b6f9a3fa1e92e615547819,immediate_readout,original,bare,test,all_valid,max_violation,nontrivial,96,96,96,0,0,0.49999999999999994,96,0.44791666666666669,0.55208333333333337,4.5,96,4.03125,4.96875,0.59375,96,0.5,0.6875,57,0.47916666666666669,96,0.375,0.58333333333333337,46,0.11458333333333333,96,0.052083333333333336,0.1875,11,0.59375,0.47916666666666669,0.19298245614035087,True,20260911,5000,artifact/task-cluster percentile 95%; degenerate intervals are not population certainty
S2,frozen,google/gemma-2-9b-it,11c9b309abf73637e4b6f9a3fa1e92e615547819,immediate_readout,original,bare,test,all_valid,max_violation,all_pass,12,12,0,12,0,0.10185185185185186,12,0.07407407407407407,0.12962962962962965,8.9166666666666661,12,8.75,9,,0,,,0,,0,,,0,,0,,,0,1,1,,True,20260911,5000,artifact/task-cluster percentile 95%; degenerate intervals are not population certainty
S2,frozen,google/gemma-2-9b-it,11c9b309abf73637e4b6f9a3fa1e92e615547819,immediate_readout,original,bare,test,all_valid,max_violation,all_fail,0,0,0,0,0,,0,,,,0,,,,0,,,0,,0,,,0,,0,,,0,,,,True,20260911,5000,artifact/task-cluster percentile 95%; degenerate intervals are not population certainty
S2,frozen,google/gemma-2-9b-it,11c9b309abf73637e4b6f9a3fa1e92e615547819,immediate_readout,original,bare,test,all_valid,numeric_tolerance,all,108,108,96,12,0,0.70781893004115237,108,0.65946502057613177,0.75514403292181054,2.6018518518518516,108,2.175925925925926,3.0370370370370372,0.82291666666666663,96,0.73958333333333337,0.89583333333333337,79,0.78125,96,0.69791666666666663,0.86458333333333337,75,0.041666666666666664,96,0.010416666666666666,0.083333333333333329,4,0.84259259259259256,0.80555555555555558,0.050632911392405063,True,20260911,5000,artifact/task-cluster percentile 95%; degenerate intervals are not population certainty
S2,frozen,google/gemma-2-9b-it,11c9b309abf73637e4b6f9a3fa1e92e615547819,immediate_readout,original,bare,test,all_valid,numeric_tolerance,nontrivial,96,96,96,0,0,0.67129629629629628,96,0.62152777777777779,0.71875,2.9270833333333335,96,2.5,3.375,0.82291666666666663,96,0.73958333333333337,0.89583333333333337,79,0.78125,96,0.69791666666666663,0.86458333333333337,75,0.041666666666666664,96,0.010416666666666666,0.083333333333333329,4,0.82291666666666663,0.78125,0.050632911392405063,True,20260911,5000,artifact/task-cluster percentile 95%; degenerate intervals are not population certainty
S2,frozen,google/gemma-2-9b-it,11c9b309abf73637e4b6f9a3fa1e92e615547819,immediate_readout,original,bare,test,all_valid,numeric_tolerance,all_pass,12,12,0,12,0,1,12,1,1,0,12,0,0,,0,,,0,,0,,,0,,0,,,0,1,1,,True,20260911,5000,artifact/task-cluster percentile 95%; degenerate intervals are not population certainty
S2,frozen,google/gemma-2-9b-it,11c9b309abf73637e4b6f9a3fa1e92e615547819,immediate_readout,original,bare,test,all_valid,numeric_tolerance,all_fail,0,0,0,0,0,,0,,,,0,,,,0,,,0,,0,,,0,,0,,,0,,,,True,20260911,5000,artifact/task-cluster percentile 95%; degenerate intervals are not population certainty
S2,frozen,meta-llama/Llama-3.1-8B-Instruct,0e9e39f249a16976918f6564b8830bc894c89659,immediate_readout,original,bare,test,all_valid,ALL,all,324,324,288,36,0,0.54012345679012341,324,0.51063100137174211,0.5692729766803839,4.9197530864197532,324,4.6450617283950617,5.2037037037037033,0.2673611111111111,288,0.21527777777777779,0.31944444444444442,77,0.2013888888888889,288,0.15625,0.24661458333333208,58,0.065972222222222224,288,0.038194444444444448,0.09375,19,0.34876543209876543,0.29012345679012347,0.24675324675324675,True,20260911,5000,artifact/task-cluster percentile 95%; degenerate intervals are not population certainty
S2,frozen,meta-llama/Llama-3.1-8B-Instruct,0e9e39f249a16976918f6564b8830bc894c89659,immediate_readout,original,bare,test,all_valid,ALL,nontrivial,288,288,288,0,0,0.56404320987654311,288,0.53587962962962965,0.59182098765432101,4.4722222222222223,288,4.2118055555555554,4.739583333333333,0.2673611111111111,288,0.21527777777777779,0.31944444444444442,77,0.2013888888888889,288,0.15625,0.24661458333333208,58,0.065972222222222224,288,0.038194444444444448,0.09375,19,0.2673611111111111,0.2013888888888889,0.24675324675324675,True,20260911,5000,artifact/task-cluster percentile 95%; degenerate intervals are not population certainty
S2,frozen,meta-llama/Llama-3.1-8B-Instruct,0e9e39f249a16976918f6564b8830bc894c89659,immediate_readout,original,bare,test,all_valid,ALL,all_pass,36,36,0,36,0,0.34876543209876537,36,0.22831790123456791,0.46913580246913583,8.5,36,7.75,9,,0,,,0,,0,,,0,,0,,,0,1,1,,True,20260911,5000,artifact/task-cluster percentile 95%; degenerate intervals are not population certainty
S2,frozen,meta-llama/Llama-3.1-8B-Instruct,0e9e39f249a16976918f6564b8830bc894c89659,immediate_readout,original,bare,test,all_valid,ALL,all_fail,0,0,0,0,0,,0,,,,0,,,,0,,,0,,0,,,0,,0,,,0,,,,True,20260911,5000,artifact/task-cluster percentile 95%; degenerate intervals are not population certainty
S2,frozen,meta-llama/Llama-3.1-8B-Instruct,0e9e39f249a16976918f6564b8830bc894c89659,immediate_readout,original,bare,test,all_valid,coverage,all,108,108,96,12,0,0.70781893004115226,108,0.67386831275720149,0.73868312757201648,4.7592592592592595,108,4.2685185185185182,5.25,0.34375,96,0.25,0.4375,33,0.30208333333333331,96,0.21848958333333343,0.39583333333333331,29,0.041666666666666664,96,0.010416666666666666,0.083333333333333329,4,0.41666666666666669,0.37962962962962965,0.12121212121212122,True,20260911,5000,artifact/task-cluster percentile 95%; degenerate intervals are not population certainty
S2,frozen,meta-llama/Llama-3.1-8B-Instruct,0e9e39f249a16976918f6564b8830bc894c89659,immediate_readout,original,bare,test,all_valid,coverage,nontrivial,96,96,96,0,0,0.69212962962962965,96,0.65856481481481477,0.72453703703703709,4.416666666666667,96,3.9479166666666665,4.885416666666667,0.34375,96,0.25,0.4375,33,0.30208333333333331,96,0.21848958333333343,0.39583333333333331,29,0.041666666666666664,96,0.010416666666666666,0.083333333333333329,4,0.34375,0.30208333333333331,0.12121212121212122,True,20260911,5000,artifact/task-cluster percentile 95%; degenerate intervals are not population certainty
S2,frozen,meta-llama/Llama-3.1-8B-Instruct,0e9e39f249a16976918f6564b8830bc894c89659,immediate_readout,original,bare,test,all_valid,coverage,all_pass,12,12,0,12,0,0.83333333333333337,12,0.70370370370370372,0.92592592592592593,7.5,12,5.25,9,,0,,,0,,0,,,0,,0,,,0,1,1,,True,20260911,5000,artifact/task-cluster percentile 95%; degenerate intervals are not population certainty
S2,frozen,meta-llama/Llama-3.1-8B-Instruct,0e9e39f249a16976918f6564b8830bc894c89659,immediate_readout,original,bare,test,all_valid,coverage,all_fail,0,0,0,0,0,,0,,,,0,,,,0,,,0,,0,,,0,,0,,,0,,,,True,20260911,5000,artifact/task-cluster percentile 95%; degenerate intervals are not population certainty
S2,frozen,meta-llama/Llama-3.1-8B-Instruct,0e9e39f249a16976918f6564b8830bc894c89659,immediate_readout,original,bare,test,all_valid,max_violation,all,108,108,96,12,0,0.44547325102880642,108,0.39197530864197527,0.50102880658436211,5,108,4.5,5.48171296296296,0.27083333333333331,96,0.1875,0.36458333333333331,26,0.19791666666666666,96,0.125,0.28125,19,0.072916666666666671,96,0.020833333333333332,0.125,7,0.35185185185185186,0.28703703703703703,0.26923076923076922,True,20260911,5000,artifact/task-cluster percentile 95%; degenerate intervals are not population certainty
S2,frozen,meta-llama/Llama-3.1-8B-Instruct,0e9e39f249a16976918f6564b8830bc894c89659,immediate_readout,original,bare,test,all_valid,max_violation,nontrivial,96,96,96,0,0,0.49999999999999994,96,0.44791666666666669,0.55208333333333337,4.5,96,4.03125,4.96875,0.27083333333333331,96,0.1875,0.36458333333333331,26,0.19791666666666666,96,0.125,0.28125,19,0.072916666666666671,96,0.020833333333333332,0.125,7,0.27083333333333331,0.19791666666666666,0.26923076923076922,True,20260911,5000,artifact/task-cluster percentile 95%; degenerate intervals are not population certainty
S2,frozen,meta-llama/Llama-3.1-8B-Instruct,0e9e39f249a16976918f6564b8830bc894c89659,immediate_readout,original,bare,test,all_valid,max_violation,all_pass,12,12,0,12,0,0.0092592592592592587,12,0,0.027777777777777776,9,12,9,9,,0,,,0,,0,,,0,,0,,,0,1,1,,True,20260911,5000,artifact/task-cluster percentile 95%; degenerate intervals are not population certainty
S2,frozen,meta-llama/Llama-3.1-8B-Instruct,0e9e39f249a16976918f6564b8830bc894c89659,immediate_readout,original,bare,test,all_valid,max_violation,all_fail,0,0,0,0,0,,0,,,,0,,,,0,,,0,,0,,,0,,0,,,0,,,,True,20260911,5000,artifact/task-cluster percentile 95%; degenerate intervals are not population certainty
S2,frozen,meta-llama/Llama-3.1-8B-Instruct,0e9e39f249a16976918f6564b8830bc894c89659,immediate_readout,original,bare,test,all_valid,numeric_tolerance,all,108,108,96,12,0,0.46707818930041139,108,0.4187242798353909,0.51646090534979427,5,108,4.5,5.48171296296296,0.1875,96,0.11458333333333333,0.27083333333333331,18,0.10416666666666667,96,0.052083333333333336,0.16666666666666666,10,0.083333333333333329,96,0.03125,0.14583333333333334,8,0.27777777777777779,0.20370370370370369,0.44444444444444442,True,20260911,5000,artifact/task-cluster percentile 95%; degenerate intervals are not population certainty
S2,frozen,meta-llama/Llama-3.1-8B-Instruct,0e9e39f249a16976918f6564b8830bc894c89659,immediate_readout,original,bare,test,all_valid,numeric_tolerance,nontrivial,96,96,96,0,0,0.49999999999999994,96,0.44791666666666669,0.55208333333333337,4.5,96,4.03125,4.96875,0.1875,96,0.11458333333333333,0.27083333333333331,18,0.10416666666666667,96,0.052083333333333336,0.16666666666666666,10,0.083333333333333329,96,0.03125,0.14583333333333334,8,0.1875,0.10416666666666667,0.44444444444444442,True,20260911,5000,artifact/task-cluster percentile 95%; degenerate intervals are not population certainty
S2,frozen,meta-llama/Llama-3.1-8B-Instruct,0e9e39f249a16976918f6564b8830bc894c89659,immediate_readout,original,bare,test,all_valid,numeric_tolerance,all_pass,12,12,0,12,0,0.20370370370370372,12,0.17592592592592593,0.22222222222222224,9,12,9,9,,0,,,0,,0,,,0,,0,,,0,1,1,,True,20260911,5000,artifact/task-cluster percentile 95%; degenerate intervals are not population certainty
S2,frozen,meta-llama/Llama-3.1-8B-Instruct,0e9e39f249a16976918f6564b8830bc894c89659,immediate_readout,original,bare,test,all_valid,numeric_tolerance,all_fail,0,0,0,0,0,,0,,,,0,,,,0,,,0,,0,,,0,,0,,,0,,,,True,20260911,5000,artifact/task-cluster percentile 95%; degenerate intervals are not population certainty
S2,frozen,mistralai/Mistral-7B-Instruct-v0.3,c170c708c41dac9275d15a8fff4eca08d52bab71,immediate_readout,original,bare,test,all_valid,ALL,all,324,324,288,36,0,0.66769547325102874,324,0.64197530864197527,0.69272976680384091,2.867283950617284,324,2.6388888888888888,3.0895061728395063,0.33680555555555558,288,0.28472222222222221,0.3923611111111111,97,0.18402777777777779,288,0.1423611111111111,0.22916666666666666,53,0.15277777777777779,288,0.1111111111111111,0.19444444444444445,44,0.41049382716049382,0.27469135802469136,0.45360824742268041,True,20260911,5000,artifact/task-cluster percentile 95%; degenerate intervals are not population certainty
S2,frozen,mistralai/Mistral-7B-Instruct-v0.3,c170c708c41dac9275d15a8fff4eca08d52bab71,immediate_readout,original,bare,test,all_valid,ALL,nontrivial,288,288,288,0,0,0.62615740740740733,288,0.60108024691358031,0.65123456790123457,3.2256944444444446,288,2.9964409722222221,3.4548611111111112,0.33680555555555558,288,0.28472222222222221,0.3923611111111111,97,0.18402777777777779,288,0.1423611111111111,0.22916666666666666,53,0.15277777777777779,288,0.1111111111111111,0.19444444444444445,44,0.33680555555555558,0.18402777777777779,0.45360824742268041,True,20260911,5000,artifact/task-cluster percentile 95%; degenerate intervals are not population certainty
S2,frozen,mistralai/Mistral-7B-Instruct-v0.3,c170c708c41dac9275d15a8fff4eca08d52bab71,immediate_readout,original,bare,test,all_valid,ALL,all_pass,36,36,0,36,0,1,36,1,1,0,36,0,0,,0,,,0,,0,,,0,,0,,,0,1,1,,True,20260911,5000,artifact/task-cluster percentile 95%; degenerate intervals are not population certainty
S2,frozen,mistralai/Mistral-7B-Instruct-v0.3,c170c708c41dac9275d15a8fff4eca08d52bab71,immediate_readout,original,bare,test,all_valid,ALL,all_fail,0,0,0,0,0,,0,,,,0,,,,0,,,0,,0,,,0,,0,,,0,,,,True,20260911,5000,artifact/task-cluster percentile 95%; degenerate intervals are not population certainty
S2,frozen,mistralai/Mistral-7B-Instruct-v0.3,c170c708c41dac9275d15a8fff4eca08d52bab71,immediate_readout,original,bare,test,all_valid,coverage,all,108,108,96,12,0,0.64506172839506182,108,0.59876543209876532,0.69032921810699588,2.9444444444444446,108,2.5370370370370372,3.3425925925925926,0.010416666666666666,96,0,0.03125,1,0,96,0,0,0,0.010416666666666666,96,0,0.03125,1,0.12037037037037036,0.1111111111111111,1,True,20260911,5000,artifact/task-cluster percentile 95%; degenerate intervals are not population certainty
S2,frozen,mistralai/Mistral-7B-Instruct-v0.3,c170c708c41dac9275d15a8fff4eca08d52bab71,immediate_readout,original,bare,test,all_valid,coverage,nontrivial,96,96,96,0,0,0.60069444444444442,96,0.55555555555555558,0.64467592592592593,3.3125,96,2.9268229166666671,3.7083333333333335,0.010416666666666666,96,0,0.03125,1,0,96,0,0,0,0.010416666666666666,96,0,0.03125,1,0.010416666666666666,0,1,True,20260911,5000,artifact/task-cluster percentile 95%; degenerate intervals are not population certainty
S2,frozen,mistralai/Mistral-7B-Instruct-v0.3,c170c708c41dac9275d15a8fff4eca08d52bab71,immediate_readout,original,bare,test,all_valid,coverage,all_pass,12,12,0,12,0,1,12,1,1,0,12,0,0,,0,,,0,,0,,,0,,0,,,0,1,1,,True,20260911,5000,artifact/task-cluster percentile 95%; degenerate intervals are not population certainty
S2,frozen,mistralai/Mistral-7B-Instruct-v0.3,c170c708c41dac9275d15a8fff4eca08d52bab71,immediate_readout,original,bare,test,all_valid,coverage,all_fail,0,0,0,0,0,,0,,,,0,,,,0,,,0,,0,,,0,,0,,,0,,,,True,20260911,5000,artifact/task-cluster percentile 95%; degenerate intervals are not population certainty
S2,frozen,mistralai/Mistral-7B-Instruct-v0.3,c170c708c41dac9275d15a8fff4eca08d52bab71,immediate_readout,original,bare,test,all_valid,max_violation,all,108,108,96,12,0,0.68621399176954734,108,0.64197530864197527,0.72942386831275718,2.8703703703703702,108,2.4814814814814814,3.2685185185185186,0.6875,96,0.59375,0.78125,66,0.53125,96,0.42708333333333331,0.625,51,0.15625,96,0.09375,0.22916666666666666,15,0.72222222222222221,0.58333333333333337,0.22727272727272727,True,20260911,5000,artifact/task-cluster percentile 95%; degenerate intervals are not population certainty
S2,frozen,mistralai/Mistral-7B-Instruct-v0.3,c170c708c41dac9275d15a8fff4eca08d52bab71,immediate_readout,original,bare,test,all_valid,max_violation,nontrivial,96,96,96,0,0,0.64699074074074081,96,0.60300925925925919,0.68981481481481488,3.2291666666666665,96,2.8541666666666665,3.625,0.6875,96,0.59375,0.78125,66,0.53125,96,0.42708333333333331,0.625,51,0.15625,96,0.09375,0.22916666666666666,15,0.6875,0.53125,0.22727272727272727,True,20260911,5000,artifact/task-cluster percentile 95%; degenerate intervals are not population certainty
S2,frozen,mistralai/Mistral-7B-Instruct-v0.3,c170c708c41dac9275d15a8fff4eca08d52bab71,immediate_readout,original,bare,test,all_valid,max_violation,all_pass,12,12,0,12,0,1,12,1,1,0,12,0,0,,0,,,0,,0,,,0,,0,,,0,1,1,,True,20260911,5000,artifact/task-cluster percentile 95%; degenerate intervals are not population certainty
S2,frozen,mistralai/Mistral-7B-Instruct-v0.3,c170c708c41dac9275d15a8fff4eca08d52bab71,immediate_readout,original,bare,test,all_valid,max_violation,all_fail,0,0,0,0,0,,0,,,,0,,,,0,,,0,,0,,,0,,0,,,0,,,,True,20260911,5000,artifact/task-cluster percentile 95%; degenerate intervals are not population certainty
S2,frozen,mistralai/Mistral-7B-Instruct-v0.3,c170c708c41dac9275d15a8fff4eca08d52bab71,immediate_readout,original,bare,test,all_valid,numeric_tolerance,all,108,108,96,12,0,0.6718106995884775,108,0.62757201646090544,0.71399176954732513,2.7870370370370372,108,2.3888888888888888,3.2037037037037037,0.3125,96,0.21875,0.40625,30,0.020833333333333332,96,0,0.052083333333333336,2,0.29166666666666669,96,0.20833333333333334,0.38541666666666669,28,0.3888888888888889,0.12962962962962962,0.93333333333333335,True,20260911,5000,artifact/task-cluster percentile 95%; degenerate intervals are not population certainty
S2,frozen,mistralai/Mistral-7B-Instruct-v0.3,c170c708c41dac9275d15a8fff4eca08d52bab71,immediate_readout,original,bare,test,all_valid,numeric_tolerance,nontrivial,96,96,96,0,0,0.63078703703703709,96,0.59027777777777779,0.67013888888888895,3.1354166666666665,96,2.75,3.5416666666666665,0.3125,96,0.21875,0.40625,30,0.020833333333333332,96,0,0.052083333333333336,2,0.29166666666666669,96,0.20833333333333334,0.38541666666666669,28,0.3125,0.020833333333333332,0.93333333333333335,True,20260911,5000,artifact/task-cluster percentile 95%; degenerate intervals are not population certainty
S2,frozen,mistralai/Mistral-7B-Instruct-v0.3,c170c708c41dac9275d15a8fff4eca08d52bab71,immediate_readout,original,bare,test,all_valid,numeric_tolerance,all_pass,12,12,0,12,0,1,12,1,1,0,12,0,0,,0,,,0,,0,,,0,,0,,,0,1,1,,True,20260911,5000,artifact/task-cluster percentile 95%; degenerate intervals are not population certainty
S2,frozen,mistralai/Mistral-7B-Instruct-v0.3,c170c708c41dac9275d15a8fff4eca08d52bab71,immediate_readout,original,bare,test,all_valid,numeric_tolerance,all_fail,0,0,0,0,0,,0,,,,0,,,,0,,,0,,0,,,0,,0,,,0,,,,True,20260911,5000,artifact/task-cluster percentile 95%; degenerate intervals are not population certainty
S2_CAL,frozen,Qwen/Qwen2.5-14B-Instruct,cf98f3b3bbb457ad9e2bb7baf9a0125b6b88caa8,immediate_readout,original,bare,calibration,all_valid,ALL,all,324,324,288,36,0,0.76097393689986281,324,0.73765432098765427,0.78292181069958855,3.5030864197530862,324,3.2037037037037037,3.8024691358024691,0.46180555555555558,288,0.40277777777777779,0.52083333333333337,133,0.44791666666666669,288,0.3888888888888889,0.5035590277777765,129,0.013888888888888888,288,0.003472222222222222,0.027777777777777776,4,0.52160493827160492,0.5092592592592593,0.03007518796992481,True,20260911,5000,artifact/task-cluster percentile 95%; degenerate intervals are not population certainty
S2_CAL,frozen,Qwen/Qwen2.5-14B-Instruct,cf98f3b3bbb457ad9e2bb7baf9a0125b6b88caa8,immediate_readout,original,bare,calibration,all_valid,ALL,nontrivial,288,288,288,0,0,0.73649691358024694,288,0.71180555555555558,0.75964506172839508,3.5347222222222223,288,3.2534722222222223,3.8125,0.46180555555555558,288,0.40277777777777779,0.52083333333333337,133,0.44791666666666669,288,0.3888888888888889,0.5035590277777765,129,0.013888888888888888,288,0.003472222222222222,0.027777777777777776,4,0.46180555555555558,0.44791666666666669,0.03007518796992481,True,20260911,5000,artifact/task-cluster percentile 95%; degenerate intervals are not population certainty
S2_CAL,frozen,Qwen/Qwen2.5-14B-Instruct,cf98f3b3bbb457ad9e2bb7baf9a0125b6b88caa8,immediate_readout,original,bare,calibration,all_valid,ALL,all_pass,36,36,0,36,0,0.95679012345679004,36,0.93827160493827144,0.97530864197530853,3.25,36,2,4.75,,0,,,0,,0,,,0,,0,,,0,1,1,,True,20260911,5000,artifact/task-cluster percentile 95%; degenerate intervals are not population certainty
S2_CAL,frozen,Qwen/Qwen2.5-14B-Instruct,cf98f3b3bbb457ad9e2bb7baf9a0125b6b88caa8,immediate_readout,original,bare,calibration,all_valid,ALL,all_fail,0,0,0,0,0,,0,,,,0,,,,0,,,0,,0,,,0,,0,,,0,,,,True,20260911,5000,artifact/task-cluster percentile 95%; degenerate intervals are not population certainty
S2_CAL,frozen,Qwen/Qwen2.5-14B-Instruct,cf98f3b3bbb457ad9e2bb7baf9a0125b6b88caa8,immediate_readout,original,bare,calibration,all_valid,coverage,all,108,108,96,12,0,0.84053497942386823,108,0.82304526748971207,0.85802469135802473,4.8888888888888893,108,4.3703703703703702,5.4168981481481451,0.3125,96,0.21875,0.40625,30,0.3125,96,0.21875,0.40625,30,0,96,0,0,0,0.3888888888888889,0.3888888888888889,0,True,20260911,5000,artifact/task-cluster percentile 95%; degenerate intervals are not population certainty
S2_CAL,frozen,Qwen/Qwen2.5-14B-Instruct,cf98f3b3bbb457ad9e2bb7baf9a0125b6b88caa8,immediate_readout,original,bare,calibration,all_valid,coverage,nontrivial,96,96,96,0,0,0.83564814814814825,96,0.81597222222222232,0.85532407407407407,4.375,96,3.8645833333333335,4.875,0.3125,96,0.21875,0.40625,30,0.3125,96,0.21875,0.40625,30,0,96,0,0,0,0.3125,0.3125,0,True,20260911,5000,artifact/task-cluster percentile 95%; degenerate intervals are not population certainty
S2_CAL,frozen,Qwen/Qwen2.5-14B-Instruct,cf98f3b3bbb457ad9e2bb7baf9a0125b6b88caa8,immediate_readout,original,bare,calibration,all_valid,coverage,all_pass,12,12,0,12,0,0.87962962962962976,12,0.86111111111111116,0.88888888888888895,9,12,9,9,,0,,,0,,0,,,0,,0,,,0,1,1,,True,20260911,5000,artifact/task-cluster percentile 95%; degenerate intervals are not population certainty
S2_CAL,frozen,Qwen/Qwen2.5-14B-Instruct,cf98f3b3bbb457ad9e2bb7baf9a0125b6b88caa8,immediate_readout,original,bare,calibration,all_valid,coverage,all_fail,0,0,0,0,0,,0,,,,0,,,,0,,,0,,0,,,0,,0,,,0,,,,True,20260911,5000,artifact/task-cluster percentile 95%; degenerate intervals are not population certainty
S2_CAL,frozen,Qwen/Qwen2.5-14B-Instruct,cf98f3b3bbb457ad9e2bb7baf9a0125b6b88caa8,immediate_readout,original,bare,calibration,all_valid,max_violation,all,108,108,96,12,0,0.62242798353909456,108,0.57407407407407396,0.66975308641975306,4.0092592592592595,108,3.5092592592592591,4.4907407407407405,0.19791666666666666,96,0.125,0.28125,19,0.19791666666666666,96,0.125,0.28125,19,0,96,0,0,0,0.28703703703703703,0.28703703703703703,0,True,20260911,5000,artifact/task-cluster percentile 95%; degenerate intervals are not population certainty
S2_CAL,frozen,Qwen/Qwen2.5-14B-Instruct,cf98f3b3bbb457ad9e2bb7baf9a0125b6b88caa8,immediate_readout,original,bare,calibration,all_valid,max_violation,nontrivial,96,96,96,0,0,0.57638888888888884,96,0.53353587962962956,0.62037037037037035,4.416666666666667,96,3.9479166666666665,4.895833333333333,0.19791666666666666,96,0.125,0.28125,19,0.19791666666666666,96,0.125,0.28125,19,0,96,0,0,0,0.19791666666666666,0.19791666666666666,0,True,20260911,5000,artifact/task-cluster percentile 95%; degenerate intervals are not population certainty
S2_CAL,frozen,Qwen/Qwen2.5-14B-Instruct,cf98f3b3bbb457ad9e2bb7baf9a0125b6b88caa8,immediate_readout,original,bare,calibration,all_valid,max_violation,all_pass,12,12,0,12,0,0.99074074074074081,12,0.97222222222222221,1,0.75,12,0,2.25,,0,,,0,,0,,,0,,0,,,0,1,1,,True,20260911,5000,artifact/task-cluster percentile 95%; degenerate intervals are not population certainty
S2_CAL,frozen,Qwen/Qwen2.5-14B-Instruct,cf98f3b3bbb457ad9e2bb7baf9a0125b6b88caa8,immediate_readout,original,bare,calibration,all_valid,max_violation,all_fail,0,0,0,0,0,,0,,,,0,,,,0,,,0,,0,,,0,,0,,,0,,,,True,20260911,5000,artifact/task-cluster percentile 95%; degenerate intervals are not population certainty
S2_CAL,frozen,Qwen/Qwen2.5-14B-Instruct,cf98f3b3bbb457ad9e2bb7baf9a0125b6b88caa8,immediate_readout,original,bare,calibration,all_valid,numeric_tolerance,all,108,108,96,12,0,0.81995884773662553,108,0.78703703703703709,0.85288065843621397,1.6111111111111112,108,1.3055555555555556,1.9166666666666667,0.875,96,0.8125,0.9375,84,0.83333333333333337,96,0.76041666666666663,0.90625,80,0.041666666666666664,96,0.010416666666666666,0.083333333333333329,4,0.88888888888888884,0.85185185185185186,0.047619047619047616,True,20260911,5000,artifact/task-cluster percentile 95%; degenerate intervals are not population certainty
S2_CAL,frozen,Qwen/Qwen2.5-14B-Instruct,cf98f3b3bbb457ad9e2bb7baf9a0125b6b88caa8,immediate_readout,original,bare,calibration,all_valid,numeric_tolerance,nontrivial,96,96,96,0,0,0.79745370370370383,96,0.76273148148148151,0.82986111111111116,1.8125,96,1.5,2.1354166666666665,0.875,96,0.8125,0.9375,84,0.83333333333333337,96,0.76041666666666663,0.90625,80,0.041666666666666664,96,0.010416666666666666,0.083333333333333329,4,0.875,0.83333333333333337,0.047619047619047616,True,20260911,5000,artifact/task-cluster percentile 95%; degenerate intervals are not population certainty
S2_CAL,frozen,Qwen/Qwen2.5-14B-Instruct,cf98f3b3bbb457ad9e2bb7baf9a0125b6b88caa8,immediate_readout,original,bare,calibration,all_valid,numeric_tolerance,all_pass,12,12,0,12,0,1,12,1,1,0,12,0,0,,0,,,0,,0,,,0,,0,,,0,1,1,,True,20260911,5000,artifact/task-cluster percentile 95%; degenerate intervals are not population certainty
S2_CAL,frozen,Qwen/Qwen2.5-14B-Instruct,cf98f3b3bbb457ad9e2bb7baf9a0125b6b88caa8,immediate_readout,original,bare,calibration,all_valid,numeric_tolerance,all_fail,0,0,0,0,0,,0,,,,0,,,,0,,,0,,0,,,0,,0,,,0,,,,True,20260911,5000,artifact/task-cluster percentile 95%; degenerate intervals are not population certainty
S2_CAL,frozen,google/gemma-2-9b-it,11c9b309abf73637e4b6f9a3fa1e92e615547819,immediate_readout,original,bare,calibration,all_valid,ALL,all,324,324,288,36,0,0.62242798353909468,324,0.59362139917695467,0.65055727023319609,3.4197530864197532,324,3.1573302469135802,3.6882716049382718,0.66666666666666663,288,0.61111111111111116,0.72222222222222221,192,0.58680555555555558,288,0.53125,0.64236111111111116,169,0.079861111111111105,288,0.048611111111111112,0.1111111111111111,23,0.70370370370370372,0.63271604938271608,0.11979166666666667,True,20260911,5000,artifact/task-cluster percentile 95%; degenerate intervals are not population certainty
S2_CAL,frozen,google/gemma-2-9b-it,11c9b309abf73637e4b6f9a3fa1e92e615547819,immediate_readout,original,bare,calibration,all_valid,ALL,nontrivial,288,288,288,0,0,0.61111111111111116,288,0.58371913580246904,0.63927469135802462,3.4895833333333335,288,3.2361111111111112,3.7395833333333335,0.66666666666666663,288,0.61111111111111116,0.72222222222222221,192,0.58680555555555558,288,0.53125,0.64236111111111116,169,0.079861111111111105,288,0.048611111111111112,0.1111111111111111,23,0.66666666666666663,0.58680555555555558,0.11979166666666667,True,20260911,5000,artifact/task-cluster percentile 95%; degenerate intervals are not population certainty
S2_CAL,frozen,google/gemma-2-9b-it,11c9b309abf73637e4b6f9a3fa1e92e615547819,immediate_readout,original,bare,calibration,all_valid,ALL,all_pass,36,36,0,36,0,0.71296296296296302,36,0.5771604938271605,0.83950617283950613,2.8611111111111112,36,1.6388888888888888,4.2222222222222223,,0,,,0,,0,,,0,,0,,,0,1,1,,True,20260911,5000,artifact/task-cluster percentile 95%; degenerate intervals are not population certainty
S2_CAL,frozen,google/gemma-2-9b-it,11c9b309abf73637e4b6f9a3fa1e92e615547819,immediate_readout,original,bare,calibration,all_valid,ALL,all_fail,0,0,0,0,0,,0,,,,0,,,,0,,,0,,0,,,0,,0,,,0,,,,True,20260911,5000,artifact/task-cluster percentile 95%; degenerate intervals are not population certainty
S2_CAL,frozen,google/gemma-2-9b-it,11c9b309abf73637e4b6f9a3fa1e92e615547819,immediate_readout,original,bare,calibration,all_valid,coverage,all,108,108,96,12,0,0.7026748971193415,108,0.6646090534979423,0.74074074074074092,2.6666666666666665,108,2.324074074074074,3.0092592592592591,0.55208333333333337,96,0.45833333333333331,0.64583333333333337,53,0.54166666666666663,96,0.44791666666666669,0.64583333333333337,52,0.010416666666666666,96,0,0.03125,1,0.60185185185185186,0.59259259259259256,0.018867924528301886,True,20260911,5000,artifact/task-cluster percentile 95%; degenerate intervals are not population certainty
S2_CAL,frozen,google/gemma-2-9b-it,11c9b309abf73637e4b6f9a3fa1e92e615547819,immediate_readout,original,bare,calibration,all_valid,coverage,nontrivial,96,96,96,0,0,0.6655092592592593,96,0.62847222222222221,0.70138888888888895,3,96,2.6770833333333335,3.3333333333333335,0.55208333333333337,96,0.45833333333333331,0.64583333333333337,53,0.54166666666666663,96,0.44791666666666669,0.64583333333333337,52,0.010416666666666666,96,0,0.03125,1,0.55208333333333337,0.54166666666666663,0.018867924528301886,True,20260911,5000,artifact/task-cluster percentile 95%; degenerate intervals are not population certainty
S2_CAL,frozen,google/gemma-2-9b-it,11c9b309abf73637e4b6f9a3fa1e92e615547819,immediate_readout,original,bare,calibration,all_valid,coverage,all_pass,12,12,0,12,0,1,12,1,1,0,12,0,0,,0,,,0,,0,,,0,,0,,,0,1,1,,True,20260911,5000,artifact/task-cluster percentile 95%; degenerate intervals are not population certainty
S2_CAL,frozen,google/gemma-2-9b-it,11c9b309abf73637e4b6f9a3fa1e92e615547819,immediate_readout,original,bare,calibration,all_valid,coverage,all_fail,0,0,0,0,0,,0,,,,0,,,,0,,,0,,0,,,0,,0,,,0,,,,True,20260911,5000,artifact/task-cluster percentile 95%; degenerate intervals are not population certainty
S2_CAL,frozen,google/gemma-2-9b-it,11c9b309abf73637e4b6f9a3fa1e92e615547819,immediate_readout,original,bare,calibration,all_valid,max_violation,all,108,108,96,12,0,0.46090534979423858,108,0.40946502057613177,0.51234567901234562,4.9444444444444446,108,4.4629629629629628,5.4259259259259256,0.66666666666666663,96,0.57291666666666663,0.76041666666666663,64,0.5,96,0.39583333333333331,0.60416666666666663,48,0.16666666666666666,96,0.09375,0.23958333333333334,16,0.70370370370370372,0.55555555555555558,0.25,True,20260911,5000,artifact/task-cluster percentile 95%; degenerate intervals are not population certainty
S2_CAL,frozen,google/gemma-2-9b-it,11c9b309abf73637e4b6f9a3fa1e92e615547819,immediate_readout,original,bare,calibration,all_valid,max_violation,nontrivial,96,96,96,0,0,0.50115740740740733,96,0.44907407407407413,0.5532407407407407,4.489583333333333,96,4.020833333333333,4.958333333333333,0.66666666666666663,96,0.57291666666666663,0.76041666666666663,64,0.5,96,0.39583333333333331,0.60416666666666663,48,0.16666666666666666,96,0.09375,0.23958333333333334,16,0.66666666666666663,0.5,0.25,True,20260911,5000,artifact/task-cluster percentile 95%; degenerate intervals are not population certainty
S2_CAL,frozen,google/gemma-2-9b-it,11c9b309abf73637e4b6f9a3fa1e92e615547819,immediate_readout,original,bare,calibration,all_valid,max_violation,all_pass,12,12,0,12,0,0.13888888888888892,12,0.092592592592592601,0.1851851851851852,8.5833333333333339,12,8.3333333333333339,8.8333333333333339,,0,,,0,,0,,,0,,0,,,0,1,1,,True,20260911,5000,artifact/task-cluster percentile 95%; degenerate intervals are not population certainty
S2_CAL,frozen,google/gemma-2-9b-it,11c9b309abf73637e4b6f9a3fa1e92e615547819,immediate_readout,original,bare,calibration,all_valid,max_violation,all_fail,0,0,0,0,0,,0,,,,0,,,,0,,,0,,0,,,0,,0,,,0,,,,True,20260911,5000,artifact/task-cluster percentile 95%; degenerate intervals are not population certainty
S2_CAL,frozen,google/gemma-2-9b-it,11c9b309abf73637e4b6f9a3fa1e92e615547819,immediate_readout,original,bare,calibration,all_valid,numeric_tolerance,all,108,108,96,12,0,0.70370370370370361,108,0.65637860082304511,0.75208333333333299,2.6481481481481484,108,2.2129629629629628,3.0833333333333335,0.78125,96,0.69791666666666663,0.86458333333333337,75,0.71875,96,0.625,0.80208333333333337,69,0.0625,96,0.020833333333333332,0.11458333333333333,6,0.80555555555555558,0.75,0.080000000000000002,True,20260911,5000,artifact/task-cluster percentile 95%; degenerate intervals are not population certainty
S2_CAL,frozen,google/gemma-2-9b-it,11c9b309abf73637e4b6f9a3fa1e92e615547819,immediate_readout,original,bare,calibration,all_valid,numeric_tolerance,nontrivial,96,96,96,0,0,0.66666666666666663,96,0.61686921296296282,0.71527777777777768,2.9791666666666665,96,2.5416666666666665,3.4375,0.78125,96,0.69791666666666663,0.86458333333333337,75,0.71875,96,0.625,0.80208333333333337,69,0.0625,96,0.020833333333333332,0.11458333333333333,6,0.78125,0.71875,0.080000000000000002,True,20260911,5000,artifact/task-cluster percentile 95%; degenerate intervals are not population certainty
S2_CAL,frozen,google/gemma-2-9b-it,11c9b309abf73637e4b6f9a3fa1e92e615547819,immediate_readout,original,bare,calibration,all_valid,numeric_tolerance,all_pass,12,12,0,12,0,1,12,1,1,0,12,0,0,,0,,,0,,0,,,0,,0,,,0,1,1,,True,20260911,5000,artifact/task-cluster percentile 95%; degenerate intervals are not population certainty
S2_CAL,frozen,google/gemma-2-9b-it,11c9b309abf73637e4b6f9a3fa1e92e615547819,immediate_readout,original,bare,calibration,all_valid,numeric_tolerance,all_fail,0,0,0,0,0,,0,,,,0,,,,0,,,0,,0,,,0,,0,,,0,,,,True,20260911,5000,artifact/task-cluster percentile 95%; degenerate intervals are not population certainty
S2_CAL,frozen,meta-llama/Llama-3.1-8B-Instruct,0e9e39f249a16976918f6564b8830bc894c89659,immediate_readout,original,bare,calibration,all_valid,ALL,all,324,324,288,36,0,0.53395061728395055,324,0.50342935528120714,0.56275720164609044,4.8734567901234565,324,4.5925154320987653,5.1543209876543212,0.2361111111111111,288,0.1875,0.28819444444444442,68,0.18402777777777779,288,0.1388888888888889,0.22916666666666666,53,0.052083333333333336,288,0.027777777777777776,0.079861111111111105,15,0.32098765432098764,0.27469135802469136,0.22058823529411764,True,20260911,5000,artifact/task-cluster percentile 95%; degenerate intervals are not population certainty
S2_CAL,frozen,meta-llama/Llama-3.1-8B-Instruct,0e9e39f249a16976918f6564b8830bc894c89659,immediate_readout,original,bare,calibration,all_valid,ALL,nontrivial,288,288,288,0,0,0.56211419753086422,288,0.53317901234567899,0.59027777777777779,4.4513888888888893,288,4.1875,4.7118055555555554,0.2361111111111111,288,0.1875,0.28819444444444442,68,0.18402777777777779,288,0.1388888888888889,0.22916666666666666,53,0.052083333333333336,288,0.027777777777777776,0.079861111111111105,15,0.2361111111111111,0.18402777777777779,0.22058823529411764,True,20260911,5000,artifact/task-cluster percentile 95%; degenerate intervals are not population certainty
S2_CAL,frozen,meta-llama/Llama-3.1-8B-Instruct,0e9e39f249a16976918f6564b8830bc894c89659,immediate_readout,original,bare,calibration,all_valid,ALL,all_pass,36,36,0,36,0,0.3086419753086419,36,0.20370370370370369,0.41975308641975312,8.25,36,7.25,9,,0,,,0,,0,,,0,,0,,,0,1,1,,True,20260911,5000,artifact/task-cluster percentile 95%; degenerate intervals are not population certainty
S2_CAL,frozen,meta-llama/Llama-3.1-8B-Instruct,0e9e39f249a16976918f6564b8830bc894c89659,immediate_readout,original,bare,calibration,all_valid,ALL,all_fail,0,0,0,0,0,,0,,,,0,,,,0,,,0,,0,,,0,,0,,,0,,,,True,20260911,5000,artifact/task-cluster percentile 95%; degenerate intervals are not population certainty
S2_CAL,frozen,meta-llama/Llama-3.1-8B-Instruct,0e9e39f249a16976918f6564b8830bc894c89659,immediate_readout,original,bare,calibration,all_valid,coverage,all,108,108,96,12,0,0.69032921810699588,108,0.65637860082304511,0.72530864197530864,4.6203703703703702,108,4.1296296296296298,5.1206018518518484,0.30208333333333331,96,0.21875,0.39583333333333331,29,0.29166666666666669,96,0.20833333333333334,0.38541666666666669,28,0.010416666666666666,96,0,0.03125,1,0.37962962962962965,0.37037037037037035,0.034482758620689655,True,20260911,5000,artifact/task-cluster percentile 95%; degenerate intervals are not population certainty
S2_CAL,frozen,meta-llama/Llama-3.1-8B-Instruct,0e9e39f249a16976918f6564b8830bc894c89659,immediate_readout,original,bare,calibration,all_valid,coverage,nontrivial,96,96,96,0,0,0.68634259259259256,96,0.65162037037037035,0.71877893518518476,4.354166666666667,96,3.8958333333333335,4.8125,0.30208333333333331,96,0.21875,0.39583333333333331,29,0.29166666666666669,96,0.20833333333333334,0.38541666666666669,28,0.010416666666666666,96,0,0.03125,1,0.30208333333333331,0.29166666666666669,0.034482758620689655,True,20260911,5000,artifact/task-cluster percentile 95%; degenerate intervals are not population certainty
S2_CAL,frozen,meta-llama/Llama-3.1-8B-Instruct,0e9e39f249a16976918f6564b8830bc894c89659,immediate_readout,original,bare,calibration,all_valid,coverage,all_pass,12,12,0,12,0,0.72222222222222221,12,0.57407407407407407,0.86111111111111105,6.75,12,4.5,9,,0,,,0,,0,,,0,,0,,,0,1,1,,True,20260911,5000,artifact/task-cluster percentile 95%; degenerate intervals are not population certainty
S2_CAL,frozen,meta-llama/Llama-3.1-8B-Instruct,0e9e39f249a16976918f6564b8830bc894c89659,immediate_readout,original,bare,calibration,all_valid,coverage,all_fail,0,0,0,0,0,,0,,,,0,,,,0,,,0,,0,,,0,,0,,,0,,,,True,20260911,5000,artifact/task-cluster percentile 95%; degenerate intervals are not population certainty
S2_CAL,frozen,meta-llama/Llama-3.1-8B-Instruct,0e9e39f249a16976918f6564b8830bc894c89659,immediate_readout,original,bare,calibration,all_valid,max_violation,all,108,108,96,12,0,0.44444444444444425,108,0.39092078189300405,0.49999999999999994,5,108,4.5,5.48171296296296,0.26041666666666669,96,0.17708333333333334,0.34375,25,0.13541666666666666,96,0.072916666666666671,0.20833333333333334,13,0.125,96,0.0625,0.1875,12,0.34259259259259262,0.23148148148148148,0.47999999999999998,True,20260911,5000,artifact/task-cluster percentile 95%; degenerate intervals are not population certainty
S2_CAL,frozen,meta-llama/Llama-3.1-8B-Instruct,0e9e39f249a16976918f6564b8830bc894c89659,immediate_readout,original,bare,calibration,all_valid,max_violation,nontrivial,96,96,96,0,0,0.49999999999999994,96,0.44791666666666669,0.55208333333333337,4.5,96,4.03125,4.96875,0.26041666666666669,96,0.17708333333333334,0.34375,25,0.13541666666666666,96,0.072916666666666671,0.20833333333333334,13,0.125,96,0.0625,0.1875,12,0.26041666666666669,0.13541666666666666,0.47999999999999998,True,20260911,5000,artifact/task-cluster percentile 95%; degenerate intervals are not population certainty
S2_CAL,frozen,meta-llama/Llama-3.1-8B-Instruct,0e9e39f249a16976918f6564b8830bc894c89659,immediate_readout,original,bare,calibration,all_valid,max_violation,all_pass,12,12,0,12,0,0,12,0,0,9,12,9,9,,0,,,0,,0,,,0,,0,,,0,1,1,,True,20260911,5000,artifact/task-cluster percentile 95%; degenerate intervals are not population certainty
S2_CAL,frozen,meta-llama/Llama-3.1-8B-Instruct,0e9e39f249a16976918f6564b8830bc894c89659,immediate_readout,original,bare,calibration,all_valid,max_violation,all_fail,0,0,0,0,0,,0,,,,0,,,,0,,,0,,0,,,0,,0,,,0,,,,True,20260911,5000,artifact/task-cluster percentile 95%; degenerate intervals are not population certainty
S2_CAL,frozen,meta-llama/Llama-3.1-8B-Instruct,0e9e39f249a16976918f6564b8830bc894c89659,immediate_readout,original,bare,calibration,all_valid,numeric_tolerance,all,108,108,96,12,0,0.46707818930041139,108,0.4187242798353909,0.51646090534979427,5,108,4.5,5.48171296296296,0.14583333333333334,96,0.083333333333333329,0.21875,14,0.125,96,0.0625,0.19791666666666666,12,0.020833333333333332,96,0,0.052083333333333336,2,0.24074074074074073,0.22222222222222221,0.14285714285714285,True,20260911,5000,artifact/task-cluster percentile 95%; degenerate intervals are not population certainty
S2_CAL,frozen,meta-llama/Llama-3.1-8B-Instruct,0e9e39f249a16976918f6564b8830bc894c89659,immediate_readout,original,bare,calibration,all_valid,numeric_tolerance,nontrivial,96,96,96,0,0,0.49999999999999994,96,0.44791666666666669,0.55208333333333337,4.5,96,4.03125,4.96875,0.14583333333333334,96,0.083333333333333329,0.21875,14,0.125,96,0.0625,0.19791666666666666,12,0.020833333333333332,96,0,0.052083333333333336,2,0.14583333333333334,0.125,0.14285714285714285,True,20260911,5000,artifact/task-cluster percentile 95%; degenerate intervals are not population certainty
S2_CAL,frozen,meta-llama/Llama-3.1-8B-Instruct,0e9e39f249a16976918f6564b8830bc894c89659,immediate_readout,original,bare,calibration,all_valid,numeric_tolerance,all_pass,12,12,0,12,0,0.20370370370370372,12,0.15740740740740744,0.25925925925925924,9,12,9,9,,0,,,0,,0,,,0,,0,,,0,1,1,,True,20260911,5000,artifact/task-cluster percentile 95%; degenerate intervals are not population certainty
S2_CAL,frozen,meta-llama/Llama-3.1-8B-Instruct,0e9e39f249a16976918f6564b8830bc894c89659,immediate_readout,original,bare,calibration,all_valid,numeric_tolerance,all_fail,0,0,0,0,0,,0,,,,0,,,,0,,,0,,0,,,0,,0,,,0,,,,True,20260911,5000,artifact/task-cluster percentile 95%; degenerate intervals are not population certainty
S2_CAL,frozen,mistralai/Mistral-7B-Instruct-v0.3,c170c708c41dac9275d15a8fff4eca08d52bab71,immediate_readout,original,bare,calibration,all_valid,ALL,all,324,324,288,36,0,0.65363511659807949,324,0.62756344307270229,0.67901234567901236,3.0030864197530862,324,2.7685185185185186,3.2408179012345668,0.3263888888888889,288,0.27430555555555558,0.38194444444444442,94,0.1736111111111111,288,0.13194444444444445,0.21875,50,0.15277777777777779,288,0.11458333333333333,0.19791666666666666,44,0.40123456790123457,0.26543209876543211,0.46808510638297873,True,20260911,5000,artifact/task-cluster percentile 95%; degenerate intervals are not population certainty
S2_CAL,frozen,mistralai/Mistral-7B-Instruct-v0.3,c170c708c41dac9275d15a8fff4eca08d52bab71,immediate_readout,original,bare,calibration,all_valid,ALL,nontrivial,288,288,288,0,0,0.61535493827160492,288,0.58949652777777761,0.64081790123456783,3.2326388888888888,288,2.9999131944444444,3.46875,0.3263888888888889,288,0.27430555555555558,0.38194444444444442,94,0.1736111111111111,288,0.13194444444444445,0.21875,50,0.15277777777777779,288,0.11458333333333333,0.19791666666666666,44,0.3263888888888889,0.1736111111111111,0.46808510638297873,True,20260911,5000,artifact/task-cluster percentile 95%; degenerate intervals are not population certainty
S2_CAL,frozen,mistralai/Mistral-7B-Instruct-v0.3,c170c708c41dac9275d15a8fff4eca08d52bab71,immediate_readout,original,bare,calibration,all_valid,ALL,all_pass,36,36,0,36,0,0.95987654320987659,36,0.91975308641975295,0.99074074074074092,1.1666666666666667,36,0.3888888888888889,2.1111111111111112,,0,,,0,,0,,,0,,0,,,0,1,1,,True,20260911,5000,artifact/task-cluster percentile 95%; degenerate intervals are not population certainty
S2_CAL,frozen,mistralai/Mistral-7B-Instruct-v0.3,c170c708c41dac9275d15a8fff4eca08d52bab71,immediate_readout,original,bare,calibration,all_valid,ALL,all_fail,0,0,0,0,0,,0,,,,0,,,,0,,,0,,0,,,0,,0,,,0,,,,True,20260911,5000,artifact/task-cluster percentile 95%; degenerate intervals are not population certainty
S2_CAL,frozen,mistralai/Mistral-7B-Instruct-v0.3,c170c708c41dac9275d15a8fff4eca08d52bab71,immediate_readout,original,bare,calibration,all_valid,coverage,all,108,108,96,12,0,0.62139917695473257,108,0.57098765432098775,0.66975308641975306,3.2685185185185186,108,2.824074074074074,3.7222222222222223,0.020833333333333332,96,0,0.052083333333333336,2,0.020833333333333332,96,0,0.052083333333333336,2,0,96,0,0,0,0.12962962962962962,0.12962962962962962,0,True,20260911,5000,artifact/task-cluster percentile 95%; degenerate intervals are not population certainty
S2_CAL,frozen,mistralai/Mistral-7B-Instruct-v0.3,c170c708c41dac9275d15a8fff4eca08d52bab71,immediate_readout,original,bare,calibration,all_valid,coverage,nontrivial,96,96,96,0,0,0.57407407407407407,96,0.52662037037037035,0.62152777777777779,3.6770833333333335,96,3.25,4.104166666666667,0.020833333333333332,96,0,0.052083333333333336,2,0.020833333333333332,96,0,0.052083333333333336,2,0,96,0,0,0,0.020833333333333332,0.020833333333333332,0,True,20260911,5000,artifact/task-cluster percentile 95%; degenerate intervals are not population certainty
S2_CAL,frozen,mistralai/Mistral-7B-Instruct-v0.3,c170c708c41dac9275d15a8fff4eca08d52bab71,immediate_readout,original,bare,calibration,all_valid,coverage,all_pass,12,12,0,12,0,1,12,1,1,0,12,0,0,,0,,,0,,0,,,0,,0,,,0,1,1,,True,20260911,5000,artifact/task-cluster percentile 95%; degenerate intervals are not population certainty
S2_CAL,frozen,mistralai/Mistral-7B-Instruct-v0.3,c170c708c41dac9275d15a8fff4eca08d52bab71,immediate_readout,original,bare,calibration,all_valid,coverage,all_fail,0,0,0,0,0,,0,,,,0,,,,0,,,0,,0,,,0,,0,,,0,,,,True,20260911,5000,artifact/task-cluster percentile 95%; degenerate intervals are not population certainty
S2_CAL,frozen,mistralai/Mistral-7B-Instruct-v0.3,c170c708c41dac9275d15a8fff4eca08d52bab71,immediate_readout,original,bare,calibration,all_valid,max_violation,all,108,108,96,12,0,0.67901234567901225,108,0.63786008230452673,0.71913580246913567,3.1574074074074074,108,2.75,3.5833333333333335,0.63541666666666663,96,0.54166666666666663,0.72916666666666663,61,0.48958333333333331,96,0.38541666666666669,0.59375,47,0.14583333333333334,96,0.083333333333333329,0.21875,14,0.67592592592592593,0.54629629629629628,0.22950819672131148,True,20260911,5000,artifact/task-cluster percentile 95%; degenerate intervals are not population certainty
S2_CAL,frozen,mistralai/Mistral-7B-Instruct-v0.3,c170c708c41dac9275d15a8fff4eca08d52bab71,immediate_readout,original,bare,calibration,all_valid,max_violation,nontrivial,96,96,96,0,0,0.65393518518518523,96,0.61111111111111105,0.69675925925925919,3.1145833333333335,96,2.71875,3.5104166666666665,0.63541666666666663,96,0.54166666666666663,0.72916666666666663,61,0.48958333333333331,96,0.38541666666666669,0.59375,47,0.14583333333333334,96,0.083333333333333329,0.21875,14,0.63541666666666663,0.48958333333333331,0.22950819672131148,True,20260911,5000,artifact/task-cluster percentile 95%; degenerate intervals are not population certainty
S2_CAL,frozen,mistralai/Mistral-7B-Instruct-v0.3,c170c708c41dac9275d15a8fff4eca08d52bab71,immediate_readout,original,bare,calibration,all_valid,max_violation,all_pass,12,12,0,12,0,0.87962962962962965,12,0.77777777777777779,0.96296296296296291,3.5,12,1.5833333333333333,5.416666666666667,,0,,,0,,0,,,0,,0,,,0,1,1,,True,20260911,5000,artifact/task-cluster percentile 95%; degenerate intervals are not population certainty
S2_CAL,frozen,mistralai/Mistral-7B-Instruct-v0.3,c170c708c41dac9275d15a8fff4eca08d52bab71,immediate_readout,original,bare,calibration,all_valid,max_violation,all_fail,0,0,0,0,0,,0,,,,0,,,,0,,,0,,0,,,0,,0,,,0,,,,True,20260911,5000,artifact/task-cluster percentile 95%; degenerate intervals are not population certainty
S2_CAL,frozen,mistralai/Mistral-7B-Instruct-v0.3,c170c708c41dac9275d15a8fff4eca08d52bab71,immediate_readout,original,bare,calibration,all_valid,numeric_tolerance,all,108,108,96,12,0,0.66049382716049376,108,0.6162551440329217,0.70370370370370372,2.5833333333333335,108,2.2129629629629628,2.9629629629629628,0.32291666666666669,96,0.22916666666666666,0.41666666666666669,31,0.010416666666666666,96,0,0.03125,1,0.3125,96,0.21875,0.40625,30,0.39814814814814814,0.12037037037037036,0.967741935483871,True,20260911,5000,artifact/task-cluster percentile 95%; degenerate intervals are not population certainty
S2_CAL,frozen,mistralai/Mistral-7B-Instruct-v0.3,c170c708c41dac9275d15a8fff4eca08d52bab71,immediate_readout,original,bare,calibration,all_valid,numeric_tolerance,nontrivial,96,96,96,0,0,0.61805555555555547,96,0.57523148148148151,0.65972222222222221,2.90625,96,2.5416666666666665,3.28125,0.32291666666666669,96,0.22916666666666666,0.41666666666666669,31,0.010416666666666666,96,0,0.03125,1,0.3125,96,0.21875,0.40625,30,0.32291666666666669,0.010416666666666666,0.967741935483871,True,20260911,5000,artifact/task-cluster percentile 95%; degenerate intervals are not population certainty
S2_CAL,frozen,mistralai/Mistral-7B-Instruct-v0.3,c170c708c41dac9275d15a8fff4eca08d52bab71,immediate_readout,original,bare,calibration,all_valid,numeric_tolerance,all_pass,12,12,0,12,0,1,12,1,1,0,12,0,0,,0,,,0,,0,,,0,,0,,,0,1,1,,True,20260911,5000,artifact/task-cluster percentile 95%; degenerate intervals are not population certainty
S2_CAL,frozen,mistralai/Mistral-7B-Instruct-v0.3,c170c708c41dac9275d15a8fff4eca08d52bab71,immediate_readout,original,bare,calibration,all_valid,numeric_tolerance,all_fail,0,0,0,0,0,,0,,,,0,,,,0,,,0,,0,,,0,,0,,,0,,,,True,20260911,5000,artifact/task-cluster percentile 95%; degenerate intervals are not population certainty
S3,frozen,Qwen/Qwen2.5-14B-Instruct,cf98f3b3bbb457ad9e2bb7baf9a0125b6b88caa8,immediate_readout,original,bare,test,all_valid,ALL,all,324,324,288,36,0,0.76783264746227708,324,0.74587620027434842,0.78909465020576142,3.3734567901234569,324,3.0771604938271606,3.6666666666666665,0.47916666666666669,288,0.4201388888888889,0.53819444444444442,138,0.47222222222222221,288,0.41666666666666669,0.53125,136,0.0069444444444444441,288,0,0.017361111111111112,2,0.53703703703703709,0.53086419753086422,0.014492753623188406,True,20260911,5000,artifact/task-cluster percentile 95%; degenerate intervals are not population certainty
S3,frozen,Qwen/Qwen2.5-14B-Instruct,cf98f3b3bbb457ad9e2bb7baf9a0125b6b88caa8,immediate_readout,original,bare,test,all_valid,ALL,nontrivial,288,288,288,0,0,0.74614197530864201,288,0.72376543209876543,0.76890432098765438,3.4201388888888888,288,3.1458333333333335,3.6979166666666665,0.47916666666666669,288,0.4201388888888889,0.53819444444444442,138,0.47222222222222221,288,0.41666666666666669,0.53125,136,0.0069444444444444441,288,0,0.017361111111111112,2,0.47916666666666669,0.47222222222222221,0.014492753623188406,True,20260911,5000,artifact/task-cluster percentile 95%; degenerate intervals are not population certainty
S3,frozen,Qwen/Qwen2.5-14B-Instruct,cf98f3b3bbb457ad9e2bb7baf9a0125b6b88caa8,immediate_readout,original,bare,test,all_valid,ALL,all_pass,36,36,0,36,0,0.94135802469135799,36,0.90123456790123457,0.97530864197530853,3,36,1.75,4.5,,0,,,0,,0,,,0,,0,,,0,1,1,,True,20260911,5000,artifact/task-cluster percentile 95%; degenerate intervals are not population certainty
S3,frozen,Qwen/Qwen2.5-14B-Instruct,cf98f3b3bbb457ad9e2bb7baf9a0125b6b88caa8,immediate_readout,original,bare,test,all_valid,ALL,all_fail,0,0,0,0,0,,0,,,,0,,,,0,,,0,,0,,,0,,0,,,0,,,,True,20260911,5000,artifact/task-cluster percentile 95%; degenerate intervals are not population certainty
S3,frozen,Qwen/Qwen2.5-14B-Instruct,cf98f3b3bbb457ad9e2bb7baf9a0125b6b88caa8,immediate_readout,original,bare,test,all_valid,coverage,all,108,108,96,12,0,0.82921810699588494,108,0.8076131687242798,0.84876543209876532,4.8888888888888893,108,4.3703703703703702,5.4168981481481451,0.34375,96,0.25,0.4375,33,0.34375,96,0.25,0.4375,33,0,96,0,0,0,0.41666666666666669,0.41666666666666669,0,True,20260911,5000,artifact/task-cluster percentile 95%; degenerate intervals are not population certainty
S3,frozen,Qwen/Qwen2.5-14B-Instruct,cf98f3b3bbb457ad9e2bb7baf9a0125b6b88caa8,immediate_readout,original,bare,test,all_valid,coverage,nontrivial,96,96,96,0,0,0.82986111111111127,96,0.80902777777777768,0.85069444444444453,4.375,96,3.8645833333333335,4.875,0.34375,96,0.25,0.4375,33,0.34375,96,0.25,0.4375,33,0,96,0,0,0,0.34375,0.34375,0,True,20260911,5000,artifact/task-cluster percentile 95%; degenerate intervals are not population certainty
S3,frozen,Qwen/Qwen2.5-14B-Instruct,cf98f3b3bbb457ad9e2bb7baf9a0125b6b88caa8,immediate_readout,original,bare,test,all_valid,coverage,all_pass,12,12,0,12,0,0.82407407407407407,12,0.73148148148148151,0.88888888888888895,9,12,9,9,,0,,,0,,0,,,0,,0,,,0,1,1,,True,20260911,5000,artifact/task-cluster percentile 95%; degenerate intervals are not population certainty
S3,frozen,Qwen/Qwen2.5-14B-Instruct,cf98f3b3bbb457ad9e2bb7baf9a0125b6b88caa8,immediate_readout,original,bare,test,all_valid,coverage,all_fail,0,0,0,0,0,,0,,,,0,,,,0,,,0,,0,,,0,,0,,,0,,,,True,20260911,5000,artifact/task-cluster percentile 95%; degenerate intervals are not population certainty
S3,frozen,Qwen/Qwen2.5-14B-Instruct,cf98f3b3bbb457ad9e2bb7baf9a0125b6b88caa8,immediate_readout,original,bare,test,all_valid,max_violation,all,108,108,96,12,0,0.64609053497942381,108,0.59979423868312765,0.6923868312757202,3.7129629629629628,108,3.2129629629629628,4.1851851851851851,0.25,96,0.16666666666666666,0.34375,24,0.25,96,0.16666666666666666,0.34375,24,0,96,0,0,0,0.33333333333333331,0.33333333333333331,0,True,20260911,5000,artifact/task-cluster percentile 95%; degenerate intervals are not population certainty
S3,frozen,Qwen/Qwen2.5-14B-Instruct,cf98f3b3bbb457ad9e2bb7baf9a0125b6b88caa8,immediate_readout,original,bare,test,all_valid,max_violation,nontrivial,96,96,96,0,0,0.60185185185185175,96,0.5566840277777777,0.64699074074074081,4.177083333333333,96,3.6979166666666665,4.666666666666667,0.25,96,0.16666666666666666,0.34375,24,0.25,96,0.16666666666666666,0.34375,24,0,96,0,0,0,0.25,0.25,0,True,20260911,5000,artifact/task-cluster percentile 95%; degenerate intervals are not population certainty
S3,frozen,Qwen/Qwen2.5-14B-Instruct,cf98f3b3bbb457ad9e2bb7baf9a0125b6b88caa8,immediate_readout,original,bare,test,all_valid,max_violation,all_pass,12,12,0,12,0,1,12,1,1,0,12,0,0,,0,,,0,,0,,,0,,0,,,0,1,1,,True,20260911,5000,artifact/task-cluster percentile 95%; degenerate intervals are not population certainty
S3,frozen,Qwen/Qwen2.5-14B-Instruct,cf98f3b3bbb457ad9e2bb7baf9a0125b6b88caa8,immediate_readout,original,bare,test,all_valid,max_violation,all_fail,0,0,0,0,0,,0,,,,0,,,,0,,,0,,0,,,0,,0,,,0,,,,True,20260911,5000,artifact/task-cluster percentile 95%; degenerate intervals are not population certainty
S3,frozen,Qwen/Qwen2.5-14B-Instruct,cf98f3b3bbb457ad9e2bb7baf9a0125b6b88caa8,immediate_readout,original,bare,test,all_valid,numeric_tolerance,all,108,108,96,12,0,0.82818930041152261,108,0.79835390946502061,0.85699588477366262,1.5185185185185186,108,1.2592592592592593,1.7777777777777777,0.84375,96,0.77083333333333337,0.91666666666666663,81,0.82291666666666663,96,0.73958333333333337,0.89583333333333337,79,0.020833333333333332,96,0,0.052083333333333336,2,0.86111111111111116,0.84259259259259256,0.024691358024691357,True,20260911,5000,artifact/task-cluster percentile 95%; degenerate intervals are not population certainty
S3,frozen,Qwen/Qwen2.5-14B-Instruct,cf98f3b3bbb457ad9e2bb7baf9a0125b6b88caa8,immediate_readout,original,bare,test,all_valid,numeric_tolerance,nontrivial,96,96,96,0,0,0.80671296296296313,96,0.77662037037037035,0.83564814814814825,1.7083333333333333,96,1.4479166666666667,1.9690104166666629,0.84375,96,0.77083333333333337,0.91666666666666663,81,0.82291666666666663,96,0.73958333333333337,0.89583333333333337,79,0.020833333333333332,96,0,0.052083333333333336,2,0.84375,0.82291666666666663,0.024691358024691357,True,20260911,5000,artifact/task-cluster percentile 95%; degenerate intervals are not population certainty
S3,frozen,Qwen/Qwen2.5-14B-Instruct,cf98f3b3bbb457ad9e2bb7baf9a0125b6b88caa8,immediate_readout,original,bare,test,all_valid,numeric_tolerance,all_pass,12,12,0,12,0,1,12,1,1,0,12,0,0,,0,,,0,,0,,,0,,0,,,0,1,1,,True,20260911,5000,artifact/task-cluster percentile 95%; degenerate intervals are not population certainty
S3,frozen,Qwen/Qwen2.5-14B-Instruct,cf98f3b3bbb457ad9e2bb7baf9a0125b6b88caa8,immediate_readout,original,bare,test,all_valid,numeric_tolerance,all_fail,0,0,0,0,0,,0,,,,0,,,,0,,,0,,0,,,0,,0,,,0,,,,True,20260911,5000,artifact/task-cluster percentile 95%; degenerate intervals are not population certainty
S3,frozen,google/gemma-2-9b-it,11c9b309abf73637e4b6f9a3fa1e92e615547819,immediate_readout,original,bare,test,all_valid,ALL,all,324,324,288,36,0,0.63203017832647457,324,0.60288065843621397,0.66083676268861447,3.3611111111111112,324,3.0956790123456792,3.632716049382716,0.60416666666666663,288,0.54861111111111116,0.65972222222222221,174,0.55555555555555558,288,0.49652777777777779,0.61111111111111116,160,0.048611111111111112,288,0.024305555555555556,0.076388888888888895,14,0.64814814814814814,0.60493827160493829,0.080459770114942528,True,20260911,5000,artifact/task-cluster percentile 95%; degenerate intervals are not population certainty
S3,frozen,google/gemma-2-9b-it,11c9b309abf73637e4b6f9a3fa1e92e615547819,immediate_readout,original,bare,test,all_valid,ALL,nontrivial,288,288,288,0,0,0.62075617283950613,288,0.59375,0.64776234567901225,3.4305555555555554,288,3.1840277777777777,3.6770833333333335,0.60416666666666663,288,0.54861111111111116,0.65972222222222221,174,0.55555555555555558,288,0.49652777777777779,0.61111111111111116,160,0.048611111111111112,288,0.024305555555555556,0.076388888888888895,14,0.60416666666666663,0.55555555555555558,0.080459770114942528,True,20260911,5000,artifact/task-cluster percentile 95%; degenerate intervals are not population certainty
S3,frozen,google/gemma-2-9b-it,11c9b309abf73637e4b6f9a3fa1e92e615547819,immediate_readout,original,bare,test,all_valid,ALL,all_pass,36,36,0,36,0,0.72222222222222232,36,0.58950617283950624,0.84266975308641867,2.8055555555555554,36,1.5833333333333333,4.1388888888888893,,0,,,0,,0,,,0,,0,,,0,1,1,,True,20260911,5000,artifact/task-cluster percentile 95%; degenerate intervals are not population certainty
S3,frozen,google/gemma-2-9b-it,11c9b309abf73637e4b6f9a3fa1e92e615547819,immediate_readout,original,bare,test,all_valid,ALL,all_fail,0,0,0,0,0,,0,,,,0,,,,0,,,0,,0,,,0,,0,,,0,,,,True,20260911,5000,artifact/task-cluster percentile 95%; degenerate intervals are not population certainty
S3,frozen,google/gemma-2-9b-it,11c9b309abf73637e4b6f9a3fa1e92e615547819,immediate_readout,original,bare,test,all_valid,coverage,all,108,108,96,12,0,0.70987654320987659,108,0.6728395061728395,0.74691358024691368,2.6018518518518516,108,2.2685185185185186,2.9351851851851851,0.4375,96,0.33333333333333331,0.54166666666666663,42,0.4375,96,0.33333333333333331,0.54166666666666663,42,0,96,0,0,0,0.5,0.5,0,True,20260911,5000,artifact/task-cluster percentile 95%; degenerate intervals are not population certainty
S3,frozen,google/gemma-2-9b-it,11c9b309abf73637e4b6f9a3fa1e92e615547819,immediate_readout,original,bare,test,all_valid,coverage,nontrivial,96,96,96,0,0,0.67361111111111116,96,0.63888888888888884,0.70833333333333337,2.9270833333333335,96,2.6145833333333335,3.2395833333333335,0.4375,96,0.33333333333333331,0.54166666666666663,42,0.4375,96,0.33333333333333331,0.54166666666666663,42,0,96,0,0,0,0.4375,0.4375,0,True,20260911,5000,artifact/task-cluster percentile 95%; degenerate intervals are not population certainty
S3,frozen,google/gemma-2-9b-it,11c9b309abf73637e4b6f9a3fa1e92e615547819,immediate_readout,original,bare,test,all_valid,coverage,all_pass,12,12,0,12,0,1,12,1,1,0,12,0,0,,0,,,0,,0,,,0,,0,,,0,1,1,,True,20260911,5000,artifact/task-cluster percentile 95%; degenerate intervals are not population certainty
S3,frozen,google/gemma-2-9b-it,11c9b309abf73637e4b6f9a3fa1e92e615547819,immediate_readout,original,bare,test,all_valid,coverage,all_fail,0,0,0,0,0,,0,,,,0,,,,0,,,0,,0,,,0,,0,,,0,,,,True,20260911,5000,artifact/task-cluster percentile 95%; degenerate intervals are not population certainty
S3,frozen,google/gemma-2-9b-it,11c9b309abf73637e4b6f9a3fa1e92e615547819,immediate_readout,original,bare,test,all_valid,max_violation,all,108,108,96,12,0,0.46296296296296285,108,0.4125514403292182,0.51337448559670784,4.9351851851851851,108,4.4629629629629628,5.4074074074074074,0.60416666666666663,96,0.5,0.69791666666666663,58,0.48958333333333331,96,0.39583333333333331,0.59375,47,0.11458333333333333,96,0.052083333333333336,0.17708333333333334,11,0.64814814814814814,0.54629629629629628,0.18965517241379309,True,20260911,5000,artifact/task-cluster percentile 95%; degenerate intervals are not population certainty
S3,frozen,google/gemma-2-9b-it,11c9b309abf73637e4b6f9a3fa1e92e615547819,immediate_readout,original,bare,test,all_valid,max_violation,nontrivial,96,96,96,0,0,0.49999999999999994,96,0.44791666666666669,0.55208333333333337,4.5,96,4.03125,4.96875,0.60416666666666663,96,0.5,0.69791666666666663,58,0.48958333333333331,96,0.39583333333333331,0.59375,47,0.11458333333333333,96,0.052083333333333336,0.17708333333333334,11,0.60416666666666663,0.48958333333333331,0.18965517241379309,True,20260911,5000,artifact/task-cluster percentile 95%; degenerate intervals are not population certainty
S3,frozen,google/gemma-2-9b-it,11c9b309abf73637e4b6f9a3fa1e92e615547819,immediate_readout,original,bare,test,all_valid,max_violation,all_pass,12,12,0,12,0,0.16666666666666671,12,0.12037037037037039,0.20370370370370372,8.4166666666666661,12,8.1666666666666661,8.6666666666666661,,0,,,0,,0,,,0,,0,,,0,1,1,,True,20260911,5000,artifact/task-cluster percentile 95%; degenerate intervals are not population certainty
S3,frozen,google/gemma-2-9b-it,11c9b309abf73637e4b6f9a3fa1e92e615547819,immediate_readout,original,bare,test,all_valid,max_violation,all_fail,0,0,0,0,0,,0,,,,0,,,,0,,,0,,0,,,0,,0,,,0,,,,True,20260911,5000,artifact/task-cluster percentile 95%; degenerate intervals are not population certainty
S3,frozen,google/gemma-2-9b-it,11c9b309abf73637e4b6f9a3fa1e92e615547819,immediate_readout,original,bare,test,all_valid,numeric_tolerance,all,108,108,96,12,0,0.72325102880658443,108,0.67798353909465014,0.76851851851851849,2.5462962962962963,108,2.1296296296296298,2.9722222222222223,0.77083333333333337,96,0.6875,0.85416666666666663,74,0.73958333333333337,96,0.65625,0.82291666666666663,71,0.03125,96,0,0.072916666666666671,3,0.79629629629629628,0.76851851851851849,0.040540540540540543,True,20260911,5000,artifact/task-cluster percentile 95%; degenerate intervals are not population certainty
S3,frozen,google/gemma-2-9b-it,11c9b309abf73637e4b6f9a3fa1e92e615547819,immediate_readout,original,bare,test,all_valid,numeric_tolerance,nontrivial,96,96,96,0,0,0.68865740740740744,96,0.64004629629629628,0.73495370370370372,2.8645833333333335,96,2.4270833333333335,3.3125,0.77083333333333337,96,0.6875,0.85416666666666663,74,0.73958333333333337,96,0.65625,0.82291666666666663,71,0.03125,96,0,0.072916666666666671,3,0.77083333333333337,0.73958333333333337,0.040540540540540543,True,20260911,5000,artifact/task-cluster percentile 95%; degenerate intervals are not population certainty
S3,frozen,google/gemma-2-9b-it,11c9b309abf73637e4b6f9a3fa1e92e615547819,immediate_readout,original,bare,test,all_valid,numeric_tolerance,all_pass,12,12,0,12,0,1,12,1,1,0,12,0,0,,0,,,0,,0,,,0,,0,,,0,1,1,,True,20260911,5000,artifact/task-cluster percentile 95%; degenerate intervals are not population certainty
S3,frozen,google/gemma-2-9b-it,11c9b309abf73637e4b6f9a3fa1e92e615547819,immediate_readout,original,bare,test,all_valid,numeric_tolerance,all_fail,0,0,0,0,0,,0,,,,0,,,,0,,,0,,0,,,0,,0,,,0,,,,True,20260911,5000,artifact/task-cluster percentile 95%; degenerate intervals are not population certainty
S3,frozen,meta-llama/Llama-3.1-8B-Instruct,0e9e39f249a16976918f6564b8830bc894c89659,immediate_readout,original,bare,test,all_valid,ALL,all,324,324,288,36,0,0.53566529492455417,324,0.50616426611796983,0.56481481481481477,4.9043209876543212,324,4.6234567901234565,5.1851851851851851,0.27083333333333331,288,0.21875,0.32291666666666669,78,0.1736111111111111,288,0.13194444444444445,0.21875,50,0.097222222222222224,288,0.0625,0.13194444444444445,28,0.35185185185185186,0.26543209876543211,0.35897435897435898,True,20260911,5000,artifact/task-cluster percentile 95%; degenerate intervals are not population certainty
S3,frozen,meta-llama/Llama-3.1-8B-Instruct,0e9e39f249a16976918f6564b8830bc894c89659,immediate_readout,original,bare,test,all_valid,ALL,nontrivial,288,288,288,0,0,0.55864197530864201,288,0.53009259259259267,0.58758680555555542,4.4236111111111107,288,4.1631076388888895,4.6840277777777777,0.27083333333333331,288,0.21875,0.32291666666666669,78,0.1736111111111111,288,0.13194444444444445,0.21875,50,0.097222222222222224,288,0.0625,0.13194444444444445,28,0.27083333333333331,0.1736111111111111,0.35897435897435898,True,20260911,5000,artifact/task-cluster percentile 95%; degenerate intervals are not population certainty
S3,frozen,meta-llama/Llama-3.1-8B-Instruct,0e9e39f249a16976918f6564b8830bc894c89659,immediate_readout,original,bare,test,all_valid,ALL,all_pass,36,36,0,36,0,0.35185185185185186,36,0.23148148148148145,0.47839506172839502,8.75,36,8.25,9,,0,,,0,,0,,,0,,0,,,0,1,1,,True,20260911,5000,artifact/task-cluster percentile 95%; degenerate intervals are not population certainty
S3,frozen,meta-llama/Llama-3.1-8B-Instruct,0e9e39f249a16976918f6564b8830bc894c89659,immediate_readout,original,bare,test,all_valid,ALL,all_fail,0,0,0,0,0,,0,,,,0,,,,0,,,0,,0,,,0,,0,,,0,,,,True,20260911,5000,artifact/task-cluster percentile 95%; degenerate intervals are not population certainty
S3,frozen,meta-llama/Llama-3.1-8B-Instruct,0e9e39f249a16976918f6564b8830bc894c89659,immediate_readout,original,bare,test,all_valid,coverage,all,108,108,96,12,0,0.68827160493827144,108,0.65020576131687235,0.72530864197530842,4.7129629629629628,108,4.2222222222222223,5.2037037037037033,0.29166666666666669,96,0.19791666666666666,0.38541666666666669,28,0.1875,96,0.11458333333333333,0.27083333333333331,18,0.10416666666666667,96,0.041666666666666664,0.16666666666666666,10,0.37037037037037035,0.27777777777777779,0.35714285714285715,True,20260911,5000,artifact/task-cluster percentile 95%; degenerate intervals are not population certainty
S3,frozen,meta-llama/Llama-3.1-8B-Instruct,0e9e39f249a16976918f6564b8830bc894c89659,immediate_readout,original,bare,test,all_valid,coverage,nontrivial,96,96,96,0,0,0.67592592592592593,96,0.63657407407407407,0.71183449074074046,4.270833333333333,96,3.8125,4.739583333333333,0.29166666666666669,96,0.19791666666666666,0.38541666666666669,28,0.1875,96,0.11458333333333333,0.27083333333333331,18,0.10416666666666667,96,0.041666666666666664,0.16666666666666666,10,0.29166666666666669,0.1875,0.35714285714285715,True,20260911,5000,artifact/task-cluster percentile 95%; degenerate intervals are not population certainty
S3,frozen,meta-llama/Llama-3.1-8B-Instruct,0e9e39f249a16976918f6564b8830bc894c89659,immediate_readout,original,bare,test,all_valid,coverage,all_pass,12,12,0,12,0,0.78703703703703709,12,0.62037037037037035,0.90740740740740744,8.25,12,6.75,9,,0,,,0,,0,,,0,,0,,,0,1,1,,True,20260911,5000,artifact/task-cluster percentile 95%; degenerate intervals are not population certainty
S3,frozen,meta-llama/Llama-3.1-8B-Instruct,0e9e39f249a16976918f6564b8830bc894c89659,immediate_readout,original,bare,test,all_valid,coverage,all_fail,0,0,0,0,0,,0,,,,0,,,,0,,,0,,0,,,0,,0,,,0,,,,True,20260911,5000,artifact/task-cluster percentile 95%; degenerate intervals are not population certainty
S3,frozen,meta-llama/Llama-3.1-8B-Instruct,0e9e39f249a16976918f6564b8830bc894c89659,immediate_readout,original,bare,test,all_valid,max_violation,all,108,108,96,12,0,0.44444444444444425,108,0.39092078189300405,0.49999999999999994,5,108,4.5,5.48171296296296,0.3125,96,0.21875,0.40625,30,0.19791666666666666,96,0.125,0.28125,19,0.11458333333333333,96,0.052083333333333336,0.17708333333333334,11,0.3888888888888889,0.28703703703703703,0.36666666666666664,True,20260911,5000,artifact/task-cluster percentile 95%; degenerate intervals are not population certainty
S3,frozen,meta-llama/Llama-3.1-8B-Instruct,0e9e39f249a16976918f6564b8830bc894c89659,immediate_readout,original,bare,test,all_valid,max_violation,nontrivial,96,96,96,0,0,0.49999999999999994,96,0.44791666666666669,0.55208333333333337,4.5,96,4.03125,4.96875,0.3125,96,0.21875,0.40625,30,0.19791666666666666,96,0.125,0.28125,19,0.11458333333333333,96,0.052083333333333336,0.17708333333333334,11,0.3125,0.19791666666666666,0.36666666666666664,True,20260911,5000,artifact/task-cluster percentile 95%; degenerate intervals are not population certainty
S3,frozen,meta-llama/Llama-3.1-8B-Instruct,0e9e39f249a16976918f6564b8830bc894c89659,immediate_readout,original,bare,test,all_valid,max_violation,all_pass,12,12,0,12,0,0,12,0,0,9,12,9,9,,0,,,0,,0,,,0,,0,,,0,1,1,,True,20260911,5000,artifact/task-cluster percentile 95%; degenerate intervals are not population certainty
S3,frozen,meta-llama/Llama-3.1-8B-Instruct,0e9e39f249a16976918f6564b8830bc894c89659,immediate_readout,original,bare,test,all_valid,max_violation,all_fail,0,0,0,0,0,,0,,,,0,,,,0,,,0,,0,,,0,,0,,,0,,,,True,20260911,5000,artifact/task-cluster percentile 95%; degenerate intervals are not population certainty
S3,frozen,meta-llama/Llama-3.1-8B-Instruct,0e9e39f249a16976918f6564b8830bc894c89659,immediate_readout,original,bare,test,all_valid,numeric_tolerance,all,108,108,96,12,0,0.47427983539094631,108,0.42592592592592593,0.52366255144032914,5,108,4.5,5.48171296296296,0.20833333333333334,96,0.13541666666666666,0.29166666666666669,20,0.13541666666666666,96,0.072916666666666671,0.20833333333333334,13,0.072916666666666671,96,0.03125,0.125,7,0.29629629629629628,0.23148148148148148,0.34999999999999998,True,20260911,5000,artifact/task-cluster percentile 95%; degenerate intervals are not population certainty
S3,frozen,meta-llama/Llama-3.1-8B-Instruct,0e9e39f249a16976918f6564b8830bc894c89659,immediate_readout,original,bare,test,all_valid,numeric_tolerance,nontrivial,96,96,96,0,0,0.49999999999999994,96,0.44791666666666669,0.55208333333333337,4.5,96,4.03125,4.96875,0.20833333333333334,96,0.13541666666666666,0.29166666666666669,20,0.13541666666666666,96,0.072916666666666671,0.20833333333333334,13,0.072916666666666671,96,0.03125,0.125,7,0.20833333333333334,0.13541666666666666,0.34999999999999998,True,20260911,5000,artifact/task-cluster percentile 95%; degenerate intervals are not population certainty
S3,frozen,meta-llama/Llama-3.1-8B-Instruct,0e9e39f249a16976918f6564b8830bc894c89659,immediate_readout,original,bare,test,all_valid,numeric_tolerance,all_pass,12,12,0,12,0,0.26851851851851855,12,0.1851851851851852,0.38888888888888884,9,12,9,9,,0,,,0,,0,,,0,,0,,,0,1,1,,True,20260911,5000,artifact/task-cluster percentile 95%; degenerate intervals are not population certainty
S3,frozen,meta-llama/Llama-3.1-8B-Instruct,0e9e39f249a16976918f6564b8830bc894c89659,immediate_readout,original,bare,test,all_valid,numeric_tolerance,all_fail,0,0,0,0,0,,0,,,,0,,,,0,,,0,,0,,,0,,0,,,0,,,,True,20260911,5000,artifact/task-cluster percentile 95%; degenerate intervals are not population certainty
S3,frozen,mistralai/Mistral-7B-Instruct-v0.3,c170c708c41dac9275d15a8fff4eca08d52bab71,immediate_readout,original,bare,test,all_valid,ALL,all,324,324,288,36,0,0.66838134430727014,324,0.64300411522633749,0.6930727023319615,2.9382716049382718,324,2.7037037037037037,3.175925925925926,0.33333333333333331,288,0.28125,0.3888888888888889,96,0.19444444444444445,288,0.14930555555555555,0.23958333333333334,56,0.1388888888888889,288,0.10069444444444445,0.18055555555555555,40,0.40740740740740738,0.2839506172839506,0.41666666666666669,True,20260911,5000,artifact/task-cluster percentile 95%; degenerate intervals are not population certainty
S3,frozen,mistralai/Mistral-7B-Instruct-v0.3,c170c708c41dac9275d15a8fff4eca08d52bab71,immediate_readout,original,bare,test,all_valid,ALL,nontrivial,288,288,288,0,0,0.62962962962962954,288,0.60493827160493829,0.65316358024691346,3.2743055555555554,288,3.0555555555555554,3.5034722222222223,0.33333333333333331,288,0.28125,0.3888888888888889,96,0.19444444444444445,288,0.14930555555555555,0.23958333333333334,56,0.1388888888888889,288,0.10069444444444445,0.18055555555555555,40,0.33333333333333331,0.19444444444444445,0.41666666666666669,True,20260911,5000,artifact/task-cluster percentile 95%; degenerate intervals are not population certainty
S3,frozen,mistralai/Mistral-7B-Instruct-v0.3,c170c708c41dac9275d15a8fff4eca08d52bab71,immediate_readout,original,bare,test,all_valid,ALL,all_pass,36,36,0,36,0,0.97839506172839508,36,0.93518518518518512,1,0.25,36,0,0.75,,0,,,0,,0,,,0,,0,,,0,1,1,,True,20260911,5000,artifact/task-cluster percentile 95%; degenerate intervals are not population certainty
S3,frozen,mistralai/Mistral-7B-Instruct-v0.3,c170c708c41dac9275d15a8fff4eca08d52bab71,immediate_readout,original,bare,test,all_valid,ALL,all_fail,0,0,0,0,0,,0,,,,0,,,,0,,,0,,0,,,0,,0,,,0,,,,True,20260911,5000,artifact/task-cluster percentile 95%; degenerate intervals are not population certainty
S3,frozen,mistralai/Mistral-7B-Instruct-v0.3,c170c708c41dac9275d15a8fff4eca08d52bab71,immediate_readout,original,bare,test,all_valid,coverage,all,108,108,96,12,0,0.65637860082304522,108,0.61213991769547316,0.70061728395061729,2.9907407407407409,108,2.5833333333333335,3.3981481481481484,0.03125,96,0,0.072916666666666671,3,0.020833333333333332,96,0,0.052083333333333336,2,0.010416666666666666,96,0,0.03125,1,0.1388888888888889,0.12962962962962962,0.33333333333333331,True,20260911,5000,artifact/task-cluster percentile 95%; degenerate intervals are not population certainty
S3,frozen,mistralai/Mistral-7B-Instruct-v0.3,c170c708c41dac9275d15a8fff4eca08d52bab71,immediate_readout,original,bare,test,all_valid,coverage,nontrivial,96,96,96,0,0,0.61342592592592593,96,0.56828703703703709,0.65625,3.3645833333333335,96,2.9583333333333335,3.7708333333333335,0.03125,96,0,0.072916666666666671,3,0.020833333333333332,96,0,0.052083333333333336,2,0.010416666666666666,96,0,0.03125,1,0.03125,0.020833333333333332,0.33333333333333331,True,20260911,5000,artifact/task-cluster percentile 95%; degenerate intervals are not population certainty
S3,frozen,mistralai/Mistral-7B-Instruct-v0.3,c170c708c41dac9275d15a8fff4eca08d52bab71,immediate_readout,original,bare,test,all_valid,coverage,all_pass,12,12,0,12,0,1,12,1,1,0,12,0,0,,0,,,0,,0,,,0,,0,,,0,1,1,,True,20260911,5000,artifact/task-cluster percentile 95%; degenerate intervals are not population certainty
S3,frozen,mistralai/Mistral-7B-Instruct-v0.3,c170c708c41dac9275d15a8fff4eca08d52bab71,immediate_readout,original,bare,test,all_valid,coverage,all_fail,0,0,0,0,0,,0,,,,0,,,,0,,,0,,0,,,0,,0,,,0,,,,True,20260911,5000,artifact/task-cluster percentile 95%; degenerate intervals are not population certainty
S3,frozen,mistralai/Mistral-7B-Instruct-v0.3,c170c708c41dac9275d15a8fff4eca08d52bab71,immediate_readout,original,bare,test,all_valid,max_violation,all,108,108,96,12,0,0.68518518518518501,108,0.64506172839506182,0.72530864197530864,2.9722222222222223,108,2.5833333333333335,3.3703703703703702,0.66666666666666663,96,0.57291666666666663,0.76041666666666663,64,0.53125,96,0.42708333333333331,0.63541666666666663,51,0.13541666666666666,96,0.072916666666666671,0.20833333333333334,13,0.70370370370370372,0.58333333333333337,0.203125,True,20260911,5000,artifact/task-cluster percentile 95%; degenerate intervals are not population certainty
S3,frozen,mistralai/Mistral-7B-Instruct-v0.3,c170c708c41dac9275d15a8fff4eca08d52bab71,immediate_readout,original,bare,test,all_valid,max_violation,nontrivial,96,96,96,0,0,0.65393518518518523,96,0.61689814814814814,0.69212962962962965,3.25,96,2.8854166666666665,3.6145833333333335,0.66666666666666663,96,0.57291666666666663,0.76041666666666663,64,0.53125,96,0.42708333333333331,0.63541666666666663,51,0.13541666666666666,96,0.072916666666666671,0.20833333333333334,13,0.66666666666666663,0.53125,0.203125,True,20260911,5000,artifact/task-cluster percentile 95%; degenerate intervals are not population certainty
S3,frozen,mistralai/Mistral-7B-Instruct-v0.3,c170c708c41dac9275d15a8fff4eca08d52bab71,immediate_readout,original,bare,test,all_valid,max_violation,all_pass,12,12,0,12,0,0.93518518518518512,12,0.80555555555555547,1,0.75,12,0,2.25,,0,,,0,,0,,,0,,0,,,0,1,1,,True,20260911,5000,artifact/task-cluster percentile 95%; degenerate intervals are not population certainty
S3,frozen,mistralai/Mistral-7B-Instruct-v0.3,c170c708c41dac9275d15a8fff4eca08d52bab71,immediate_readout,original,bare,test,all_valid,max_violation,all_fail,0,0,0,0,0,,0,,,,0,,,,0,,,0,,0,,,0,,0,,,0,,,,True,20260911,5000,artifact/task-cluster percentile 95%; degenerate intervals are not population certainty
S3,frozen,mistralai/Mistral-7B-Instruct-v0.3,c170c708c41dac9275d15a8fff4eca08d52bab71,immediate_readout,original,bare,test,all_valid,numeric_tolerance,all,108,108,96,12,0,0.66358024691358031,108,0.62037037037037024,0.70781893004115226,2.8518518518518516,108,2.4444444444444446,3.2592592592592591,0.30208333333333331,96,0.21875,0.39583333333333331,29,0.03125,96,0,0.072916666666666671,3,0.27083333333333331,96,0.1875,0.36458333333333331,26,0.37962962962962965,0.1388888888888889,0.89655172413793105,True,20260911,5000,artifact/task-cluster percentile 95%; degenerate intervals are not population certainty
S3,frozen,mistralai/Mistral-7B-Instruct-v0.3,c170c708c41dac9275d15a8fff4eca08d52bab71,immediate_readout,original,bare,test,all_valid,numeric_tolerance,nontrivial,96,96,96,0,0,0.62152777777777779,96,0.57754629629629639,0.66203703703703709,3.2083333333333335,96,2.8125,3.625,0.30208333333333331,96,0.21875,0.39583333333333331,29,0.03125,96,0,0.072916666666666671,3,0.27083333333333331,96,0.1875,0.36458333333333331,26,0.30208333333333331,0.03125,0.89655172413793105,True,20260911,5000,artifact/task-cluster percentile 95%; degenerate intervals are not population certainty
S3,frozen,mistralai/Mistral-7B-Instruct-v0.3,c170c708c41dac9275d15a8fff4eca08d52bab71,immediate_readout,original,bare,test,all_valid,numeric_tolerance,all_pass,12,12,0,12,0,1,12,1,1,0,12,0,0,,0,,,0,,0,,,0,,0,,,0,1,1,,True,20260911,5000,artifact/task-cluster percentile 95%; degenerate intervals are not population certainty
S3,frozen,mistralai/Mistral-7B-Instruct-v0.3,c170c708c41dac9275d15a8fff4eca08d52bab71,immediate_readout,original,bare,test,all_valid,numeric_tolerance,all_fail,0,0,0,0,0,,0,,,,0,,,,0,,,0,,0,,,0,,0,,,0,,,,True,20260911,5000,artifact/task-cluster percentile 95%; degenerate intervals are not population certainty
CODE,original_8k_old_scorer,Qwen/Qwen2.5-14B-Instruct,cf98f3b3bbb457ad9e2bb7baf9a0125b6b88caa8,immediate_readout,explicit,bare,main,five_models_two_templates_common,ALL,all,62,62,40,22,0,0.74014336917562717,62,0.66308243727598559,0.81182795698924737,2.4193548387096775,62,1.7419354838709677,3.129032258064516,0.875,40,0.77500000000000002,0.97499999999999998,35,0.84999999999999998,40,0.72499999999999998,0.94999999999999996,34,0.025000000000000001,40,0,0.074999999999999997,1,0.91935483870967738,0.90322580645161288,0.028571428571428571,True,20260911,5000,artifact/task-cluster percentile 95%; degenerate intervals are not population certainty
CODE,original_8k_old_scorer,Qwen/Qwen2.5-14B-Instruct,cf98f3b3bbb457ad9e2bb7baf9a0125b6b88caa8,immediate_readout,explicit,bare,main,five_models_two_templates_common,ALL,nontrivial,40,40,40,0,0,0.7416666666666667,40,0.65000000000000002,0.83055555555555549,2.2250000000000001,40,1.45,3.0499999999999998,0.875,40,0.77500000000000002,0.97499999999999998,35,0.84999999999999998,40,0.72499999999999998,0.94999999999999996,34,0.025000000000000001,40,0,0.074999999999999997,1,0.875,0.84999999999999998,0.028571428571428571,True,20260911,5000,artifact/task-cluster percentile 95%; degenerate intervals are not population certainty
CODE,original_8k_old_scorer,Qwen/Qwen2.5-14B-Instruct,cf98f3b3bbb457ad9e2bb7baf9a0125b6b88caa8,immediate_readout,explicit,bare,main,five_models_two_templates_common,ALL,partial,17,17,17,0,0,0.6470588235294118,17,0.52287581699346408,0.76470588235294112,3.2352941176470589,17,2.1176470588235294,4.3529411764705879,0.70588235294117652,17,0.47058823529411764,0.88235294117647056,12,0.6470588235294118,17,0.41176470588235292,0.88235294117647056,11,0.058823529411764705,17,0,0.17647058823529413,1,0.70588235294117652,0.6470588235294118,0.083333333333333329,True,20260911,5000,artifact/task-cluster percentile 95%; degenerate intervals are not population certainty
CODE,original_8k_old_scorer,Qwen/Qwen2.5-14B-Instruct,cf98f3b3bbb457ad9e2bb7baf9a0125b6b88caa8,immediate_readout,explicit,whitespace_union,main,five_models_two_templates_common,ALL,all,62,62,40,22,0,0.73476702508960567,62,0.65770609318996409,0.80645161290322576,2.4516129032258065,62,1.7741935483870968,3.161290322580645,0.875,40,0.77500000000000002,0.97499999999999998,35,0.84999999999999998,40,0.72499999999999998,0.94999999999999996,34,0.025000000000000001,40,0,0.074999999999999997,1,0.91935483870967738,0.90322580645161288,0.028571428571428571,True,20260911,5000,artifact/task-cluster percentile 95%; degenerate intervals are not population certainty
CODE,original_8k_old_scorer,Qwen/Qwen2.5-14B-Instruct,cf98f3b3bbb457ad9e2bb7baf9a0125b6b88caa8,immediate_readout,explicit,whitespace_union,main,five_models_two_templates_common,ALL,nontrivial,40,40,40,0,0,0.73611111111111116,40,0.64444444444444449,0.82499999999999996,2.25,40,1.4750000000000001,3.0750000000000002,0.875,40,0.77500000000000002,0.97499999999999998,35,0.84999999999999998,40,0.72499999999999998,0.94999999999999996,34,0.025000000000000001,40,0,0.074999999999999997,1,0.875,0.84999999999999998,0.028571428571428571,True,20260911,5000,artifact/task-cluster percentile 95%; degenerate intervals are not population certainty
CODE,original_8k_old_scorer,Qwen/Qwen2.5-14B-Instruct,cf98f3b3bbb457ad9e2bb7baf9a0125b6b88caa8,immediate_readout,explicit,whitespace_union,main,five_models_two_templates_common,ALL,partial,17,17,17,0,0,0.63398692810457513,17,0.50980392156862742,0.75816993464052285,3.2941176470588234,17,2.1764705882352939,4.4117647058823533,0.70588235294117652,17,0.47058823529411764,0.88235294117647056,12,0.6470588235294118,17,0.41176470588235292,0.88235294117647056,11,0.058823529411764705,17,0,0.17647058823529413,1,0.70588235294117652,0.6470588235294118,0.083333333333333329,True,20260911,5000,artifact/task-cluster percentile 95%; degenerate intervals are not population certainty
CODE,original_8k_old_scorer,Qwen/Qwen2.5-14B-Instruct,cf98f3b3bbb457ad9e2bb7baf9a0125b6b88caa8,immediate_readout,original,bare,main,five_models_two_templates_common,ALL,all,62,62,40,22,0,0.73835125448028671,62,0.65412186379928317,0.81541218637992807,2.2580645161290325,62,1.564516129032258,3,0.27500000000000002,40,0.14999999999999999,0.42499999999999999,11,0.27500000000000002,40,0.14999999999999999,0.42499999999999999,11,0,40,0,0,0,0.532258064516129,0.532258064516129,0,True,20260911,5000,artifact/task-cluster percentile 95%; degenerate intervals are not population certainty
CODE,original_8k_old_scorer,Qwen/Qwen2.5-14B-Instruct,cf98f3b3bbb457ad9e2bb7baf9a0125b6b88caa8,immediate_readout,original,bare,main,five_models_two_templates_common,ALL,nontrivial,40,40,40,0,0,0.6694444444444444,40,0.57499999999999996,0.76111111111111107,2.8250000000000002,40,2.0249999999999999,3.6749999999999998,0.27500000000000002,40,0.14999999999999999,0.42499999999999999,11,0.27500000000000002,40,0.14999999999999999,0.42499999999999999,11,0,40,0,0,0,0.27500000000000002,0.27500000000000002,0,True,20260911,5000,artifact/task-cluster percentile 95%; degenerate intervals are not population certainty
CODE,original_8k_old_scorer,Qwen/Qwen2.5-14B-Instruct,cf98f3b3bbb457ad9e2bb7baf9a0125b6b88caa8,immediate_readout,original,bare,main,five_models_two_templates_common,ALL,partial,17,17,17,0,0,0.59477124183006524,17,0.45751633986928103,0.71895424836601307,3.6470588235294117,17,2.5294117647058822,4.9411764705882355,0.35294117647058826,17,0.11764705882352941,0.58823529411764708,6,0.35294117647058826,17,0.11764705882352941,0.58823529411764708,6,0,17,0,0,0,0.35294117647058826,0.35294117647058826,0,True,20260911,5000,artifact/task-cluster percentile 95%; degenerate intervals are not population certainty
CODE,original_8k_old_scorer,Qwen/Qwen2.5-14B-Instruct,cf98f3b3bbb457ad9e2bb7baf9a0125b6b88caa8,immediate_readout,original,whitespace_union,main,five_models_two_templates_common,ALL,all,62,62,40,22,0,0.73655913978494625,62,0.65232974910394248,0.81362007168458772,2.274193548387097,62,1.5806451612903225,3.032258064516129,0.29999999999999999,40,0.17499999999999999,0.45000000000000001,12,0.29999999999999999,40,0.17499999999999999,0.45000000000000001,12,0,40,0,0,0,0.54838709677419351,0.54838709677419351,0,True,20260911,5000,artifact/task-cluster percentile 95%; degenerate intervals are not population certainty
CODE,original_8k_old_scorer,Qwen/Qwen2.5-14B-Instruct,cf98f3b3bbb457ad9e2bb7baf9a0125b6b88caa8,immediate_readout,original,whitespace_union,main,five_models_two_templates_common,ALL,nontrivial,40,40,40,0,0,0.6694444444444444,40,0.57499999999999996,0.76111111111111107,2.8250000000000002,40,2.0249999999999999,3.6749999999999998,0.29999999999999999,40,0.17499999999999999,0.45000000000000001,12,0.29999999999999999,40,0.17499999999999999,0.45000000000000001,12,0,40,0,0,0,0.29999999999999999,0.29999999999999999,0,True,20260911,5000,artifact/task-cluster percentile 95%; degenerate intervals are not population certainty
CODE,original_8k_old_scorer,Qwen/Qwen2.5-14B-Instruct,cf98f3b3bbb457ad9e2bb7baf9a0125b6b88caa8,immediate_readout,original,whitespace_union,main,five_models_two_templates_common,ALL,partial,17,17,17,0,0,0.59477124183006524,17,0.45751633986928103,0.71895424836601307,3.6470588235294117,17,2.5294117647058822,4.9411764705882355,0.35294117647058826,17,0.11764705882352941,0.58823529411764708,6,0.35294117647058826,17,0.11764705882352941,0.58823529411764708,6,0,17,0,0,0,0.35294117647058826,0.35294117647058826,0,True,20260911,5000,artifact/task-cluster percentile 95%; degenerate intervals are not population certainty
CODE,original_8k_old_scorer,Qwen/Qwen3-30B-A3B-Thinking-2507,144afc2f379b542fdd4e85a1fcd5e1f79112d95d,native_reason_then_score,explicit,bare,main,five_models_two_templates_common,ALL,all,62,62,40,22,0,0.98028673835125446,62,0.94982078853046592,0.99820788530465943,0.19354838709677419,62,0,0.4838709677419355,0.97499999999999998,40,0.92500000000000004,1,39,0.97499999999999998,40,0.92500000000000004,1,39,0,40,0,0,0,0.9838709677419355,0.9838709677419355,0,True,20260911,5000,artifact/task-cluster percentile 95%; degenerate intervals are not population certainty
CODE,original_8k_old_scorer,Qwen/Qwen3-30B-A3B-Thinking-2507,144afc2f379b542fdd4e85a1fcd5e1f79112d95d,native_reason_then_score,explicit,bare,main,five_models_two_templates_common,ALL,nontrivial,40,40,40,0,0,0.96944444444444444,40,0.92500000000000004,0.99722222222222212,0.29999999999999999,40,0,0.75,0.97499999999999998,40,0.92500000000000004,1,39,0.97499999999999998,40,0.92500000000000004,1,39,0,40,0,0,0,0.97499999999999998,0.97499999999999998,0,True,20260911,5000,artifact/task-cluster percentile 95%; degenerate intervals are not population certainty
CODE,original_8k_old_scorer,Qwen/Qwen3-30B-A3B-Thinking-2507,144afc2f379b542fdd4e85a1fcd5e1f79112d95d,native_reason_then_score,explicit,bare,main,five_models_two_templates_common,ALL,partial,17,17,17,0,0,0.99346405228758172,17,0.98039215686274495,1,0.35294117647058826,17,0,1.0588235294117647,0.94117647058823528,17,0.82352941176470584,1,16,0.94117647058823528,17,0.82352941176470584,1,16,0,17,0,0,0,0.94117647058823528,0.94117647058823528,0,True,20260911,5000,artifact/task-cluster percentile 95%; degenerate intervals are not population certainty
CODE,original_8k_old_scorer,Qwen/Qwen3-30B-A3B-Thinking-2507,144afc2f379b542fdd4e85a1fcd5e1f79112d95d,native_reason_then_score,explicit,whitespace_union,main,five_models_two_templates_common,ALL,all,62,62,40,22,0,0.98028673835125446,62,0.94982078853046592,0.99820788530465943,0.19354838709677419,62,0,0.4838709677419355,0.97499999999999998,40,0.92500000000000004,1,39,0.97499999999999998,40,0.92500000000000004,1,39,0,40,0,0,0,0.9838709677419355,0.9838709677419355,0,True,20260911,5000,artifact/task-cluster percentile 95%; degenerate intervals are not population certainty
CODE,original_8k_old_scorer,Qwen/Qwen3-30B-A3B-Thinking-2507,144afc2f379b542fdd4e85a1fcd5e1f79112d95d,native_reason_then_score,explicit,whitespace_union,main,five_models_two_templates_common,ALL,nontrivial,40,40,40,0,0,0.96944444444444444,40,0.92500000000000004,0.99722222222222212,0.29999999999999999,40,0,0.75,0.97499999999999998,40,0.92500000000000004,1,39,0.97499999999999998,40,0.92500000000000004,1,39,0,40,0,0,0,0.97499999999999998,0.97499999999999998,0,True,20260911,5000,artifact/task-cluster percentile 95%; degenerate intervals are not population certainty
CODE,original_8k_old_scorer,Qwen/Qwen3-30B-A3B-Thinking-2507,144afc2f379b542fdd4e85a1fcd5e1f79112d95d,native_reason_then_score,explicit,whitespace_union,main,five_models_two_templates_common,ALL,partial,17,17,17,0,0,0.99346405228758172,17,0.98039215686274495,1,0.35294117647058826,17,0,1.0588235294117647,0.94117647058823528,17,0.82352941176470584,1,16,0.94117647058823528,17,0.82352941176470584,1,16,0,17,0,0,0,0.94117647058823528,0.94117647058823528,0,True,20260911,5000,artifact/task-cluster percentile 95%; degenerate intervals are not population certainty
CODE,original_8k_old_scorer,Qwen/Qwen3-30B-A3B-Thinking-2507,144afc2f379b542fdd4e85a1fcd5e1f79112d95d,native_reason_then_score,original,bare,main,five_models_two_templates_common,ALL,all,62,62,40,22,0,0.9838709677419355,62,0.95340501792114685,1,0.14516129032258066,62,0,0.41935483870967744,0.97499999999999998,40,0.92500000000000004,1,39,0.97499999999999998,40,0.92500000000000004,1,39,0,40,0,0,0,0.9838709677419355,0.9838709677419355,0,True,20260911,5000,artifact/task-cluster percentile 95%; degenerate intervals are not population certainty
CODE,original_8k_old_scorer,Qwen/Qwen3-30B-A3B-Thinking-2507,144afc2f379b542fdd4e85a1fcd5e1f79112d95d,native_reason_then_score,original,bare,main,five_models_two_templates_common,ALL,nontrivial,40,40,40,0,0,0.97499999999999998,40,0.92777777777777781,1,0.22500000000000001,40,0,0.65000000000000002,0.97499999999999998,40,0.92500000000000004,1,39,0.97499999999999998,40,0.92500000000000004,1,39,0,40,0,0,0,0.97499999999999998,0.97499999999999998,0,True,20260911,5000,artifact/task-cluster percentile 95%; degenerate intervals are not population certainty
CODE,original_8k_old_scorer,Qwen/Qwen3-30B-A3B-Thinking-2507,144afc2f379b542fdd4e85a1fcd5e1f79112d95d,native_reason_then_score,original,bare,main,five_models_two_templates_common,ALL,partial,17,17,17,0,0,0.99346405228758172,17,0.98039215686274495,1,0.058823529411764705,17,0,0.17647058823529413,0.94117647058823528,17,0.82352941176470584,1,16,0.94117647058823528,17,0.82352941176470584,1,16,0,17,0,0,0,0.94117647058823528,0.94117647058823528,0,True,20260911,5000,artifact/task-cluster percentile 95%; degenerate intervals are not population certainty
CODE,original_8k_old_scorer,Qwen/Qwen3-30B-A3B-Thinking-2507,144afc2f379b542fdd4e85a1fcd5e1f79112d95d,native_reason_then_score,original,whitespace_union,main,five_models_two_templates_common,ALL,all,62,62,40,22,0,0.9838709677419355,62,0.95340501792114685,1,0.14516129032258066,62,0,0.41935483870967744,0.97499999999999998,40,0.92500000000000004,1,39,0.97499999999999998,40,0.92500000000000004,1,39,0,40,0,0,0,0.9838709677419355,0.9838709677419355,0,True,20260911,5000,artifact/task-cluster percentile 95%; degenerate intervals are not population certainty
CODE,original_8k_old_scorer,Qwen/Qwen3-30B-A3B-Thinking-2507,144afc2f379b542fdd4e85a1fcd5e1f79112d95d,native_reason_then_score,original,whitespace_union,main,five_models_two_templates_common,ALL,nontrivial,40,40,40,0,0,0.97499999999999998,40,0.92777777777777781,1,0.22500000000000001,40,0,0.65000000000000002,0.97499999999999998,40,0.92500000000000004,1,39,0.97499999999999998,40,0.92500000000000004,1,39,0,40,0,0,0,0.97499999999999998,0.97499999999999998,0,True,20260911,5000,artifact/task-cluster percentile 95%; degenerate intervals are not population certainty
CODE,original_8k_old_scorer,Qwen/Qwen3-30B-A3B-Thinking-2507,144afc2f379b542fdd4e85a1fcd5e1f79112d95d,native_reason_then_score,original,whitespace_union,main,five_models_two_templates_common,ALL,partial,17,17,17,0,0,0.99346405228758172,17,0.98039215686274495,1,0.058823529411764705,17,0,0.17647058823529413,0.94117647058823528,17,0.82352941176470584,1,16,0.94117647058823528,17,0.82352941176470584,1,16,0,17,0,0,0,0.94117647058823528,0.94117647058823528,0,True,20260911,5000,artifact/task-cluster percentile 95%; degenerate intervals are not population certainty
CODE,original_8k_old_scorer,google/gemma-2-9b-it,11c9b309abf73637e4b6f9a3fa1e92e615547819,immediate_readout,explicit,bare,main,five_models_two_templates_common,ALL,all,62,62,40,22,0,0.51792114695340496,62,0.4318996415770609,0.60219534050179158,3.725806451612903,62,2.870967741935484,4.596774193548387,0.65000000000000002,40,0.5,0.80000000000000004,26,0.29999999999999999,40,0.17499999999999999,0.45000000000000001,12,0.34999999999999998,40,0.20000000000000001,0.5,14,0.77419354838709675,0.54838709677419351,0.53846153846153844,True,20260911,5000,artifact/task-cluster percentile 95%; degenerate intervals are not population certainty
CODE,original_8k_old_scorer,google/gemma-2-9b-it,11c9b309abf73637e4b6f9a3fa1e92e615547819,immediate_readout,explicit,bare,main,five_models_two_templates_common,ALL,nontrivial,40,40,40,0,0,0.38055555555555559,40,0.29999999999999999,0.46388888888888891,4.1500000000000004,40,3.125,5.2000000000000002,0.65000000000000002,40,0.5,0.80000000000000004,26,0.29999999999999999,40,0.17499999999999999,0.45000000000000001,12,0.34999999999999998,40,0.20000000000000001,0.5,14,0.65000000000000002,0.29999999999999999,0.53846153846153844,True,20260911,5000,artifact/task-cluster percentile 95%; degenerate intervals are not population certainty
CODE,original_8k_old_scorer,google/gemma-2-9b-it,11c9b309abf73637e4b6f9a3fa1e92e615547819,immediate_readout,explicit,bare,main,five_models_two_templates_common,ALL,partial,17,17,17,0,0,0.49019607843137247,17,0.3856209150326797,0.60784313725490202,4.117647058823529,17,2.9411764705882355,5.2352941176470589,0.23529411764705882,17,0.058823529411764705,0.47058823529411764,4,0.11764705882352941,17,0,0.29411764705882354,2,0.11764705882352941,17,0,0.29411764705882354,2,0.23529411764705882,0.11764705882352941,0.5,True,20260911,5000,artifact/task-cluster percentile 95%; degenerate intervals are not population certainty
CODE,original_8k_old_scorer,google/gemma-2-9b-it,11c9b309abf73637e4b6f9a3fa1e92e615547819,immediate_readout,explicit,whitespace_union,main,five_models_two_templates_common,ALL,all,62,62,40,22,0,0.51792114695340496,62,0.4318996415770609,0.60219534050179158,3.725806451612903,62,2.870967741935484,4.596774193548387,0.67500000000000004,40,0.52500000000000002,0.82499999999999996,27,0.32500000000000001,40,0.17499999999999999,0.47499999999999998,13,0.34999999999999998,40,0.20000000000000001,0.5,14,0.79032258064516125,0.56451612903225812,0.51851851851851849,True,20260911,5000,artifact/task-cluster percentile 95%; degenerate intervals are not population certainty
CODE,original_8k_old_scorer,google/gemma-2-9b-it,11c9b309abf73637e4b6f9a3fa1e92e615547819,immediate_readout,explicit,whitespace_union,main,five_models_two_templates_common,ALL,nontrivial,40,40,40,0,0,0.38055555555555559,40,0.29999999999999999,0.46388888888888891,4.1500000000000004,40,3.125,5.2000000000000002,0.67500000000000004,40,0.52500000000000002,0.82499999999999996,27,0.32500000000000001,40,0.17499999999999999,0.47499999999999998,13,0.34999999999999998,40,0.20000000000000001,0.5,14,0.67500000000000004,0.32500000000000001,0.51851851851851849,True,20260911,5000,artifact/task-cluster percentile 95%; degenerate intervals are not population certainty
CODE,original_8k_old_scorer,google/gemma-2-9b-it,11c9b309abf73637e4b6f9a3fa1e92e615547819,immediate_readout,explicit,whitespace_union,main,five_models_two_templates_common,ALL,partial,17,17,17,0,0,0.49019607843137247,17,0.3856209150326797,0.60784313725490202,4.117647058823529,17,2.9411764705882355,5.2352941176470589,0.29411764705882354,17,0.1161764705882358,0.52941176470588236,5,0.17647058823529413,17,0,0.35294117647058826,3,0.11764705882352941,17,0,0.29411764705882354,2,0.29411764705882354,0.17647058823529413,0.40000000000000002,True,20260911,5000,artifact/task-cluster percentile 95%; degenerate intervals are not population certainty
CODE,original_8k_old_scorer,google/gemma-2-9b-it,11c9b309abf73637e4b6f9a3fa1e92e615547819,immediate_readout,original,bare,main,five_models_two_templates_common,ALL,all,62,62,40,22,0,0.48924731182795694,62,0.39068100358422936,0.58781362007168458,4.435483870967742,62,3.5479838709677418,5.354838709677419,0.050000000000000003,40,0,0.125,2,0.050000000000000003,40,0,0.125,2,0,40,0,0,0,0.38709677419354838,0.38709677419354838,0,True,20260911,5000,artifact/task-cluster percentile 95%; degenerate intervals are not population certainty
CODE,original_8k_old_scorer,google/gemma-2-9b-it,11c9b309abf73637e4b6f9a3fa1e92e615547819,immediate_readout,original,bare,main,five_models_two_templates_common,ALL,nontrivial,40,40,40,0,0,0.32777777777777778,40,0.23888888888888887,0.42229166666666568,5.7750000000000004,40,4.8499999999999996,6.6500000000000004,0.050000000000000003,40,0,0.125,2,0.050000000000000003,40,0,0.125,2,0,40,0,0,0,0.050000000000000003,0.050000000000000003,0,True,20260911,5000,artifact/task-cluster percentile 95%; degenerate intervals are not population certainty
CODE,original_8k_old_scorer,google/gemma-2-9b-it,11c9b309abf73637e4b6f9a3fa1e92e615547819,immediate_readout,original,bare,main,five_models_two_templates_common,ALL,partial,17,17,17,0,0,0.51633986928104569,17,0.3856209150326797,0.6470588235294118,4.4117647058823533,17,3.2338235294117652,5.5882352941176467,0.058823529411764705,17,0,0.17647058823529413,1,0.058823529411764705,17,0,0.17647058823529413,1,0,17,0,0,0,0.058823529411764705,0.058823529411764705,0,True,20260911,5000,artifact/task-cluster percentile 95%; degenerate intervals are not population certainty
CODE,original_8k_old_scorer,google/gemma-2-9b-it,11c9b309abf73637e4b6f9a3fa1e92e615547819,immediate_readout,original,whitespace_union,main,five_models_two_templates_common,ALL,all,62,62,40,22,0,0.48745519713261648,62,0.38709677419354838,0.58602150537634412,4.435483870967742,62,3.5479838709677418,5.354838709677419,0.050000000000000003,40,0,0.125,2,0.050000000000000003,40,0,0.125,2,0,40,0,0,0,0.38709677419354838,0.38709677419354838,0,True,20260911,5000,artifact/task-cluster percentile 95%; degenerate intervals are not population certainty
CODE,original_8k_old_scorer,google/gemma-2-9b-it,11c9b309abf73637e4b6f9a3fa1e92e615547819,immediate_readout,original,whitespace_union,main,five_models_two_templates_common,ALL,nontrivial,40,40,40,0,0,0.32777777777777778,40,0.23888888888888887,0.42229166666666568,5.7750000000000004,40,4.8499999999999996,6.6500000000000004,0.050000000000000003,40,0,0.125,2,0.050000000000000003,40,0,0.125,2,0,40,0,0,0,0.050000000000000003,0.050000000000000003,0,True,20260911,5000,artifact/task-cluster percentile 95%; degenerate intervals are not population certainty
CODE,original_8k_old_scorer,google/gemma-2-9b-it,11c9b309abf73637e4b6f9a3fa1e92e615547819,immediate_readout,original,whitespace_union,main,five_models_two_templates_common,ALL,partial,17,17,17,0,0,0.51633986928104569,17,0.3856209150326797,0.6470588235294118,4.4117647058823533,17,3.2338235294117652,5.5882352941176467,0.058823529411764705,17,0,0.17647058823529413,1,0.058823529411764705,17,0,0.17647058823529413,1,0,17,0,0,0,0.058823529411764705,0.058823529411764705,0,True,20260911,5000,artifact/task-cluster percentile 95%; degenerate intervals are not population certainty
CODE,original_8k_old_scorer,meta-llama/Llama-3.1-8B-Instruct,0e9e39f249a16976918f6564b8830bc894c89659,immediate_readout,explicit,bare,main,five_models_two_templates_common,ALL,all,62,62,40,22,0,0.58064516129032273,62,0.4963709677419354,0.66133512544802808,3.6129032258064515,62,2.8225806451612905,4.435483870967742,0.72499999999999998,40,0.57499999999999996,0.84999999999999998,29,0.65000000000000002,40,0.5,0.80000000000000004,26,0.074999999999999997,40,0,0.17499999999999999,3,0.82258064516129037,0.77419354838709675,0.10344827586206896,True,20260911,5000,artifact/task-cluster percentile 95%; degenerate intervals are not population certainty
CODE,original_8k_old_scorer,meta-llama/Llama-3.1-8B-Instruct,0e9e39f249a16976918f6564b8830bc894c89659,immediate_readout,explicit,bare,main,five_models_two_templates_common,ALL,nontrivial,40,40,40,0,0,0.48333333333333328,40,0.3888888888888889,0.57777777777777772,3.8999999999999999,40,2.9743750000000002,4.875,0.72499999999999998,40,0.57499999999999996,0.84999999999999998,29,0.65000000000000002,40,0.5,0.80000000000000004,26,0.074999999999999997,40,0,0.17499999999999999,3,0.72499999999999998,0.65000000000000002,0.10344827586206896,True,20260911,5000,artifact/task-cluster percentile 95%; degenerate intervals are not population certainty
CODE,original_8k_old_scorer,meta-llama/Llama-3.1-8B-Instruct,0e9e39f249a16976918f6564b8830bc894c89659,immediate_readout,explicit,bare,main,five_models_two_templates_common,ALL,partial,17,17,17,0,0,0.6143790849673203,17,0.49673202614379086,0.72549019607843146,3.3529411764705883,17,2.2352941176470589,4.4705882352941178,0.35294117647058826,17,0.11764705882352941,0.58823529411764708,6,0.23529411764705882,17,0.058823529411764705,0.47058823529411764,4,0.11764705882352941,17,0,0.29411764705882354,2,0.35294117647058826,0.23529411764705882,0.33333333333333331,True,20260911,5000,artifact/task-cluster percentile 95%; degenerate intervals are not population certainty
CODE,original_8k_old_scorer,meta-llama/Llama-3.1-8B-Instruct,0e9e39f249a16976918f6564b8830bc894c89659,immediate_readout,explicit,whitespace_union,main,five_models_two_templates_common,ALL,all,62,62,40,22,0,0.58602150537634412,62,0.49999999999999994,0.66666666666666674,3.467741935483871,62,2.6774193548387095,4.274193548387097,0.77500000000000002,40,0.65000000000000002,0.90000000000000002,31,0.67500000000000004,40,0.52500000000000002,0.82499999999999996,27,0.10000000000000001,40,0.025000000000000001,0.20000000000000001,4,0.85483870967741937,0.79032258064516125,0.12903225806451613,True,20260911,5000,artifact/task-cluster percentile 95%; degenerate intervals are not population certainty
CODE,original_8k_old_scorer,meta-llama/Llama-3.1-8B-Instruct,0e9e39f249a16976918f6564b8830bc894c89659,immediate_readout,explicit,whitespace_union,main,five_models_two_templates_common,ALL,nontrivial,40,40,40,0,0,0.53611111111111109,40,0.43888888888888894,0.63333333333333319,3.4500000000000002,40,2.5249999999999999,4.4249999999999998,0.77500000000000002,40,0.65000000000000002,0.90000000000000002,31,0.67500000000000004,40,0.52500000000000002,0.82499999999999996,27,0.10000000000000001,40,0.025000000000000001,0.20000000000000001,4,0.77500000000000002,0.67500000000000004,0.12903225806451613,True,20260911,5000,artifact/task-cluster percentile 95%; degenerate intervals are not population certainty
CODE,original_8k_old_scorer,meta-llama/Llama-3.1-8B-Instruct,0e9e39f249a16976918f6564b8830bc894c89659,immediate_readout,explicit,whitespace_union,main,five_models_two_templates_common,ALL,partial,17,17,17,0,0,0.59477124183006536,17,0.46405228758169931,0.71895424836601307,3.3529411764705883,17,2.2352941176470589,4.5294117647058822,0.47058823529411764,17,0.23529411764705882,0.70588235294117652,8,0.29411764705882354,17,0.11764705882352941,0.52941176470588236,5,0.17647058823529413,17,0,0.35294117647058826,3,0.47058823529411764,0.29411764705882354,0.375,True,20260911,5000,artifact/task-cluster percentile 95%; degenerate intervals are not population certainty
CODE,original_8k_old_scorer,meta-llama/Llama-3.1-8B-Instruct,0e9e39f249a16976918f6564b8830bc894c89659,immediate_readout,original,bare,main,five_models_two_templates_common,ALL,all,62,62,40,22,0,0.56630824372759836,62,0.47665770609318991,0.65412186379928317,4.693548387096774,62,3.806451612903226,5.596774193548387,0,40,0,0,0,0,40,0,0,0,0,40,0,0,0,0.35483870967741937,0.35483870967741937,,True,20260911,5000,artifact/task-cluster percentile 95%; degenerate intervals are not population certainty
CODE,original_8k_old_scorer,meta-llama/Llama-3.1-8B-Instruct,0e9e39f249a16976918f6564b8830bc894c89659,immediate_readout,original,bare,main,five_models_two_templates_common,ALL,nontrivial,40,40,40,0,0,0.51111111111111107,40,0.40277777777777779,0.61388888888888893,3.2250000000000001,40,2.3500000000000001,4.1749999999999998,0,40,0,0,0,0,40,0,0,0,0,40,0,0,0,0,0,,True,20260911,5000,artifact/task-cluster percentile 95%; degenerate intervals are not population certainty
CODE,original_8k_old_scorer,meta-llama/Llama-3.1-8B-Instruct,0e9e39f249a16976918f6564b8830bc894c89659,immediate_readout,original,bare,main,five_models_two_templates_common,ALL,partial,17,17,17,0,0,0.39869281045751631,17,0.29411764705882354,0.50326797385620914,5.8235294117647056,17,4.7647058823529411,6.8235294117647056,0,17,0,0,0,0,17,0,0,0,0,17,0,0,0,0,0,,True,20260911,5000,artifact/task-cluster percentile 95%; degenerate intervals are not population certainty
CODE,original_8k_old_scorer,meta-llama/Llama-3.1-8B-Instruct,0e9e39f249a16976918f6564b8830bc894c89659,immediate_readout,original,whitespace_union,main,five_models_two_templates_common,ALL,all,62,62,40,22,0,0.55197132616487443,62,0.4641577060931899,0.6380376344086014,4.838709677419355,62,3.9350806451612903,5.741935483870968,0,40,0,0,0,0,40,0,0,0,0,40,0,0,0,0.35483870967741937,0.35483870967741937,,True,20260911,5000,artifact/task-cluster percentile 95%; degenerate intervals are not population certainty
CODE,original_8k_old_scorer,meta-llama/Llama-3.1-8B-Instruct,0e9e39f249a16976918f6564b8830bc894c89659,immediate_readout,original,whitespace_union,main,five_models_two_templates_common,ALL,nontrivial,40,40,40,0,0,0.51388888888888884,40,0.40833333333333333,0.61673611111111015,3.2250000000000001,40,2.3500000000000001,4.1749999999999998,0,40,0,0,0,0,40,0,0,0,0,40,0,0,0,0,0,,True,20260911,5000,artifact/task-cluster percentile 95%; degenerate intervals are not population certainty
CODE,original_8k_old_scorer,meta-llama/Llama-3.1-8B-Instruct,0e9e39f249a16976918f6564b8830bc894c89659,immediate_readout,original,whitespace_union,main,five_models_two_templates_common,ALL,partial,17,17,17,0,0,0.37254901960784309,17,0.27450980392156865,0.47712418300653592,5.8235294117647056,17,4.7647058823529411,6.8235294117647056,0,17,0,0,0,0,17,0,0,0,0,17,0,0,0,0,0,,True,20260911,5000,artifact/task-cluster percentile 95%; degenerate intervals are not population certainty
CODE,original_8k_old_scorer,mistralai/Mistral-7B-Instruct-v0.3,c170c708c41dac9275d15a8fff4eca08d52bab71,immediate_readout,explicit,bare,main,five_models_two_templates_common,ALL,all,62,62,40,22,0,0.56451612903225812,62,0.46594982078853053,0.66133512544802808,3.903225806451613,62,3.0318548387096773,4.774193548387097,0.14999999999999999,40,0.050000000000000003,0.27500000000000002,6,0.074999999999999997,40,0,0.17499999999999999,3,0.074999999999999997,40,0,0.17499999999999999,3,0.45161290322580644,0.40322580645161288,0.5,True,20260911,5000,artifact/task-cluster percentile 95%; degenerate intervals are not population certainty
CODE,original_8k_old_scorer,mistralai/Mistral-7B-Instruct-v0.3,c170c708c41dac9275d15a8fff4eca08d52bab71,immediate_readout,explicit,bare,main,five_models_two_templates_common,ALL,nontrivial,40,40,40,0,0,0.36388888888888887,40,0.26944444444444449,0.46944444444444444,5.7000000000000002,40,4.75,6.5750000000000002,0.14999999999999999,40,0.050000000000000003,0.27500000000000002,6,0.074999999999999997,40,0,0.17499999999999999,3,0.074999999999999997,40,0,0.17499999999999999,3,0.14999999999999999,0.074999999999999997,0.5,True,20260911,5000,artifact/task-cluster percentile 95%; degenerate intervals are not population certainty
CODE,original_8k_old_scorer,mistralai/Mistral-7B-Instruct-v0.3,c170c708c41dac9275d15a8fff4eca08d52bab71,immediate_readout,explicit,bare,main,five_models_two_templates_common,ALL,partial,17,17,17,0,0,0.66013071895424835,17,0.54901960784313719,0.76470588235294112,3.0588235294117645,17,2.1176470588235294,4.0588235294117645,0.17647058823529413,17,0,0.35294117647058826,3,0.11764705882352941,17,0,0.29411764705882354,2,0.058823529411764705,17,0,0.17647058823529413,1,0.17647058823529413,0.11764705882352941,0.33333333333333331,True,20260911,5000,artifact/task-cluster percentile 95%; degenerate intervals are not population certainty
CODE,original_8k_old_scorer,mistralai/Mistral-7B-Instruct-v0.3,c170c708c41dac9275d15a8fff4eca08d52bab71,immediate_readout,explicit,whitespace_union,main,five_models_two_templates_common,ALL,all,62,62,40,22,0,0.56451612903225812,62,0.46594982078853053,0.66133512544802808,3.903225806451613,62,3.0318548387096773,4.774193548387097,0.14999999999999999,40,0.050000000000000003,0.27500000000000002,6,0.074999999999999997,40,0,0.17499999999999999,3,0.074999999999999997,40,0,0.17499999999999999,3,0.45161290322580644,0.40322580645161288,0.5,True,20260911,5000,artifact/task-cluster percentile 95%; degenerate intervals are not population certainty
CODE,original_8k_old_scorer,mistralai/Mistral-7B-Instruct-v0.3,c170c708c41dac9275d15a8fff4eca08d52bab71,immediate_readout,explicit,whitespace_union,main,five_models_two_templates_common,ALL,nontrivial,40,40,40,0,0,0.36388888888888887,40,0.26944444444444449,0.46944444444444444,5.7000000000000002,40,4.75,6.5750000000000002,0.14999999999999999,40,0.050000000000000003,0.27500000000000002,6,0.074999999999999997,40,0,0.17499999999999999,3,0.074999999999999997,40,0,0.17499999999999999,3,0.14999999999999999,0.074999999999999997,0.5,True,20260911,5000,artifact/task-cluster percentile 95%; degenerate intervals are not population certainty
CODE,original_8k_old_scorer,mistralai/Mistral-7B-Instruct-v0.3,c170c708c41dac9275d15a8fff4eca08d52bab71,immediate_readout,explicit,whitespace_union,main,five_models_two_templates_common,ALL,partial,17,17,17,0,0,0.66013071895424835,17,0.54901960784313719,0.76470588235294112,3.0588235294117645,17,2.1176470588235294,4.0588235294117645,0.17647058823529413,17,0,0.35294117647058826,3,0.11764705882352941,17,0,0.29411764705882354,2,0.058823529411764705,17,0,0.17647058823529413,1,0.17647058823529413,0.11764705882352941,0.33333333333333331,True,20260911,5000,artifact/task-cluster percentile 95%; degenerate intervals are not population certainty
CODE,original_8k_old_scorer,mistralai/Mistral-7B-Instruct-v0.3,c170c708c41dac9275d15a8fff4eca08d52bab71,immediate_readout,original,bare,main,five_models_two_templates_common,ALL,all,62,62,40,22,0,0.46953405017921146,62,0.38351254480286734,0.5591397849462364,5.354838709677419,62,4.4516129032258061,6.2100806451612849,0,40,0,0,0,0,40,0,0,0,0,40,0,0,0,0.35483870967741937,0.35483870967741937,,True,20260911,5000,artifact/task-cluster percentile 95%; degenerate intervals are not population certainty
CODE,original_8k_old_scorer,mistralai/Mistral-7B-Instruct-v0.3,c170c708c41dac9275d15a8fff4eca08d52bab71,immediate_readout,original,bare,main,five_models_two_templates_common,ALL,nontrivial,40,40,40,0,0,0.28333333333333333,40,0.20555555555555555,0.3666666666666667,3.5750000000000002,40,2.6749999999999998,4.5499999999999998,0,40,0,0,0,0,40,0,0,0,0,40,0,0,0,0,0,,True,20260911,5000,artifact/task-cluster percentile 95%; degenerate intervals are not population certainty
CODE,original_8k_old_scorer,mistralai/Mistral-7B-Instruct-v0.3,c170c708c41dac9275d15a8fff4eca08d52bab71,immediate_readout,original,bare,main,five_models_two_templates_common,ALL,partial,17,17,17,0,0,0.4509803921568627,17,0.33986928104575165,0.56862745098039214,5.8235294117647056,17,4.7647058823529411,6.8235294117647056,0,17,0,0,0,0,17,0,0,0,0,17,0,0,0,0,0,,True,20260911,5000,artifact/task-cluster percentile 95%; degenerate intervals are not population certainty
CODE,original_8k_old_scorer,mistralai/Mistral-7B-Instruct-v0.3,c170c708c41dac9275d15a8fff4eca08d52bab71,immediate_readout,original,whitespace_union,main,five_models_two_templates_common,ALL,all,62,62,40,22,0,0.50358422939068104,62,0.40322580645161288,0.60215053763440851,4.080645161290323,62,3.193548387096774,4.967741935483871,0,40,0,0,0,0,40,0,0,0,0,40,0,0,0,0.35483870967741937,0.35483870967741937,,True,20260911,5000,artifact/task-cluster percentile 95%; degenerate intervals are not population certainty
CODE,original_8k_old_scorer,mistralai/Mistral-7B-Instruct-v0.3,c170c708c41dac9275d15a8fff4eca08d52bab71,immediate_readout,original,whitespace_union,main,five_models_two_templates_common,ALL,nontrivial,40,40,40,0,0,0.28333333333333333,40,0.19166666666666665,0.38055555555555559,3.8500000000000001,40,2.9249999999999998,4.7999999999999998,0,40,0,0,0,0,40,0,0,0,0,40,0,0,0,0,0,,True,20260911,5000,artifact/task-cluster percentile 95%; degenerate intervals are not population certainty
CODE,original_8k_old_scorer,mistralai/Mistral-7B-Instruct-v0.3,c170c708c41dac9275d15a8fff4eca08d52bab71,immediate_readout,original,whitespace_union,main,five_models_two_templates_common,ALL,partial,17,17,17,0,0,0.56209150326797397,17,0.45751633986928103,0.66666666666666674,5.6470588235294121,17,4.5294117647058822,6.7058823529411766,0,17,0,0,0,0,17,0,0,0,0,17,0,0,0,0,0,,True,20260911,5000,artifact/task-cluster percentile 95%; degenerate intervals are not population certainty
CODE,original_8k_shared_prefix_scorer,Qwen/Qwen2.5-14B-Instruct,cf98f3b3bbb457ad9e2bb7baf9a0125b6b88caa8,immediate_readout,explicit,bare,main,five_models_two_templates_common,ALL,all,63,63,41,22,0,0.74250440917107574,63,0.66666666666666652,0.81657848324514981,2.3968253968253967,63,1.7142857142857142,3.126984126984127,0.87804878048780488,41,0.78048780487804881,0.97560975609756095,36,0.85365853658536583,41,0.73170731707317072,0.95121951219512191,35,0.024390243902439025,41,0,0.073170731707317069,1,0.92063492063492058,0.90476190476190477,0.027777777777777776,True,20260911,5000,artifact/task-cluster percentile 95%; degenerate intervals are not population certainty
CODE,original_8k_shared_prefix_scorer,Qwen/Qwen2.5-14B-Instruct,cf98f3b3bbb457ad9e2bb7baf9a0125b6b88caa8,immediate_readout,explicit,bare,main,five_models_two_templates_common,ALL,nontrivial,41,41,41,0,0,0.7452574525745258,41,0.65311653116531165,0.8319783197831977,2.1951219512195124,41,1.4390243902439024,3,0.87804878048780488,41,0.78048780487804881,0.97560975609756095,36,0.85365853658536583,41,0.73170731707317072,0.95121951219512191,35,0.024390243902439025,41,0,0.073170731707317069,1,0.87804878048780488,0.85365853658536583,0.027777777777777776,True,20260911,5000,artifact/task-cluster percentile 95%; degenerate intervals are not population certainty
CODE,original_8k_shared_prefix_scorer,Qwen/Qwen2.5-14B-Instruct,cf98f3b3bbb457ad9e2bb7baf9a0125b6b88caa8,immediate_readout,explicit,bare,main,five_models_two_templates_common,ALL,partial,18,18,18,0,0,0.66049382716049387,18,0.54320987654320996,0.77160493827160492,3.1111111111111112,18,2.1111111111111112,4.166666666666667,0.72222222222222221,18,0.5,0.88888888888888884,13,0.66666666666666663,18,0.44444444444444442,0.88888888888888884,12,0.055555555555555552,18,0,0.16666666666666666,1,0.72222222222222221,0.66666666666666663,0.076923076923076927,True,20260911,5000,artifact/task-cluster percentile 95%; degenerate intervals are not population certainty
CODE,original_8k_shared_prefix_scorer,Qwen/Qwen2.5-14B-Instruct,cf98f3b3bbb457ad9e2bb7baf9a0125b6b88caa8,immediate_readout,explicit,whitespace_union,main,five_models_two_templates_common,ALL,all,63,63,41,22,0,0.73721340388007039,63,0.65961199294532635,0.81128747795414446,2.4285714285714284,63,1.746031746031746,3.1587301587301586,0.87804878048780488,41,0.78048780487804881,0.97560975609756095,36,0.85365853658536583,41,0.73170731707317072,0.95121951219512191,35,0.024390243902439025,41,0,0.073170731707317069,1,0.92063492063492058,0.90476190476190477,0.027777777777777776,True,20260911,5000,artifact/task-cluster percentile 95%; degenerate intervals are not population certainty
CODE,original_8k_shared_prefix_scorer,Qwen/Qwen2.5-14B-Instruct,cf98f3b3bbb457ad9e2bb7baf9a0125b6b88caa8,immediate_readout,explicit,whitespace_union,main,five_models_two_templates_common,ALL,nontrivial,41,41,41,0,0,0.73983739837398366,41,0.64769647696476962,0.82655826558265577,2.2195121951219514,41,1.4634146341463414,3.024390243902439,0.87804878048780488,41,0.78048780487804881,0.97560975609756095,36,0.85365853658536583,41,0.73170731707317072,0.95121951219512191,35,0.024390243902439025,41,0,0.073170731707317069,1,0.87804878048780488,0.85365853658536583,0.027777777777777776,True,20260911,5000,artifact/task-cluster percentile 95%; degenerate intervals are not population certainty
CODE,original_8k_shared_prefix_scorer,Qwen/Qwen2.5-14B-Instruct,cf98f3b3bbb457ad9e2bb7baf9a0125b6b88caa8,immediate_readout,explicit,whitespace_union,main,five_models_two_templates_common,ALL,partial,18,18,18,0,0,0.64814814814814814,18,0.53086419753086422,0.7592592592592593,3.1666666666666665,18,2.1666666666666665,4.2222222222222223,0.72222222222222221,18,0.5,0.88888888888888884,13,0.66666666666666663,18,0.44444444444444442,0.88888888888888884,12,0.055555555555555552,18,0,0.16666666666666666,1,0.72222222222222221,0.66666666666666663,0.076923076923076927,True,20260911,5000,artifact/task-cluster percentile 95%; degenerate intervals are not population certainty
CODE,original_8k_shared_prefix_scorer,Qwen/Qwen2.5-14B-Instruct,cf98f3b3bbb457ad9e2bb7baf9a0125b6b88caa8,immediate_readout,original,bare,main,five_models_two_templates_common,ALL,all,63,63,41,22,0,0.73721340388007039,63,0.6543209876543209,0.81481481481481466,2.3492063492063493,63,1.6507936507936507,3.0952380952380953,0.29268292682926828,41,0.17073170731707318,0.43902439024390244,12,0.29268292682926828,41,0.17073170731707318,0.43902439024390244,12,0,41,0,0,0,0.53968253968253965,0.53968253968253965,0,True,20260911,5000,artifact/task-cluster percentile 95%; degenerate intervals are not population certainty
CODE,original_8k_shared_prefix_scorer,Qwen/Qwen2.5-14B-Instruct,cf98f3b3bbb457ad9e2bb7baf9a0125b6b88caa8,immediate_readout,original,bare,main,five_models_two_templates_common,ALL,nontrivial,41,41,41,0,0,0.66937669376693776,41,0.56910569105691056,0.75609756097560965,2.9512195121951219,41,2.1219512195121952,3.8536585365853657,0.29268292682926828,41,0.17073170731707318,0.43902439024390244,12,0.29268292682926828,41,0.17073170731707318,0.43902439024390244,12,0,41,0,0,0,0.29268292682926828,0.29268292682926828,0,True,20260911,5000,artifact/task-cluster percentile 95%; degenerate intervals are not population certainty
CODE,original_8k_shared_prefix_scorer,Qwen/Qwen2.5-14B-Instruct,cf98f3b3bbb457ad9e2bb7baf9a0125b6b88caa8,immediate_readout,original,bare,main,five_models_two_templates_common,ALL,partial,18,18,18,0,0,0.59876543209876543,18,0.47530864197530853,0.71604938271604945,3.8888888888888888,18,2.7222222222222223,5.166666666666667,0.3888888888888889,18,0.16666666666666666,0.61111111111111116,7,0.3888888888888889,18,0.16666666666666666,0.61111111111111116,7,0,18,0,0,0,0.3888888888888889,0.3888888888888889,0,True,20260911,5000,artifact/task-cluster percentile 95%; degenerate intervals are not population certainty
CODE,original_8k_shared_prefix_scorer,Qwen/Qwen2.5-14B-Instruct,cf98f3b3bbb457ad9e2bb7baf9a0125b6b88caa8,immediate_readout,original,whitespace_union,main,five_models_two_templates_common,ALL,all,63,63,41,22,0,0.7336860670194002,63,0.64902998236331566,0.81305114638447951,2.3650793650793651,63,1.6507936507936507,3.1111111111111112,0.31707317073170732,41,0.17073170731707318,0.46341463414634149,13,0.31707317073170732,41,0.17073170731707318,0.46341463414634149,13,0,41,0,0,0,0.55555555555555558,0.55555555555555558,0,True,20260911,5000,artifact/task-cluster percentile 95%; degenerate intervals are not population certainty
CODE,original_8k_shared_prefix_scorer,Qwen/Qwen2.5-14B-Instruct,cf98f3b3bbb457ad9e2bb7baf9a0125b6b88caa8,immediate_readout,original,whitespace_union,main,five_models_two_templates_common,ALL,nontrivial,41,41,41,0,0,0.66666666666666663,41,0.56903794037940369,0.75338753387533874,2.9512195121951219,41,2.1219512195121952,3.8536585365853657,0.31707317073170732,41,0.17073170731707318,0.46341463414634149,13,0.31707317073170732,41,0.17073170731707318,0.46341463414634149,13,0,41,0,0,0,0.31707317073170732,0.31707317073170732,0,True,20260911,5000,artifact/task-cluster percentile 95%; degenerate intervals are not population certainty
CODE,original_8k_shared_prefix_scorer,Qwen/Qwen2.5-14B-Instruct,cf98f3b3bbb457ad9e2bb7baf9a0125b6b88caa8,immediate_readout,original,whitespace_union,main,five_models_two_templates_common,ALL,partial,18,18,18,0,0,0.59259259259259256,18,0.46913580246913572,0.70987654320987648,3.8888888888888888,18,2.7222222222222223,5.166666666666667,0.3888888888888889,18,0.16666666666666666,0.61111111111111116,7,0.3888888888888889,18,0.16666666666666666,0.61111111111111116,7,0,18,0,0,0,0.3888888888888889,0.3888888888888889,0,True,20260911,5000,artifact/task-cluster percentile 95%; degenerate intervals are not population certainty
CODE,original_8k_shared_prefix_scorer,Qwen/Qwen3-30B-A3B-Thinking-2507,144afc2f379b542fdd4e85a1fcd5e1f79112d95d,native_reason_then_score,explicit,bare,main,five_models_two_templates_common,ALL,all,63,63,41,22,0,0.98059964726631399,63,0.9506172839506174,0.99823633156966485,0.19047619047619047,63,0,0.47619047619047616,0.97560975609756095,41,0.92682926829268297,1,40,0.97560975609756095,41,0.92682926829268297,1,40,0,41,0,0,0,0.98412698412698407,0.98412698412698407,0,True,20260911,5000,artifact/task-cluster percentile 95%; degenerate intervals are not population certainty
CODE,original_8k_shared_prefix_scorer,Qwen/Qwen3-30B-A3B-Thinking-2507,144afc2f379b542fdd4e85a1fcd5e1f79112d95d,native_reason_then_score,explicit,bare,main,five_models_two_templates_common,ALL,nontrivial,41,41,41,0,0,0.97018970189701903,41,0.92682926829268297,0.99728997289972887,0.29268292682926828,41,0,0.73170731707317072,0.97560975609756095,41,0.92682926829268297,1,40,0.97560975609756095,41,0.92682926829268297,1,40,0,41,0,0,0,0.97560975609756095,0.97560975609756095,0,True,20260911,5000,artifact/task-cluster percentile 95%; degenerate intervals are not population certainty
CODE,original_8k_shared_prefix_scorer,Qwen/Qwen3-30B-A3B-Thinking-2507,144afc2f379b542fdd4e85a1fcd5e1f79112d95d,native_reason_then_score,explicit,bare,main,five_models_two_templates_common,ALL,partial,18,18,18,0,0,0.99382716049382713,18,0.98148148148148151,1,0.33333333333333331,18,0,1,0.94444444444444442,18,0.83333333333333337,1,17,0.94444444444444442,18,0.83333333333333337,1,17,0,18,0,0,0,0.94444444444444442,0.94444444444444442,0,True,20260911,5000,artifact/task-cluster percentile 95%; degenerate intervals are not population certainty
CODE,original_8k_shared_prefix_scorer,Qwen/Qwen3-30B-A3B-Thinking-2507,144afc2f379b542fdd4e85a1fcd5e1f79112d95d,native_reason_then_score,explicit,whitespace_union,main,five_models_two_templates_common,ALL,all,63,63,41,22,0,0.98059964726631399,63,0.9506172839506174,0.99823633156966485,0.19047619047619047,63,0,0.47619047619047616,0.97560975609756095,41,0.92682926829268297,1,40,0.97560975609756095,41,0.92682926829268297,1,40,0,41,0,0,0,0.98412698412698407,0.98412698412698407,0,True,20260911,5000,artifact/task-cluster percentile 95%; degenerate intervals are not population certainty
CODE,original_8k_shared_prefix_scorer,Qwen/Qwen3-30B-A3B-Thinking-2507,144afc2f379b542fdd4e85a1fcd5e1f79112d95d,native_reason_then_score,explicit,whitespace_union,main,five_models_two_templates_common,ALL,nontrivial,41,41,41,0,0,0.97018970189701903,41,0.92682926829268297,0.99728997289972887,0.29268292682926828,41,0,0.73170731707317072,0.97560975609756095,41,0.92682926829268297,1,40,0.97560975609756095,41,0.92682926829268297,1,40,0,41,0,0,0,0.97560975609756095,0.97560975609756095,0,True,20260911,5000,artifact/task-cluster percentile 95%; degenerate intervals are not population certainty
CODE,original_8k_shared_prefix_scorer,Qwen/Qwen3-30B-A3B-Thinking-2507,144afc2f379b542fdd4e85a1fcd5e1f79112d95d,native_reason_then_score,explicit,whitespace_union,main,five_models_two_templates_common,ALL,partial,18,18,18,0,0,0.99382716049382713,18,0.98148148148148151,1,0.33333333333333331,18,0,1,0.94444444444444442,18,0.83333333333333337,1,17,0.94444444444444442,18,0.83333333333333337,1,17,0,18,0,0,0,0.94444444444444442,0.94444444444444442,0,True,20260911,5000,artifact/task-cluster percentile 95%; degenerate intervals are not population certainty
CODE,original_8k_shared_prefix_scorer,Qwen/Qwen3-30B-A3B-Thinking-2507,144afc2f379b542fdd4e85a1fcd5e1f79112d95d,native_reason_then_score,original,bare,main,five_models_two_templates_common,ALL,all,63,63,41,22,0,0.98412698412698407,63,0.95414462081128737,1,0.14285714285714285,63,0,0.41269841269841268,0.97560975609756095,41,0.92682926829268297,1,40,0.97560975609756095,41,0.92682926829268297,1,40,0,41,0,0,0,0.98412698412698407,0.98412698412698407,0,True,20260911,5000,artifact/task-cluster percentile 95%; degenerate intervals are not population certainty
CODE,original_8k_shared_prefix_scorer,Qwen/Qwen3-30B-A3B-Thinking-2507,144afc2f379b542fdd4e85a1fcd5e1f79112d95d,native_reason_then_score,original,bare,main,five_models_two_templates_common,ALL,nontrivial,41,41,41,0,0,0.97560975609756095,41,0.92953929539295399,1,0.21951219512195122,41,0,0.63414634146341464,0.97560975609756095,41,0.92682926829268297,1,40,0.97560975609756095,41,0.92682926829268297,1,40,0,41,0,0,0,0.97560975609756095,0.97560975609756095,0,True,20260911,5000,artifact/task-cluster percentile 95%; degenerate intervals are not population certainty
CODE,original_8k_shared_prefix_scorer,Qwen/Qwen3-30B-A3B-Thinking-2507,144afc2f379b542fdd4e85a1fcd5e1f79112d95d,native_reason_then_score,original,bare,main,five_models_two_templates_common,ALL,partial,18,18,18,0,0,0.99382716049382713,18,0.98148148148148151,1,0.055555555555555552,18,0,0.16666666666666666,0.94444444444444442,18,0.83333333333333337,1,17,0.94444444444444442,18,0.83333333333333337,1,17,0,18,0,0,0,0.94444444444444442,0.94444444444444442,0,True,20260911,5000,artifact/task-cluster percentile 95%; degenerate intervals are not population certainty
CODE,original_8k_shared_prefix_scorer,Qwen/Qwen3-30B-A3B-Thinking-2507,144afc2f379b542fdd4e85a1fcd5e1f79112d95d,native_reason_then_score,original,whitespace_union,main,five_models_two_templates_common,ALL,all,63,63,41,22,0,0.98412698412698407,63,0.95414462081128737,1,0.14285714285714285,63,0,0.41269841269841268,0.97560975609756095,41,0.92682926829268297,1,40,0.97560975609756095,41,0.92682926829268297,1,40,0,41,0,0,0,0.98412698412698407,0.98412698412698407,0,True,20260911,5000,artifact/task-cluster percentile 95%; degenerate intervals are not population certainty
CODE,original_8k_shared_prefix_scorer,Qwen/Qwen3-30B-A3B-Thinking-2507,144afc2f379b542fdd4e85a1fcd5e1f79112d95d,native_reason_then_score,original,whitespace_union,main,five_models_two_templates_common,ALL,nontrivial,41,41,41,0,0,0.97560975609756095,41,0.92953929539295399,1,0.21951219512195122,41,0,0.63414634146341464,0.97560975609756095,41,0.92682926829268297,1,40,0.97560975609756095,41,0.92682926829268297,1,40,0,41,0,0,0,0.97560975609756095,0.97560975609756095,0,True,20260911,5000,artifact/task-cluster percentile 95%; degenerate intervals are not population certainty
CODE,original_8k_shared_prefix_scorer,Qwen/Qwen3-30B-A3B-Thinking-2507,144afc2f379b542fdd4e85a1fcd5e1f79112d95d,native_reason_then_score,original,whitespace_union,main,five_models_two_templates_common,ALL,partial,18,18,18,0,0,0.99382716049382713,18,0.98148148148148151,1,0.055555555555555552,18,0,0.16666666666666666,0.94444444444444442,18,0.83333333333333337,1,17,0.94444444444444442,18,0.83333333333333337,1,17,0,18,0,0,0,0.94444444444444442,0.94444444444444442,0,True,20260911,5000,artifact/task-cluster percentile 95%; degenerate intervals are not population certainty
CODE,original_8k_shared_prefix_scorer,google/gemma-2-9b-it,11c9b309abf73637e4b6f9a3fa1e92e615547819,immediate_readout,explicit,bare,main,five_models_two_templates_common,ALL,all,63,63,41,22,0,0.51322751322751314,63,0.42857142857142849,0.60141093474426799,3.7777777777777777,63,2.9206349206349205,4.6031746031746028,0.65853658536585369,41,0.51219512195121952,0.80487804878048785,27,0.31707317073170732,41,0.17073170731707318,0.46341463414634149,13,0.34146341463414637,41,0.1951219512195122,0.48780487804878048,14,0.77777777777777779,0.55555555555555558,0.51851851851851849,True,20260911,5000,artifact/task-cluster percentile 95%; degenerate intervals are not population certainty
CODE,original_8k_shared_prefix_scorer,google/gemma-2-9b-it,11c9b309abf73637e4b6f9a3fa1e92e615547819,immediate_readout,explicit,bare,main,five_models_two_templates_common,ALL,nontrivial,41,41,41,0,0,0.37669376693766937,41,0.29810298102981025,0.45799457994579945,4.2195121951219514,41,3.2195121951219514,5.2439024390243905,0.65853658536585369,41,0.51219512195121952,0.80487804878048785,27,0.31707317073170732,41,0.17073170731707318,0.46341463414634149,13,0.34146341463414637,41,0.1951219512195122,0.48780487804878048,14,0.65853658536585369,0.31707317073170732,0.51851851851851849,True,20260911,5000,artifact/task-cluster percentile 95%; degenerate intervals are not population certainty
CODE,original_8k_shared_prefix_scorer,google/gemma-2-9b-it,11c9b309abf73637e4b6f9a3fa1e92e615547819,immediate_readout,explicit,bare,main,five_models_two_templates_common,ALL,partial,18,18,18,0,0,0.47530864197530864,18,0.37037037037037041,0.58641975308641969,4.2777777777777777,18,3.1111111111111112,5.3888888888888893,0.27777777777777779,18,0.1111111111111111,0.5,5,0.16666666666666666,18,0,0.33333333333333331,3,0.1111111111111111,18,0,0.27777777777777779,2,0.27777777777777779,0.16666666666666666,0.40000000000000002,True,20260911,5000,artifact/task-cluster percentile 95%; degenerate intervals are not population certainty
CODE,original_8k_shared_prefix_scorer,google/gemma-2-9b-it,11c9b309abf73637e4b6f9a3fa1e92e615547819,immediate_readout,explicit,whitespace_union,main,five_models_two_templates_common,ALL,all,63,63,41,22,0,0.51322751322751314,63,0.42857142857142849,0.60141093474426799,3.7777777777777777,63,2.9206349206349205,4.6031746031746028,0.68292682926829273,41,0.53658536585365857,0.82926829268292679,28,0.34146341463414637,41,0.1951219512195122,0.48780487804878048,14,0.34146341463414637,41,0.1951219512195122,0.48780487804878048,14,0.79365079365079361,0.5714285714285714,0.5,True,20260911,5000,artifact/task-cluster percentile 95%; degenerate intervals are not population certainty
CODE,original_8k_shared_prefix_scorer,google/gemma-2-9b-it,11c9b309abf73637e4b6f9a3fa1e92e615547819,immediate_readout,explicit,whitespace_union,main,five_models_two_templates_common,ALL,nontrivial,41,41,41,0,0,0.37669376693766937,41,0.29810298102981025,0.45799457994579945,4.2195121951219514,41,3.2195121951219514,5.2439024390243905,0.68292682926829273,41,0.53658536585365857,0.82926829268292679,28,0.34146341463414637,41,0.1951219512195122,0.48780487804878048,14,0.34146341463414637,41,0.1951219512195122,0.48780487804878048,14,0.68292682926829273,0.34146341463414637,0.5,True,20260911,5000,artifact/task-cluster percentile 95%; degenerate intervals are not population certainty
CODE,original_8k_shared_prefix_scorer,google/gemma-2-9b-it,11c9b309abf73637e4b6f9a3fa1e92e615547819,immediate_readout,explicit,whitespace_union,main,five_models_two_templates_common,ALL,partial,18,18,18,0,0,0.47530864197530864,18,0.37037037037037041,0.58641975308641969,4.2777777777777777,18,3.1111111111111112,5.3888888888888893,0.33333333333333331,18,0.1111111111111111,0.55555555555555558,6,0.22222222222222221,18,0.055555555555555552,0.44444444444444442,4,0.1111111111111111,18,0,0.27777777777777779,2,0.33333333333333331,0.22222222222222221,0.33333333333333331,True,20260911,5000,artifact/task-cluster percentile 95%; degenerate intervals are not population certainty
CODE,original_8k_shared_prefix_scorer,google/gemma-2-9b-it,11c9b309abf73637e4b6f9a3fa1e92e615547819,immediate_readout,original,bare,main,five_models_two_templates_common,ALL,all,63,63,41,22,0,0.48324514991181655,63,0.38447971781305113,0.58201058201058209,4.4920634920634921,63,3.5714285714285716,5.3809523809523814,0.04878048780487805,41,0,0.12195121951219512,2,0.04878048780487805,41,0,0.12195121951219512,2,0,41,0,0,0,0.38095238095238093,0.38095238095238093,0,True,20260911,5000,artifact/task-cluster percentile 95%; degenerate intervals are not population certainty
CODE,original_8k_shared_prefix_scorer,google/gemma-2-9b-it,11c9b309abf73637e4b6f9a3fa1e92e615547819,immediate_readout,original,bare,main,five_models_two_templates_common,ALL,nontrivial,41,41,41,0,0,0.3224932249322493,41,0.2384823848238482,0.4147018970189692,5.8292682926829267,41,4.9268292682926829,6.6829268292682924,0.04878048780487805,41,0,0.12195121951219512,2,0.04878048780487805,41,0,0.12195121951219512,2,0,41,0,0,0,0.04878048780487805,0.04878048780487805,0,True,20260911,5000,artifact/task-cluster percentile 95%; degenerate intervals are not population certainty
CODE,original_8k_shared_prefix_scorer,google/gemma-2-9b-it,11c9b309abf73637e4b6f9a3fa1e92e615547819,immediate_readout,original,bare,main,five_models_two_templates_common,ALL,partial,18,18,18,0,0,0.49382716049382708,18,0.36419753086419748,0.62962962962962965,4.6111111111111107,18,3.3888888888888888,5.833333333333333,0.055555555555555552,18,0,0.16666666666666666,1,0.055555555555555552,18,0,0.16666666666666666,1,0,18,0,0,0,0.055555555555555552,0.055555555555555552,0,True,20260911,5000,artifact/task-cluster percentile 95%; degenerate intervals are not population certainty
CODE,original_8k_shared_prefix_scorer,google/gemma-2-9b-it,11c9b309abf73637e4b6f9a3fa1e92e615547819,immediate_readout,original,whitespace_union,main,five_models_two_templates_common,ALL,all,63,63,41,22,0,0.48148148148148145,63,0.38271604938271603,0.58024691358024705,4.4920634920634921,63,3.5714285714285716,5.3809523809523814,0.04878048780487805,41,0,0.12195121951219512,2,0.04878048780487805,41,0,0.12195121951219512,2,0,41,0,0,0,0.38095238095238093,0.38095238095238093,0,True,20260911,5000,artifact/task-cluster percentile 95%; degenerate intervals are not population certainty
CODE,original_8k_shared_prefix_scorer,google/gemma-2-9b-it,11c9b309abf73637e4b6f9a3fa1e92e615547819,immediate_readout,original,whitespace_union,main,five_models_two_templates_common,ALL,nontrivial,41,41,41,0,0,0.3224932249322493,41,0.2384823848238482,0.4147018970189692,5.8292682926829267,41,4.9268292682926829,6.6829268292682924,0.04878048780487805,41,0,0.12195121951219512,2,0.04878048780487805,41,0,0.12195121951219512,2,0,41,0,0,0,0.04878048780487805,0.04878048780487805,0,True,20260911,5000,artifact/task-cluster percentile 95%; degenerate intervals are not population certainty
CODE,original_8k_shared_prefix_scorer,google/gemma-2-9b-it,11c9b309abf73637e4b6f9a3fa1e92e615547819,immediate_readout,original,whitespace_union,main,five_models_two_templates_common,ALL,partial,18,18,18,0,0,0.49382716049382708,18,0.36419753086419748,0.62962962962962965,4.6111111111111107,18,3.3888888888888888,5.833333333333333,0.055555555555555552,18,0,0.16666666666666666,1,0.055555555555555552,18,0,0.16666666666666666,1,0,18,0,0,0,0.055555555555555552,0.055555555555555552,0,True,20260911,5000,artifact/task-cluster percentile 95%; degenerate intervals are not population certainty
CODE,original_8k_shared_prefix_scorer,meta-llama/Llama-3.1-8B-Instruct,0e9e39f249a16976918f6564b8830bc894c89659,immediate_readout,explicit,bare,main,five_models_two_templates_common,ALL,all,63,63,41,22,0,0.57671957671957685,63,0.49559082892416223,0.6578483245149912,3.6507936507936507,63,2.873015873015873,4.4607142857142801,0.73170731707317072,41,0.58536585365853655,0.85365853658536583,30,0.65853658536585369,41,0.51219512195121952,0.80487804878048785,27,0.073170731707317069,41,0,0.17073170731707318,3,0.82539682539682535,0.77777777777777779,0.10000000000000001,True,20260911,5000,artifact/task-cluster percentile 95%; degenerate intervals are not population certainty
CODE,original_8k_shared_prefix_scorer,meta-llama/Llama-3.1-8B-Instruct,0e9e39f249a16976918f6564b8830bc894c89659,immediate_readout,explicit,bare,main,five_models_two_templates_common,ALL,nontrivial,41,41,41,0,0,0.47967479674796754,41,0.38482384823848242,0.57452574525745248,3.9512195121951219,41,3.024390243902439,4.9024390243902438,0.73170731707317072,41,0.58536585365853655,0.85365853658536583,30,0.65853658536585369,41,0.51219512195121952,0.80487804878048785,27,0.073170731707317069,41,0,0.17073170731707318,3,0.73170731707317072,0.65853658536585369,0.10000000000000001,True,20260911,5000,artifact/task-cluster percentile 95%; degenerate intervals are not population certainty
CODE,original_8k_shared_prefix_scorer,meta-llama/Llama-3.1-8B-Instruct,0e9e39f249a16976918f6564b8830bc894c89659,immediate_readout,explicit,bare,main,five_models_two_templates_common,ALL,partial,18,18,18,0,0,0.59876543209876543,18,0.48765432098765427,0.70987654320987648,3.5,18,2.3888888888888888,4.6111111111111107,0.3888888888888889,18,0.16666666666666666,0.61111111111111116,7,0.27777777777777779,18,0.1111111111111111,0.5,5,0.1111111111111111,18,0,0.27777777777777779,2,0.3888888888888889,0.27777777777777779,0.2857142857142857,True,20260911,5000,artifact/task-cluster percentile 95%; degenerate intervals are not population certainty
CODE,original_8k_shared_prefix_scorer,meta-llama/Llama-3.1-8B-Instruct,0e9e39f249a16976918f6564b8830bc894c89659,immediate_readout,explicit,whitespace_union,main,five_models_two_templates_common,ALL,all,63,63,41,22,0,0.58024691358024694,63,0.49382716049382719,0.66313932980599632,3.5238095238095237,63,2.7619047619047619,4.3492063492063489,0.78048780487804881,41,0.65853658536585369,0.90243902439024393,32,0.68292682926829273,41,0.53658536585365857,0.82926829268292679,28,0.097560975609756101,41,0.024390243902439025,0.1951219512195122,4,0.8571428571428571,0.79365079365079361,0.125,True,20260911,5000,artifact/task-cluster percentile 95%; degenerate intervals are not population certainty
CODE,original_8k_shared_prefix_scorer,meta-llama/Llama-3.1-8B-Instruct,0e9e39f249a16976918f6564b8830bc894c89659,immediate_readout,explicit,whitespace_union,main,five_models_two_templates_common,ALL,nontrivial,41,41,41,0,0,0.52845528455284552,41,0.43089430894308939,0.62330623306233057,3.5365853658536586,41,2.6341463414634148,4.4878048780487809,0.78048780487804881,41,0.65853658536585369,0.90243902439024393,32,0.68292682926829273,41,0.53658536585365857,0.82926829268292679,28,0.097560975609756101,41,0.024390243902439025,0.1951219512195122,4,0.78048780487804881,0.68292682926829273,0.125,True,20260911,5000,artifact/task-cluster percentile 95%; degenerate intervals are not population certainty
CODE,original_8k_shared_prefix_scorer,meta-llama/Llama-3.1-8B-Instruct,0e9e39f249a16976918f6564b8830bc894c89659,immediate_readout,explicit,whitespace_union,main,five_models_two_templates_common,ALL,partial,18,18,18,0,0,0.57407407407407407,18,0.43827160493827161,0.70370370370370372,3.5555555555555554,18,2.3888888888888888,4.7777777777777777,0.5,18,0.27777777777777779,0.72222222222222221,9,0.33333333333333331,18,0.1111111111111111,0.55555555555555558,6,0.16666666666666666,18,0,0.33333333333333331,3,0.5,0.33333333333333331,0.33333333333333331,True,20260911,5000,artifact/task-cluster percentile 95%; degenerate intervals are not population certainty
CODE,original_8k_shared_prefix_scorer,meta-llama/Llama-3.1-8B-Instruct,0e9e39f249a16976918f6564b8830bc894c89659,immediate_readout,original,bare,main,five_models_two_templates_common,ALL,all,63,63,41,22,0,0.55731922398589051,63,0.46560846560846564,0.64726631393298029,4.746031746031746,63,3.8571428571428572,5.6349206349206353,0,41,0,0,0,0,41,0,0,0,0,41,0,0,0,0.34920634920634919,0.34920634920634919,,True,20260911,5000,artifact/task-cluster percentile 95%; degenerate intervals are not population certainty
CODE,original_8k_shared_prefix_scorer,meta-llama/Llama-3.1-8B-Instruct,0e9e39f249a16976918f6564b8830bc894c89659,immediate_readout,original,bare,main,five_models_two_templates_common,ALL,nontrivial,41,41,41,0,0,0.49864498644986444,41,0.38753387533875339,0.60433604336043367,3.3414634146341462,41,2.4634146341463414,4.2682926829268295,0,41,0,0,0,0,41,0,0,0,0,41,0,0,0,0,0,,True,20260911,5000,artifact/task-cluster percentile 95%; degenerate intervals are not population certainty
CODE,original_8k_shared_prefix_scorer,meta-llama/Llama-3.1-8B-Instruct,0e9e39f249a16976918f6564b8830bc894c89659,immediate_readout,original,bare,main,five_models_two_templates_common,ALL,partial,18,18,18,0,0,0.37654320987654322,18,0.27160493827160492,0.48765432098765427,5.9444444444444446,18,4.9444444444444446,6.8888888888888893,0,18,0,0,0,0,18,0,0,0,0,18,0,0,0,0,0,,True,20260911,5000,artifact/task-cluster percentile 95%; degenerate intervals are not population certainty
CODE,original_8k_shared_prefix_scorer,meta-llama/Llama-3.1-8B-Instruct,0e9e39f249a16976918f6564b8830bc894c89659,immediate_readout,original,whitespace_union,main,five_models_two_templates_common,ALL,all,63,63,41,22,0,0.54497354497354489,63,0.45674603174603173,0.63139329805996458,4.8888888888888893,63,4.0158730158730158,5.7623015873015815,0,41,0,0,0,0,41,0,0,0,0,41,0,0,0,0.34920634920634919,0.34920634920634919,,True,20260911,5000,artifact/task-cluster percentile 95%; degenerate intervals are not population certainty
CODE,original_8k_shared_prefix_scorer,meta-llama/Llama-3.1-8B-Instruct,0e9e39f249a16976918f6564b8830bc894c89659,immediate_readout,original,whitespace_union,main,five_models_two_templates_common,ALL,nontrivial,41,41,41,0,0,0.50406504065040658,41,0.39566395663956638,0.6097560975609756,3.3414634146341462,41,2.4634146341463414,4.2682926829268295,0,41,0,0,0,0,41,0,0,0,0,41,0,0,0,0,0,,True,20260911,5000,artifact/task-cluster percentile 95%; degenerate intervals are not population certainty
CODE,original_8k_shared_prefix_scorer,meta-llama/Llama-3.1-8B-Instruct,0e9e39f249a16976918f6564b8830bc894c89659,immediate_readout,original,whitespace_union,main,five_models_two_templates_common,ALL,partial,18,18,18,0,0,0.35802469135802467,18,0.2592592592592593,0.46296296296296302,5.9444444444444446,18,4.9444444444444446,6.8888888888888893,0,18,0,0,0,0,18,0,0,0,0,18,0,0,0,0,0,,True,20260911,5000,artifact/task-cluster percentile 95%; degenerate intervals are not population certainty
CODE,original_8k_shared_prefix_scorer,mistralai/Mistral-7B-Instruct-v0.3,c170c708c41dac9275d15a8fff4eca08d52bab71,immediate_readout,explicit,bare,main,five_models_two_templates_common,ALL,all,63,63,41,22,0,0.5679012345679012,63,0.47089947089947087,0.66490299823633159,3.873015873015873,63,3,4.746031746031746,0.14634146341463414,41,0.04878048780487805,0.26829268292682928,6,0.073170731707317069,41,0,0.14695121951218623,3,0.073170731707317069,41,0,0.17073170731707318,3,0.44444444444444442,0.3968253968253968,0.5,True,20260911,5000,artifact/task-cluster percentile 95%; degenerate intervals are not population certainty
CODE,original_8k_shared_prefix_scorer,mistralai/Mistral-7B-Instruct-v0.3,c170c708c41dac9275d15a8fff4eca08d52bab71,immediate_readout,explicit,bare,main,five_models_two_templates_common,ALL,nontrivial,41,41,41,0,0,0.37398373983739841,41,0.27642276422764234,0.47696476964769641,5.6097560975609753,41,4.6829268292682924,6.4878048780487809,0.14634146341463414,41,0.04878048780487805,0.26829268292682928,6,0.073170731707317069,41,0,0.14695121951218623,3,0.073170731707317069,41,0,0.17073170731707318,3,0.14634146341463414,0.073170731707317069,0.5,True,20260911,5000,artifact/task-cluster percentile 95%; degenerate intervals are not population certainty
CODE,original_8k_shared_prefix_scorer,mistralai/Mistral-7B-Instruct-v0.3,c170c708c41dac9275d15a8fff4eca08d52bab71,immediate_readout,explicit,bare,main,five_models_two_templates_common,ALL,partial,18,18,18,0,0,0.66666666666666663,18,0.56172839506172834,0.76543209876543217,3,18,2.1111111111111112,3.9444444444444446,0.16666666666666666,18,0,0.33333333333333331,3,0.1111111111111111,18,0,0.27777777777777779,2,0.055555555555555552,18,0,0.16666666666666666,1,0.16666666666666666,0.1111111111111111,0.33333333333333331,True,20260911,5000,artifact/task-cluster percentile 95%; degenerate intervals are not population certainty
CODE,original_8k_shared_prefix_scorer,mistralai/Mistral-7B-Instruct-v0.3,c170c708c41dac9275d15a8fff4eca08d52bab71,immediate_readout,explicit,whitespace_union,main,five_models_two_templates_common,ALL,all,63,63,41,22,0,0.5679012345679012,63,0.47089947089947087,0.66490299823633159,3.873015873015873,63,3,4.746031746031746,0.14634146341463414,41,0.04878048780487805,0.26829268292682928,6,0.073170731707317069,41,0,0.14695121951218623,3,0.073170731707317069,41,0,0.17073170731707318,3,0.44444444444444442,0.3968253968253968,0.5,True,20260911,5000,artifact/task-cluster percentile 95%; degenerate intervals are not population certainty
CODE,original_8k_shared_prefix_scorer,mistralai/Mistral-7B-Instruct-v0.3,c170c708c41dac9275d15a8fff4eca08d52bab71,immediate_readout,explicit,whitespace_union,main,five_models_two_templates_common,ALL,nontrivial,41,41,41,0,0,0.37398373983739841,41,0.27642276422764234,0.47696476964769641,5.6097560975609753,41,4.6829268292682924,6.4878048780487809,0.14634146341463414,41,0.04878048780487805,0.26829268292682928,6,0.073170731707317069,41,0,0.14695121951218623,3,0.073170731707317069,41,0,0.17073170731707318,3,0.14634146341463414,0.073170731707317069,0.5,True,20260911,5000,artifact/task-cluster percentile 95%; degenerate intervals are not population certainty
CODE,original_8k_shared_prefix_scorer,mistralai/Mistral-7B-Instruct-v0.3,c170c708c41dac9275d15a8fff4eca08d52bab71,immediate_readout,explicit,whitespace_union,main,five_models_two_templates_common,ALL,partial,18,18,18,0,0,0.66666666666666663,18,0.56172839506172834,0.76543209876543217,3,18,2.1111111111111112,3.9444444444444446,0.16666666666666666,18,0,0.33333333333333331,3,0.1111111111111111,18,0,0.27777777777777779,2,0.055555555555555552,18,0,0.16666666666666666,1,0.16666666666666666,0.1111111111111111,0.33333333333333331,True,20260911,5000,artifact/task-cluster percentile 95%; degenerate intervals are not population certainty
CODE,original_8k_shared_prefix_scorer,mistralai/Mistral-7B-Instruct-v0.3,c170c708c41dac9275d15a8fff4eca08d52bab71,immediate_readout,original,bare,main,five_models_two_templates_common,ALL,all,63,63,41,22,0,0.46560846560846564,63,0.37918871252204583,0.55202821869488528,5.3968253968253972,63,4.5396825396825395,6.253968253968254,0,41,0,0,0,0,41,0,0,0,0,41,0,0,0,0.34920634920634919,0.34920634920634919,,True,20260911,5000,artifact/task-cluster percentile 95%; degenerate intervals are not population certainty
CODE,original_8k_shared_prefix_scorer,mistralai/Mistral-7B-Instruct-v0.3,c170c708c41dac9275d15a8fff4eca08d52bab71,immediate_readout,original,bare,main,five_models_two_templates_common,ALL,nontrivial,41,41,41,0,0,0.28184281842818432,41,0.20860433604336046,0.3631436314363144,3.6829268292682928,41,2.8048780487804876,4.6341463414634143,0,41,0,0,0,0,41,0,0,0,0,41,0,0,0,0,0,,True,20260911,5000,artifact/task-cluster percentile 95%; degenerate intervals are not population certainty
CODE,original_8k_shared_prefix_scorer,mistralai/Mistral-7B-Instruct-v0.3,c170c708c41dac9275d15a8fff4eca08d52bab71,immediate_readout,original,bare,main,five_models_two_templates_common,ALL,partial,18,18,18,0,0,0.43827160493827155,18,0.32716049382716045,0.54938271604938282,5.9444444444444446,18,4.9444444444444446,6.8888888888888893,0,18,0,0,0,0,18,0,0,0,0,18,0,0,0,0,0,,True,20260911,5000,artifact/task-cluster percentile 95%; degenerate intervals are not population certainty
CODE,original_8k_shared_prefix_scorer,mistralai/Mistral-7B-Instruct-v0.3,c170c708c41dac9275d15a8fff4eca08d52bab71,immediate_readout,original,whitespace_union,main,five_models_two_templates_common,ALL,all,63,63,41,22,0,0.50793650793650791,63,0.40917107583774254,0.60670194003527333,4.1428571428571432,63,3.2380952380952381,5.0476190476190474,0,41,0,0,0,0,41,0,0,0,0,41,0,0,0,0.34920634920634919,0.34920634920634919,,True,20260911,5000,artifact/task-cluster percentile 95%; degenerate intervals are not population certainty
CODE,original_8k_shared_prefix_scorer,mistralai/Mistral-7B-Instruct-v0.3,c170c708c41dac9275d15a8fff4eca08d52bab71,immediate_readout,original,whitespace_union,main,five_models_two_templates_common,ALL,nontrivial,41,41,41,0,0,0.29539295392953929,41,0.20325203252032523,0.39295392953929537,3.9512195121951219,41,3.0487804878048781,4.8780487804878048,0,41,0,0,0,0,41,0,0,0,0,41,0,0,0,0,0,,True,20260911,5000,artifact/task-cluster percentile 95%; degenerate intervals are not population certainty
CODE,original_8k_shared_prefix_scorer,mistralai/Mistral-7B-Instruct-v0.3,c170c708c41dac9275d15a8fff4eca08d52bab71,immediate_readout,original,whitespace_union,main,five_models_two_templates_common,ALL,partial,18,18,18,0,0,0.57407407407407407,18,0.46913580246913572,0.67283950617283961,5.7777777777777777,18,4.666666666666667,6.7777777777777777,0,18,0,0,0,0,18,0,0,0,0,18,0,0,0,0,0,,True,20260911,5000,artifact/task-cluster percentile 95%; degenerate intervals are not population certainty
CODE,two_stage_32k_shared_prefix_scorer,Qwen/Qwen2.5-14B-Instruct,cf98f3b3bbb457ad9e2bb7baf9a0125b6b88caa8,immediate_readout,explicit,bare,main,five_models_two_templates_common,ALL,all,78,78,53,25,0,0.73789173789173768,78,0.66809116809116809,0.80199430199430188,2.358974358974359,78,1.7564102564102564,2.9874999999999954,0.86792452830188682,53,0.77358490566037741,0.94339622641509435,46,0.81132075471698117,53,0.69811320754716977,0.90566037735849059,43,0.056603773584905662,53,0,0.13207547169811321,3,0.91025641025641024,0.87179487179487181,0.065217391304347824,True,20260911,5000,artifact/task-cluster percentile 95%; degenerate intervals are not population certainty
CODE,two_stage_32k_shared_prefix_scorer,Qwen/Qwen2.5-14B-Instruct,cf98f3b3bbb457ad9e2bb7baf9a0125b6b88caa8,immediate_readout,explicit,bare,main,five_models_two_templates_common,ALL,nontrivial,53,53,53,0,0,0.72746331236897255,53,0.64989517819706499,0.80503144654088032,2.2830188679245285,53,1.6037735849056605,3,0.86792452830188682,53,0.77358490566037741,0.94339622641509435,46,0.81132075471698117,53,0.69811320754716977,0.90566037735849059,43,0.056603773584905662,53,0,0.13207547169811321,3,0.86792452830188682,0.81132075471698117,0.065217391304347824,True,20260911,5000,artifact/task-cluster percentile 95%; degenerate intervals are not population certainty
CODE,two_stage_32k_shared_prefix_scorer,Qwen/Qwen2.5-14B-Instruct,cf98f3b3bbb457ad9e2bb7baf9a0125b6b88caa8,immediate_readout,explicit,bare,main,five_models_two_templates_common,ALL,partial,23,23,23,0,0,0.62318840579710144,23,0.52173913043478271,0.71980676328502424,3.2173913043478262,23,2.3043478260869565,4.1304347826086953,0.69565217391304346,23,0.52173913043478259,0.86956521739130432,16,0.56521739130434778,23,0.34782608695652173,0.78260869565217395,13,0.13043478260869565,23,0,0.2608695652173913,3,0.69565217391304346,0.56521739130434778,0.1875,True,20260911,5000,artifact/task-cluster percentile 95%; degenerate intervals are not population certainty
CODE,two_stage_32k_shared_prefix_scorer,Qwen/Qwen2.5-14B-Instruct,cf98f3b3bbb457ad9e2bb7baf9a0125b6b88caa8,immediate_readout,explicit,whitespace_union,main,five_models_two_templates_common,ALL,all,78,78,53,25,0,0.73361823361823353,78,0.66381766381766372,0.79772079772079774,2.3846153846153846,78,1.7820512820512822,3.0128205128205128,0.86792452830188682,53,0.77358490566037741,0.94339622641509435,46,0.81132075471698117,53,0.69811320754716977,0.90566037735849059,43,0.056603773584905662,53,0,0.13207547169811321,3,0.91025641025641024,0.87179487179487181,0.065217391304347824,True,20260911,5000,artifact/task-cluster percentile 95%; degenerate intervals are not population certainty
CODE,two_stage_32k_shared_prefix_scorer,Qwen/Qwen2.5-14B-Instruct,cf98f3b3bbb457ad9e2bb7baf9a0125b6b88caa8,immediate_readout,explicit,whitespace_union,main,five_models_two_templates_common,ALL,nontrivial,53,53,53,0,0,0.72327044025157206,53,0.64570230607966439,0.80083857442348005,2.3018867924528301,53,1.6037735849056605,3.0188679245283021,0.86792452830188682,53,0.77358490566037741,0.94339622641509435,46,0.81132075471698117,53,0.69811320754716977,0.90566037735849059,43,0.056603773584905662,53,0,0.13207547169811321,3,0.86792452830188682,0.81132075471698117,0.065217391304347824,True,20260911,5000,artifact/task-cluster percentile 95%; degenerate intervals are not population certainty
CODE,two_stage_32k_shared_prefix_scorer,Qwen/Qwen2.5-14B-Instruct,cf98f3b3bbb457ad9e2bb7baf9a0125b6b88caa8,immediate_readout,explicit,whitespace_union,main,five_models_two_templates_common,ALL,partial,23,23,23,0,0,0.61352657004830913,23,0.51207729468599039,0.71014492753623204,3.2608695652173911,23,2.347826086956522,4.1739130434782608,0.69565217391304346,23,0.52173913043478259,0.86956521739130432,16,0.56521739130434778,23,0.34782608695652173,0.78260869565217395,13,0.13043478260869565,23,0,0.2608695652173913,3,0.69565217391304346,0.56521739130434778,0.1875,True,20260911,5000,artifact/task-cluster percentile 95%; degenerate intervals are not population certainty
CODE,two_stage_32k_shared_prefix_scorer,Qwen/Qwen2.5-14B-Instruct,cf98f3b3bbb457ad9e2bb7baf9a0125b6b88caa8,immediate_readout,original,bare,main,five_models_two_templates_common,ALL,all,78,78,53,25,0,0.71509971509971515,78,0.64099002849002829,0.78632478632478631,2.4615384615384617,78,1.8205128205128205,3.141025641025641,0.28301886792452829,53,0.16981132075471697,0.41509433962264153,15,0.28301886792452829,53,0.16981132075471697,0.41509433962264153,15,0,53,0,0,0,0.51282051282051277,0.51282051282051277,0,True,20260911,5000,artifact/task-cluster percentile 95%; degenerate intervals are not population certainty
CODE,two_stage_32k_shared_prefix_scorer,Qwen/Qwen2.5-14B-Instruct,cf98f3b3bbb457ad9e2bb7baf9a0125b6b88caa8,immediate_readout,original,bare,main,five_models_two_templates_common,ALL,nontrivial,53,53,53,0,0,0.63731656184486374,53,0.5513626834381552,0.71907756813417156,3.1132075471698113,53,2.3396226415094339,3.8679245283018866,0.28301886792452829,53,0.16981132075471697,0.41509433962264153,15,0.28301886792452829,53,0.16981132075471697,0.41509433962264153,15,0,53,0,0,0,0.28301886792452829,0.28301886792452829,0,True,20260911,5000,artifact/task-cluster percentile 95%; degenerate intervals are not population certainty
CODE,two_stage_32k_shared_prefix_scorer,Qwen/Qwen2.5-14B-Instruct,cf98f3b3bbb457ad9e2bb7baf9a0125b6b88caa8,immediate_readout,original,bare,main,five_models_two_templates_common,ALL,partial,23,23,23,0,0,0.54106280193236711,23,0.43478260869565216,0.64734299516908211,4.3478260869565215,23,3.3467391304347833,5.3913043478260869,0.34782608695652173,23,0.17391304347826086,0.56521739130434778,8,0.34782608695652173,23,0.17391304347826086,0.56521739130434778,8,0,23,0,0,0,0.34782608695652173,0.34782608695652173,0,True,20260911,5000,artifact/task-cluster percentile 95%; degenerate intervals are not population certainty
CODE,two_stage_32k_shared_prefix_scorer,Qwen/Qwen2.5-14B-Instruct,cf98f3b3bbb457ad9e2bb7baf9a0125b6b88caa8,immediate_readout,original,whitespace_union,main,five_models_two_templates_common,ALL,all,78,78,53,25,0,0.71225071225071224,78,0.6367521367521366,0.78351139601139541,2.4743589743589745,78,1.8333333333333333,3.1538461538461537,0.30188679245283018,53,0.18867924528301888,0.43396226415094341,16,0.30188679245283018,53,0.18867924528301888,0.43396226415094341,16,0,53,0,0,0,0.52564102564102566,0.52564102564102566,0,True,20260911,5000,artifact/task-cluster percentile 95%; degenerate intervals are not population certainty
CODE,two_stage_32k_shared_prefix_scorer,Qwen/Qwen2.5-14B-Instruct,cf98f3b3bbb457ad9e2bb7baf9a0125b6b88caa8,immediate_readout,original,whitespace_union,main,five_models_two_templates_common,ALL,nontrivial,53,53,53,0,0,0.63522012578616349,53,0.55136268343815509,0.71698113207547132,3.1132075471698113,53,2.3396226415094339,3.8679245283018866,0.30188679245283018,53,0.18867924528301888,0.43396226415094341,16,0.30188679245283018,53,0.18867924528301888,0.43396226415094341,16,0,53,0,0,0,0.30188679245283018,0.30188679245283018,0,True,20260911,5000,artifact/task-cluster percentile 95%; degenerate intervals are not population certainty
CODE,two_stage_32k_shared_prefix_scorer,Qwen/Qwen2.5-14B-Instruct,cf98f3b3bbb457ad9e2bb7baf9a0125b6b88caa8,immediate_readout,original,whitespace_union,main,five_models_two_templates_common,ALL,partial,23,23,23,0,0,0.53623188405797106,23,0.42995169082125606,0.64251207729468607,4.3478260869565215,23,3.3467391304347833,5.3913043478260869,0.34782608695652173,23,0.17391304347826086,0.56521739130434778,8,0.34782608695652173,23,0.17391304347826086,0.56521739130434778,8,0,23,0,0,0,0.34782608695652173,0.34782608695652173,0,True,20260911,5000,artifact/task-cluster percentile 95%; degenerate intervals are not population certainty
CODE,two_stage_32k_shared_prefix_scorer,Qwen/Qwen3-30B-A3B-Thinking-2507,144afc2f379b542fdd4e85a1fcd5e1f79112d95d,native_reason_then_score,explicit,bare,main,five_models_two_templates_common,ALL,all,78,78,53,25,0,0.95726495726495719,78,0.92450142450142458,0.9843304843304842,0.32051282051282054,78,0.076602564102564219,0.62820512820512819,0.98113207547169812,53,0.94339622641509435,1,52,0.96226415094339623,53,0.90566037735849059,1,51,0.018867924528301886,53,0,0.056603773584905662,1,0.98717948717948723,0.97435897435897434,0.019230769230769232,True,20260911,5000,artifact/task-cluster percentile 95%; degenerate intervals are not population certainty
CODE,two_stage_32k_shared_prefix_scorer,Qwen/Qwen3-30B-A3B-Thinking-2507,144afc2f379b542fdd4e85a1fcd5e1f79112d95d,native_reason_then_score,explicit,bare,main,five_models_two_templates_common,ALL,nontrivial,53,53,53,0,0,0.94758909853249484,53,0.90146750524109021,0.98322851153039836,0.35849056603773582,53,0.037735849056603772,0.77358490566037741,0.98113207547169812,53,0.94339622641509435,1,52,0.96226415094339623,53,0.90566037735849059,1,51,0.018867924528301886,53,0,0.056603773584905662,1,0.98113207547169812,0.96226415094339623,0.019230769230769232,True,20260911,5000,artifact/task-cluster percentile 95%; degenerate intervals are not population certainty
CODE,two_stage_32k_shared_prefix_scorer,Qwen/Qwen3-30B-A3B-Thinking-2507,144afc2f379b542fdd4e85a1fcd5e1f79112d95d,native_reason_then_score,explicit,bare,main,five_models_two_templates_common,ALL,partial,23,23,23,0,0,0.9903381642512078,23,0.97584541062801944,1,0.2608695652173913,23,0,0.78260869565217395,0.95652173913043481,23,0.86956521739130432,1,22,0.91304347826086951,23,0.78260869565217395,1,21,0.043478260869565216,23,0,0.13043478260869565,1,0.95652173913043481,0.91304347826086951,0.045454545454545456,True,20260911,5000,artifact/task-cluster percentile 95%; degenerate intervals are not population certainty
CODE,two_stage_32k_shared_prefix_scorer,Qwen/Qwen3-30B-A3B-Thinking-2507,144afc2f379b542fdd4e85a1fcd5e1f79112d95d,native_reason_then_score,explicit,whitespace_union,main,five_models_two_templates_common,ALL,all,78,78,53,25,0,0.95726495726495719,78,0.92450142450142458,0.9843304843304842,0.32051282051282054,78,0.076602564102564219,0.62820512820512819,0.98113207547169812,53,0.94339622641509435,1,52,0.96226415094339623,53,0.90566037735849059,1,51,0.018867924528301886,53,0,0.056603773584905662,1,0.98717948717948723,0.97435897435897434,0.019230769230769232,True,20260911,5000,artifact/task-cluster percentile 95%; degenerate intervals are not population certainty
CODE,two_stage_32k_shared_prefix_scorer,Qwen/Qwen3-30B-A3B-Thinking-2507,144afc2f379b542fdd4e85a1fcd5e1f79112d95d,native_reason_then_score,explicit,whitespace_union,main,five_models_two_templates_common,ALL,nontrivial,53,53,53,0,0,0.94758909853249484,53,0.90146750524109021,0.98322851153039836,0.35849056603773582,53,0.037735849056603772,0.77358490566037741,0.98113207547169812,53,0.94339622641509435,1,52,0.96226415094339623,53,0.90566037735849059,1,51,0.018867924528301886,53,0,0.056603773584905662,1,0.98113207547169812,0.96226415094339623,0.019230769230769232,True,20260911,5000,artifact/task-cluster percentile 95%; degenerate intervals are not population certainty
CODE,two_stage_32k_shared_prefix_scorer,Qwen/Qwen3-30B-A3B-Thinking-2507,144afc2f379b542fdd4e85a1fcd5e1f79112d95d,native_reason_then_score,explicit,whitespace_union,main,five_models_two_templates_common,ALL,partial,23,23,23,0,0,0.9903381642512078,23,0.97584541062801944,1,0.2608695652173913,23,0,0.78260869565217395,0.95652173913043481,23,0.86956521739130432,1,22,0.91304347826086951,23,0.78260869565217395,1,21,0.043478260869565216,23,0,0.13043478260869565,1,0.95652173913043481,0.91304347826086951,0.045454545454545456,True,20260911,5000,artifact/task-cluster percentile 95%; degenerate intervals are not population certainty
CODE,two_stage_32k_shared_prefix_scorer,Qwen/Qwen3-30B-A3B-Thinking-2507,144afc2f379b542fdd4e85a1fcd5e1f79112d95d,native_reason_then_score,original,bare,main,five_models_two_templates_common,ALL,all,78,78,53,25,0,0.95584045584045563,78,0.91737891737891741,0.98717948717948723,0.42307692307692307,78,0.14102564102564102,0.7823717948717902,0.96226415094339623,53,0.90566037735849059,1,51,0.96226415094339623,53,0.90566037735849059,1,51,0,53,0,0,0,0.97435897435897434,0.97435897435897434,0,True,20260911,5000,artifact/task-cluster percentile 95%; degenerate intervals are not population certainty
CODE,two_stage_32k_shared_prefix_scorer,Qwen/Qwen3-30B-A3B-Thinking-2507,144afc2f379b542fdd4e85a1fcd5e1f79112d95d,native_reason_then_score,original,bare,main,five_models_two_templates_common,ALL,nontrivial,53,53,53,0,0,0.93920335429769397,53,0.88050314465408797,0.9853249475890985,0.52830188679245282,53,0.13207547169811321,1.0377358490566038,0.96226415094339623,53,0.90566037735849059,1,51,0.96226415094339623,53,0.90566037735849059,1,51,0,53,0,0,0,0.96226415094339623,0.96226415094339623,0,True,20260911,5000,artifact/task-cluster percentile 95%; degenerate intervals are not population certainty
CODE,two_stage_32k_shared_prefix_scorer,Qwen/Qwen3-30B-A3B-Thinking-2507,144afc2f379b542fdd4e85a1fcd5e1f79112d95d,native_reason_then_score,original,bare,main,five_models_two_templates_common,ALL,partial,23,23,23,0,0,0.98067632850241548,23,0.95652173913043481,1,0.13043478260869565,23,0,0.2619565217391146,0.91304347826086951,23,0.78260869565217395,1,21,0.91304347826086951,23,0.78260869565217395,1,21,0,23,0,0,0,0.91304347826086951,0.91304347826086951,0,True,20260911,5000,artifact/task-cluster percentile 95%; degenerate intervals are not population certainty
CODE,two_stage_32k_shared_prefix_scorer,Qwen/Qwen3-30B-A3B-Thinking-2507,144afc2f379b542fdd4e85a1fcd5e1f79112d95d,native_reason_then_score,original,whitespace_union,main,five_models_two_templates_common,ALL,all,78,78,53,25,0,0.95584045584045563,78,0.91737891737891741,0.98717948717948723,0.42307692307692307,78,0.14102564102564102,0.7823717948717902,0.96226415094339623,53,0.90566037735849059,1,51,0.96226415094339623,53,0.90566037735849059,1,51,0,53,0,0,0,0.97435897435897434,0.97435897435897434,0,True,20260911,5000,artifact/task-cluster percentile 95%; degenerate intervals are not population certainty
CODE,two_stage_32k_shared_prefix_scorer,Qwen/Qwen3-30B-A3B-Thinking-2507,144afc2f379b542fdd4e85a1fcd5e1f79112d95d,native_reason_then_score,original,whitespace_union,main,five_models_two_templates_common,ALL,nontrivial,53,53,53,0,0,0.93920335429769397,53,0.88050314465408797,0.9853249475890985,0.52830188679245282,53,0.13207547169811321,1.0377358490566038,0.96226415094339623,53,0.90566037735849059,1,51,0.96226415094339623,53,0.90566037735849059,1,51,0,53,0,0,0,0.96226415094339623,0.96226415094339623,0,True,20260911,5000,artifact/task-cluster percentile 95%; degenerate intervals are not population certainty
CODE,two_stage_32k_shared_prefix_scorer,Qwen/Qwen3-30B-A3B-Thinking-2507,144afc2f379b542fdd4e85a1fcd5e1f79112d95d,native_reason_then_score,original,whitespace_union,main,five_models_two_templates_common,ALL,partial,23,23,23,0,0,0.98067632850241548,23,0.95652173913043481,1,0.13043478260869565,23,0,0.2619565217391146,0.91304347826086951,23,0.78260869565217395,1,21,0.91304347826086951,23,0.78260869565217395,1,21,0,23,0,0,0,0.91304347826086951,0.91304347826086951,0,True,20260911,5000,artifact/task-cluster percentile 95%; degenerate intervals are not population certainty
CODE,two_stage_32k_shared_prefix_scorer,google/gemma-2-9b-it,11c9b309abf73637e4b6f9a3fa1e92e615547819,immediate_readout,explicit,bare,main,five_models_two_templates_common,ALL,all,78,78,53,25,0,0.50569800569800571,78,0.43019943019943013,0.58547008547008539,3.8974358974358974,78,3.141025641025641,4.6410256410256414,0.67924528301886788,53,0.54716981132075471,0.79245283018867929,36,0.30188679245283018,53,0.18867924528301888,0.43396226415094341,16,0.37735849056603776,53,0.24528301886792453,0.50943396226415094,20,0.78205128205128205,0.52564102564102566,0.55555555555555558,True,20260911,5000,artifact/task-cluster percentile 95%; degenerate intervals are not population certainty
CODE,two_stage_32k_shared_prefix_scorer,google/gemma-2-9b-it,11c9b309abf73637e4b6f9a3fa1e92e615547819,immediate_readout,explicit,bare,main,five_models_two_templates_common,ALL,nontrivial,53,53,53,0,0,0.37526205450733741,53,0.30817610062893086,0.44444444444444442,4.2452830188679247,53,3.3962264150943398,5.132075471698113,0.67924528301886788,53,0.54716981132075471,0.79245283018867929,36,0.30188679245283018,53,0.18867924528301888,0.43396226415094341,16,0.37735849056603776,53,0.24528301886792453,0.50943396226415094,20,0.67924528301886788,0.30188679245283018,0.55555555555555558,True,20260911,5000,artifact/task-cluster percentile 95%; degenerate intervals are not population certainty
CODE,two_stage_32k_shared_prefix_scorer,google/gemma-2-9b-it,11c9b309abf73637e4b6f9a3fa1e92e615547819,immediate_readout,explicit,bare,main,five_models_two_templates_common,ALL,partial,23,23,23,0,0,0.45893719806763278,23,0.3671497584541063,0.55555555555555547,4.5217391304347823,23,3.5217391304347827,5.4782608695652177,0.30434782608695654,23,0.13043478260869565,0.47934782608694071,7,0.13043478260869565,23,0,0.30434782608695654,3,0.17391304347826086,23,0.043478260869565216,0.34782608695652173,4,0.30434782608695654,0.13043478260869565,0.5714285714285714,True,20260911,5000,artifact/task-cluster percentile 95%; degenerate intervals are not population certainty
CODE,two_stage_32k_shared_prefix_scorer,google/gemma-2-9b-it,11c9b309abf73637e4b6f9a3fa1e92e615547819,immediate_readout,explicit,whitespace_union,main,five_models_two_templates_common,ALL,all,78,78,53,25,0,0.50569800569800571,78,0.43019943019943013,0.58547008547008539,3.8974358974358974,78,3.141025641025641,4.6410256410256414,0.69811320754716977,53,0.56603773584905659,0.81132075471698117,37,0.32075471698113206,53,0.18867924528301888,0.45283018867924529,17,0.37735849056603776,53,0.24528301886792453,0.50943396226415094,20,0.79487179487179482,0.53846153846153844,0.54054054054054057,True,20260911,5000,artifact/task-cluster percentile 95%; degenerate intervals are not population certainty
CODE,two_stage_32k_shared_prefix_scorer,google/gemma-2-9b-it,11c9b309abf73637e4b6f9a3fa1e92e615547819,immediate_readout,explicit,whitespace_union,main,five_models_two_templates_common,ALL,nontrivial,53,53,53,0,0,0.37526205450733741,53,0.30817610062893086,0.44444444444444442,4.2452830188679247,53,3.3962264150943398,5.132075471698113,0.69811320754716977,53,0.56603773584905659,0.81132075471698117,37,0.32075471698113206,53,0.18867924528301888,0.45283018867924529,17,0.37735849056603776,53,0.24528301886792453,0.50943396226415094,20,0.69811320754716977,0.32075471698113206,0.54054054054054057,True,20260911,5000,artifact/task-cluster percentile 95%; degenerate intervals are not population certainty
CODE,two_stage_32k_shared_prefix_scorer,google/gemma-2-9b-it,11c9b309abf73637e4b6f9a3fa1e92e615547819,immediate_readout,explicit,whitespace_union,main,five_models_two_templates_common,ALL,partial,23,23,23,0,0,0.45893719806763278,23,0.3671497584541063,0.55555555555555547,4.5217391304347823,23,3.5217391304347827,5.4782608695652177,0.34782608695652173,23,0.17391304347826086,0.56521739130434778,8,0.17391304347826086,23,0.043478260869565216,0.34782608695652173,4,0.17391304347826086,23,0.043478260869565216,0.34782608695652173,4,0.34782608695652173,0.17391304347826086,0.5,True,20260911,5000,artifact/task-cluster percentile 95%; degenerate intervals are not population certainty
CODE,two_stage_32k_shared_prefix_scorer,google/gemma-2-9b-it,11c9b309abf73637e4b6f9a3fa1e92e615547819,immediate_readout,original,bare,main,five_models_two_templates_common,ALL,all,78,78,53,25,0,0.47293447293447299,78,0.38461538461538464,0.56267806267806275,4.4871794871794872,78,3.6923076923076925,5.2692307692307692,0.094339622641509441,53,0.018867924528301886,0.16981132075471697,5,0.037735849056603772,53,0,0.094339622641509441,2,0.056603773584905662,53,0,0.11320754716981132,3,0.38461538461538464,0.34615384615384615,0.59999999999999998,True,20260911,5000,artifact/task-cluster percentile 95%; degenerate intervals are not population certainty
CODE,two_stage_32k_shared_prefix_scorer,google/gemma-2-9b-it,11c9b309abf73637e4b6f9a3fa1e92e615547819,immediate_readout,original,bare,main,five_models_two_templates_common,ALL,nontrivial,53,53,53,0,0,0.31446540880503138,53,0.23899371069182393,0.39412997903563934,5.7735849056603774,53,5,6.4910377358490496,0.094339622641509441,53,0.018867924528301886,0.16981132075471697,5,0.037735849056603772,53,0,0.094339622641509441,2,0.056603773584905662,53,0,0.11320754716981132,3,0.094339622641509441,0.037735849056603772,0.59999999999999998,True,20260911,5000,artifact/task-cluster percentile 95%; degenerate intervals are not population certainty
CODE,two_stage_32k_shared_prefix_scorer,google/gemma-2-9b-it,11c9b309abf73637e4b6f9a3fa1e92e615547819,immediate_readout,original,bare,main,five_models_two_templates_common,ALL,partial,23,23,23,0,0,0.47342995169082125,23,0.36231884057971009,0.58454106280193241,4.7826086956521738,23,3.7826086956521738,5.7826086956521738,0.13043478260869565,23,0,0.2608695652173913,3,0.043478260869565216,23,0,0.13043478260869565,1,0.086956521739130432,23,0,0.21739130434782608,2,0.13043478260869565,0.043478260869565216,0.66666666666666663,True,20260911,5000,artifact/task-cluster percentile 95%; degenerate intervals are not population certainty
CODE,two_stage_32k_shared_prefix_scorer,google/gemma-2-9b-it,11c9b309abf73637e4b6f9a3fa1e92e615547819,immediate_readout,original,whitespace_union,main,five_models_two_templates_common,ALL,all,78,78,53,25,0,0.47150997150997159,78,0.38315527065527061,0.56125356125356129,4.4871794871794872,78,3.6923076923076925,5.2692307692307692,0.094339622641509441,53,0.018867924528301886,0.16981132075471697,5,0.037735849056603772,53,0,0.094339622641509441,2,0.056603773584905662,53,0,0.11320754716981132,3,0.38461538461538464,0.34615384615384615,0.59999999999999998,True,20260911,5000,artifact/task-cluster percentile 95%; degenerate intervals are not population certainty
CODE,two_stage_32k_shared_prefix_scorer,google/gemma-2-9b-it,11c9b309abf73637e4b6f9a3fa1e92e615547819,immediate_readout,original,whitespace_union,main,five_models_two_templates_common,ALL,nontrivial,53,53,53,0,0,0.31446540880503138,53,0.23899371069182393,0.39412997903563934,5.7735849056603774,53,5,6.4910377358490496,0.094339622641509441,53,0.018867924528301886,0.16981132075471697,5,0.037735849056603772,53,0,0.094339622641509441,2,0.056603773584905662,53,0,0.11320754716981132,3,0.094339622641509441,0.037735849056603772,0.59999999999999998,True,20260911,5000,artifact/task-cluster percentile 95%; degenerate intervals are not population certainty
CODE,two_stage_32k_shared_prefix_scorer,google/gemma-2-9b-it,11c9b309abf73637e4b6f9a3fa1e92e615547819,immediate_readout,original,whitespace_union,main,five_models_two_templates_common,ALL,partial,23,23,23,0,0,0.47342995169082125,23,0.36231884057971009,0.58454106280193241,4.7826086956521738,23,3.7826086956521738,5.7826086956521738,0.13043478260869565,23,0,0.2608695652173913,3,0.043478260869565216,23,0,0.13043478260869565,1,0.086956521739130432,23,0,0.21739130434782608,2,0.13043478260869565,0.043478260869565216,0.66666666666666663,True,20260911,5000,artifact/task-cluster percentile 95%; degenerate intervals are not population certainty
CODE,two_stage_32k_shared_prefix_scorer,meta-llama/Llama-3.1-8B-Instruct,0e9e39f249a16976918f6564b8830bc894c89659,immediate_readout,explicit,bare,main,five_models_two_templates_common,ALL,all,78,78,53,25,0,0.54700854700854695,78,0.47578347578347602,0.61965811965811957,3.7820512820512819,78,3.0641025641025643,4.5,0.75471698113207553,53,0.64150943396226412,0.86792452830188682,40,0.660377358490566,53,0.52830188679245282,0.79245283018867929,35,0.094339622641509441,53,0.018867924528301886,0.16981132075471697,5,0.83333333333333337,0.76923076923076927,0.125,True,20260911,5000,artifact/task-cluster percentile 95%; degenerate intervals are not population certainty
CODE,two_stage_32k_shared_prefix_scorer,meta-llama/Llama-3.1-8B-Instruct,0e9e39f249a16976918f6564b8830bc894c89659,immediate_readout,explicit,bare,main,five_models_two_templates_common,ALL,nontrivial,53,53,53,0,0,0.46750524109014685,53,0.38574423480083853,0.54926624737945495,3.9433962264150941,53,3.1132075471698113,4.7735849056603774,0.75471698113207553,53,0.64150943396226412,0.86792452830188682,40,0.660377358490566,53,0.52830188679245282,0.79245283018867929,35,0.094339622641509441,53,0.018867924528301886,0.16981132075471697,5,0.75471698113207553,0.660377358490566,0.125,True,20260911,5000,artifact/task-cluster percentile 95%; degenerate intervals are not population certainty
CODE,two_stage_32k_shared_prefix_scorer,meta-llama/Llama-3.1-8B-Instruct,0e9e39f249a16976918f6564b8830bc894c89659,immediate_readout,explicit,bare,main,five_models_two_templates_common,ALL,partial,23,23,23,0,0,0.59903381642512077,23,0.50724637681159412,0.68599033816425137,3.0434782608695654,23,2.0869565217391304,4.0434782608695654,0.43478260869565216,23,0.2608695652173913,0.65217391304347827,10,0.2608695652173913,23,0.086956521739130432,0.43478260869565216,6,0.17391304347826086,23,0.043478260869565216,0.34782608695652173,4,0.43478260869565216,0.2608695652173913,0.40000000000000002,True,20260911,5000,artifact/task-cluster percentile 95%; degenerate intervals are not population certainty
CODE,two_stage_32k_shared_prefix_scorer,meta-llama/Llama-3.1-8B-Instruct,0e9e39f249a16976918f6564b8830bc894c89659,immediate_readout,explicit,whitespace_union,main,five_models_two_templates_common,ALL,all,78,78,53,25,0,0.55413105413105412,78,0.48144586894586883,0.62820512820512819,3.6666666666666665,78,2.9487179487179489,4.3974358974358978,0.79245283018867929,53,0.67924528301886788,0.8867924528301887,42,0.67924528301886788,53,0.54716981132075471,0.79245283018867929,36,0.11320754716981132,53,0.037735849056603772,0.20754716981132076,6,0.85897435897435892,0.78205128205128205,0.14285714285714285,True,20260911,5000,artifact/task-cluster percentile 95%; degenerate intervals are not population certainty
CODE,two_stage_32k_shared_prefix_scorer,meta-llama/Llama-3.1-8B-Instruct,0e9e39f249a16976918f6564b8830bc894c89659,immediate_readout,explicit,whitespace_union,main,five_models_two_templates_common,ALL,nontrivial,53,53,53,0,0,0.5178197064989517,53,0.43396226415094341,0.60377358490566035,3.5660377358490565,53,2.7358490566037736,4.4150943396226419,0.79245283018867929,53,0.67924528301886788,0.8867924528301887,42,0.67924528301886788,53,0.54716981132075471,0.79245283018867929,36,0.11320754716981132,53,0.037735849056603772,0.20754716981132076,6,0.79245283018867929,0.67924528301886788,0.14285714285714285,True,20260911,5000,artifact/task-cluster percentile 95%; degenerate intervals are not population certainty
CODE,two_stage_32k_shared_prefix_scorer,meta-llama/Llama-3.1-8B-Instruct,0e9e39f249a16976918f6564b8830bc894c89659,immediate_readout,explicit,whitespace_union,main,five_models_two_templates_common,ALL,partial,23,23,23,0,0,0.59903381642512088,23,0.48792270531400972,0.70531400966183566,3.0869565217391304,23,2.0434782608695654,4.1304347826086953,0.52173913043478259,23,0.30434782608695654,0.73913043478260865,12,0.30434782608695654,23,0.13043478260869565,0.52173913043478259,7,0.21739130434782608,23,0.043478260869565216,0.39130434782608697,5,0.52173913043478259,0.30434782608695654,0.41666666666666669,True,20260911,5000,artifact/task-cluster percentile 95%; degenerate intervals are not population certainty
CODE,two_stage_32k_shared_prefix_scorer,meta-llama/Llama-3.1-8B-Instruct,0e9e39f249a16976918f6564b8830bc894c89659,immediate_readout,original,bare,main,five_models_two_templates_common,ALL,all,78,78,53,25,0,0.57122507122507105,78,0.48717948717948728,0.65384615384615363,4.333333333333333,78,3.5384615384615383,5.1541666666666623,0,53,0,0,0,0,53,0,0,0,0,53,0,0,0,0.32051282051282054,0.32051282051282054,,True,20260911,5000,artifact/task-cluster percentile 95%; degenerate intervals are not population certainty
CODE,two_stage_32k_shared_prefix_scorer,meta-llama/Llama-3.1-8B-Instruct,0e9e39f249a16976918f6564b8830bc894c89659,immediate_readout,original,bare,main,five_models_two_templates_common,ALL,nontrivial,53,53,53,0,0,0.50943396226415083,53,0.41928721174004191,0.60167714884696022,3.1509433962264151,53,2.4339622641509435,3.9056603773584904,0,53,0,0,0,0,53,0,0,0,0,53,0,0,0,0,0,,True,20260911,5000,artifact/task-cluster percentile 95%; degenerate intervals are not population certainty
CODE,two_stage_32k_shared_prefix_scorer,meta-llama/Llama-3.1-8B-Instruct,0e9e39f249a16976918f6564b8830bc894c89659,immediate_readout,original,bare,main,five_models_two_templates_common,ALL,partial,23,23,23,0,0,0.35265700483091778,23,0.2657004830917874,0.44444444444444425,5.6521739130434785,23,4.7391304347826084,6.5217391304347823,0,23,0,0,0,0,23,0,0,0,0,23,0,0,0,0,0,,True,20260911,5000,artifact/task-cluster percentile 95%; degenerate intervals are not population certainty
CODE,two_stage_32k_shared_prefix_scorer,meta-llama/Llama-3.1-8B-Instruct,0e9e39f249a16976918f6564b8830bc894c89659,immediate_readout,original,whitespace_union,main,five_models_two_templates_common,ALL,all,78,78,53,25,0,0.56267806267806264,78,0.48433048433048415,0.64245014245014243,4.5641025641025639,78,3.7692307692307692,5.384615384615385,0,53,0,0,0,0,53,0,0,0,0,53,0,0,0,0.32051282051282054,0.32051282051282054,,True,20260911,5000,artifact/task-cluster percentile 95%; degenerate intervals are not population certainty
CODE,two_stage_32k_shared_prefix_scorer,meta-llama/Llama-3.1-8B-Instruct,0e9e39f249a16976918f6564b8830bc894c89659,immediate_readout,original,whitespace_union,main,five_models_two_templates_common,ALL,nontrivial,53,53,53,0,0,0.5178197064989517,53,0.43186582809224311,0.60796645702306074,3.1509433962264151,53,2.4339622641509435,3.9056603773584904,0,53,0,0,0,0,53,0,0,0,0,53,0,0,0,0,0,,True,20260911,5000,artifact/task-cluster percentile 95%; degenerate intervals are not population certainty
CODE,two_stage_32k_shared_prefix_scorer,meta-llama/Llama-3.1-8B-Instruct,0e9e39f249a16976918f6564b8830bc894c89659,immediate_readout,original,whitespace_union,main,five_models_two_templates_common,ALL,partial,23,23,23,0,0,0.34299516908212552,23,0.2608695652173913,0.42995169082125584,5.6521739130434785,23,4.7391304347826084,6.5217391304347823,0,23,0,0,0,0,23,0,0,0,0,23,0,0,0,0,0,,True,20260911,5000,artifact/task-cluster percentile 95%; degenerate intervals are not population certainty
CODE,two_stage_32k_shared_prefix_scorer,mistralai/Mistral-7B-Instruct-v0.3,c170c708c41dac9275d15a8fff4eca08d52bab71,immediate_readout,explicit,bare,main,five_models_two_templates_common,ALL,all,78,78,53,25,0,0.53276353276353283,78,0.44159544159544167,0.62250712250712248,4.1923076923076925,78,3.3846153846153846,5.0128205128205128,0.20754716981132076,53,0.11320754716981132,0.32075471698113206,11,0.11320754716981132,53,0.037735849056603772,0.20754716981132076,6,0.094339622641509441,53,0.018867924528301886,0.16981132075471697,5,0.46153846153846156,0.39743589743589741,0.45454545454545453,True,20260911,5000,artifact/task-cluster percentile 95%; degenerate intervals are not population certainty
CODE,two_stage_32k_shared_prefix_scorer,mistralai/Mistral-7B-Instruct-v0.3,c170c708c41dac9275d15a8fff4eca08d52bab71,immediate_readout,explicit,bare,main,five_models_two_templates_common,ALL,nontrivial,53,53,53,0,0,0.34171907756813419,53,0.26415094339622636,0.42348008385744229,5.9056603773584904,53,5.1698113207547172,6.6226415094339623,0.20754716981132076,53,0.11320754716981132,0.32075471698113206,11,0.11320754716981132,53,0.037735849056603772,0.20754716981132076,6,0.094339622641509441,53,0.018867924528301886,0.16981132075471697,5,0.20754716981132076,0.11320754716981132,0.45454545454545453,True,20260911,5000,artifact/task-cluster percentile 95%; degenerate intervals are not population certainty
CODE,two_stage_32k_shared_prefix_scorer,mistralai/Mistral-7B-Instruct-v0.3,c170c708c41dac9275d15a8fff4eca08d52bab71,immediate_readout,explicit,bare,main,five_models_two_templates_common,ALL,partial,23,23,23,0,0,0.60869565217391308,23,0.50724637681159412,0.70543478260869408,3.5217391304347827,23,2.6510869565217394,4.4347826086956523,0.21739130434782608,23,0.086956521739130432,0.39130434782608697,5,0.13043478260869565,23,0,0.30434782608695654,3,0.086956521739130432,23,0,0.21739130434782608,2,0.21739130434782608,0.13043478260869565,0.40000000000000002,True,20260911,5000,artifact/task-cluster percentile 95%; degenerate intervals are not population certainty
CODE,two_stage_32k_shared_prefix_scorer,mistralai/Mistral-7B-Instruct-v0.3,c170c708c41dac9275d15a8fff4eca08d52bab71,immediate_readout,explicit,whitespace_union,main,five_models_two_templates_common,ALL,all,78,78,53,25,0,0.53276353276353283,78,0.44159544159544167,0.62250712250712248,4.1923076923076925,78,3.3846153846153846,5.0128205128205128,0.20754716981132076,53,0.11320754716981132,0.32075471698113206,11,0.11320754716981132,53,0.037735849056603772,0.20754716981132076,6,0.094339622641509441,53,0.018867924528301886,0.16981132075471697,5,0.46153846153846156,0.39743589743589741,0.45454545454545453,True,20260911,5000,artifact/task-cluster percentile 95%; degenerate intervals are not population certainty
CODE,two_stage_32k_shared_prefix_scorer,mistralai/Mistral-7B-Instruct-v0.3,c170c708c41dac9275d15a8fff4eca08d52bab71,immediate_readout,explicit,whitespace_union,main,five_models_two_templates_common,ALL,nontrivial,53,53,53,0,0,0.34171907756813419,53,0.26415094339622636,0.42348008385744229,5.9056603773584904,53,5.1698113207547172,6.6226415094339623,0.20754716981132076,53,0.11320754716981132,0.32075471698113206,11,0.11320754716981132,53,0.037735849056603772,0.20754716981132076,6,0.094339622641509441,53,0.018867924528301886,0.16981132075471697,5,0.20754716981132076,0.11320754716981132,0.45454545454545453,True,20260911,5000,artifact/task-cluster percentile 95%; degenerate intervals are not population certainty
CODE,two_stage_32k_shared_prefix_scorer,mistralai/Mistral-7B-Instruct-v0.3,c170c708c41dac9275d15a8fff4eca08d52bab71,immediate_readout,explicit,whitespace_union,main,five_models_two_templates_common,ALL,partial,23,23,23,0,0,0.60869565217391308,23,0.50724637681159412,0.70543478260869408,3.5217391304347827,23,2.6510869565217394,4.4347826086956523,0.21739130434782608,23,0.086956521739130432,0.39130434782608697,5,0.13043478260869565,23,0,0.30434782608695654,3,0.086956521739130432,23,0,0.21739130434782608,2,0.21739130434782608,0.13043478260869565,0.40000000000000002,True,20260911,5000,artifact/task-cluster percentile 95%; degenerate intervals are not population certainty
CODE,two_stage_32k_shared_prefix_scorer,mistralai/Mistral-7B-Instruct-v0.3,c170c708c41dac9275d15a8fff4eca08d52bab71,immediate_readout,original,bare,main,five_models_two_templates_common,ALL,all,78,78,53,25,0,0.44729344729344728,78,0.36894586894586889,0.52706552706552701,4.9102564102564106,78,4.0897435897435894,5.7051282051282053,0,53,0,0,0,0,53,0,0,0,0,53,0,0,0,0.32051282051282054,0.32051282051282054,,True,20260911,5000,artifact/task-cluster percentile 95%; degenerate intervals are not population certainty
CODE,two_stage_32k_shared_prefix_scorer,mistralai/Mistral-7B-Instruct-v0.3,c170c708c41dac9275d15a8fff4eca08d52bab71,immediate_readout,original,bare,main,five_models_two_templates_common,ALL,nontrivial,53,53,53,0,0,0.27044025157232704,53,0.20545073375262052,0.33757861635220054,3.3207547169811322,53,2.5849056603773586,4.1132075471698117,0,53,0,0,0,0,53,0,0,0,0,53,0,0,0,0,0,,True,20260911,5000,artifact/task-cluster percentile 95%; degenerate intervals are not population certainty
CODE,two_stage_32k_shared_prefix_scorer,mistralai/Mistral-7B-Instruct-v0.3,c170c708c41dac9275d15a8fff4eca08d52bab71,immediate_readout,original,bare,main,five_models_two_templates_common,ALL,partial,23,23,23,0,0,0.41545893719806765,23,0.323671497584541,0.51207729468599017,5.4347826086956523,23,4.4782608695652177,6.3478260869565215,0,23,0,0,0,0,23,0,0,0,0,23,0,0,0,0,0,,True,20260911,5000,artifact/task-cluster percentile 95%; degenerate intervals are not population certainty
CODE,two_stage_32k_shared_prefix_scorer,mistralai/Mistral-7B-Instruct-v0.3,c170c708c41dac9275d15a8fff4eca08d52bab71,immediate_readout,original,whitespace_union,main,five_models_two_templates_common,ALL,all,78,78,53,25,0,0.47150997150997143,78,0.38176638176638178,0.55986467236467186,3.9871794871794872,78,3.1923076923076925,4.8205128205128203,0,53,0,0,0,0,53,0,0,0,0,53,0,0,0,0.32051282051282054,0.32051282051282054,,True,20260911,5000,artifact/task-cluster percentile 95%; degenerate intervals are not population certainty
CODE,two_stage_32k_shared_prefix_scorer,mistralai/Mistral-7B-Instruct-v0.3,c170c708c41dac9275d15a8fff4eca08d52bab71,immediate_readout,original,whitespace_union,main,five_models_two_templates_common,ALL,nontrivial,53,53,53,0,0,0.2662473794549266,53,0.19077568134171907,0.34381551362683432,3.6603773584905661,53,2.8867924528301887,4.4716981132075473,0,53,0,0,0,0,53,0,0,0,0,53,0,0,0,0,0,,True,20260911,5000,artifact/task-cluster percentile 95%; degenerate intervals are not population certainty
CODE,two_stage_32k_shared_prefix_scorer,mistralai/Mistral-7B-Instruct-v0.3,c170c708c41dac9275d15a8fff4eca08d52bab71,immediate_readout,original,whitespace_union,main,five_models_two_templates_common,ALL,partial,23,23,23,0,0,0.51207729468599028,23,0.41050724637681152,0.61352657004830924,5.3043478260869561,23,4.3478260869565215,6.2173913043478262,0,23,0,0,0,0,23,0,0,0,0,23,0,0,0,0,0,,True,20260911,5000,artifact/task-cluster percentile 95%; degenerate intervals are not population certainty
