condition,protocol,task_id,z,fold_id,k,truth,margin,raw_cut,learned_cut,oracle_cut,raw_pred,learned_pred,oracle_pred
explicit_bare,immediate,HumanEval/1,0,2,0,1,26.25,0.0,-6.50000017543789,26.25,1,1,1
explicit_bare,immediate,HumanEval/1,0,2,1,0,14.00000011920963,0.0,-6.50000017543789,26.25,1,1,0
explicit_bare,immediate,HumanEval/1,0,2,2,0,3.749999888241291,0.0,-6.50000017543789,26.25,1,1,0
explicit_bare,immediate,HumanEval/1,0,2,3,0,1.5000000596046448,0.0,-6.50000017543789,26.25,1,1,0
explicit_bare,immediate,HumanEval/1,0,2,4,0,-0.25,0.0,-6.50000017543789,26.25,0,1,0
explicit_bare,immediate,HumanEval/1,0,2,5,0,5.749999928288162,0.0,-6.50000017543789,26.25,1,1,0
explicit_bare,immediate,HumanEval/1,0,2,6,0,2.7499999962747097,0.0,-6.50000017543789,26.25,1,1,0
explicit_bare,immediate,HumanEval/1,0,2,7,0,2.0000000447034836,0.0,-6.50000017543789,26.25,1,1,0
explicit_bare,immediate,HumanEval/1,0,2,8,0,-12.750000000004093,0.0,-6.50000017543789,26.25,0,0,0
explicit_bare,rts,HumanEval/1,0,2,0,1,17.828125,0.0,-15.09375,26.265625000000004,1,1,0
explicit_bare,rts,HumanEval/1,0,2,1,0,21.15625,0.0,-15.09375,26.265625000000004,1,1,0
explicit_bare,rts,HumanEval/1,0,2,2,0,21.091796875,0.0,-15.09375,26.265625000000004,1,1,0
explicit_bare,rts,HumanEval/1,0,2,3,0,24.546875,0.0,-15.09375,26.265625000000004,1,1,0
explicit_bare,rts,HumanEval/1,0,2,4,0,24.40625,0.0,-15.09375,26.265625000000004,1,1,0
explicit_bare,rts,HumanEval/1,0,2,5,0,23.921875,0.0,-15.09375,26.265625000000004,1,1,0
explicit_bare,rts,HumanEval/1,0,2,6,0,25.625,0.0,-15.09375,26.265625000000004,1,1,0
explicit_bare,rts,HumanEval/1,0,2,7,0,26.265625,0.0,-15.09375,26.265625000000004,1,1,0
explicit_bare,rts,HumanEval/1,0,2,8,0,-20.2734375,0.0,-15.09375,26.265625000000004,0,0,0
explicit_bare,immediate,HumanEval/100,0,1,0,1,23.75,0.0,-6.999999819439836,0.0,1,1,1
explicit_bare,immediate,HumanEval/100,0,1,1,0,-12.250000000011369,0.0,-6.999999819439836,0.0,0,0,0
explicit_bare,immediate,HumanEval/100,0,1,2,0,-13.499999523163865,0.0,-6.999999819439836,0.0,0,0,0
explicit_bare,immediate,HumanEval/100,0,1,3,0,-13.499999523163865,0.0,-6.999999819439836,0.0,0,0,0
explicit_bare,immediate,HumanEval/100,0,1,4,0,-13.499999523163865,0.0,-6.999999819439836,0.0,0,0,0
explicit_bare,immediate,HumanEval/100,0,1,5,0,-12.999999642374632,0.0,-6.999999819439836,0.0,0,0,0
explicit_bare,immediate,HumanEval/100,0,1,6,0,-13.499999523163865,0.0,-6.999999819439836,0.0,0,0,0
explicit_bare,immediate,HumanEval/100,0,1,7,0,-14.25000035762804,0.0,-6.999999819439836,0.0,0,0,0
explicit_bare,immediate,HumanEval/100,0,1,8,0,-20.0,0.0,-6.999999819439836,0.0,0,0,0
explicit_bare,rts,HumanEval/100,0,1,0,1,22.6875,0.0,18.390625,0.0,1,1,1
explicit_bare,rts,HumanEval/100,0,1,1,0,-22.1875,0.0,18.390625,0.0,0,0,0
explicit_bare,rts,HumanEval/100,0,1,2,0,-24.01953125,0.0,18.390625,0.0,0,0,0
explicit_bare,rts,HumanEval/100,0,1,3,0,-22.7265625,0.0,18.390625,0.0,0,0,0
explicit_bare,rts,HumanEval/100,0,1,4,0,-21.875,0.0,18.390625,0.0,0,0,0
explicit_bare,rts,HumanEval/100,0,1,5,0,-16.0625,0.0,18.390625,0.0,0,0,0
explicit_bare,rts,HumanEval/100,0,1,6,0,-21.3203125,0.0,18.390625,0.0,0,0,0
explicit_bare,rts,HumanEval/100,0,1,7,0,-22.80859375,0.0,18.390625,0.0,0,0,0
explicit_bare,rts,HumanEval/100,0,1,8,0,-20.375,0.0,18.390625,0.0,0,0,0
explicit_bare,immediate,HumanEval/101,7,4,0,1,25.25,0.0,-6.50000017543789,-0.25,1,1,1
explicit_bare,immediate,HumanEval/101,7,4,1,1,14.499999523162955,0.0,-6.50000017543789,-0.25,1,1,1
explicit_bare,immediate,HumanEval/101,7,4,2,1,11.250000357712452,0.0,-6.50000017543789,-0.25,1,1,1
explicit_bare,immediate,HumanEval/101,7,4,3,1,12.750000000004093,0.0,-6.50000017543789,-0.25,1,1,1
explicit_bare,immediate,HumanEval/101,7,4,4,1,10.749999523393853,0.0,-6.50000017543789,-0.25,1,1,1
explicit_bare,immediate,HumanEval/101,7,4,5,1,11.250000357712452,0.0,-6.50000017543789,-0.25,1,1,1
explicit_bare,immediate,HumanEval/101,7,4,6,1,7.749999973515514,0.0,-6.50000017543789,-0.25,1,1,1
explicit_bare,immediate,HumanEval/101,7,4,7,1,-0.25,0.0,-6.50000017543789,-0.25,0,1,1
explicit_bare,immediate,HumanEval/101,7,4,8,0,-11.999999523181941,0.0,-6.50000017543789,-0.25,0,0,0
explicit_bare,rts,HumanEval/101,7,4,0,1,22.453125,0.0,18.25,20.5,1,1,1
explicit_bare,rts,HumanEval/101,7,4,1,1,23.203125,0.0,18.25,20.5,1,1,1
explicit_bare,rts,HumanEval/101,7,4,2,1,25.078125,0.0,18.25,20.5,1,1,1
explicit_bare,rts,HumanEval/101,7,4,3,1,23.3671875,0.0,18.25,20.5,1,1,1
explicit_bare,rts,HumanEval/101,7,4,4,1,20.5,0.0,18.25,20.5,1,1,1
explicit_bare,rts,HumanEval/101,7,4,5,1,23.6015625,0.0,18.25,20.5,1,1,1
explicit_bare,rts,HumanEval/101,7,4,6,1,23.357421875,0.0,18.25,20.5,1,1,1
explicit_bare,rts,HumanEval/101,7,4,7,1,24.125,0.0,18.25,20.5,1,1,1
explicit_bare,rts,HumanEval/101,7,4,8,0,20.34375,0.0,18.25,20.5,1,1,0
explicit_bare,immediate,HumanEval/102,6,0,0,1,22.0,0.0,-6.999999819439836,-19.75,1,1,1
explicit_bare,immediate,HumanEval/102,6,0,1,1,-10.749999523393853,0.0,-6.999999819439836,-19.75,0,0,1
explicit_bare,immediate,HumanEval/102,6,0,2,1,-14.00000011920963,0.0,-6.999999819439836,-19.75,0,0,1
explicit_bare,immediate,HumanEval/102,6,0,3,1,-14.999999642372188,0.0,-6.999999819439836,-19.75,0,0,1
explicit_bare,immediate,HumanEval/102,6,0,4,1,-17.0,0.0,-6.999999819439836,-19.75,0,0,1
explicit_bare,immediate,HumanEval/102,6,0,5,1,-18.0,0.0,-6.999999819439836,-19.75,0,0,1
explicit_bare,immediate,HumanEval/102,6,0,6,1,-19.75,0.0,-6.999999819439836,-19.75,0,0,1
explicit_bare,immediate,HumanEval/102,6,0,7,0,-21.5,0.0,-6.999999819439836,-19.75,0,0,0
explicit_bare,immediate,HumanEval/102,6,0,8,0,-26.5,0.0,-6.999999819439836,-19.75,0,0,0
explicit_bare,rts,HumanEval/102,6,0,0,1,21.671875,0.0,11.374998092651367,-19.578125,1,1,1
explicit_bare,rts,HumanEval/102,6,0,1,1,-15.375,0.0,11.374998092651367,-19.578125,0,0,1
explicit_bare,rts,HumanEval/102,6,0,2,1,22.48828125,0.0,11.374998092651367,-19.578125,1,1,1
explicit_bare,rts,HumanEval/102,6,0,3,1,-17.46875,0.0,11.374998092651367,-19.578125,0,0,1
explicit_bare,rts,HumanEval/102,6,0,4,1,-19.578125,0.0,11.374998092651367,-19.578125,0,0,1
explicit_bare,rts,HumanEval/102,6,0,5,1,-19.03125,0.0,11.374998092651367,-19.578125,0,0,1
explicit_bare,rts,HumanEval/102,6,0,6,1,-19.0625,0.0,11.374998092651367,-19.578125,0,0,1
explicit_bare,rts,HumanEval/102,6,0,7,0,19.640625,0.0,11.374998092651367,-19.578125,1,1,1
explicit_bare,rts,HumanEval/102,6,0,8,0,-21.20703125,0.0,11.374998092651367,-19.578125,0,0,0
explicit_bare,immediate,HumanEval/103,7,3,0,1,29.0,0.0,-0.9999999701976776,0.0,1,1,1
explicit_bare,immediate,HumanEval/103,7,3,1,1,17.75,0.0,-0.9999999701976776,0.0,1,1,1
explicit_bare,immediate,HumanEval/103,7,3,2,1,10.249999881416443,0.0,-0.9999999701976776,0.0,1,1,1
explicit_bare,immediate,HumanEval/103,7,3,3,1,10.50000011958764,0.0,-0.9999999701976776,0.0,1,1,1
explicit_bare,immediate,HumanEval/103,7,3,4,1,7.500000152911525,0.0,-0.9999999701976776,0.0,1,1,1
explicit_bare,immediate,HumanEval/103,7,3,5,1,10.50000011958764,0.0,-0.9999999701976776,0.0,1,1,1
explicit_bare,immediate,HumanEval/103,7,3,6,1,4.7500000186264515,0.0,-0.9999999701976776,0.0,1,1,1
explicit_bare,immediate,HumanEval/103,7,3,7,1,3.4999999310821295,0.0,-0.9999999701976776,0.0,1,1,1
explicit_bare,immediate,HumanEval/103,7,3,8,0,-18.5,0.0,-0.9999999701976776,0.0,0,0,0
explicit_bare,rts,HumanEval/103,7,3,0,1,23.15625,0.0,11.374998092651367,23.15625,1,1,1
explicit_bare,rts,HumanEval/103,7,3,1,1,27.46875,0.0,11.374998092651367,23.15625,1,1,1
explicit_bare,rts,HumanEval/103,7,3,2,1,27.5625,0.0,11.374998092651367,23.15625,1,1,1
explicit_bare,rts,HumanEval/103,7,3,3,1,28.4375,0.0,11.374998092651367,23.15625,1,1,1
explicit_bare,rts,HumanEval/103,7,3,4,1,27.96875,0.0,11.374998092651367,23.15625,1,1,1
explicit_bare,rts,HumanEval/103,7,3,5,1,28.5625,0.0,11.374998092651367,23.15625,1,1,1
explicit_bare,rts,HumanEval/103,7,3,6,1,28.40625,0.0,11.374998092651367,23.15625,1,1,1
explicit_bare,rts,HumanEval/103,7,3,7,1,27.5,0.0,11.374998092651367,23.15625,1,1,1
explicit_bare,rts,HumanEval/103,7,3,8,0,17.625,0.0,11.374998092651367,23.15625,1,1,0
explicit_bare,immediate,HumanEval/104,0,3,0,1,28.0,0.0,-0.9999999701976776,28.0,1,1,1
explicit_bare,immediate,HumanEval/104,0,3,1,0,22.5,0.0,-0.9999999701976776,28.0,1,1,0
explicit_bare,immediate,HumanEval/104,0,3,2,0,18.75,0.0,-0.9999999701976776,28.0,1,1,0
explicit_bare,immediate,HumanEval/104,0,3,3,0,18.5,0.0,-0.9999999701976776,28.0,1,1,0
explicit_bare,immediate,HumanEval/104,0,3,4,0,18.75,0.0,-0.9999999701976776,28.0,1,1,0
explicit_bare,immediate,HumanEval/104,0,3,5,0,22.25,0.0,-0.9999999701976776,28.0,1,1,0
explicit_bare,immediate,HumanEval/104,0,3,6,0,23.5,0.0,-0.9999999701976776,28.0,1,1,0
explicit_bare,immediate,HumanEval/104,0,3,7,0,19.75,0.0,-0.9999999701976776,28.0,1,1,0
explicit_bare,immediate,HumanEval/104,0,3,8,0,14.749999642372188,0.0,-0.9999999701976776,28.0,1,1,0
explicit_bare,rts,HumanEval/104,0,3,0,1,22.8984375,0.0,11.374998092651367,27.125000000000004,1,1,0
explicit_bare,rts,HumanEval/104,0,3,1,0,25.65625,0.0,11.374998092651367,27.125000000000004,1,1,0
explicit_bare,rts,HumanEval/104,0,3,2,0,24.03125,0.0,11.374998092651367,27.125000000000004,1,1,0
explicit_bare,rts,HumanEval/104,0,3,3,0,25.21875,0.0,11.374998092651367,27.125000000000004,1,1,0
explicit_bare,rts,HumanEval/104,0,3,4,0,24.65625,0.0,11.374998092651367,27.125000000000004,1,1,0
explicit_bare,rts,HumanEval/104,0,3,5,0,27.125,0.0,11.374998092651367,27.125000000000004,1,1,0
explicit_bare,rts,HumanEval/104,0,3,6,0,26.40625,0.0,11.374998092651367,27.125000000000004,1,1,0
explicit_bare,rts,HumanEval/104,0,3,7,0,26.46875,0.0,11.374998092651367,27.125000000000004,1,1,0
explicit_bare,rts,HumanEval/104,0,3,8,0,26.0,0.0,11.374998092651367,27.125000000000004,1,1,0
explicit_bare,immediate,HumanEval/107,0,2,0,1,22.25,0.0,-6.50000017543789,0.0,1,1,1
explicit_bare,immediate,HumanEval/107,0,2,1,0,-11.999999523181941,0.0,-6.50000017543789,0.0,0,0,0
explicit_bare,immediate,HumanEval/107,0,2,2,0,-12.750000000004093,0.0,-6.50000017543789,0.0,0,0,0
explicit_bare,immediate,HumanEval/107,0,2,3,0,-14.00000011920963,0.0,-6.50000017543789,0.0,0,0,0
explicit_bare,immediate,HumanEval/107,0,2,4,0,-14.25000035762804,0.0,-6.50000017543789,0.0,0,0,0
explicit_bare,immediate,HumanEval/107,0,2,5,0,-11.250000357712452,0.0,-6.50000017543789,0.0,0,0,0
explicit_bare,immediate,HumanEval/107,0,2,6,0,-13.250000119210881,0.0,-6.50000017543789,0.0,0,0,0
explicit_bare,immediate,HumanEval/107,0,2,7,0,-11.999999523181941,0.0,-6.50000017543789,0.0,0,0,0
explicit_bare,immediate,HumanEval/107,0,2,8,0,-19.75,0.0,-6.50000017543789,0.0,0,0,0
explicit_bare,rts,HumanEval/107,0,2,0,1,20.91796875,0.0,-15.09375,0.0,1,1,1
explicit_bare,rts,HumanEval/107,0,2,1,0,-17.59375,0.0,-15.09375,0.0,0,0,0
explicit_bare,rts,HumanEval/107,0,2,2,0,-16.875,0.0,-15.09375,0.0,0,0,0
explicit_bare,rts,HumanEval/107,0,2,3,0,-13.59375,0.0,-15.09375,0.0,0,1,0
explicit_bare,rts,HumanEval/107,0,2,4,0,-15.9375,0.0,-15.09375,0.0,0,0,0
explicit_bare,rts,HumanEval/107,0,2,5,0,-17.875,0.0,-15.09375,0.0,0,0,0
explicit_bare,rts,HumanEval/107,0,2,6,0,-18.0,0.0,-15.09375,0.0,0,0,0
explicit_bare,rts,HumanEval/107,0,2,7,0,-14.9375,0.0,-15.09375,0.0,0,1,0
explicit_bare,rts,HumanEval/107,0,2,8,0,-18.65625,0.0,-15.09375,0.0,0,0,0
explicit_bare,immediate,HumanEval/108,0,0,0,1,26.5,0.0,-6.999999819439836,26.5,1,1,1
explicit_bare,immediate,HumanEval/108,0,0,1,0,2.9999999925494194,0.0,-6.999999819439836,26.5,1,1,0
explicit_bare,immediate,HumanEval/108,0,0,2,0,2.0000000447034836,0.0,-6.999999819439836,26.5,1,1,0
explicit_bare,immediate,HumanEval/108,0,0,3,0,1.25,0.0,-6.999999819439836,26.5,1,1,0
explicit_bare,immediate,HumanEval/108,0,0,4,0,0.9999999701976776,0.0,-6.999999819439836,26.5,1,1,0
explicit_bare,immediate,HumanEval/108,0,0,5,0,4.250000044703484,0.0,-6.999999819439836,26.5,1,1,0
explicit_bare,immediate,HumanEval/108,0,0,6,0,2.7499999962747097,0.0,-6.999999819439836,26.5,1,1,0
explicit_bare,immediate,HumanEval/108,0,0,7,0,2.7499999962747097,0.0,-6.999999819439836,26.5,1,1,0
explicit_bare,immediate,HumanEval/108,0,0,8,0,-3.4999999310821295,0.0,-6.999999819439836,26.5,0,1,0
explicit_bare,rts,HumanEval/108,0,0,0,1,22.673583984375,0.0,11.374998092651367,26.531250000000004,1,1,0
explicit_bare,rts,HumanEval/108,0,0,1,0,23.796875,0.0,11.374998092651367,26.531250000000004,1,1,0
explicit_bare,rts,HumanEval/108,0,0,2,0,23.0078125,0.0,11.374998092651367,26.531250000000004,1,1,0
explicit_bare,rts,HumanEval/108,0,0,3,0,26.53125,0.0,11.374998092651367,26.531250000000004,1,1,0
explicit_bare,rts,HumanEval/108,0,0,4,0,23.9375,0.0,11.374998092651367,26.531250000000004,1,1,0
explicit_bare,rts,HumanEval/108,0,0,5,0,25.578125,0.0,11.374998092651367,26.531250000000004,1,1,0
explicit_bare,rts,HumanEval/108,0,0,6,0,24.8125,0.0,11.374998092651367,26.531250000000004,1,1,0
explicit_bare,rts,HumanEval/108,0,0,7,0,23.890625,0.0,11.374998092651367,26.531250000000004,1,1,0
explicit_bare,rts,HumanEval/108,0,0,8,0,26.46875,0.0,11.374998092651367,26.531250000000004,1,1,0
explicit_bare,immediate,HumanEval/109,0,4,0,1,25.75,0.0,-6.50000017543789,0.0,1,1,1
explicit_bare,immediate,HumanEval/109,0,4,1,0,-25.0,0.0,-6.50000017543789,0.0,0,0,0
explicit_bare,immediate,HumanEval/109,0,4,2,0,-20.25,0.0,-6.50000017543789,0.0,0,0,0
explicit_bare,immediate,HumanEval/109,0,4,3,0,-20.25,0.0,-6.50000017543789,0.0,0,0,0
explicit_bare,immediate,HumanEval/109,0,4,4,0,-20.5,0.0,-6.50000017543789,0.0,0,0,0
explicit_bare,immediate,HumanEval/109,0,4,5,0,-20.75,0.0,-6.50000017543789,0.0,0,0,0
explicit_bare,immediate,HumanEval/109,0,4,6,0,-20.0,0.0,-6.50000017543789,0.0,0,0,0
explicit_bare,immediate,HumanEval/109,0,4,7,0,-20.25,0.0,-6.50000017543789,0.0,0,0,0
explicit_bare,immediate,HumanEval/109,0,4,8,0,-28.875,0.0,-6.50000017543789,0.0,0,0,0
explicit_bare,rts,HumanEval/109,0,4,0,1,20.21875,0.0,18.25,0.0,1,1,1
explicit_bare,rts,HumanEval/109,0,4,1,0,-19.6875,0.0,18.25,0.0,0,0,0
explicit_bare,rts,HumanEval/109,0,4,2,0,-19.5625,0.0,18.25,0.0,0,0,0
explicit_bare,rts,HumanEval/109,0,4,3,0,-20.0,0.0,18.25,0.0,0,0,0
explicit_bare,rts,HumanEval/109,0,4,4,0,-19.359375,0.0,18.25,0.0,0,0,0
explicit_bare,rts,HumanEval/109,0,4,5,0,-19.015625,0.0,18.25,0.0,0,0,0
explicit_bare,rts,HumanEval/109,0,4,6,0,-18.6875,0.0,18.25,0.0,0,0,0
explicit_bare,rts,HumanEval/109,0,4,7,0,-17.4375,0.0,18.25,0.0,0,0,0
explicit_bare,rts,HumanEval/109,0,4,8,0,-20.46875,0.0,18.25,0.0,0,0,0
explicit_bare,immediate,HumanEval/112,0,3,0,1,14.00000011920963,0.0,-0.9999999701976776,0.0,1,1,1
explicit_bare,immediate,HumanEval/112,0,3,1,0,-8.749999893334461,0.0,-0.9999999701976776,0.0,0,0,0
explicit_bare,immediate,HumanEval/112,0,3,2,0,-11.250000357712452,0.0,-0.9999999701976776,0.0,0,0,0
explicit_bare,immediate,HumanEval/112,0,3,3,0,-12.250000000011369,0.0,-0.9999999701976776,0.0,0,0,0
explicit_bare,immediate,HumanEval/112,0,3,4,0,-12.250000000011369,0.0,-0.9999999701976776,0.0,0,0,0
explicit_bare,immediate,HumanEval/112,0,3,5,0,-10.50000011958764,0.0,-0.9999999701976776,0.0,0,0,0
explicit_bare,immediate,HumanEval/112,0,3,6,0,-11.250000357712452,0.0,-0.9999999701976776,0.0,0,0,0
explicit_bare,immediate,HumanEval/112,0,3,7,0,-10.50000011958764,0.0,-0.9999999701976776,0.0,0,0,0
explicit_bare,immediate,HumanEval/112,0,3,8,0,-21.5,0.0,-0.9999999701976776,0.0,0,0,0
explicit_bare,rts,HumanEval/112,0,3,0,1,15.625,0.0,11.374998092651367,0.0,1,1,1
explicit_bare,rts,HumanEval/112,0,3,1,0,-16.53125,0.0,11.374998092651367,0.0,0,0,0
explicit_bare,rts,HumanEval/112,0,3,2,0,-17.203125,0.0,11.374998092651367,0.0,0,0,0
explicit_bare,rts,HumanEval/112,0,3,3,0,-17.90625,0.0,11.374998092651367,0.0,0,0,0
explicit_bare,rts,HumanEval/112,0,3,4,0,-19.203125,0.0,11.374998092651367,0.0,0,0,0
explicit_bare,rts,HumanEval/112,0,3,5,0,-21.328125,0.0,11.374998092651367,0.0,0,0,0
explicit_bare,rts,HumanEval/112,0,3,6,0,-18.90625,0.0,11.374998092651367,0.0,0,0,0
explicit_bare,rts,HumanEval/112,0,3,7,0,16.09375,0.0,11.374998092651367,0.0,1,1,1
explicit_bare,rts,HumanEval/112,0,3,8,0,-18.65625,0.0,11.374998092651367,0.0,0,0,0
explicit_bare,immediate,HumanEval/115,2,1,0,1,14.749999642372188,0.0,-6.999999819439836,0.0,1,1,1
explicit_bare,immediate,HumanEval/115,2,1,1,1,-13.499999523163865,0.0,-6.999999819439836,0.0,0,0,0
explicit_bare,immediate,HumanEval/115,2,1,2,1,-12.50000011921611,0.0,-6.999999819439836,0.0,0,0,0
explicit_bare,immediate,HumanEval/115,2,1,3,0,-14.00000011920963,0.0,-6.999999819439836,0.0,0,0,0
explicit_bare,immediate,HumanEval/115,2,1,4,0,-14.499999523162955,0.0,-6.999999819439836,0.0,0,0,0
explicit_bare,immediate,HumanEval/115,2,1,5,0,-12.250000000011369,0.0,-6.999999819439836,0.0,0,0,0
explicit_bare,immediate,HumanEval/115,2,1,6,0,-12.750000000004093,0.0,-6.999999819439836,0.0,0,0,0
explicit_bare,immediate,HumanEval/115,2,1,7,0,-14.499999523162955,0.0,-6.999999819439836,0.0,0,0,0
explicit_bare,immediate,HumanEval/115,2,1,8,0,-19.75,0.0,-6.999999819439836,0.0,0,0,0
explicit_bare,rts,HumanEval/115,2,1,0,1,18.65625,0.0,18.390625,0.0,1,1,1
explicit_bare,rts,HumanEval/115,2,1,1,1,-19.90625,0.0,18.390625,0.0,0,0,0
explicit_bare,rts,HumanEval/115,2,1,2,1,14.15625,0.0,18.390625,0.0,1,0,1
explicit_bare,rts,HumanEval/115,2,1,3,0,-19.65625,0.0,18.390625,0.0,0,0,0
explicit_bare,rts,HumanEval/115,2,1,4,0,-15.9375,0.0,18.390625,0.0,0,0,0
explicit_bare,rts,HumanEval/115,2,1,5,0,-15.4375,0.0,18.390625,0.0,0,0,0
explicit_bare,rts,HumanEval/115,2,1,6,0,-15.90625,0.0,18.390625,0.0,0,0,0
explicit_bare,rts,HumanEval/115,2,1,7,0,-17.671875,0.0,18.390625,0.0,0,0,0
explicit_bare,rts,HumanEval/115,2,1,8,0,-20.703125,0.0,18.390625,0.0,0,0,0
explicit_bare,immediate,HumanEval/116,8,0,0,1,25.25,0.0,-6.999999819439836,-10.000000358661055,1,1,1
explicit_bare,immediate,HumanEval/116,8,0,1,1,9.250000243031536,0.0,-6.999999819439836,-10.000000358661055,1,1,1
explicit_bare,immediate,HumanEval/116,8,0,2,1,2.9999999925494194,0.0,-6.999999819439836,-10.000000358661055,1,1,1
explicit_bare,immediate,HumanEval/116,8,0,3,1,2.2500000298023224,0.0,-6.999999819439836,-10.000000358661055,1,1,1
explicit_bare,immediate,HumanEval/116,8,0,4,1,-3.2499999403953552,0.0,-6.999999819439836,-10.000000358661055,0,1,1
explicit_bare,immediate,HumanEval/116,8,0,5,1,2.5000000968575478,0.0,-6.999999819439836,-10.000000358661055,1,1,1
explicit_bare,immediate,HumanEval/116,8,0,6,1,5.749999928288162,0.0,-6.999999819439836,-10.000000358661055,1,1,1
explicit_bare,immediate,HumanEval/116,8,0,7,1,1.7499999850988388,0.0,-6.999999819439836,-10.000000358661055,1,1,1
explicit_bare,immediate,HumanEval/116,8,0,8,1,-10.000000358661055,0.0,-6.999999819439836,-10.000000358661055,0,0,1
explicit_bare,rts,HumanEval/116,8,0,0,1,21.4891357421875,0.0,11.374998092651367,0.0,1,1,1
explicit_bare,rts,HumanEval/116,8,0,1,1,23.984375,0.0,11.374998092651367,0.0,1,1,1
explicit_bare,rts,HumanEval/116,8,0,2,1,23.421875,0.0,11.374998092651367,0.0,1,1,1
explicit_bare,rts,HumanEval/116,8,0,3,1,21.09375,0.0,11.374998092651367,0.0,1,1,1
explicit_bare,rts,HumanEval/116,8,0,4,1,21.53125,0.0,11.374998092651367,0.0,1,1,1
explicit_bare,rts,HumanEval/116,8,0,5,1,22.515625,0.0,11.374998092651367,0.0,1,1,1
explicit_bare,rts,HumanEval/116,8,0,6,1,23.0546875,0.0,11.374998092651367,0.0,1,1,1
explicit_bare,rts,HumanEval/116,8,0,7,1,23.453125,0.0,11.374998092651367,0.0,1,1,1
explicit_bare,rts,HumanEval/116,8,0,8,1,23.390625,0.0,11.374998092651367,0.0,1,1,1
explicit_bare,immediate,HumanEval/118,0,2,0,1,22.0,0.0,-6.50000017543789,0.0,1,1,1
explicit_bare,immediate,HumanEval/118,0,2,1,0,-8.250000034138793,0.0,-6.50000017543789,0.0,0,0,0
explicit_bare,immediate,HumanEval/118,0,2,2,0,-17.75,0.0,-6.50000017543789,0.0,0,0,0
explicit_bare,immediate,HumanEval/118,0,2,3,0,-17.75,0.0,-6.50000017543789,0.0,0,0,0
explicit_bare,immediate,HumanEval/118,0,2,4,0,-18.5,0.0,-6.50000017543789,0.0,0,0,0
explicit_bare,immediate,HumanEval/118,0,2,5,0,-19.25,0.0,-6.50000017543789,0.0,0,0,0
explicit_bare,immediate,HumanEval/118,0,2,6,0,-20.0,0.0,-6.50000017543789,0.0,0,0,0
explicit_bare,immediate,HumanEval/118,0,2,7,0,-19.75,0.0,-6.50000017543789,0.0,0,0,0
explicit_bare,immediate,HumanEval/118,0,2,8,0,-27.125,0.0,-6.50000017543789,0.0,0,0,0
explicit_bare,rts,HumanEval/118,0,2,0,1,20.3828125,0.0,-15.09375,0.0,1,1,1
explicit_bare,rts,HumanEval/118,0,2,1,0,-19.96875,0.0,-15.09375,0.0,0,0,0
explicit_bare,rts,HumanEval/118,0,2,2,0,-19.125,0.0,-15.09375,0.0,0,0,0
explicit_bare,rts,HumanEval/118,0,2,3,0,-20.015625,0.0,-15.09375,0.0,0,0,0
explicit_bare,rts,HumanEval/118,0,2,4,0,-19.953125,0.0,-15.09375,0.0,0,0,0
explicit_bare,rts,HumanEval/118,0,2,5,0,-20.46875,0.0,-15.09375,0.0,0,0,0
explicit_bare,rts,HumanEval/118,0,2,6,0,-25.041748046875,0.0,-15.09375,0.0,0,0,0
explicit_bare,rts,HumanEval/118,0,2,7,0,-24.306640625,0.0,-15.09375,0.0,0,0,0
explicit_bare,rts,HumanEval/118,0,2,8,0,-22.9609375,0.0,-15.09375,0.0,0,0,0
explicit_bare,immediate,HumanEval/120,3,0,0,1,27.0,0.0,-6.999999819439836,17.25,1,1,1
explicit_bare,immediate,HumanEval/120,3,0,1,1,23.5,0.0,-6.999999819439836,17.25,1,1,1
explicit_bare,immediate,HumanEval/120,3,0,2,1,21.0,0.0,-6.999999819439836,17.25,1,1,1
explicit_bare,immediate,HumanEval/120,3,0,3,1,17.25,0.0,-6.999999819439836,17.25,1,1,1
explicit_bare,immediate,HumanEval/120,3,0,4,0,15.749999880790718,0.0,-6.999999819439836,17.25,1,1,0
explicit_bare,immediate,HumanEval/120,3,0,5,0,16.499999880790718,0.0,-6.999999819439836,17.25,1,1,0
explicit_bare,immediate,HumanEval/120,3,0,6,0,13.250000119210881,0.0,-6.999999819439836,17.25,1,1,0
explicit_bare,immediate,HumanEval/120,3,0,7,0,2.0000000447034836,0.0,-6.999999819439836,17.25,1,1,0
explicit_bare,immediate,HumanEval/120,3,0,8,0,-9.749999882489647,0.0,-6.999999819439836,17.25,0,0,0
explicit_bare,rts,HumanEval/120,3,0,0,1,19.625,0.0,11.374998092651367,25.109375,1,1,0
explicit_bare,rts,HumanEval/120,3,0,1,1,25.59375,0.0,11.374998092651367,25.109375,1,1,1
explicit_bare,rts,HumanEval/120,3,0,2,1,25.109375,0.0,11.374998092651367,25.109375,1,1,1
explicit_bare,rts,HumanEval/120,3,0,3,1,25.171875,0.0,11.374998092651367,25.109375,1,1,1
explicit_bare,rts,HumanEval/120,3,0,4,0,15.03125,0.0,11.374998092651367,25.109375,1,1,0
explicit_bare,rts,HumanEval/120,3,0,5,0,21.73046875,0.0,11.374998092651367,25.109375,1,1,0
explicit_bare,rts,HumanEval/120,3,0,6,0,25.859375,0.0,11.374998092651367,25.109375,1,1,1
explicit_bare,rts,HumanEval/120,3,0,7,0,26.234375,0.0,11.374998092651367,25.109375,1,1,1
explicit_bare,rts,HumanEval/120,3,0,8,0,23.484375,0.0,11.374998092651367,25.109375,1,1,0
explicit_bare,immediate,HumanEval/121,8,4,0,1,28.25,0.0,-6.50000017543789,-2.9999999925494194,1,1,1
explicit_bare,immediate,HumanEval/121,8,4,1,1,22.25,0.0,-6.50000017543789,-2.9999999925494194,1,1,1
explicit_bare,immediate,HumanEval/121,8,4,2,1,19.75,0.0,-6.50000017543789,-2.9999999925494194,1,1,1
explicit_bare,immediate,HumanEval/121,8,4,3,1,19.5,0.0,-6.50000017543789,-2.9999999925494194,1,1,1
explicit_bare,immediate,HumanEval/121,8,4,4,1,18.75,0.0,-6.50000017543789,-2.9999999925494194,1,1,1
explicit_bare,immediate,HumanEval/121,8,4,5,1,22.75,0.0,-6.50000017543789,-2.9999999925494194,1,1,1
explicit_bare,immediate,HumanEval/121,8,4,6,1,22.0,0.0,-6.50000017543789,-2.9999999925494194,1,1,1
explicit_bare,immediate,HumanEval/121,8,4,7,1,19.0,0.0,-6.50000017543789,-2.9999999925494194,1,1,1
explicit_bare,immediate,HumanEval/121,8,4,8,1,-2.9999999925494194,0.0,-6.50000017543789,-2.9999999925494194,0,1,1
explicit_bare,rts,HumanEval/121,8,4,0,1,25.125,0.0,18.25,-21.28125,1,1,1
explicit_bare,rts,HumanEval/121,8,4,1,1,26.84375,0.0,18.25,-21.28125,1,1,1
explicit_bare,rts,HumanEval/121,8,4,2,1,24.828125,0.0,18.25,-21.28125,1,1,1
explicit_bare,rts,HumanEval/121,8,4,3,1,-17.84375,0.0,18.25,-21.28125,0,0,1
explicit_bare,rts,HumanEval/121,8,4,4,1,23.578125,0.0,18.25,-21.28125,1,1,1
explicit_bare,rts,HumanEval/121,8,4,5,1,-21.28125,0.0,18.25,-21.28125,0,0,1
explicit_bare,rts,HumanEval/121,8,4,6,1,-19.015625,0.0,18.25,-21.28125,0,0,1
explicit_bare,rts,HumanEval/121,8,4,7,1,-15.25,0.0,18.25,-21.28125,0,0,1
explicit_bare,rts,HumanEval/121,8,4,8,1,-20.625,0.0,18.25,-21.28125,0,0,1
explicit_bare,immediate,HumanEval/122,7,2,0,1,29.5,0.0,-6.50000017543789,20.25,1,1,1
explicit_bare,immediate,HumanEval/122,7,2,1,1,24.0,0.0,-6.50000017543789,20.25,1,1,1
explicit_bare,immediate,HumanEval/122,7,2,2,1,20.25,0.0,-6.50000017543789,20.25,1,1,1
explicit_bare,immediate,HumanEval/122,7,2,3,1,20.75,0.0,-6.50000017543789,20.25,1,1,1
explicit_bare,immediate,HumanEval/122,7,2,4,1,21.25,0.0,-6.50000017543789,20.25,1,1,1
explicit_bare,immediate,HumanEval/122,7,2,5,1,23.0,0.0,-6.50000017543789,20.25,1,1,1
explicit_bare,immediate,HumanEval/122,7,2,6,1,22.5,0.0,-6.50000017543789,20.25,1,1,1
explicit_bare,immediate,HumanEval/122,7,2,7,1,21.75,0.0,-6.50000017543789,20.25,1,1,1
explicit_bare,immediate,HumanEval/122,7,2,8,0,12.250000000011369,0.0,-6.50000017543789,20.25,1,1,0
explicit_bare,rts,HumanEval/122,7,2,0,1,24.828125,0.0,-15.09375,-16.25,1,1,1
explicit_bare,rts,HumanEval/122,7,2,1,1,26.765625,0.0,-15.09375,-16.25,1,1,1
explicit_bare,rts,HumanEval/122,7,2,2,1,25.75,0.0,-15.09375,-16.25,1,1,1
explicit_bare,rts,HumanEval/122,7,2,3,1,25.375,0.0,-15.09375,-16.25,1,1,1
explicit_bare,rts,HumanEval/122,7,2,4,1,26.578125,0.0,-15.09375,-16.25,1,1,1
explicit_bare,rts,HumanEval/122,7,2,5,1,27.234375,0.0,-15.09375,-16.25,1,1,1
explicit_bare,rts,HumanEval/122,7,2,6,1,26.84375,0.0,-15.09375,-16.25,1,1,1
explicit_bare,rts,HumanEval/122,7,2,7,1,-16.25,0.0,-15.09375,-16.25,0,0,1
explicit_bare,rts,HumanEval/122,7,2,8,0,-20.03125,0.0,-15.09375,-16.25,0,0,0
explicit_bare,immediate,HumanEval/124,8,1,0,1,28.75,0.0,-6.999999819439836,-11.749999761612344,1,1,1
explicit_bare,immediate,HumanEval/124,8,1,1,1,-10.749999523393853,0.0,-6.999999819439836,-11.749999761612344,0,0,1
explicit_bare,immediate,HumanEval/124,8,1,2,1,-8.250000034138793,0.0,-6.999999819439836,-11.749999761612344,0,0,1
explicit_bare,immediate,HumanEval/124,8,1,3,1,-7.500000152911525,0.0,-6.999999819439836,-11.749999761612344,0,0,1
explicit_bare,immediate,HumanEval/124,8,1,4,1,-6.50000017543789,0.0,-6.999999819439836,-11.749999761612344,0,1,1
explicit_bare,immediate,HumanEval/124,8,1,5,1,-5.749999928288162,0.0,-6.999999819439836,-11.749999761612344,0,1,1
explicit_bare,immediate,HumanEval/124,8,1,6,1,-5.749999928288162,0.0,-6.999999819439836,-11.749999761612344,0,1,1
explicit_bare,immediate,HumanEval/124,8,1,7,1,-4.7500000186264515,0.0,-6.999999819439836,-11.749999761612344,0,1,1
explicit_bare,immediate,HumanEval/124,8,1,8,1,-11.749999761612344,0.0,-6.999999819439836,-11.749999761612344,0,0,1
explicit_bare,rts,HumanEval/124,8,1,0,1,23.87323760986328,0.0,18.390625,-13.8125,1,1,1
explicit_bare,rts,HumanEval/124,8,1,1,1,-11.562498092651367,0.0,18.390625,-13.8125,0,0,1
explicit_bare,rts,HumanEval/124,8,1,2,1,-13.8125,0.0,18.390625,-13.8125,0,0,1
explicit_bare,rts,HumanEval/124,8,1,3,1,20.359375,0.0,18.390625,-13.8125,1,1,1
explicit_bare,rts,HumanEval/124,8,1,4,1,15.25,0.0,18.390625,-13.8125,1,0,1
explicit_bare,rts,HumanEval/124,8,1,5,1,15.125,0.0,18.390625,-13.8125,1,0,1
explicit_bare,rts,HumanEval/124,8,1,6,1,24.484375,0.0,18.390625,-13.8125,1,1,1
explicit_bare,rts,HumanEval/124,8,1,7,1,21.734375,0.0,18.390625,-13.8125,1,1,1
explicit_bare,rts,HumanEval/124,8,1,8,1,18.875,0.0,18.390625,-13.8125,1,1,1
explicit_bare,immediate,HumanEval/127,6,2,0,1,28.0,0.0,-6.50000017543789,0.0,1,1,1
explicit_bare,immediate,HumanEval/127,6,2,1,1,11.999999523181941,0.0,-6.50000017543789,0.0,1,1,1
explicit_bare,immediate,HumanEval/127,6,2,2,1,3.9999998919665813,0.0,-6.50000017543789,0.0,1,1,1
explicit_bare,immediate,HumanEval/127,6,2,3,1,2.5000000968575478,0.0,-6.50000017543789,0.0,1,1,1
explicit_bare,immediate,HumanEval/127,6,2,4,1,4.250000044703484,0.0,-6.50000017543789,0.0,1,1,1
explicit_bare,immediate,HumanEval/127,6,2,5,1,4.250000044703484,0.0,-6.50000017543789,0.0,1,1,1
explicit_bare,immediate,HumanEval/127,6,2,6,1,3.749999888241291,0.0,-6.50000017543789,0.0,1,1,1
explicit_bare,immediate,HumanEval/127,6,2,7,0,-0.5,0.0,-6.50000017543789,0.0,0,1,0
explicit_bare,immediate,HumanEval/127,6,2,8,0,-14.25000035762804,0.0,-6.50000017543789,0.0,0,0,0
explicit_bare,rts,HumanEval/127,6,2,0,1,20.1484375,0.0,-15.09375,-17.125,1,1,1
explicit_bare,rts,HumanEval/127,6,2,1,1,22.857421875,0.0,-15.09375,-17.125,1,1,1
explicit_bare,rts,HumanEval/127,6,2,2,1,21.794921875,0.0,-15.09375,-17.125,1,1,1
explicit_bare,rts,HumanEval/127,6,2,3,1,-17.125,0.0,-15.09375,-17.125,0,0,1
explicit_bare,rts,HumanEval/127,6,2,4,1,19.484375,0.0,-15.09375,-17.125,1,1,1
explicit_bare,rts,HumanEval/127,6,2,5,1,23.177734375,0.0,-15.09375,-17.125,1,1,1
explicit_bare,rts,HumanEval/127,6,2,6,1,22.3828125,0.0,-15.09375,-17.125,1,1,1
explicit_bare,rts,HumanEval/127,6,2,7,0,14.84375,0.0,-15.09375,-17.125,1,1,1
explicit_bare,rts,HumanEval/127,6,2,8,0,-20.1875,0.0,-15.09375,-17.125,0,0,0
explicit_bare,immediate,HumanEval/128,8,3,0,1,26.25,0.0,-0.9999999701976776,-6.999999819439836,1,1,1
explicit_bare,immediate,HumanEval/128,8,3,1,1,13.499999523163865,0.0,-0.9999999701976776,-6.999999819439836,1,1,1
explicit_bare,immediate,HumanEval/128,8,3,2,1,5.749999928288162,0.0,-0.9999999701976776,-6.999999819439836,1,1,1
explicit_bare,immediate,HumanEval/128,8,3,3,1,5.749999928288162,0.0,-0.9999999701976776,-6.999999819439836,1,1,1
explicit_bare,immediate,HumanEval/128,8,3,4,1,7.500000152911525,0.0,-0.9999999701976776,-6.999999819439836,1,1,1
explicit_bare,immediate,HumanEval/128,8,3,5,1,10.749999523393853,0.0,-0.9999999701976776,-6.999999819439836,1,1,1
explicit_bare,immediate,HumanEval/128,8,3,6,1,10.000000358661055,0.0,-0.9999999701976776,-6.999999819439836,1,1,1
explicit_bare,immediate,HumanEval/128,8,3,7,1,8.000000294676283,0.0,-0.9999999701976776,-6.999999819439836,1,1,1
explicit_bare,immediate,HumanEval/128,8,3,8,1,-6.999999819439836,0.0,-0.9999999701976776,-6.999999819439836,0,0,1
explicit_bare,rts,HumanEval/128,8,3,0,1,23.2265625,0.0,11.374998092651367,-18.5,1,1,1
explicit_bare,rts,HumanEval/128,8,3,1,1,24.421875,0.0,11.374998092651367,-18.5,1,1,1
explicit_bare,rts,HumanEval/128,8,3,2,1,25.65625,0.0,11.374998092651367,-18.5,1,1,1
explicit_bare,rts,HumanEval/128,8,3,3,1,23.828125,0.0,11.374998092651367,-18.5,1,1,1
explicit_bare,rts,HumanEval/128,8,3,4,1,24.25,0.0,11.374998092651367,-18.5,1,1,1
explicit_bare,rts,HumanEval/128,8,3,5,1,19.546875,0.0,11.374998092651367,-18.5,1,1,1
explicit_bare,rts,HumanEval/128,8,3,6,1,24.328125,0.0,11.374998092651367,-18.5,1,1,1
explicit_bare,rts,HumanEval/128,8,3,7,1,21.19140625,0.0,11.374998092651367,-18.5,1,1,1
explicit_bare,rts,HumanEval/128,8,3,8,1,-18.5,0.0,11.374998092651367,-18.5,0,0,1
explicit_bare,immediate,HumanEval/129,0,2,0,1,20.5,0.0,-6.50000017543789,0.0,1,1,1
explicit_bare,immediate,HumanEval/129,0,2,1,0,-6.50000017543789,0.0,-6.50000017543789,0.0,0,1,0
explicit_bare,immediate,HumanEval/129,0,2,2,0,-8.250000034138793,0.0,-6.50000017543789,0.0,0,0,0
explicit_bare,immediate,HumanEval/129,0,2,3,0,-8.499999663079507,0.0,-6.50000017543789,0.0,0,0,0
explicit_bare,immediate,HumanEval/129,0,2,4,0,-9.250000243031536,0.0,-6.50000017543789,0.0,0,0,0
explicit_bare,immediate,HumanEval/129,0,2,5,0,-7.500000152911525,0.0,-6.50000017543789,0.0,0,0,0
explicit_bare,immediate,HumanEval/129,0,2,6,0,-8.250000034138793,0.0,-6.50000017543789,0.0,0,0,0
explicit_bare,immediate,HumanEval/129,0,2,7,0,-8.250000034138793,0.0,-6.50000017543789,0.0,0,0,0
explicit_bare,immediate,HumanEval/129,0,2,8,0,-16.499999880790718,0.0,-6.50000017543789,0.0,0,0,0
explicit_bare,rts,HumanEval/129,0,2,0,1,-14.65625,0.0,-15.09375,0.0,0,1,0
explicit_bare,rts,HumanEval/129,0,2,1,0,-20.515625,0.0,-15.09375,0.0,0,0,0
explicit_bare,rts,HumanEval/129,0,2,2,0,-19.984375,0.0,-15.09375,0.0,0,0,0
explicit_bare,rts,HumanEval/129,0,2,3,0,-13.5,0.0,-15.09375,0.0,0,1,0
explicit_bare,rts,HumanEval/129,0,2,4,0,-11.500001907348633,0.0,-15.09375,0.0,0,1,0
explicit_bare,rts,HumanEval/129,0,2,5,0,-15.21875,0.0,-15.09375,0.0,0,0,0
explicit_bare,rts,HumanEval/129,0,2,6,0,-15.4375,0.0,-15.09375,0.0,0,0,0
explicit_bare,rts,HumanEval/129,0,2,7,0,-20.6796875,0.0,-15.09375,0.0,0,0,0
explicit_bare,rts,HumanEval/129,0,2,8,0,-19.765625,0.0,-15.09375,0.0,0,0,0
explicit_bare,immediate,HumanEval/13,0,1,0,1,27.75,0.0,-6.999999819439836,0.0,1,1,1
explicit_bare,immediate,HumanEval/13,0,1,1,0,-2.0000000447034836,0.0,-6.999999819439836,0.0,0,1,0
explicit_bare,immediate,HumanEval/13,0,1,2,0,-3.4999999310821295,0.0,-6.999999819439836,0.0,0,1,0
explicit_bare,immediate,HumanEval/13,0,1,3,0,-3.2499999403953552,0.0,-6.999999819439836,0.0,0,1,0
explicit_bare,immediate,HumanEval/13,0,1,4,0,-7.250000132829882,0.0,-6.999999819439836,0.0,0,0,0
explicit_bare,immediate,HumanEval/13,0,1,5,0,-5.499999983236194,0.0,-6.999999819439836,0.0,0,1,0
explicit_bare,immediate,HumanEval/13,0,1,6,0,-8.499999663079507,0.0,-6.999999819439836,0.0,0,0,0
explicit_bare,immediate,HumanEval/13,0,1,7,0,-10.249999881416443,0.0,-6.999999819439836,0.0,0,0,0
explicit_bare,immediate,HumanEval/13,0,1,8,0,-17.5,0.0,-6.999999819439836,0.0,0,0,0
explicit_bare,rts,HumanEval/13,0,1,0,1,28.15625,0.0,18.390625,0.0,1,1,1
explicit_bare,rts,HumanEval/13,0,1,1,0,-2.1875,0.0,18.390625,0.0,0,0,0
explicit_bare,rts,HumanEval/13,0,1,2,0,-9.500001907348633,0.0,18.390625,0.0,0,0,0
explicit_bare,rts,HumanEval/13,0,1,3,0,-13.0625,0.0,18.390625,0.0,0,0,0
explicit_bare,rts,HumanEval/13,0,1,4,0,-15.75,0.0,18.390625,0.0,0,0,0
explicit_bare,rts,HumanEval/13,0,1,5,0,-11.218751907348633,0.0,18.390625,0.0,0,0,0
explicit_bare,rts,HumanEval/13,0,1,6,0,-16.28125,0.0,18.390625,0.0,0,0,0
explicit_bare,rts,HumanEval/13,0,1,7,0,-18.703125,0.0,18.390625,0.0,0,0,0
explicit_bare,rts,HumanEval/13,0,1,8,0,-23.06640625,0.0,18.390625,0.0,0,0,0
explicit_bare,immediate,HumanEval/132,0,4,0,1,27.75,0.0,-6.50000017543789,27.75,1,1,1
explicit_bare,immediate,HumanEval/132,0,4,1,0,16.499999880790718,0.0,-6.50000017543789,27.75,1,1,0
explicit_bare,immediate,HumanEval/132,0,4,2,0,7.500000152911525,0.0,-6.50000017543789,27.75,1,1,0
explicit_bare,immediate,HumanEval/132,0,4,3,0,8.749999893334461,0.0,-6.50000017543789,27.75,1,1,0
explicit_bare,immediate,HumanEval/132,0,4,4,0,11.749999761612344,0.0,-6.50000017543789,27.75,1,1,0
explicit_bare,immediate,HumanEval/132,0,4,5,0,11.250000357712452,0.0,-6.50000017543789,27.75,1,1,0
explicit_bare,immediate,HumanEval/132,0,4,6,0,12.999999642374632,0.0,-6.50000017543789,27.75,1,1,0
explicit_bare,immediate,HumanEval/132,0,4,7,0,9.749999882489647,0.0,-6.50000017543789,27.75,1,1,0
explicit_bare,immediate,HumanEval/132,0,4,8,0,-16.249999880790718,0.0,-6.50000017543789,27.75,0,0,0
explicit_bare,rts,HumanEval/132,0,4,0,1,19.548828125,0.0,18.25,26.046875000000004,1,1,0
explicit_bare,rts,HumanEval/132,0,4,1,0,21.736328125,0.0,18.25,26.046875000000004,1,1,0
explicit_bare,rts,HumanEval/132,0,4,2,0,20.046875,0.0,18.25,26.046875000000004,1,1,0
explicit_bare,rts,HumanEval/132,0,4,3,0,13.218748092651367,0.0,18.25,26.046875000000004,1,0,0
explicit_bare,rts,HumanEval/132,0,4,4,0,22.884765625,0.0,18.25,26.046875000000004,1,1,0
explicit_bare,rts,HumanEval/132,0,4,5,0,23.484375,0.0,18.25,26.046875000000004,1,1,0
explicit_bare,rts,HumanEval/132,0,4,6,0,26.046875,0.0,18.25,26.046875000000004,1,1,0
explicit_bare,rts,HumanEval/132,0,4,7,0,24.5078125,0.0,18.25,26.046875000000004,1,1,0
explicit_bare,rts,HumanEval/132,0,4,8,0,-16.09375,0.0,18.25,26.046875000000004,0,0,0
explicit_bare,immediate,HumanEval/138,7,1,0,1,27.75,0.0,-6.999999819439836,-0.25,1,1,1
explicit_bare,immediate,HumanEval/138,7,1,1,1,22.0,0.0,-6.999999819439836,-0.25,1,1,1
explicit_bare,immediate,HumanEval/138,7,1,2,1,11.5000003576788,0.0,-6.999999819439836,-0.25,1,1,1
explicit_bare,immediate,HumanEval/138,7,1,3,1,5.749999928288162,0.0,-6.999999819439836,-0.25,1,1,1
explicit_bare,immediate,HumanEval/138,7,1,4,1,2.0000000447034836,0.0,-6.999999819439836,-0.25,1,1,1
explicit_bare,immediate,HumanEval/138,7,1,5,1,7.500000152911525,0.0,-6.999999819439836,-0.25,1,1,1
explicit_bare,immediate,HumanEval/138,7,1,6,1,3.749999888241291,0.0,-6.999999819439836,-0.25,1,1,1
explicit_bare,immediate,HumanEval/138,7,1,7,1,-0.25,0.0,-6.999999819439836,-0.25,0,1,1
explicit_bare,immediate,HumanEval/138,7,1,8,0,-22.75,0.0,-6.999999819439836,-0.25,0,0,0
explicit_bare,rts,HumanEval/138,7,1,0,1,16.203125,0.0,18.390625,-22.234375,1,0,1
explicit_bare,rts,HumanEval/138,7,1,1,1,25.390625,0.0,18.390625,-22.234375,1,1,1
explicit_bare,rts,HumanEval/138,7,1,2,1,-21.125,0.0,18.390625,-22.234375,0,0,1
explicit_bare,rts,HumanEval/138,7,1,3,1,-21.0,0.0,18.390625,-22.234375,0,0,1
explicit_bare,rts,HumanEval/138,7,1,4,1,-16.34375,0.0,18.390625,-22.234375,0,0,1
explicit_bare,rts,HumanEval/138,7,1,5,1,12.906248092651367,0.0,18.390625,-22.234375,1,0,1
explicit_bare,rts,HumanEval/138,7,1,6,1,-21.125,0.0,18.390625,-22.234375,0,0,1
explicit_bare,rts,HumanEval/138,7,1,7,1,-22.234375,0.0,18.390625,-22.234375,0,0,1
explicit_bare,rts,HumanEval/138,7,1,8,0,-22.748046875,0.0,18.390625,-22.234375,0,0,0
explicit_bare,immediate,HumanEval/140,5,4,0,1,23.0,0.0,-6.50000017543789,-9.250000243031536,1,1,1
explicit_bare,immediate,HumanEval/140,5,4,1,1,4.250000044703484,0.0,-6.50000017543789,-9.250000243031536,1,1,1
explicit_bare,immediate,HumanEval/140,5,4,2,1,-3.2499999403953552,0.0,-6.50000017543789,-9.250000243031536,0,1,1
explicit_bare,immediate,HumanEval/140,5,4,3,1,-7.250000132829882,0.0,-6.50000017543789,-9.250000243031536,0,0,1
explicit_bare,immediate,HumanEval/140,5,4,4,1,-9.250000243031536,0.0,-6.50000017543789,-9.250000243031536,0,0,1
explicit_bare,immediate,HumanEval/140,5,4,5,1,-8.499999663079507,0.0,-6.50000017543789,-9.250000243031536,0,0,1
explicit_bare,immediate,HumanEval/140,5,4,6,0,-7.250000132829882,0.0,-6.50000017543789,-9.250000243031536,0,0,1
explicit_bare,immediate,HumanEval/140,5,4,7,0,-11.749999761612344,0.0,-6.50000017543789,-9.250000243031536,0,0,0
explicit_bare,immediate,HumanEval/140,5,4,8,0,-20.5,0.0,-6.50000017543789,-9.250000243031536,0,0,0
explicit_bare,rts,HumanEval/140,5,4,0,1,22.921875,0.0,18.25,0.0,1,1,1
explicit_bare,rts,HumanEval/140,5,4,1,1,24.09375,0.0,18.25,0.0,1,1,1
explicit_bare,rts,HumanEval/140,5,4,2,1,15.03125,0.0,18.25,0.0,1,0,1
explicit_bare,rts,HumanEval/140,5,4,3,1,16.3125,0.0,18.25,0.0,1,0,1
explicit_bare,rts,HumanEval/140,5,4,4,1,3.6875,0.0,18.25,0.0,1,0,1
explicit_bare,rts,HumanEval/140,5,4,5,1,21.42626953125,0.0,18.25,0.0,1,1,1
explicit_bare,rts,HumanEval/140,5,4,6,0,23.40625,0.0,18.25,0.0,1,1,1
explicit_bare,rts,HumanEval/140,5,4,7,0,19.390625,0.0,18.25,0.0,1,1,1
explicit_bare,rts,HumanEval/140,5,4,8,0,4.8125,0.0,18.25,0.0,1,0,1
explicit_bare,immediate,HumanEval/141,7,4,0,1,27.0,0.0,-6.50000017543789,-5.499999983236194,1,1,1
explicit_bare,immediate,HumanEval/141,7,4,1,1,8.250000034138793,0.0,-6.50000017543789,-5.499999983236194,1,1,1
explicit_bare,immediate,HumanEval/141,7,4,2,1,-2.9999999925494194,0.0,-6.50000017543789,-5.499999983236194,0,1,1
explicit_bare,immediate,HumanEval/141,7,4,3,1,-2.5000000968575478,0.0,-6.50000017543789,-5.499999983236194,0,1,1
explicit_bare,immediate,HumanEval/141,7,4,4,1,0.25,0.0,-6.50000017543789,-5.499999983236194,1,1,1
explicit_bare,immediate,HumanEval/141,7,4,5,1,-4.250000044703484,0.0,-6.50000017543789,-5.499999983236194,0,1,1
explicit_bare,immediate,HumanEval/141,7,4,6,1,-5.499999983236194,0.0,-6.50000017543789,-5.499999983236194,0,1,1
explicit_bare,immediate,HumanEval/141,7,4,7,1,-4.250000044703484,0.0,-6.50000017543789,-5.499999983236194,0,1,1
explicit_bare,immediate,HumanEval/141,7,4,8,0,-2.2500000298023224,0.0,-6.50000017543789,-5.499999983236194,0,1,1
explicit_bare,rts,HumanEval/141,7,4,0,1,17.515625,0.0,18.25,0.0,1,0,1
explicit_bare,rts,HumanEval/141,7,4,1,1,23.65625,0.0,18.25,0.0,1,1,1
explicit_bare,rts,HumanEval/141,7,4,2,1,17.671875,0.0,18.25,0.0,1,0,1
explicit_bare,rts,HumanEval/141,7,4,3,1,18.9296875,0.0,18.25,0.0,1,1,1
explicit_bare,rts,HumanEval/141,7,4,4,1,19.44921875,0.0,18.25,0.0,1,1,1
explicit_bare,rts,HumanEval/141,7,4,5,1,19.25390625,0.0,18.25,0.0,1,1,1
explicit_bare,rts,HumanEval/141,7,4,6,1,19.68359375,0.0,18.25,0.0,1,1,1
explicit_bare,rts,HumanEval/141,7,4,7,1,19.875,0.0,18.25,0.0,1,1,1
explicit_bare,rts,HumanEval/141,7,4,8,0,19.8359375,0.0,18.25,0.0,1,1,1
explicit_bare,immediate,HumanEval/142,0,0,0,1,20.0,0.0,-6.999999819439836,0.0,1,1,1
explicit_bare,immediate,HumanEval/142,0,0,1,0,-19.75,0.0,-6.999999819439836,0.0,0,0,0
explicit_bare,immediate,HumanEval/142,0,0,2,0,-19.0,0.0,-6.999999819439836,0.0,0,0,0
explicit_bare,immediate,HumanEval/142,0,0,3,0,-18.5,0.0,-6.999999819439836,0.0,0,0,0
explicit_bare,immediate,HumanEval/142,0,0,4,0,-19.0,0.0,-6.999999819439836,0.0,0,0,0
explicit_bare,immediate,HumanEval/142,0,0,5,0,-18.5,0.0,-6.999999819439836,0.0,0,0,0
explicit_bare,immediate,HumanEval/142,0,0,6,0,-20.25,0.0,-6.999999819439836,0.0,0,0,0
explicit_bare,immediate,HumanEval/142,0,0,7,0,-20.0,0.0,-6.999999819439836,0.0,0,0,0
explicit_bare,immediate,HumanEval/142,0,0,8,0,-25.375,0.0,-6.999999819439836,0.0,0,0,0
explicit_bare,rts,HumanEval/142,0,0,0,1,26.171875,0.0,11.374998092651367,0.0,1,1,1
explicit_bare,rts,HumanEval/142,0,0,1,0,-17.84375,0.0,11.374998092651367,0.0,0,0,0
explicit_bare,rts,HumanEval/142,0,0,2,0,-23.8671875,0.0,11.374998092651367,0.0,0,0,0
explicit_bare,rts,HumanEval/142,0,0,3,0,-21.4375,0.0,11.374998092651367,0.0,0,0,0
explicit_bare,rts,HumanEval/142,0,0,4,0,-19.703125,0.0,11.374998092651367,0.0,0,0,0
explicit_bare,rts,HumanEval/142,0,0,5,0,-21.0078125,0.0,11.374998092651367,0.0,0,0,0
explicit_bare,rts,HumanEval/142,0,0,6,0,-22.46875,0.0,11.374998092651367,0.0,0,0,0
explicit_bare,rts,HumanEval/142,0,0,7,0,-21.4765625,0.0,11.374998092651367,0.0,0,0,0
explicit_bare,rts,HumanEval/142,0,0,8,0,-24.80078125,0.0,11.374998092651367,0.0,0,0,0
explicit_bare,immediate,HumanEval/143,0,2,0,1,24.25,0.0,-6.50000017543789,24.25,1,1,1
explicit_bare,immediate,HumanEval/143,0,2,1,0,6.749999969732016,0.0,-6.50000017543789,24.25,1,1,0
explicit_bare,immediate,HumanEval/143,0,2,2,0,-2.2500000298023224,0.0,-6.50000017543789,24.25,0,1,0
explicit_bare,immediate,HumanEval/143,0,2,3,0,-1.25,0.0,-6.50000017543789,24.25,0,1,0
explicit_bare,immediate,HumanEval/143,0,2,4,0,-2.9999999925494194,0.0,-6.50000017543789,24.25,0,1,0
explicit_bare,immediate,HumanEval/143,0,2,5,0,-2.5000000968575478,0.0,-6.50000017543789,24.25,0,1,0
explicit_bare,immediate,HumanEval/143,0,2,6,0,-2.2500000298023224,0.0,-6.50000017543789,24.25,0,1,0
explicit_bare,immediate,HumanEval/143,0,2,7,0,-2.9999999925494194,0.0,-6.50000017543789,24.25,0,1,0
explicit_bare,immediate,HumanEval/143,0,2,8,0,-20.75,0.0,-6.50000017543789,24.25,0,0,0
explicit_bare,rts,HumanEval/143,0,2,0,1,19.14453125,0.0,-15.09375,23.296875000000004,1,1,0
explicit_bare,rts,HumanEval/143,0,2,1,0,20.56640625,0.0,-15.09375,23.296875000000004,1,1,0
explicit_bare,rts,HumanEval/143,0,2,2,0,18.0859375,0.0,-15.09375,23.296875000000004,1,1,0
explicit_bare,rts,HumanEval/143,0,2,3,0,23.296875,0.0,-15.09375,23.296875000000004,1,1,0
explicit_bare,rts,HumanEval/143,0,2,4,0,-13.875,0.0,-15.09375,23.296875000000004,0,1,0
explicit_bare,rts,HumanEval/143,0,2,5,0,-17.0,0.0,-15.09375,23.296875000000004,0,0,0
explicit_bare,rts,HumanEval/143,0,2,6,0,-16.65625,0.0,-15.09375,23.296875000000004,0,0,0
explicit_bare,rts,HumanEval/143,0,2,7,0,-17.3125,0.0,-15.09375,23.296875000000004,0,0,0
explicit_bare,rts,HumanEval/143,0,2,8,0,-17.25,0.0,-15.09375,23.296875000000004,0,0,0
explicit_bare,immediate,HumanEval/146,8,3,0,1,24.75,0.0,-0.9999999701976776,-10.249999881416443,1,1,1
explicit_bare,immediate,HumanEval/146,8,3,1,1,7.749999973515514,0.0,-0.9999999701976776,-10.249999881416443,1,1,1
explicit_bare,immediate,HumanEval/146,8,3,2,1,2.2500000298023224,0.0,-0.9999999701976776,-10.249999881416443,1,1,1
explicit_bare,immediate,HumanEval/146,8,3,3,1,-1.25,0.0,-0.9999999701976776,-10.249999881416443,0,0,1
explicit_bare,immediate,HumanEval/146,8,3,4,1,0.0,0.0,-0.9999999701976776,-10.249999881416443,1,1,1
explicit_bare,immediate,HumanEval/146,8,3,5,1,3.749999888241291,0.0,-0.9999999701976776,-10.249999881416443,1,1,1
explicit_bare,immediate,HumanEval/146,8,3,6,1,0.9999999701976776,0.0,-0.9999999701976776,-10.249999881416443,1,1,1
explicit_bare,immediate,HumanEval/146,8,3,7,1,-3.9999998919665813,0.0,-0.9999999701976776,-10.249999881416443,0,0,1
explicit_bare,immediate,HumanEval/146,8,3,8,1,-10.249999881416443,0.0,-0.9999999701976776,-10.249999881416443,0,0,1
explicit_bare,rts,HumanEval/146,8,3,0,1,20.671875,0.0,11.374998092651367,0.0,1,1,1
explicit_bare,rts,HumanEval/146,8,3,1,1,24.921875,0.0,11.374998092651367,0.0,1,1,1
explicit_bare,rts,HumanEval/146,8,3,2,1,24.53125,0.0,11.374998092651367,0.0,1,1,1
explicit_bare,rts,HumanEval/146,8,3,3,1,24.296875,0.0,11.374998092651367,0.0,1,1,1
explicit_bare,rts,HumanEval/146,8,3,4,1,23.71875,0.0,11.374998092651367,0.0,1,1,1
explicit_bare,rts,HumanEval/146,8,3,5,1,26.9375,0.0,11.374998092651367,0.0,1,1,1
explicit_bare,rts,HumanEval/146,8,3,6,1,24.265625,0.0,11.374998092651367,0.0,1,1,1
explicit_bare,rts,HumanEval/146,8,3,7,1,25.65625,0.0,11.374998092651367,0.0,1,1,1
explicit_bare,rts,HumanEval/146,8,3,8,1,24.359375,0.0,11.374998092651367,0.0,1,1,1
explicit_bare,immediate,HumanEval/147,0,3,0,1,22.5,0.0,-0.9999999701976776,0.0,1,1,1
explicit_bare,immediate,HumanEval/147,0,3,1,0,-11.999999523181941,0.0,-0.9999999701976776,0.0,0,0,0
explicit_bare,immediate,HumanEval/147,0,3,2,0,-10.50000011958764,0.0,-0.9999999701976776,0.0,0,0,0
explicit_bare,immediate,HumanEval/147,0,3,3,0,-12.250000000011369,0.0,-0.9999999701976776,0.0,0,0,0
explicit_bare,immediate,HumanEval/147,0,3,4,0,-11.5000003576788,0.0,-0.9999999701976776,0.0,0,0,0
explicit_bare,immediate,HumanEval/147,0,3,5,0,-10.749999523393853,0.0,-0.9999999701976776,0.0,0,0,0
explicit_bare,immediate,HumanEval/147,0,3,6,0,-12.50000011921611,0.0,-0.9999999701976776,0.0,0,0,0
explicit_bare,immediate,HumanEval/147,0,3,7,0,-14.499999523162955,0.0,-0.9999999701976776,0.0,0,0,0
explicit_bare,immediate,HumanEval/147,0,3,8,0,-19.5,0.0,-0.9999999701976776,0.0,0,0,0
explicit_bare,rts,HumanEval/147,0,3,0,1,-8.625,0.0,11.374998092651367,-8.625,0,0,1
explicit_bare,rts,HumanEval/147,0,3,1,0,-15.15625,0.0,11.374998092651367,-8.625,0,0,0
explicit_bare,rts,HumanEval/147,0,3,2,0,-15.28125,0.0,11.374998092651367,-8.625,0,0,0
explicit_bare,rts,HumanEval/147,0,3,3,0,-17.09375,0.0,11.374998092651367,-8.625,0,0,0
explicit_bare,rts,HumanEval/147,0,3,4,0,-16.09375,0.0,11.374998092651367,-8.625,0,0,0
explicit_bare,rts,HumanEval/147,0,3,5,0,-18.171875,0.0,11.374998092651367,-8.625,0,0,0
explicit_bare,rts,HumanEval/147,0,3,6,0,-17.578125,0.0,11.374998092651367,-8.625,0,0,0
explicit_bare,rts,HumanEval/147,0,3,7,0,-17.921875,0.0,11.374998092651367,-8.625,0,0,0
explicit_bare,rts,HumanEval/147,0,3,8,0,-20.8515625,0.0,11.374998092651367,-8.625,0,0,0
explicit_bare,immediate,HumanEval/148,8,0,0,1,29.0,0.0,-6.999999819439836,-18.25,1,1,1
explicit_bare,immediate,HumanEval/148,8,0,1,1,3.2499999403953552,0.0,-6.999999819439836,-18.25,1,1,1
explicit_bare,immediate,HumanEval/148,8,0,2,1,1.25,0.0,-6.999999819439836,-18.25,1,1,1
explicit_bare,immediate,HumanEval/148,8,0,3,1,0.9999999701976776,0.0,-6.999999819439836,-18.25,1,1,1
explicit_bare,immediate,HumanEval/148,8,0,4,1,1.25,0.0,-6.999999819439836,-18.25,1,1,1
explicit_bare,immediate,HumanEval/148,8,0,5,1,1.7499999850988388,0.0,-6.999999819439836,-18.25,1,1,1
explicit_bare,immediate,HumanEval/148,8,0,6,1,-0.7499999701976776,0.0,-6.999999819439836,-18.25,0,1,1
explicit_bare,immediate,HumanEval/148,8,0,7,1,-2.7499999962747097,0.0,-6.999999819439836,-18.25,0,1,1
explicit_bare,immediate,HumanEval/148,8,0,8,1,-18.25,0.0,-6.999999819439836,-18.25,0,0,1
explicit_bare,rts,HumanEval/148,8,0,0,1,25.15625,0.0,11.374998092651367,-13.3125,1,1,1
explicit_bare,rts,HumanEval/148,8,0,1,1,27.0625,0.0,11.374998092651367,-13.3125,1,1,1
explicit_bare,rts,HumanEval/148,8,0,2,1,25.625,0.0,11.374998092651367,-13.3125,1,1,1
explicit_bare,rts,HumanEval/148,8,0,3,1,26.90625,0.0,11.374998092651367,-13.3125,1,1,1
explicit_bare,rts,HumanEval/148,8,0,4,1,27.046875,0.0,11.374998092651367,-13.3125,1,1,1
explicit_bare,rts,HumanEval/148,8,0,5,1,-13.3125,0.0,11.374998092651367,-13.3125,0,0,1
explicit_bare,rts,HumanEval/148,8,0,6,1,27.75,0.0,11.374998092651367,-13.3125,1,1,1
explicit_bare,rts,HumanEval/148,8,0,7,1,23.75,0.0,11.374998092651367,-13.3125,1,1,1
explicit_bare,rts,HumanEval/148,8,0,8,1,21.951416015625,0.0,11.374998092651367,-13.3125,1,1,1
explicit_bare,immediate,HumanEval/151,0,0,0,1,14.749999642372188,0.0,-6.999999819439836,0.0,1,1,1
explicit_bare,immediate,HumanEval/151,0,0,1,0,-4.7500000186264515,0.0,-6.999999819439836,0.0,0,1,0
explicit_bare,immediate,HumanEval/151,0,0,2,0,-9.250000243031536,0.0,-6.999999819439836,0.0,0,0,0
explicit_bare,immediate,HumanEval/151,0,0,3,0,-10.249999881416443,0.0,-6.999999819439836,0.0,0,0,0
explicit_bare,immediate,HumanEval/151,0,0,4,0,-10.749999523393853,0.0,-6.999999819439836,0.0,0,0,0
explicit_bare,immediate,HumanEval/151,0,0,5,0,-8.749999893334461,0.0,-6.999999819439836,0.0,0,0,0
explicit_bare,immediate,HumanEval/151,0,0,6,0,-10.749999523393853,0.0,-6.999999819439836,0.0,0,0,0
explicit_bare,immediate,HumanEval/151,0,0,7,0,-10.999999523302904,0.0,-6.999999819439836,0.0,0,0,0
explicit_bare,immediate,HumanEval/151,0,0,8,0,-19.0,0.0,-6.999999819439836,0.0,0,0,0
explicit_bare,rts,HumanEval/151,0,0,0,1,19.546875,0.0,11.374998092651367,25.328125000000004,1,1,0
explicit_bare,rts,HumanEval/151,0,0,1,0,-11.062501907348633,0.0,11.374998092651367,25.328125000000004,0,0,0
explicit_bare,rts,HumanEval/151,0,0,2,0,23.890625,0.0,11.374998092651367,25.328125000000004,1,1,0
explicit_bare,rts,HumanEval/151,0,0,3,0,23.46875,0.0,11.374998092651367,25.328125000000004,1,1,0
explicit_bare,rts,HumanEval/151,0,0,4,0,20.015625,0.0,11.374998092651367,25.328125000000004,1,1,0
explicit_bare,rts,HumanEval/151,0,0,5,0,22.328125,0.0,11.374998092651367,25.328125000000004,1,1,0
explicit_bare,rts,HumanEval/151,0,0,6,0,18.71875,0.0,11.374998092651367,25.328125000000004,1,1,0
explicit_bare,rts,HumanEval/151,0,0,7,0,25.328125,0.0,11.374998092651367,25.328125000000004,1,1,0
explicit_bare,rts,HumanEval/151,0,0,8,0,-19.5,0.0,11.374998092651367,25.328125000000004,0,0,0
explicit_bare,immediate,HumanEval/152,8,2,0,1,28.75,0.0,-6.50000017543789,0.0,1,1,1
explicit_bare,immediate,HumanEval/152,8,2,1,1,27.5,0.0,-6.50000017543789,0.0,1,1,1
explicit_bare,immediate,HumanEval/152,8,2,2,1,26.75,0.0,-6.50000017543789,0.0,1,1,1
explicit_bare,immediate,HumanEval/152,8,2,3,1,26.0,0.0,-6.50000017543789,0.0,1,1,1
explicit_bare,immediate,HumanEval/152,8,2,4,1,22.0,0.0,-6.50000017543789,0.0,1,1,1
explicit_bare,immediate,HumanEval/152,8,2,5,1,21.75,0.0,-6.50000017543789,0.0,1,1,1
explicit_bare,immediate,HumanEval/152,8,2,6,1,20.75,0.0,-6.50000017543789,0.0,1,1,1
explicit_bare,immediate,HumanEval/152,8,2,7,1,8.250000034138793,0.0,-6.50000017543789,0.0,1,1,1
explicit_bare,immediate,HumanEval/152,8,2,8,1,13.250000119210881,0.0,-6.50000017543789,0.0,1,1,1
explicit_bare,rts,HumanEval/152,8,2,0,1,23.203125,0.0,-15.09375,0.0,1,1,1
explicit_bare,rts,HumanEval/152,8,2,1,1,23.578125,0.0,-15.09375,0.0,1,1,1
explicit_bare,rts,HumanEval/152,8,2,2,1,25.109375,0.0,-15.09375,0.0,1,1,1
explicit_bare,rts,HumanEval/152,8,2,3,1,24.921875,0.0,-15.09375,0.0,1,1,1
explicit_bare,rts,HumanEval/152,8,2,4,1,22.9140625,0.0,-15.09375,0.0,1,1,1
explicit_bare,rts,HumanEval/152,8,2,5,1,26.234375,0.0,-15.09375,0.0,1,1,1
explicit_bare,rts,HumanEval/152,8,2,6,1,26.40625,0.0,-15.09375,0.0,1,1,1
explicit_bare,rts,HumanEval/152,8,2,7,1,26.359375,0.0,-15.09375,0.0,1,1,1
explicit_bare,rts,HumanEval/152,8,2,8,1,27.75,0.0,-15.09375,0.0,1,1,1
explicit_bare,immediate,HumanEval/153,4,4,0,1,28.0,0.0,-6.50000017543789,11.999999523181941,1,1,1
explicit_bare,immediate,HumanEval/153,4,4,1,1,19.5,0.0,-6.50000017543789,11.999999523181941,1,1,1
explicit_bare,immediate,HumanEval/153,4,4,2,1,15.24999976158145,0.0,-6.50000017543789,11.999999523181941,1,1,1
explicit_bare,immediate,HumanEval/153,4,4,3,1,11.999999523181941,0.0,-6.50000017543789,11.999999523181941,1,1,1
explicit_bare,immediate,HumanEval/153,4,4,4,1,11.999999523181941,0.0,-6.50000017543789,11.999999523181941,1,1,1
explicit_bare,immediate,HumanEval/153,4,4,5,0,15.24999976158145,0.0,-6.50000017543789,11.999999523181941,1,1,1
explicit_bare,immediate,HumanEval/153,4,4,6,0,14.00000011920963,0.0,-6.50000017543789,11.999999523181941,1,1,1
explicit_bare,immediate,HumanEval/153,4,4,7,0,7.250000132829882,0.0,-6.50000017543789,11.999999523181941,1,1,0
explicit_bare,immediate,HumanEval/153,4,4,8,0,-5.749999928288162,0.0,-6.50000017543789,11.999999523181941,0,1,0
explicit_bare,rts,HumanEval/153,4,4,0,1,19.10546875,0.0,18.25,0.0,1,1,1
explicit_bare,rts,HumanEval/153,4,4,1,1,25.09375,0.0,18.25,0.0,1,1,1
explicit_bare,rts,HumanEval/153,4,4,2,1,24.84375,0.0,18.25,0.0,1,1,1
explicit_bare,rts,HumanEval/153,4,4,3,1,22.4140625,0.0,18.25,0.0,1,1,1
explicit_bare,rts,HumanEval/153,4,4,4,1,22.4453125,0.0,18.25,0.0,1,1,1
explicit_bare,rts,HumanEval/153,4,4,5,0,24.234375,0.0,18.25,0.0,1,1,1
explicit_bare,rts,HumanEval/153,4,4,6,0,24.1875,0.0,18.25,0.0,1,1,1
explicit_bare,rts,HumanEval/153,4,4,7,0,25.609375,0.0,18.25,0.0,1,1,1
explicit_bare,rts,HumanEval/153,4,4,8,0,19.390625,0.0,18.25,0.0,1,1,1
explicit_bare,immediate,HumanEval/158,8,1,0,1,25.75,0.0,-6.999999819439836,-8.999999649982783,1,1,1
explicit_bare,immediate,HumanEval/158,8,1,1,1,10.000000358661055,0.0,-6.999999819439836,-8.999999649982783,1,1,1
explicit_bare,immediate,HumanEval/158,8,1,2,1,0.7499999701976776,0.0,-6.999999819439836,-8.999999649982783,1,1,1
explicit_bare,immediate,HumanEval/158,8,1,3,1,-0.5,0.0,-6.999999819439836,-8.999999649982783,0,1,1
explicit_bare,immediate,HumanEval/158,8,1,4,1,0.7499999701976776,0.0,-6.999999819439836,-8.999999649982783,1,1,1
explicit_bare,immediate,HumanEval/158,8,1,5,1,7.749999973515514,0.0,-6.999999819439836,-8.999999649982783,1,1,1
explicit_bare,immediate,HumanEval/158,8,1,6,1,6.749999969732016,0.0,-6.999999819439836,-8.999999649982783,1,1,1
explicit_bare,immediate,HumanEval/158,8,1,7,1,4.500000096857548,0.0,-6.999999819439836,-8.999999649982783,1,1,1
explicit_bare,immediate,HumanEval/158,8,1,8,1,-8.999999649982783,0.0,-6.999999819439836,-8.999999649982783,0,0,1
explicit_bare,rts,HumanEval/158,8,1,0,1,20.453125,0.0,18.390625,0.0,1,1,1
explicit_bare,rts,HumanEval/158,8,1,1,1,23.375,0.0,18.390625,0.0,1,1,1
explicit_bare,rts,HumanEval/158,8,1,2,1,23.109375,0.0,18.390625,0.0,1,1,1
explicit_bare,rts,HumanEval/158,8,1,3,1,23.78125,0.0,18.390625,0.0,1,1,1
explicit_bare,rts,HumanEval/158,8,1,4,1,24.34375,0.0,18.390625,0.0,1,1,1
explicit_bare,rts,HumanEval/158,8,1,5,1,24.328125,0.0,18.390625,0.0,1,1,1
explicit_bare,rts,HumanEval/158,8,1,6,1,25.25,0.0,18.390625,0.0,1,1,1
explicit_bare,rts,HumanEval/158,8,1,7,1,25.34375,0.0,18.390625,0.0,1,1,1
explicit_bare,rts,HumanEval/158,8,1,8,1,21.81640625,0.0,18.390625,0.0,1,1,1
explicit_bare,immediate,HumanEval/16,0,4,0,1,21.25,0.0,-6.50000017543789,0.0,1,1,1
explicit_bare,immediate,HumanEval/16,0,4,1,0,-11.250000357712452,0.0,-6.50000017543789,0.0,0,0,0
explicit_bare,immediate,HumanEval/16,0,4,2,0,-10.999999523302904,0.0,-6.50000017543789,0.0,0,0,0
explicit_bare,immediate,HumanEval/16,0,4,3,0,-10.50000011958764,0.0,-6.50000017543789,0.0,0,0,0
explicit_bare,immediate,HumanEval/16,0,4,4,0,-11.749999761612344,0.0,-6.50000017543789,0.0,0,0,0
explicit_bare,immediate,HumanEval/16,0,4,5,0,-11.250000357712452,0.0,-6.50000017543789,0.0,0,0,0
explicit_bare,immediate,HumanEval/16,0,4,6,0,-12.50000011921611,0.0,-6.50000017543789,0.0,0,0,0
explicit_bare,immediate,HumanEval/16,0,4,7,0,-13.749999880791279,0.0,-6.50000017543789,0.0,0,0,0
explicit_bare,immediate,HumanEval/16,0,4,8,0,-21.25,0.0,-6.50000017543789,0.0,0,0,0
explicit_bare,rts,HumanEval/16,0,4,0,1,23.0703125,0.0,18.25,0.0,1,1,1
explicit_bare,rts,HumanEval/16,0,4,1,0,-15.125,0.0,18.25,0.0,0,0,0
explicit_bare,rts,HumanEval/16,0,4,2,0,-15.28125,0.0,18.25,0.0,0,0,0
explicit_bare,rts,HumanEval/16,0,4,3,0,-17.5625,0.0,18.25,0.0,0,0,0
explicit_bare,rts,HumanEval/16,0,4,4,0,-15.75,0.0,18.25,0.0,0,0,0
explicit_bare,rts,HumanEval/16,0,4,5,0,-16.90625,0.0,18.25,0.0,0,0,0
explicit_bare,rts,HumanEval/16,0,4,6,0,-16.96875,0.0,18.25,0.0,0,0,0
explicit_bare,rts,HumanEval/16,0,4,7,0,-15.8125,0.0,18.25,0.0,0,0,0
explicit_bare,rts,HumanEval/16,0,4,8,0,-24.544921875,0.0,18.25,0.0,0,0,0
explicit_bare,immediate,HumanEval/163,2,0,0,1,24.75,0.0,-6.999999819439836,0.0,1,1,1
explicit_bare,immediate,HumanEval/163,2,0,1,1,-23.0,0.0,-6.999999819439836,0.0,0,0,0
explicit_bare,immediate,HumanEval/163,2,0,2,1,-20.25,0.0,-6.999999819439836,0.0,0,0,0
explicit_bare,immediate,HumanEval/163,2,0,3,0,-19.25,0.0,-6.999999819439836,0.0,0,0,0
explicit_bare,immediate,HumanEval/163,2,0,4,0,-19.5,0.0,-6.999999819439836,0.0,0,0,0
explicit_bare,immediate,HumanEval/163,2,0,5,0,-21.25,0.0,-6.999999819439836,0.0,0,0,0
explicit_bare,immediate,HumanEval/163,2,0,6,0,-21.5,0.0,-6.999999819439836,0.0,0,0,0
explicit_bare,immediate,HumanEval/163,2,0,7,0,-20.75,0.0,-6.999999819439836,0.0,0,0,0
explicit_bare,immediate,HumanEval/163,2,0,8,0,-29.125,0.0,-6.999999819439836,0.0,0,0,0
explicit_bare,rts,HumanEval/163,2,0,0,1,19.703125,0.0,11.374998092651367,19.703125,1,1,1
explicit_bare,rts,HumanEval/163,2,0,1,1,-11.9375,0.0,11.374998092651367,19.703125,0,0,0
explicit_bare,rts,HumanEval/163,2,0,2,1,22.08984375,0.0,11.374998092651367,19.703125,1,1,1
explicit_bare,rts,HumanEval/163,2,0,3,0,-15.1875,0.0,11.374998092651367,19.703125,0,0,0
explicit_bare,rts,HumanEval/163,2,0,4,0,-20.609375,0.0,11.374998092651367,19.703125,0,0,0
explicit_bare,rts,HumanEval/163,2,0,5,0,-6.0,0.0,11.374998092651367,19.703125,0,0,0
explicit_bare,rts,HumanEval/163,2,0,6,0,-6.0625,0.0,11.374998092651367,19.703125,0,0,0
explicit_bare,rts,HumanEval/163,2,0,7,0,19.359375,0.0,11.374998092651367,19.703125,1,1,0
explicit_bare,rts,HumanEval/163,2,0,8,0,-11.624998092651367,0.0,11.374998092651367,19.703125,0,0,0
explicit_bare,immediate,HumanEval/18,0,3,0,1,27.5,0.0,-0.9999999701976776,0.0,1,1,1
explicit_bare,immediate,HumanEval/18,0,3,1,0,-2.2500000298023224,0.0,-0.9999999701976776,0.0,0,0,0
explicit_bare,immediate,HumanEval/18,0,3,2,0,-5.749999928288162,0.0,-0.9999999701976776,0.0,0,0,0
explicit_bare,immediate,HumanEval/18,0,3,3,0,-7.749999973515514,0.0,-0.9999999701976776,0.0,0,0,0
explicit_bare,immediate,HumanEval/18,0,3,4,0,-6.749999969732016,0.0,-0.9999999701976776,0.0,0,0,0
explicit_bare,immediate,HumanEval/18,0,3,5,0,-8.000000294676283,0.0,-0.9999999701976776,0.0,0,0,0
explicit_bare,immediate,HumanEval/18,0,3,6,0,-9.499999525964085,0.0,-0.9999999701976776,0.0,0,0,0
explicit_bare,immediate,HumanEval/18,0,3,7,0,-11.5000003576788,0.0,-0.9999999701976776,0.0,0,0,0
explicit_bare,immediate,HumanEval/18,0,3,8,0,-22.25,0.0,-0.9999999701976776,0.0,0,0,0
explicit_bare,rts,HumanEval/18,0,3,0,1,27.171875,0.0,11.374998092651367,27.171875,1,1,1
explicit_bare,rts,HumanEval/18,0,3,1,0,-24.6875,0.0,11.374998092651367,27.171875,0,0,0
explicit_bare,rts,HumanEval/18,0,3,2,0,-13.28125,0.0,11.374998092651367,27.171875,0,0,0
explicit_bare,rts,HumanEval/18,0,3,3,0,-25.41015625,0.0,11.374998092651367,27.171875,0,0,0
explicit_bare,rts,HumanEval/18,0,3,4,0,17.65625,0.0,11.374998092651367,27.171875,1,1,0
explicit_bare,rts,HumanEval/18,0,3,5,0,-25.546875,0.0,11.374998092651367,27.171875,0,0,0
explicit_bare,rts,HumanEval/18,0,3,6,0,4.4375,0.0,11.374998092651367,27.171875,1,0,0
explicit_bare,rts,HumanEval/18,0,3,7,0,18.1875,0.0,11.374998092651367,27.171875,1,1,0
explicit_bare,rts,HumanEval/18,0,3,8,0,-26.1875,0.0,11.374998092651367,27.171875,0,0,0
explicit_bare,immediate,HumanEval/19,8,4,0,1,25.75,0.0,-6.50000017543789,-6.999999819439836,1,1,1
explicit_bare,immediate,HumanEval/19,8,4,1,1,23.0,0.0,-6.50000017543789,-6.999999819439836,1,1,1
explicit_bare,immediate,HumanEval/19,8,4,2,1,22.0,0.0,-6.50000017543789,-6.999999819439836,1,1,1
explicit_bare,immediate,HumanEval/19,8,4,3,1,22.5,0.0,-6.50000017543789,-6.999999819439836,1,1,1
explicit_bare,immediate,HumanEval/19,8,4,4,1,20.75,0.0,-6.50000017543789,-6.999999819439836,1,1,1
explicit_bare,immediate,HumanEval/19,8,4,5,1,23.25,0.0,-6.50000017543789,-6.999999819439836,1,1,1
explicit_bare,immediate,HumanEval/19,8,4,6,1,20.0,0.0,-6.50000017543789,-6.999999819439836,1,1,1
explicit_bare,immediate,HumanEval/19,8,4,7,1,18.75,0.0,-6.50000017543789,-6.999999819439836,1,1,1
explicit_bare,immediate,HumanEval/19,8,4,8,1,-6.999999819439836,0.0,-6.50000017543789,-6.999999819439836,0,0,1
explicit_bare,rts,HumanEval/19,8,4,0,1,18.7578125,0.0,18.25,0.0,1,1,1
explicit_bare,rts,HumanEval/19,8,4,1,1,25.375,0.0,18.25,0.0,1,1,1
explicit_bare,rts,HumanEval/19,8,4,2,1,25.8125,0.0,18.25,0.0,1,1,1
explicit_bare,rts,HumanEval/19,8,4,3,1,25.625,0.0,18.25,0.0,1,1,1
explicit_bare,rts,HumanEval/19,8,4,4,1,25.453125,0.0,18.25,0.0,1,1,1
explicit_bare,rts,HumanEval/19,8,4,5,1,26.25,0.0,18.25,0.0,1,1,1
explicit_bare,rts,HumanEval/19,8,4,6,1,26.8125,0.0,18.25,0.0,1,1,1
explicit_bare,rts,HumanEval/19,8,4,7,1,26.53125,0.0,18.25,0.0,1,1,1
explicit_bare,rts,HumanEval/19,8,4,8,1,24.453125,0.0,18.25,0.0,1,1,1
explicit_bare,immediate,HumanEval/22,8,1,0,1,27.25,0.0,-6.999999819439836,-15.24999976158145,1,1,1
explicit_bare,immediate,HumanEval/22,8,1,1,1,8.000000294676283,0.0,-6.999999819439836,-15.24999976158145,1,1,1
explicit_bare,immediate,HumanEval/22,8,1,2,1,3.9999998919665813,0.0,-6.999999819439836,-15.24999976158145,1,1,1
explicit_bare,immediate,HumanEval/22,8,1,3,1,3.749999888241291,0.0,-6.999999819439836,-15.24999976158145,1,1,1
explicit_bare,immediate,HumanEval/22,8,1,4,1,3.9999998919665813,0.0,-6.999999819439836,-15.24999976158145,1,1,1
explicit_bare,immediate,HumanEval/22,8,1,5,1,6.000000086612999,0.0,-6.999999819439836,-15.24999976158145,1,1,1
explicit_bare,immediate,HumanEval/22,8,1,6,1,3.749999888241291,0.0,-6.999999819439836,-15.24999976158145,1,1,1
explicit_bare,immediate,HumanEval/22,8,1,7,1,-2.0000000447034836,0.0,-6.999999819439836,-15.24999976158145,0,1,1
explicit_bare,immediate,HumanEval/22,8,1,8,1,-15.24999976158145,0.0,-6.999999819439836,-15.24999976158145,0,0,1
explicit_bare,rts,HumanEval/22,8,1,0,1,19.296875,0.0,18.390625,-21.84375,1,1,1
explicit_bare,rts,HumanEval/22,8,1,1,1,24.59375,0.0,18.390625,-21.84375,1,1,1
explicit_bare,rts,HumanEval/22,8,1,2,1,25.9375,0.0,18.390625,-21.84375,1,1,1
explicit_bare,rts,HumanEval/22,8,1,3,1,24.890625,0.0,18.390625,-21.84375,1,1,1
explicit_bare,rts,HumanEval/22,8,1,4,1,-18.46875,0.0,18.390625,-21.84375,0,0,1
explicit_bare,rts,HumanEval/22,8,1,5,1,25.0625,0.0,18.390625,-21.84375,1,1,1
explicit_bare,rts,HumanEval/22,8,1,6,1,26.78125,0.0,18.390625,-21.84375,1,1,1
explicit_bare,rts,HumanEval/22,8,1,7,1,18.25,0.0,18.390625,-21.84375,1,0,1
explicit_bare,rts,HumanEval/22,8,1,8,1,-21.84375,0.0,18.390625,-21.84375,0,0,1
explicit_bare,immediate,HumanEval/23,8,1,0,1,25.0,0.0,-6.999999819439836,0.0,1,1,1
explicit_bare,immediate,HumanEval/23,8,1,1,1,18.5,0.0,-6.999999819439836,0.0,1,1,1
explicit_bare,immediate,HumanEval/23,8,1,2,1,17.5,0.0,-6.999999819439836,0.0,1,1,1
explicit_bare,immediate,HumanEval/23,8,1,3,1,18.0,0.0,-6.999999819439836,0.0,1,1,1
explicit_bare,immediate,HumanEval/23,8,1,4,1,17.5,0.0,-6.999999819439836,0.0,1,1,1
explicit_bare,immediate,HumanEval/23,8,1,5,1,17.75,0.0,-6.999999819439836,0.0,1,1,1
explicit_bare,immediate,HumanEval/23,8,1,6,1,14.999999642372188,0.0,-6.999999819439836,0.0,1,1,1
explicit_bare,immediate,HumanEval/23,8,1,7,1,10.999999523302904,0.0,-6.999999819439836,0.0,1,1,1
explicit_bare,immediate,HumanEval/23,8,1,8,1,2.7499999962747097,0.0,-6.999999819439836,0.0,1,1,1
explicit_bare,rts,HumanEval/23,8,1,0,1,22.17578125,0.0,18.390625,-24.47607421875,1,1,1
explicit_bare,rts,HumanEval/23,8,1,1,1,24.359375,0.0,18.390625,-24.47607421875,1,1,1
explicit_bare,rts,HumanEval/23,8,1,2,1,24.875,0.0,18.390625,-24.47607421875,1,1,1
explicit_bare,rts,HumanEval/23,8,1,3,1,25.890625,0.0,18.390625,-24.47607421875,1,1,1
explicit_bare,rts,HumanEval/23,8,1,4,1,25.359375,0.0,18.390625,-24.47607421875,1,1,1
explicit_bare,rts,HumanEval/23,8,1,5,1,-24.47607421875,0.0,18.390625,-24.47607421875,0,0,1
explicit_bare,rts,HumanEval/23,8,1,6,1,25.90625,0.0,18.390625,-24.47607421875,1,1,1
explicit_bare,rts,HumanEval/23,8,1,7,1,26.09375,0.0,18.390625,-24.47607421875,1,1,1
explicit_bare,rts,HumanEval/23,8,1,8,1,22.1328125,0.0,18.390625,-24.47607421875,1,1,1
explicit_bare,immediate,HumanEval/24,1,2,0,1,26.25,0.0,-6.50000017543789,12.250000000011369,1,1,1
explicit_bare,immediate,HumanEval/24,1,2,1,1,12.250000000011369,0.0,-6.50000017543789,12.250000000011369,1,1,1
explicit_bare,immediate,HumanEval/24,1,2,2,0,6.749999969732016,0.0,-6.50000017543789,12.250000000011369,1,1,0
explicit_bare,immediate,HumanEval/24,1,2,3,0,6.50000017543789,0.0,-6.50000017543789,12.250000000011369,1,1,0
explicit_bare,immediate,HumanEval/24,1,2,4,0,3.9999998919665813,0.0,-6.50000017543789,12.250000000011369,1,1,0
explicit_bare,immediate,HumanEval/24,1,2,5,0,7.500000152911525,0.0,-6.50000017543789,12.250000000011369,1,1,0
explicit_bare,immediate,HumanEval/24,1,2,6,0,3.4999999310821295,0.0,-6.50000017543789,12.250000000011369,1,1,0
explicit_bare,immediate,HumanEval/24,1,2,7,0,-1.7499999850988388,0.0,-6.50000017543789,12.250000000011369,0,1,0
explicit_bare,immediate,HumanEval/24,1,2,8,0,-14.00000011920963,0.0,-6.50000017543789,12.250000000011369,0,0,0
explicit_bare,rts,HumanEval/24,1,2,0,1,21.234375,0.0,-15.09375,26.218750000000004,1,1,0
explicit_bare,rts,HumanEval/24,1,2,1,1,23.796875,0.0,-15.09375,26.218750000000004,1,1,0
explicit_bare,rts,HumanEval/24,1,2,2,0,22.5390625,0.0,-15.09375,26.218750000000004,1,1,0
explicit_bare,rts,HumanEval/24,1,2,3,0,18.921875,0.0,-15.09375,26.218750000000004,1,1,0
explicit_bare,rts,HumanEval/24,1,2,4,0,26.21875,0.0,-15.09375,26.218750000000004,1,1,0
explicit_bare,rts,HumanEval/24,1,2,5,0,23.859375,0.0,-15.09375,26.218750000000004,1,1,0
explicit_bare,rts,HumanEval/24,1,2,6,0,25.3125,0.0,-15.09375,26.218750000000004,1,1,0
explicit_bare,rts,HumanEval/24,1,2,7,0,22.953125,0.0,-15.09375,26.218750000000004,1,1,0
explicit_bare,rts,HumanEval/24,1,2,8,0,19.6640625,0.0,-15.09375,26.218750000000004,1,1,0
explicit_bare,immediate,HumanEval/25,0,4,0,1,22.0,0.0,-6.50000017543789,0.0,1,1,1
explicit_bare,immediate,HumanEval/25,0,4,1,0,-9.250000243031536,0.0,-6.50000017543789,0.0,0,0,0
explicit_bare,immediate,HumanEval/25,0,4,2,0,-13.250000119210881,0.0,-6.50000017543789,0.0,0,0,0
explicit_bare,immediate,HumanEval/25,0,4,3,0,-14.25000035762804,0.0,-6.50000017543789,0.0,0,0,0
explicit_bare,immediate,HumanEval/25,0,4,4,0,-15.49999976158145,0.0,-6.50000017543789,0.0,0,0,0
explicit_bare,immediate,HumanEval/25,0,4,5,0,-14.749999642372188,0.0,-6.50000017543789,0.0,0,0,0
explicit_bare,immediate,HumanEval/25,0,4,6,0,-15.999999880790718,0.0,-6.50000017543789,0.0,0,0,0
explicit_bare,immediate,HumanEval/25,0,4,7,0,-17.5,0.0,-6.50000017543789,0.0,0,0,0
explicit_bare,immediate,HumanEval/25,0,4,8,0,-21.25,0.0,-6.50000017543789,0.0,0,0,0
explicit_bare,rts,HumanEval/25,0,4,0,1,22.4140625,0.0,18.25,25.484375000000004,1,1,0
explicit_bare,rts,HumanEval/25,0,4,1,0,-23.984375,0.0,18.25,25.484375000000004,0,0,0
explicit_bare,rts,HumanEval/25,0,4,2,0,-19.9375,0.0,18.25,25.484375000000004,0,0,0
explicit_bare,rts,HumanEval/25,0,4,3,0,-21.5,0.0,18.25,25.484375000000004,0,0,0
explicit_bare,rts,HumanEval/25,0,4,4,0,24.2421875,0.0,18.25,25.484375000000004,1,1,0
explicit_bare,rts,HumanEval/25,0,4,5,0,-18.96875,0.0,18.25,25.484375000000004,0,0,0
explicit_bare,rts,HumanEval/25,0,4,6,0,-20.421875,0.0,18.25,25.484375000000004,0,0,0
explicit_bare,rts,HumanEval/25,0,4,7,0,25.484375,0.0,18.25,25.484375000000004,1,1,0
explicit_bare,rts,HumanEval/25,0,4,8,0,-22.4794921875,0.0,18.25,25.484375000000004,0,0,0
explicit_bare,immediate,HumanEval/27,3,0,0,1,27.0,0.0,-6.999999819439836,15.749999880790718,1,1,1
explicit_bare,immediate,HumanEval/27,3,0,1,1,15.749999880790718,0.0,-6.999999819439836,15.749999880790718,1,1,1
explicit_bare,immediate,HumanEval/27,3,0,2,1,8.250000034138793,0.0,-6.999999819439836,15.749999880790718,1,1,0
explicit_bare,immediate,HumanEval/27,3,0,3,1,8.749999893334461,0.0,-6.999999819439836,15.749999880790718,1,1,0
explicit_bare,immediate,HumanEval/27,3,0,4,0,11.749999761612344,0.0,-6.999999819439836,15.749999880790718,1,1,0
explicit_bare,immediate,HumanEval/27,3,0,5,0,10.749999523393853,0.0,-6.999999819439836,15.749999880790718,1,1,0
explicit_bare,immediate,HumanEval/27,3,0,6,0,10.000000358661055,0.0,-6.999999819439836,15.749999880790718,1,1,0
explicit_bare,immediate,HumanEval/27,3,0,7,0,7.250000132829882,0.0,-6.999999819439836,15.749999880790718,1,1,0
explicit_bare,immediate,HumanEval/27,3,0,8,0,-10.000000358661055,0.0,-6.999999819439836,15.749999880790718,0,0,0
explicit_bare,rts,HumanEval/27,3,0,0,1,19.8828125,0.0,11.374998092651367,21.0859375,1,1,0
explicit_bare,rts,HumanEval/27,3,0,1,1,22.6640625,0.0,11.374998092651367,21.0859375,1,1,1
explicit_bare,rts,HumanEval/27,3,0,2,1,21.0859375,0.0,11.374998092651367,21.0859375,1,1,1
explicit_bare,rts,HumanEval/27,3,0,3,1,24.0,0.0,11.374998092651367,21.0859375,1,1,1
explicit_bare,rts,HumanEval/27,3,0,4,0,-22.6806640625,0.0,11.374998092651367,21.0859375,0,0,0
explicit_bare,rts,HumanEval/27,3,0,5,0,20.7041015625,0.0,11.374998092651367,21.0859375,1,1,0
explicit_bare,rts,HumanEval/27,3,0,6,0,23.390625,0.0,11.374998092651367,21.0859375,1,1,1
explicit_bare,rts,HumanEval/27,3,0,7,0,20.890625,0.0,11.374998092651367,21.0859375,1,1,0
explicit_bare,rts,HumanEval/27,3,0,8,0,18.546875,0.0,11.374998092651367,21.0859375,1,1,0
explicit_bare,immediate,HumanEval/28,8,0,0,1,29.25,0.0,-6.999999819439836,0.0,1,1,1
explicit_bare,immediate,HumanEval/28,8,0,1,1,27.75,0.0,-6.999999819439836,0.0,1,1,1
explicit_bare,immediate,HumanEval/28,8,0,2,1,26.75,0.0,-6.999999819439836,0.0,1,1,1
explicit_bare,immediate,HumanEval/28,8,0,3,1,26.25,0.0,-6.999999819439836,0.0,1,1,1
explicit_bare,immediate,HumanEval/28,8,0,4,1,25.0,0.0,-6.999999819439836,0.0,1,1,1
explicit_bare,immediate,HumanEval/28,8,0,5,1,25.5,0.0,-6.999999819439836,0.0,1,1,1
explicit_bare,immediate,HumanEval/28,8,0,6,1,23.0,0.0,-6.999999819439836,0.0,1,1,1
explicit_bare,immediate,HumanEval/28,8,0,7,1,18.5,0.0,-6.999999819439836,0.0,1,1,1
explicit_bare,immediate,HumanEval/28,8,0,8,1,21.25,0.0,-6.999999819439836,0.0,1,1,1
explicit_bare,rts,HumanEval/28,8,0,0,1,24.6875,0.0,11.374998092651367,0.0,1,1,1
explicit_bare,rts,HumanEval/28,8,0,1,1,23.96875,0.0,11.374998092651367,0.0,1,1,1
explicit_bare,rts,HumanEval/28,8,0,2,1,26.21875,0.0,11.374998092651367,0.0,1,1,1
explicit_bare,rts,HumanEval/28,8,0,3,1,23.9140625,0.0,11.374998092651367,0.0,1,1,1
explicit_bare,rts,HumanEval/28,8,0,4,1,25.078125,0.0,11.374998092651367,0.0,1,1,1
explicit_bare,rts,HumanEval/28,8,0,5,1,26.125,0.0,11.374998092651367,0.0,1,1,1
explicit_bare,rts,HumanEval/28,8,0,6,1,24.390625,0.0,11.374998092651367,0.0,1,1,1
explicit_bare,rts,HumanEval/28,8,0,7,1,26.109375,0.0,11.374998092651367,0.0,1,1,1
explicit_bare,rts,HumanEval/28,8,0,8,1,27.9375,0.0,11.374998092651367,0.0,1,1,1
explicit_bare,immediate,HumanEval/3,8,0,0,1,30.0,0.0,-6.999999819439836,0.0,1,1,1
explicit_bare,immediate,HumanEval/3,8,0,1,1,23.75,0.0,-6.999999819439836,0.0,1,1,1
explicit_bare,immediate,HumanEval/3,8,0,2,1,22.5,0.0,-6.999999819439836,0.0,1,1,1
explicit_bare,immediate,HumanEval/3,8,0,3,1,23.0,0.0,-6.999999819439836,0.0,1,1,1
explicit_bare,immediate,HumanEval/3,8,0,4,1,23.75,0.0,-6.999999819439836,0.0,1,1,1
explicit_bare,immediate,HumanEval/3,8,0,5,1,24.75,0.0,-6.999999819439836,0.0,1,1,1
explicit_bare,immediate,HumanEval/3,8,0,6,1,24.25,0.0,-6.999999819439836,0.0,1,1,1
explicit_bare,immediate,HumanEval/3,8,0,7,1,20.75,0.0,-6.999999819439836,0.0,1,1,1
explicit_bare,immediate,HumanEval/3,8,0,8,1,18.5,0.0,-6.999999819439836,0.0,1,1,1
explicit_bare,rts,HumanEval/3,8,0,0,1,21.90185546875,0.0,11.374998092651367,0.0,1,1,1
explicit_bare,rts,HumanEval/3,8,0,1,1,24.015625,0.0,11.374998092651367,0.0,1,1,1
explicit_bare,rts,HumanEval/3,8,0,2,1,24.828125,0.0,11.374998092651367,0.0,1,1,1
explicit_bare,rts,HumanEval/3,8,0,3,1,25.25,0.0,11.374998092651367,0.0,1,1,1
explicit_bare,rts,HumanEval/3,8,0,4,1,21.203125,0.0,11.374998092651367,0.0,1,1,1
explicit_bare,rts,HumanEval/3,8,0,5,1,25.84375,0.0,11.374998092651367,0.0,1,1,1
explicit_bare,rts,HumanEval/3,8,0,6,1,25.359375,0.0,11.374998092651367,0.0,1,1,1
explicit_bare,rts,HumanEval/3,8,0,7,1,19.0625,0.0,11.374998092651367,0.0,1,1,1
explicit_bare,rts,HumanEval/3,8,0,8,1,24.4140625,0.0,11.374998092651367,0.0,1,1,1
explicit_bare,immediate,HumanEval/33,0,0,0,1,22.25,0.0,-6.999999819439836,0.0,1,1,1
explicit_bare,immediate,HumanEval/33,0,0,1,0,-6.999999819439836,0.0,-6.999999819439836,0.0,0,1,0
explicit_bare,immediate,HumanEval/33,0,0,2,0,-11.5000003576788,0.0,-6.999999819439836,0.0,0,0,0
explicit_bare,immediate,HumanEval/33,0,0,3,0,-12.250000000011369,0.0,-6.999999819439836,0.0,0,0,0
explicit_bare,immediate,HumanEval/33,0,0,4,0,-12.999999642374632,0.0,-6.999999819439836,0.0,0,0,0
explicit_bare,immediate,HumanEval/33,0,0,5,0,-11.5000003576788,0.0,-6.999999819439836,0.0,0,0,0
explicit_bare,immediate,HumanEval/33,0,0,6,0,-12.999999642374632,0.0,-6.999999819439836,0.0,0,0,0
explicit_bare,immediate,HumanEval/33,0,0,7,0,-11.749999761612344,0.0,-6.999999819439836,0.0,0,0,0
explicit_bare,immediate,HumanEval/33,0,0,8,0,-19.0,0.0,-6.999999819439836,0.0,0,0,0
explicit_bare,rts,HumanEval/33,0,0,0,1,19.7734375,0.0,11.374998092651367,0.0,1,1,1
explicit_bare,rts,HumanEval/33,0,0,1,0,-18.421875,0.0,11.374998092651367,0.0,0,0,0
explicit_bare,rts,HumanEval/33,0,0,2,0,-19.265625,0.0,11.374998092651367,0.0,0,0,0
explicit_bare,rts,HumanEval/33,0,0,3,0,-17.6875,0.0,11.374998092651367,0.0,0,0,0
explicit_bare,rts,HumanEval/33,0,0,4,0,-19.59375,0.0,11.374998092651367,0.0,0,0,0
explicit_bare,rts,HumanEval/33,0,0,5,0,-18.453125,0.0,11.374998092651367,0.0,0,0,0
explicit_bare,rts,HumanEval/33,0,0,6,0,-19.359375,0.0,11.374998092651367,0.0,0,0,0
explicit_bare,rts,HumanEval/33,0,0,7,0,-19.640625,0.0,11.374998092651367,0.0,0,0,0
explicit_bare,rts,HumanEval/33,0,0,8,0,-20.015625,0.0,11.374998092651367,0.0,0,0,0
explicit_bare,immediate,HumanEval/36,1,2,0,1,24.75,0.0,-6.50000017543789,19.0,1,1,1
explicit_bare,immediate,HumanEval/36,1,2,1,1,19.0,0.0,-6.50000017543789,19.0,1,1,1
explicit_bare,immediate,HumanEval/36,1,2,2,0,17.25,0.0,-6.50000017543789,19.0,1,1,0
explicit_bare,immediate,HumanEval/36,1,2,3,0,17.0,0.0,-6.50000017543789,19.0,1,1,0
explicit_bare,immediate,HumanEval/36,1,2,4,0,17.25,0.0,-6.50000017543789,19.0,1,1,0
explicit_bare,immediate,HumanEval/36,1,2,5,0,17.5,0.0,-6.50000017543789,19.0,1,1,0
explicit_bare,immediate,HumanEval/36,1,2,6,0,15.999999880790718,0.0,-6.50000017543789,19.0,1,1,0
explicit_bare,immediate,HumanEval/36,1,2,7,0,9.499999525964085,0.0,-6.50000017543789,19.0,1,1,0
explicit_bare,immediate,HumanEval/36,1,2,8,0,-4.999999948777258,0.0,-6.50000017543789,19.0,0,1,0
explicit_bare,rts,HumanEval/36,1,2,0,1,20.5810546875,0.0,-15.09375,26.203125000000004,1,1,0
explicit_bare,rts,HumanEval/36,1,2,1,1,22.890625,0.0,-15.09375,26.203125000000004,1,1,0
explicit_bare,rts,HumanEval/36,1,2,2,0,19.4765625,0.0,-15.09375,26.203125000000004,1,1,0
explicit_bare,rts,HumanEval/36,1,2,3,0,22.375,0.0,-15.09375,26.203125000000004,1,1,0
explicit_bare,rts,HumanEval/36,1,2,4,0,23.640625,0.0,-15.09375,26.203125000000004,1,1,0
explicit_bare,rts,HumanEval/36,1,2,5,0,25.484375,0.0,-15.09375,26.203125000000004,1,1,0
explicit_bare,rts,HumanEval/36,1,2,6,0,26.203125,0.0,-15.09375,26.203125000000004,1,1,0
explicit_bare,rts,HumanEval/36,1,2,7,0,26.109375,0.0,-15.09375,26.203125000000004,1,1,0
explicit_bare,rts,HumanEval/36,1,2,8,0,18.015625,0.0,-15.09375,26.203125000000004,1,1,0
explicit_bare,immediate,HumanEval/38,0,3,0,1,15.999999880790718,0.0,-0.9999999701976776,0.0,1,1,1
explicit_bare,immediate,HumanEval/38,0,3,1,0,-13.250000119210881,0.0,-0.9999999701976776,0.0,0,0,0
explicit_bare,immediate,HumanEval/38,0,3,2,0,-14.25000035762804,0.0,-0.9999999701976776,0.0,0,0,0
explicit_bare,immediate,HumanEval/38,0,3,3,0,-14.499999523162955,0.0,-0.9999999701976776,0.0,0,0,0
explicit_bare,immediate,HumanEval/38,0,3,4,0,-15.49999976158145,0.0,-0.9999999701976776,0.0,0,0,0
explicit_bare,immediate,HumanEval/38,0,3,5,0,-14.499999523162955,0.0,-0.9999999701976776,0.0,0,0,0
explicit_bare,immediate,HumanEval/38,0,3,6,0,-16.499999880790718,0.0,-0.9999999701976776,0.0,0,0,0
explicit_bare,immediate,HumanEval/38,0,3,7,0,-17.25,0.0,-0.9999999701976776,0.0,0,0,0
explicit_bare,immediate,HumanEval/38,0,3,8,0,-21.5,0.0,-0.9999999701976776,0.0,0,0,0
explicit_bare,rts,HumanEval/38,0,3,0,1,24.671875,0.0,11.374998092651367,0.0,1,1,1
explicit_bare,rts,HumanEval/38,0,3,1,0,-23.21875,0.0,11.374998092651367,0.0,0,0,0
explicit_bare,rts,HumanEval/38,0,3,2,0,-16.875,0.0,11.374998092651367,0.0,0,0,0
explicit_bare,rts,HumanEval/38,0,3,3,0,-16.5625,0.0,11.374998092651367,0.0,0,0,0
explicit_bare,rts,HumanEval/38,0,3,4,0,-17.375,0.0,11.374998092651367,0.0,0,0,0
explicit_bare,rts,HumanEval/38,0,3,5,0,-17.84375,0.0,11.374998092651367,0.0,0,0,0
explicit_bare,rts,HumanEval/38,0,3,6,0,-18.296875,0.0,11.374998092651367,0.0,0,0,0
explicit_bare,rts,HumanEval/38,0,3,7,0,-18.078125,0.0,11.374998092651367,0.0,0,0,0
explicit_bare,rts,HumanEval/38,0,3,8,0,-20.578125,0.0,11.374998092651367,0.0,0,0,0
explicit_bare,immediate,HumanEval/42,8,3,0,1,28.25,0.0,-0.9999999701976776,-6.000000086612999,1,1,1
explicit_bare,immediate,HumanEval/42,8,3,1,1,16.499999880790718,0.0,-0.9999999701976776,-6.000000086612999,1,1,1
explicit_bare,immediate,HumanEval/42,8,3,2,1,-0.9999999701976776,0.0,-0.9999999701976776,-6.000000086612999,0,1,1
explicit_bare,immediate,HumanEval/42,8,3,3,1,-5.250000011175871,0.0,-0.9999999701976776,-6.000000086612999,0,0,1
explicit_bare,immediate,HumanEval/42,8,3,4,1,-2.9999999925494194,0.0,-0.9999999701976776,-6.000000086612999,0,0,1
explicit_bare,immediate,HumanEval/42,8,3,5,1,0.0,0.0,-0.9999999701976776,-6.000000086612999,1,1,1
explicit_bare,immediate,HumanEval/42,8,3,6,1,0.0,0.0,-0.9999999701976776,-6.000000086612999,1,1,1
explicit_bare,immediate,HumanEval/42,8,3,7,1,-2.9999999925494194,0.0,-0.9999999701976776,-6.000000086612999,0,0,1
explicit_bare,immediate,HumanEval/42,8,3,8,1,-6.000000086612999,0.0,-0.9999999701976776,-6.000000086612999,0,0,1
explicit_bare,rts,HumanEval/42,8,3,0,1,24.16015625,0.0,11.374998092651367,0.0,1,1,1
explicit_bare,rts,HumanEval/42,8,3,1,1,28.1875,0.0,11.374998092651367,0.0,1,1,1
explicit_bare,rts,HumanEval/42,8,3,2,1,29.0625,0.0,11.374998092651367,0.0,1,1,1
explicit_bare,rts,HumanEval/42,8,3,3,1,24.4921875,0.0,11.374998092651367,0.0,1,1,1
explicit_bare,rts,HumanEval/42,8,3,4,1,23.953125,0.0,11.374998092651367,0.0,1,1,1
explicit_bare,rts,HumanEval/42,8,3,5,1,24.890625,0.0,11.374998092651367,0.0,1,1,1
explicit_bare,rts,HumanEval/42,8,3,6,1,25.09375,0.0,11.374998092651367,0.0,1,1,1
explicit_bare,rts,HumanEval/42,8,3,7,1,23.3984375,0.0,11.374998092651367,0.0,1,1,1
explicit_bare,rts,HumanEval/42,8,3,8,1,28.140625,0.0,11.374998092651367,0.0,1,1,1
explicit_bare,immediate,HumanEval/43,8,4,0,1,26.25,0.0,-6.50000017543789,-11.999999523181941,1,1,1
explicit_bare,immediate,HumanEval/43,8,4,1,1,11.250000357712452,0.0,-6.50000017543789,-11.999999523181941,1,1,1
explicit_bare,immediate,HumanEval/43,8,4,2,1,4.7500000186264515,0.0,-6.50000017543789,-11.999999523181941,1,1,1
explicit_bare,immediate,HumanEval/43,8,4,3,1,4.500000096857548,0.0,-6.50000017543789,-11.999999523181941,1,1,1
explicit_bare,immediate,HumanEval/43,8,4,4,1,4.999999948777258,0.0,-6.50000017543789,-11.999999523181941,1,1,1
explicit_bare,immediate,HumanEval/43,8,4,5,1,9.749999882489647,0.0,-6.50000017543789,-11.999999523181941,1,1,1
explicit_bare,immediate,HumanEval/43,8,4,6,1,8.000000294676283,0.0,-6.50000017543789,-11.999999523181941,1,1,1
explicit_bare,immediate,HumanEval/43,8,4,7,1,4.7500000186264515,0.0,-6.50000017543789,-11.999999523181941,1,1,1
explicit_bare,immediate,HumanEval/43,8,4,8,1,-11.999999523181941,0.0,-6.50000017543789,-11.999999523181941,0,0,1
explicit_bare,rts,HumanEval/43,8,4,0,1,19.09375,0.0,18.25,-18.40625,1,1,1
explicit_bare,rts,HumanEval/43,8,4,1,1,25.03125,0.0,18.25,-18.40625,1,1,1
explicit_bare,rts,HumanEval/43,8,4,2,1,22.6328125,0.0,18.25,-18.40625,1,1,1
explicit_bare,rts,HumanEval/43,8,4,3,1,24.265625,0.0,18.25,-18.40625,1,1,1
explicit_bare,rts,HumanEval/43,8,4,4,1,23.546875,0.0,18.25,-18.40625,1,1,1
explicit_bare,rts,HumanEval/43,8,4,5,1,22.0,0.0,18.25,-18.40625,1,1,1
explicit_bare,rts,HumanEval/43,8,4,6,1,23.5546875,0.0,18.25,-18.40625,1,1,1
explicit_bare,rts,HumanEval/43,8,4,7,1,22.28125,0.0,18.25,-18.40625,1,1,1
explicit_bare,rts,HumanEval/43,8,4,8,1,-18.40625,0.0,18.25,-18.40625,0,0,1
explicit_bare,immediate,HumanEval/46,0,3,0,1,25.0,0.0,-0.9999999701976776,25.0,1,1,1
explicit_bare,immediate,HumanEval/46,0,3,1,0,8.000000294676283,0.0,-0.9999999701976776,25.0,1,1,0
explicit_bare,immediate,HumanEval/46,0,3,2,0,2.9999999925494194,0.0,-0.9999999701976776,25.0,1,1,0
explicit_bare,immediate,HumanEval/46,0,3,3,0,3.749999888241291,0.0,-0.9999999701976776,25.0,1,1,0
explicit_bare,immediate,HumanEval/46,0,3,4,0,5.250000011175871,0.0,-0.9999999701976776,25.0,1,1,0
explicit_bare,immediate,HumanEval/46,0,3,5,0,4.250000044703484,0.0,-0.9999999701976776,25.0,1,1,0
explicit_bare,immediate,HumanEval/46,0,3,6,0,1.7499999850988388,0.0,-0.9999999701976776,25.0,1,1,0
explicit_bare,immediate,HumanEval/46,0,3,7,0,-8.749999893334461,0.0,-0.9999999701976776,25.0,0,0,0
explicit_bare,immediate,HumanEval/46,0,3,8,0,-11.749999761612344,0.0,-0.9999999701976776,25.0,0,0,0
explicit_bare,rts,HumanEval/46,0,3,0,1,24.34375,0.0,11.374998092651367,26.937500000000004,1,1,0
explicit_bare,rts,HumanEval/46,0,3,1,0,26.9375,0.0,11.374998092651367,26.937500000000004,1,1,0
explicit_bare,rts,HumanEval/46,0,3,2,0,24.55078125,0.0,11.374998092651367,26.937500000000004,1,1,0
explicit_bare,rts,HumanEval/46,0,3,3,0,-9.1875,0.0,11.374998092651367,26.937500000000004,0,0,0
explicit_bare,rts,HumanEval/46,0,3,4,0,16.8125,0.0,11.374998092651367,26.937500000000004,1,1,0
explicit_bare,rts,HumanEval/46,0,3,5,0,22.875,0.0,11.374998092651367,26.937500000000004,1,1,0
explicit_bare,rts,HumanEval/46,0,3,6,0,26.15625,0.0,11.374998092651367,26.937500000000004,1,1,0
explicit_bare,rts,HumanEval/46,0,3,7,0,18.078125,0.0,11.374998092651367,26.937500000000004,1,1,0
explicit_bare,rts,HumanEval/46,0,3,8,0,19.8125,0.0,11.374998092651367,26.937500000000004,1,1,0
explicit_bare,immediate,HumanEval/48,8,2,0,1,19.25,0.0,-6.50000017543789,-21.0,1,1,1
explicit_bare,immediate,HumanEval/48,8,2,1,1,-12.250000000011369,0.0,-6.50000017543789,-21.0,0,0,1
explicit_bare,immediate,HumanEval/48,8,2,2,1,-6.749999969732016,0.0,-6.50000017543789,-21.0,0,0,1
explicit_bare,immediate,HumanEval/48,8,2,3,1,-5.250000011175871,0.0,-6.50000017543789,-21.0,0,1,1
explicit_bare,immediate,HumanEval/48,8,2,4,1,-7.500000152911525,0.0,-6.50000017543789,-21.0,0,0,1
explicit_bare,immediate,HumanEval/48,8,2,5,1,-6.50000017543789,0.0,-6.50000017543789,-21.0,0,1,1
explicit_bare,immediate,HumanEval/48,8,2,6,1,-10.749999523393853,0.0,-6.50000017543789,-21.0,0,0,1
explicit_bare,immediate,HumanEval/48,8,2,7,1,-11.5000003576788,0.0,-6.50000017543789,-21.0,0,0,1
explicit_bare,immediate,HumanEval/48,8,2,8,1,-21.0,0.0,-6.50000017543789,-21.0,0,0,1
explicit_bare,rts,HumanEval/48,8,2,0,1,22.92919921875,0.0,-15.09375,-18.65625,1,1,1
explicit_bare,rts,HumanEval/48,8,2,1,1,14.5625,0.0,-15.09375,-18.65625,1,1,1
explicit_bare,rts,HumanEval/48,8,2,2,1,24.0625,0.0,-15.09375,-18.65625,1,1,1
explicit_bare,rts,HumanEval/48,8,2,3,1,-16.875,0.0,-15.09375,-18.65625,0,0,1
explicit_bare,rts,HumanEval/48,8,2,4,1,26.640625,0.0,-15.09375,-18.65625,1,1,1
explicit_bare,rts,HumanEval/48,8,2,5,1,18.984375,0.0,-15.09375,-18.65625,1,1,1
explicit_bare,rts,HumanEval/48,8,2,6,1,25.90625,0.0,-15.09375,-18.65625,1,1,1
explicit_bare,rts,HumanEval/48,8,2,7,1,-18.65625,0.0,-15.09375,-18.65625,0,0,1
explicit_bare,rts,HumanEval/48,8,2,8,1,18.65625,0.0,-15.09375,-18.65625,1,1,1
explicit_bare,immediate,HumanEval/5,0,0,0,1,25.0,0.0,-6.999999819439836,0.0,1,1,1
explicit_bare,immediate,HumanEval/5,0,0,1,0,-2.9999999925494194,0.0,-6.999999819439836,0.0,0,1,0
explicit_bare,immediate,HumanEval/5,0,0,2,0,-9.250000243031536,0.0,-6.999999819439836,0.0,0,0,0
explicit_bare,immediate,HumanEval/5,0,0,3,0,-8.999999649982783,0.0,-6.999999819439836,0.0,0,0,0
explicit_bare,immediate,HumanEval/5,0,0,4,0,-9.250000243031536,0.0,-6.999999819439836,0.0,0,0,0
explicit_bare,immediate,HumanEval/5,0,0,5,0,-7.749999973515514,0.0,-6.999999819439836,0.0,0,0,0
explicit_bare,immediate,HumanEval/5,0,0,6,0,-10.749999523393853,0.0,-6.999999819439836,0.0,0,0,0
explicit_bare,immediate,HumanEval/5,0,0,7,0,-10.749999523393853,0.0,-6.999999819439836,0.0,0,0,0
explicit_bare,immediate,HumanEval/5,0,0,8,0,-19.75,0.0,-6.999999819439836,0.0,0,0,0
explicit_bare,rts,HumanEval/5,0,0,0,1,18.96875,0.0,11.374998092651367,0.0,1,1,1
explicit_bare,rts,HumanEval/5,0,0,1,0,-19.734375,0.0,11.374998092651367,0.0,0,0,0
explicit_bare,rts,HumanEval/5,0,0,2,0,-18.921875,0.0,11.374998092651367,0.0,0,0,0
explicit_bare,rts,HumanEval/5,0,0,3,0,-18.359375,0.0,11.374998092651367,0.0,0,0,0
explicit_bare,rts,HumanEval/5,0,0,4,0,-18.65625,0.0,11.374998092651367,0.0,0,0,0
explicit_bare,rts,HumanEval/5,0,0,5,0,-19.28125,0.0,11.374998092651367,0.0,0,0,0
explicit_bare,rts,HumanEval/5,0,0,6,0,-18.953125,0.0,11.374998092651367,0.0,0,0,0
explicit_bare,rts,HumanEval/5,0,0,7,0,-18.5,0.0,11.374998092651367,0.0,0,0,0
explicit_bare,rts,HumanEval/5,0,0,8,0,-19.9375,0.0,11.374998092651367,0.0,0,0,0
explicit_bare,immediate,HumanEval/50,0,1,0,1,26.0,0.0,-6.999999819439836,0.0,1,1,1
explicit_bare,immediate,HumanEval/50,0,1,1,0,-4.999999948777258,0.0,-6.999999819439836,0.0,0,1,0
explicit_bare,immediate,HumanEval/50,0,1,2,0,-9.250000243031536,0.0,-6.999999819439836,0.0,0,0,0
explicit_bare,immediate,HumanEval/50,0,1,3,0,-8.250000034138793,0.0,-6.999999819439836,0.0,0,0,0
explicit_bare,immediate,HumanEval/50,0,1,4,0,-8.000000294676283,0.0,-6.999999819439836,0.0,0,0,0
explicit_bare,immediate,HumanEval/50,0,1,5,0,-10.50000011958764,0.0,-6.999999819439836,0.0,0,0,0
explicit_bare,immediate,HumanEval/50,0,1,6,0,-10.749999523393853,0.0,-6.999999819439836,0.0,0,0,0
explicit_bare,immediate,HumanEval/50,0,1,7,0,-10.249999881416443,0.0,-6.999999819439836,0.0,0,0,0
explicit_bare,immediate,HumanEval/50,0,1,8,0,-23.875,0.0,-6.999999819439836,0.0,0,0,0
explicit_bare,rts,HumanEval/50,0,1,0,1,22.9609375,0.0,18.390625,0.0,1,1,1
explicit_bare,rts,HumanEval/50,0,1,1,0,-20.9375,0.0,18.390625,0.0,0,0,0
explicit_bare,rts,HumanEval/50,0,1,2,0,-20.921875,0.0,18.390625,0.0,0,0,0
explicit_bare,rts,HumanEval/50,0,1,3,0,-21.21875,0.0,18.390625,0.0,0,0,0
explicit_bare,rts,HumanEval/50,0,1,4,0,-22.0546875,0.0,18.390625,0.0,0,0,0
explicit_bare,rts,HumanEval/50,0,1,5,0,-20.875,0.0,18.390625,0.0,0,0,0
explicit_bare,rts,HumanEval/50,0,1,6,0,-21.453125,0.0,18.390625,0.0,0,0,0
explicit_bare,rts,HumanEval/50,0,1,7,0,-22.1357421875,0.0,18.390625,0.0,0,0,0
explicit_bare,rts,HumanEval/50,0,1,8,0,-20.94921875,0.0,18.390625,0.0,0,0,0
explicit_bare,immediate,HumanEval/51,8,4,0,1,31.5,0.0,-6.50000017543789,0.0,1,1,1
explicit_bare,immediate,HumanEval/51,8,4,1,1,24.5,0.0,-6.50000017543789,0.0,1,1,1
explicit_bare,immediate,HumanEval/51,8,4,2,1,21.25,0.0,-6.50000017543789,0.0,1,1,1
explicit_bare,immediate,HumanEval/51,8,4,3,1,21.0,0.0,-6.50000017543789,0.0,1,1,1
explicit_bare,immediate,HumanEval/51,8,4,4,1,20.75,0.0,-6.50000017543789,0.0,1,1,1
explicit_bare,immediate,HumanEval/51,8,4,5,1,21.0,0.0,-6.50000017543789,0.0,1,1,1
explicit_bare,immediate,HumanEval/51,8,4,6,1,19.75,0.0,-6.50000017543789,0.0,1,1,1
explicit_bare,immediate,HumanEval/51,8,4,7,1,16.249999880790718,0.0,-6.50000017543789,0.0,1,1,1
explicit_bare,immediate,HumanEval/51,8,4,8,1,4.7500000186264515,0.0,-6.50000017543789,0.0,1,1,1
explicit_bare,rts,HumanEval/51,8,4,0,1,17.390625,0.0,18.25,0.0,1,0,1
explicit_bare,rts,HumanEval/51,8,4,1,1,23.0078125,0.0,18.25,0.0,1,1,1
explicit_bare,rts,HumanEval/51,8,4,2,1,24.109375,0.0,18.25,0.0,1,1,1
explicit_bare,rts,HumanEval/51,8,4,3,1,24.9375,0.0,18.25,0.0,1,1,1
explicit_bare,rts,HumanEval/51,8,4,4,1,24.546875,0.0,18.25,0.0,1,1,1
explicit_bare,rts,HumanEval/51,8,4,5,1,24.171875,0.0,18.25,0.0,1,1,1
explicit_bare,rts,HumanEval/51,8,4,6,1,25.953125,0.0,18.25,0.0,1,1,1
explicit_bare,rts,HumanEval/51,8,4,7,1,24.5,0.0,18.25,0.0,1,1,1
explicit_bare,rts,HumanEval/51,8,4,8,1,21.59765625,0.0,18.25,0.0,1,1,1
explicit_bare,immediate,HumanEval/55,2,2,0,1,19.25,0.0,-6.50000017543789,-2.7499999962747097,1,1,1
explicit_bare,immediate,HumanEval/55,2,2,1,1,-2.7499999962747097,0.0,-6.50000017543789,-2.7499999962747097,0,1,1
explicit_bare,immediate,HumanEval/55,2,2,2,1,-2.2500000298023224,0.0,-6.50000017543789,-2.7499999962747097,0,1,1
explicit_bare,immediate,HumanEval/55,2,2,3,0,-4.999999948777258,0.0,-6.50000017543789,-2.7499999962747097,0,1,0
explicit_bare,immediate,HumanEval/55,2,2,4,0,-8.000000294676283,0.0,-6.50000017543789,-2.7499999962747097,0,0,0
explicit_bare,immediate,HumanEval/55,2,2,5,0,-9.250000243031536,0.0,-6.50000017543789,-2.7499999962747097,0,0,0
explicit_bare,immediate,HumanEval/55,2,2,6,0,-12.250000000011369,0.0,-6.50000017543789,-2.7499999962747097,0,0,0
explicit_bare,immediate,HumanEval/55,2,2,7,0,-17.75,0.0,-6.50000017543789,-2.7499999962747097,0,0,0
explicit_bare,immediate,HumanEval/55,2,2,8,0,-23.75,0.0,-6.50000017543789,-2.7499999962747097,0,0,0
explicit_bare,rts,HumanEval/55,2,2,0,1,27.0625,0.0,-15.09375,0.0,1,1,1
explicit_bare,rts,HumanEval/55,2,2,1,1,-14.125,0.0,-15.09375,0.0,0,1,0
explicit_bare,rts,HumanEval/55,2,2,2,1,25.71484375,0.0,-15.09375,0.0,1,1,1
explicit_bare,rts,HumanEval/55,2,2,3,0,-10.5625,0.0,-15.09375,0.0,0,1,0
explicit_bare,rts,HumanEval/55,2,2,4,0,-20.40625,0.0,-15.09375,0.0,0,0,0
explicit_bare,rts,HumanEval/55,2,2,5,0,-23.21875,0.0,-15.09375,0.0,0,0,0
explicit_bare,rts,HumanEval/55,2,2,6,0,-21.3125,0.0,-15.09375,0.0,0,0,0
explicit_bare,rts,HumanEval/55,2,2,7,0,-22.046875,0.0,-15.09375,0.0,0,0,0
explicit_bare,rts,HumanEval/55,2,2,8,0,-24.751953125,0.0,-15.09375,0.0,0,0,0
explicit_bare,immediate,HumanEval/56,8,2,0,1,28.0,0.0,-6.50000017543789,-9.499999525964085,1,1,1
explicit_bare,immediate,HumanEval/56,8,2,1,1,-8.499999663079507,0.0,-6.50000017543789,-9.499999525964085,0,0,1
explicit_bare,immediate,HumanEval/56,8,2,2,1,-6.50000017543789,0.0,-6.50000017543789,-9.499999525964085,0,1,1
explicit_bare,immediate,HumanEval/56,8,2,3,1,-4.999999948777258,0.0,-6.50000017543789,-9.499999525964085,0,1,1
explicit_bare,immediate,HumanEval/56,8,2,4,1,-4.250000044703484,0.0,-6.50000017543789,-9.499999525964085,0,1,1
explicit_bare,immediate,HumanEval/56,8,2,5,1,-4.250000044703484,0.0,-6.50000017543789,-9.499999525964085,0,1,1
explicit_bare,immediate,HumanEval/56,8,2,6,1,-5.749999928288162,0.0,-6.50000017543789,-9.499999525964085,0,1,1
explicit_bare,immediate,HumanEval/56,8,2,7,1,-4.7500000186264515,0.0,-6.50000017543789,-9.499999525964085,0,1,1
explicit_bare,immediate,HumanEval/56,8,2,8,1,-9.499999525964085,0.0,-6.50000017543789,-9.499999525964085,0,0,1
explicit_bare,rts,HumanEval/56,8,2,0,1,23.376953125,0.0,-15.09375,0.0,1,1,1
explicit_bare,rts,HumanEval/56,8,2,1,1,26.609375,0.0,-15.09375,0.0,1,1,1
explicit_bare,rts,HumanEval/56,8,2,2,1,25.265625,0.0,-15.09375,0.0,1,1,1
explicit_bare,rts,HumanEval/56,8,2,3,1,27.125,0.0,-15.09375,0.0,1,1,1
explicit_bare,rts,HumanEval/56,8,2,4,1,26.453125,0.0,-15.09375,0.0,1,1,1
explicit_bare,rts,HumanEval/56,8,2,5,1,27.375,0.0,-15.09375,0.0,1,1,1
explicit_bare,rts,HumanEval/56,8,2,6,1,27.296875,0.0,-15.09375,0.0,1,1,1
explicit_bare,rts,HumanEval/56,8,2,7,1,26.984375,0.0,-15.09375,0.0,1,1,1
explicit_bare,rts,HumanEval/56,8,2,8,1,19.609375,0.0,-15.09375,0.0,1,1,1
explicit_bare,immediate,HumanEval/58,0,0,0,1,29.5,0.0,-6.999999819439836,29.5,1,1,1
explicit_bare,immediate,HumanEval/58,0,0,1,0,18.75,0.0,-6.999999819439836,29.5,1,1,0
explicit_bare,immediate,HumanEval/58,0,0,2,0,9.749999882489647,0.0,-6.999999819439836,29.5,1,1,0
explicit_bare,immediate,HumanEval/58,0,0,3,0,10.249999881416443,0.0,-6.999999819439836,29.5,1,1,0
explicit_bare,immediate,HumanEval/58,0,0,4,0,8.000000294676283,0.0,-6.999999819439836,29.5,1,1,0
explicit_bare,immediate,HumanEval/58,0,0,5,0,8.749999893334461,0.0,-6.999999819439836,29.5,1,1,0
explicit_bare,immediate,HumanEval/58,0,0,6,0,4.500000096857548,0.0,-6.999999819439836,29.5,1,1,0
explicit_bare,immediate,HumanEval/58,0,0,7,0,-2.2500000298023224,0.0,-6.999999819439836,29.5,0,1,0
explicit_bare,immediate,HumanEval/58,0,0,8,0,-10.249999881416443,0.0,-6.999999819439836,29.5,0,0,0
explicit_bare,rts,HumanEval/58,0,0,0,1,20.763671875,0.0,11.374998092651367,25.562500000000004,1,1,0
explicit_bare,rts,HumanEval/58,0,0,1,0,24.0625,0.0,11.374998092651367,25.562500000000004,1,1,0
explicit_bare,rts,HumanEval/58,0,0,2,0,20.41015625,0.0,11.374998092651367,25.562500000000004,1,1,0
explicit_bare,rts,HumanEval/58,0,0,3,0,22.90625,0.0,11.374998092651367,25.562500000000004,1,1,0
explicit_bare,rts,HumanEval/58,0,0,4,0,24.71875,0.0,11.374998092651367,25.562500000000004,1,1,0
explicit_bare,rts,HumanEval/58,0,0,5,0,25.53125,0.0,11.374998092651367,25.562500000000004,1,1,0
explicit_bare,rts,HumanEval/58,0,0,6,0,25.515625,0.0,11.374998092651367,25.562500000000004,1,1,0
explicit_bare,rts,HumanEval/58,0,0,7,0,25.4375,0.0,11.374998092651367,25.562500000000004,1,1,0
explicit_bare,rts,HumanEval/58,0,0,8,0,25.5625,0.0,11.374998092651367,25.562500000000004,1,1,0
explicit_bare,immediate,HumanEval/59,0,1,0,1,10.50000011958764,0.0,-6.999999819439836,0.0,1,1,1
explicit_bare,immediate,HumanEval/59,0,1,1,0,-14.25000035762804,0.0,-6.999999819439836,0.0,0,0,0
explicit_bare,immediate,HumanEval/59,0,1,2,0,-14.25000035762804,0.0,-6.999999819439836,0.0,0,0,0
explicit_bare,immediate,HumanEval/59,0,1,3,0,-14.00000011920963,0.0,-6.999999819439836,0.0,0,0,0
explicit_bare,immediate,HumanEval/59,0,1,4,0,-17.0,0.0,-6.999999819439836,0.0,0,0,0
explicit_bare,immediate,HumanEval/59,0,1,5,0,-17.25,0.0,-6.999999819439836,0.0,0,0,0
explicit_bare,immediate,HumanEval/59,0,1,6,0,-18.75,0.0,-6.999999819439836,0.0,0,0,0
explicit_bare,immediate,HumanEval/59,0,1,7,0,-20.75,0.0,-6.999999819439836,0.0,0,0,0
explicit_bare,immediate,HumanEval/59,0,1,8,0,-26.0,0.0,-6.999999819439836,0.0,0,0,0
explicit_bare,rts,HumanEval/59,0,1,0,1,-11.687498092651367,0.0,18.390625,-11.687498092651367,0,0,1
explicit_bare,rts,HumanEval/59,0,1,1,0,-20.03125,0.0,18.390625,-11.687498092651367,0,0,0
explicit_bare,rts,HumanEval/59,0,1,2,0,-20.34375,0.0,18.390625,-11.687498092651367,0,0,0
explicit_bare,rts,HumanEval/59,0,1,3,0,-19.09375,0.0,18.390625,-11.687498092651367,0,0,0
explicit_bare,rts,HumanEval/59,0,1,4,0,-18.5,0.0,18.390625,-11.687498092651367,0,0,0
explicit_bare,rts,HumanEval/59,0,1,5,0,-18.6875,0.0,18.390625,-11.687498092651367,0,0,0
explicit_bare,rts,HumanEval/59,0,1,6,0,-23.4296875,0.0,18.390625,-11.687498092651367,0,0,0
explicit_bare,rts,HumanEval/59,0,1,7,0,-22.3359375,0.0,18.390625,-11.687498092651367,0,0,0
explicit_bare,rts,HumanEval/59,0,1,8,0,-25.17578125,0.0,18.390625,-11.687498092651367,0,0,0
explicit_bare,immediate,HumanEval/60,8,2,0,1,26.5,0.0,-6.50000017543789,0.0,1,1,1
explicit_bare,immediate,HumanEval/60,8,2,1,1,21.0,0.0,-6.50000017543789,0.0,1,1,1
explicit_bare,immediate,HumanEval/60,8,2,2,1,20.0,0.0,-6.50000017543789,0.0,1,1,1
explicit_bare,immediate,HumanEval/60,8,2,3,1,19.75,0.0,-6.50000017543789,0.0,1,1,1
explicit_bare,immediate,HumanEval/60,8,2,4,1,18.75,0.0,-6.50000017543789,0.0,1,1,1
explicit_bare,immediate,HumanEval/60,8,2,5,1,20.0,0.0,-6.50000017543789,0.0,1,1,1
explicit_bare,immediate,HumanEval/60,8,2,6,1,18.0,0.0,-6.50000017543789,0.0,1,1,1
explicit_bare,immediate,HumanEval/60,8,2,7,1,10.000000358661055,0.0,-6.50000017543789,0.0,1,1,1
explicit_bare,immediate,HumanEval/60,8,2,8,1,6.749999969732016,0.0,-6.50000017543789,0.0,1,1,1
explicit_bare,rts,HumanEval/60,8,2,0,1,23.7578125,0.0,-15.09375,0.0,1,1,1
explicit_bare,rts,HumanEval/60,8,2,1,1,25.4375,0.0,-15.09375,0.0,1,1,1
explicit_bare,rts,HumanEval/60,8,2,2,1,26.640625,0.0,-15.09375,0.0,1,1,1
explicit_bare,rts,HumanEval/60,8,2,3,1,24.921875,0.0,-15.09375,0.0,1,1,1
explicit_bare,rts,HumanEval/60,8,2,4,1,27.640625,0.0,-15.09375,0.0,1,1,1
explicit_bare,rts,HumanEval/60,8,2,5,1,26.65625,0.0,-15.09375,0.0,1,1,1
explicit_bare,rts,HumanEval/60,8,2,6,1,27.96875,0.0,-15.09375,0.0,1,1,1
explicit_bare,rts,HumanEval/60,8,2,7,1,27.59375,0.0,-15.09375,0.0,1,1,1
explicit_bare,rts,HumanEval/60,8,2,8,1,26.203125,0.0,-15.09375,0.0,1,1,1
explicit_bare,immediate,HumanEval/63,0,1,0,1,28.75,0.0,-6.999999819439836,28.75,1,1,1
explicit_bare,immediate,HumanEval/63,0,1,1,0,13.499999523163865,0.0,-6.999999819439836,28.75,1,1,0
explicit_bare,immediate,HumanEval/63,0,1,2,0,8.999999649982783,0.0,-6.999999819439836,28.75,1,1,0
explicit_bare,immediate,HumanEval/63,0,1,3,0,8.250000034138793,0.0,-6.999999819439836,28.75,1,1,0
explicit_bare,immediate,HumanEval/63,0,1,4,0,6.250000192085281,0.0,-6.999999819439836,28.75,1,1,0
explicit_bare,immediate,HumanEval/63,0,1,5,0,6.749999969732016,0.0,-6.999999819439836,28.75,1,1,0
explicit_bare,immediate,HumanEval/63,0,1,6,0,4.250000044703484,0.0,-6.999999819439836,28.75,1,1,0
explicit_bare,immediate,HumanEval/63,0,1,7,0,-1.25,0.0,-6.999999819439836,28.75,0,1,0
explicit_bare,immediate,HumanEval/63,0,1,8,0,-13.250000119210881,0.0,-6.999999819439836,28.75,0,0,0
explicit_bare,rts,HumanEval/63,0,1,0,1,24.3671875,0.0,18.390625,24.3671875,1,1,1
explicit_bare,rts,HumanEval/63,0,1,1,0,24.0625,0.0,18.390625,24.3671875,1,1,0
explicit_bare,rts,HumanEval/63,0,1,2,0,23.875,0.0,18.390625,24.3671875,1,1,0
explicit_bare,rts,HumanEval/63,0,1,3,0,23.994140625,0.0,18.390625,24.3671875,1,1,0
explicit_bare,rts,HumanEval/63,0,1,4,0,18.84375,0.0,18.390625,24.3671875,1,1,0
explicit_bare,rts,HumanEval/63,0,1,5,0,23.681640625,0.0,18.390625,24.3671875,1,1,0
explicit_bare,rts,HumanEval/63,0,1,6,0,21.171875,0.0,18.390625,24.3671875,1,1,0
explicit_bare,rts,HumanEval/63,0,1,7,0,18.25,0.0,18.390625,24.3671875,1,0,0
explicit_bare,rts,HumanEval/63,0,1,8,0,17.21875,0.0,18.390625,24.3671875,1,0,0
explicit_bare,immediate,HumanEval/64,2,3,0,1,29.5,0.0,-0.9999999701976776,21.25,1,1,1
explicit_bare,immediate,HumanEval/64,2,3,1,1,22.25,0.0,-0.9999999701976776,21.25,1,1,1
explicit_bare,immediate,HumanEval/64,2,3,2,1,21.25,0.0,-0.9999999701976776,21.25,1,1,1
explicit_bare,immediate,HumanEval/64,2,3,3,0,21.0,0.0,-0.9999999701976776,21.25,1,1,0
explicit_bare,immediate,HumanEval/64,2,3,4,0,22.25,0.0,-0.9999999701976776,21.25,1,1,1
explicit_bare,immediate,HumanEval/64,2,3,5,0,20.75,0.0,-0.9999999701976776,21.25,1,1,0
explicit_bare,immediate,HumanEval/64,2,3,6,0,18.5,0.0,-0.9999999701976776,21.25,1,1,0
explicit_bare,immediate,HumanEval/64,2,3,7,0,11.5000003576788,0.0,-0.9999999701976776,21.25,1,1,0
explicit_bare,immediate,HumanEval/64,2,3,8,0,-2.4999999925494194,0.0,-0.9999999701976776,21.25,0,0,0
explicit_bare,rts,HumanEval/64,2,3,0,1,25.203125,0.0,11.374998092651367,24.625,1,1,1
explicit_bare,rts,HumanEval/64,2,3,1,1,25.375,0.0,11.374998092651367,24.625,1,1,1
explicit_bare,rts,HumanEval/64,2,3,2,1,24.625,0.0,11.374998092651367,24.625,1,1,1
explicit_bare,rts,HumanEval/64,2,3,3,0,23.90625,0.0,11.374998092651367,24.625,1,1,0
explicit_bare,rts,HumanEval/64,2,3,4,0,24.296875,0.0,11.374998092651367,24.625,1,1,0
explicit_bare,rts,HumanEval/64,2,3,5,0,25.625,0.0,11.374998092651367,24.625,1,1,1
explicit_bare,rts,HumanEval/64,2,3,6,0,25.109375,0.0,11.374998092651367,24.625,1,1,1
explicit_bare,rts,HumanEval/64,2,3,7,0,25.484375,0.0,11.374998092651367,24.625,1,1,1
explicit_bare,rts,HumanEval/64,2,3,8,0,19.28125,0.0,11.374998092651367,24.625,1,1,0
explicit_bare,immediate,HumanEval/65,6,1,0,1,26.75,0.0,-6.999999819439836,-4.500000096857548,1,1,1
explicit_bare,immediate,HumanEval/65,6,1,1,1,4.999999948777258,0.0,-6.999999819439836,-4.500000096857548,1,1,1
explicit_bare,immediate,HumanEval/65,6,1,2,1,0.0,0.0,-6.999999819439836,-4.500000096857548,1,1,1
explicit_bare,immediate,HumanEval/65,6,1,3,1,-0.25,0.0,-6.999999819439836,-4.500000096857548,0,1,1
explicit_bare,immediate,HumanEval/65,6,1,4,1,-1.5000000596046448,0.0,-6.999999819439836,-4.500000096857548,0,1,1
explicit_bare,immediate,HumanEval/65,6,1,5,1,-1.5000000596046448,0.0,-6.999999819439836,-4.500000096857548,0,1,1
explicit_bare,immediate,HumanEval/65,6,1,6,1,-4.500000096857548,0.0,-6.999999819439836,-4.500000096857548,0,1,1
explicit_bare,immediate,HumanEval/65,6,1,7,0,-7.250000132829882,0.0,-6.999999819439836,-4.500000096857548,0,0,0
explicit_bare,immediate,HumanEval/65,6,1,8,0,-16.499999880790718,0.0,-6.999999819439836,-4.500000096857548,0,0,0
explicit_bare,rts,HumanEval/65,6,1,0,1,18.45703125,0.0,18.390625,22.015625,1,1,0
explicit_bare,rts,HumanEval/65,6,1,1,1,26.625,0.0,18.390625,22.015625,1,1,1
explicit_bare,rts,HumanEval/65,6,1,2,1,25.375,0.0,18.390625,22.015625,1,1,1
explicit_bare,rts,HumanEval/65,6,1,3,1,22.015625,0.0,18.390625,22.015625,1,1,1
explicit_bare,rts,HumanEval/65,6,1,4,1,25.25,0.0,18.390625,22.015625,1,1,1
explicit_bare,rts,HumanEval/65,6,1,5,1,25.40625,0.0,18.390625,22.015625,1,1,1
explicit_bare,rts,HumanEval/65,6,1,6,1,25.25,0.0,18.390625,22.015625,1,1,1
explicit_bare,rts,HumanEval/65,6,1,7,0,21.935546875,0.0,18.390625,22.015625,1,1,0
explicit_bare,rts,HumanEval/65,6,1,8,0,21.04296875,0.0,18.390625,22.015625,1,1,0
explicit_bare,immediate,HumanEval/66,8,4,0,1,27.25,0.0,-6.50000017543789,0.0,1,1,1
explicit_bare,immediate,HumanEval/66,8,4,1,1,18.75,0.0,-6.50000017543789,0.0,1,1,1
explicit_bare,immediate,HumanEval/66,8,4,2,1,17.75,0.0,-6.50000017543789,0.0,1,1,1
explicit_bare,immediate,HumanEval/66,8,4,3,1,19.0,0.0,-6.50000017543789,0.0,1,1,1
explicit_bare,immediate,HumanEval/66,8,4,4,1,19.5,0.0,-6.50000017543789,0.0,1,1,1
explicit_bare,immediate,HumanEval/66,8,4,5,1,20.0,0.0,-6.50000017543789,0.0,1,1,1
explicit_bare,immediate,HumanEval/66,8,4,6,1,17.75,0.0,-6.50000017543789,0.0,1,1,1
explicit_bare,immediate,HumanEval/66,8,4,7,1,15.749999880790718,0.0,-6.50000017543789,0.0,1,1,1
explicit_bare,immediate,HumanEval/66,8,4,8,1,11.250000357712452,0.0,-6.50000017543789,0.0,1,1,1
explicit_bare,rts,HumanEval/66,8,4,0,1,20.3125,0.0,18.25,0.0,1,1,1
explicit_bare,rts,HumanEval/66,8,4,1,1,22.8984375,0.0,18.25,0.0,1,1,1
explicit_bare,rts,HumanEval/66,8,4,2,1,21.9345703125,0.0,18.25,0.0,1,1,1
explicit_bare,rts,HumanEval/66,8,4,3,1,22.2236328125,0.0,18.25,0.0,1,1,1
explicit_bare,rts,HumanEval/66,8,4,4,1,22.82421875,0.0,18.25,0.0,1,1,1
explicit_bare,rts,HumanEval/66,8,4,5,1,23.8203125,0.0,18.25,0.0,1,1,1
explicit_bare,rts,HumanEval/66,8,4,6,1,23.75,0.0,18.25,0.0,1,1,1
explicit_bare,rts,HumanEval/66,8,4,7,1,24.1328125,0.0,18.25,0.0,1,1,1
explicit_bare,rts,HumanEval/66,8,4,8,1,22.26953125,0.0,18.25,0.0,1,1,1
explicit_bare,immediate,HumanEval/67,8,3,0,1,26.5,0.0,-0.9999999701976776,-4.500000096857548,1,1,1
explicit_bare,immediate,HumanEval/67,8,3,1,1,17.0,0.0,-0.9999999701976776,-4.500000096857548,1,1,1
explicit_bare,immediate,HumanEval/67,8,3,2,1,12.50000011921611,0.0,-0.9999999701976776,-4.500000096857548,1,1,1
explicit_bare,immediate,HumanEval/67,8,3,3,1,8.749999893334461,0.0,-0.9999999701976776,-4.500000096857548,1,1,1
explicit_bare,immediate,HumanEval/67,8,3,4,1,7.250000132829882,0.0,-0.9999999701976776,-4.500000096857548,1,1,1
explicit_bare,immediate,HumanEval/67,8,3,5,1,13.250000119210881,0.0,-0.9999999701976776,-4.500000096857548,1,1,1
explicit_bare,immediate,HumanEval/67,8,3,6,1,11.999999523181941,0.0,-0.9999999701976776,-4.500000096857548,1,1,1
explicit_bare,immediate,HumanEval/67,8,3,7,1,8.000000294676283,0.0,-0.9999999701976776,-4.500000096857548,1,1,1
explicit_bare,immediate,HumanEval/67,8,3,8,1,-4.500000096857548,0.0,-0.9999999701976776,-4.500000096857548,0,0,1
explicit_bare,rts,HumanEval/67,8,3,0,1,21.5859375,0.0,11.374998092651367,0.0,1,1,1
explicit_bare,rts,HumanEval/67,8,3,1,1,22.74609375,0.0,11.374998092651367,0.0,1,1,1
explicit_bare,rts,HumanEval/67,8,3,2,1,23.953125,0.0,11.374998092651367,0.0,1,1,1
explicit_bare,rts,HumanEval/67,8,3,3,1,25.421875,0.0,11.374998092651367,0.0,1,1,1
explicit_bare,rts,HumanEval/67,8,3,4,1,23.5703125,0.0,11.374998092651367,0.0,1,1,1
explicit_bare,rts,HumanEval/67,8,3,5,1,25.359375,0.0,11.374998092651367,0.0,1,1,1
explicit_bare,rts,HumanEval/67,8,3,6,1,25.3125,0.0,11.374998092651367,0.0,1,1,1
explicit_bare,rts,HumanEval/67,8,3,7,1,26.234375,0.0,11.374998092651367,0.0,1,1,1
explicit_bare,rts,HumanEval/67,8,3,8,1,22.3359375,0.0,11.374998092651367,0.0,1,1,1
explicit_bare,immediate,HumanEval/68,8,0,0,1,27.0,0.0,-6.999999819439836,-0.9999999701976776,1,1,1
explicit_bare,immediate,HumanEval/68,8,0,1,1,19.25,0.0,-6.999999819439836,-0.9999999701976776,1,1,1
explicit_bare,immediate,HumanEval/68,8,0,2,1,19.25,0.0,-6.999999819439836,-0.9999999701976776,1,1,1
explicit_bare,immediate,HumanEval/68,8,0,3,1,18.25,0.0,-6.999999819439836,-0.9999999701976776,1,1,1
explicit_bare,immediate,HumanEval/68,8,0,4,1,18.75,0.0,-6.999999819439836,-0.9999999701976776,1,1,1
explicit_bare,immediate,HumanEval/68,8,0,5,1,20.25,0.0,-6.999999819439836,-0.9999999701976776,1,1,1
explicit_bare,immediate,HumanEval/68,8,0,6,1,18.25,0.0,-6.999999819439836,-0.9999999701976776,1,1,1
explicit_bare,immediate,HumanEval/68,8,0,7,1,13.250000119210881,0.0,-6.999999819439836,-0.9999999701976776,1,1,1
explicit_bare,immediate,HumanEval/68,8,0,8,1,-0.9999999701976776,0.0,-6.999999819439836,-0.9999999701976776,0,1,1
explicit_bare,rts,HumanEval/68,8,0,0,1,21.171875,0.0,11.374998092651367,0.0,1,1,1
explicit_bare,rts,HumanEval/68,8,0,1,1,25.9375,0.0,11.374998092651367,0.0,1,1,1
explicit_bare,rts,HumanEval/68,8,0,2,1,22.5234375,0.0,11.374998092651367,0.0,1,1,1
explicit_bare,rts,HumanEval/68,8,0,3,1,24.765625,0.0,11.374998092651367,0.0,1,1,1
explicit_bare,rts,HumanEval/68,8,0,4,1,25.453125,0.0,11.374998092651367,0.0,1,1,1
explicit_bare,rts,HumanEval/68,8,0,5,1,26.40625,0.0,11.374998092651367,0.0,1,1,1
explicit_bare,rts,HumanEval/68,8,0,6,1,26.328125,0.0,11.374998092651367,0.0,1,1,1
explicit_bare,rts,HumanEval/68,8,0,7,1,24.5625,0.0,11.374998092651367,0.0,1,1,1
explicit_bare,rts,HumanEval/68,8,0,8,1,26.71875,0.0,11.374998092651367,0.0,1,1,1
explicit_bare,immediate,HumanEval/69,3,0,0,1,27.0,0.0,-6.999999819439836,15.749999880790718,1,1,1
explicit_bare,immediate,HumanEval/69,3,0,1,1,15.749999880790718,0.0,-6.999999819439836,15.749999880790718,1,1,1
explicit_bare,immediate,HumanEval/69,3,0,2,1,7.749999973515514,0.0,-6.999999819439836,15.749999880790718,1,1,0
explicit_bare,immediate,HumanEval/69,3,0,3,1,10.000000358661055,0.0,-6.999999819439836,15.749999880790718,1,1,0
explicit_bare,immediate,HumanEval/69,3,0,4,0,12.750000000004093,0.0,-6.999999819439836,15.749999880790718,1,1,0
explicit_bare,immediate,HumanEval/69,3,0,5,0,15.24999976158145,0.0,-6.999999819439836,15.749999880790718,1,1,0
explicit_bare,immediate,HumanEval/69,3,0,6,0,15.49999976158145,0.0,-6.999999819439836,15.749999880790718,1,1,0
explicit_bare,immediate,HumanEval/69,3,0,7,0,13.499999523163865,0.0,-6.999999819439836,15.749999880790718,1,1,0
explicit_bare,immediate,HumanEval/69,3,0,8,0,2.5000000968575478,0.0,-6.999999819439836,15.749999880790718,1,1,0
explicit_bare,rts,HumanEval/69,3,0,0,1,21.9384765625,0.0,11.374998092651367,24.906250000000004,1,1,0
explicit_bare,rts,HumanEval/69,3,0,1,1,23.515625,0.0,11.374998092651367,24.906250000000004,1,1,0
explicit_bare,rts,HumanEval/69,3,0,2,1,23.4140625,0.0,11.374998092651367,24.906250000000004,1,1,0
explicit_bare,rts,HumanEval/69,3,0,3,1,23.0703125,0.0,11.374998092651367,24.906250000000004,1,1,0
explicit_bare,rts,HumanEval/69,3,0,4,0,23.5625,0.0,11.374998092651367,24.906250000000004,1,1,0
explicit_bare,rts,HumanEval/69,3,0,5,0,24.671875,0.0,11.374998092651367,24.906250000000004,1,1,0
explicit_bare,rts,HumanEval/69,3,0,6,0,24.90625,0.0,11.374998092651367,24.906250000000004,1,1,0
explicit_bare,rts,HumanEval/69,3,0,7,0,24.640625,0.0,11.374998092651367,24.906250000000004,1,1,0
explicit_bare,rts,HumanEval/69,3,0,8,0,22.71875,0.0,11.374998092651367,24.906250000000004,1,1,0
explicit_bare,immediate,HumanEval/74,7,1,0,1,5.499999983236194,0.0,-6.999999819439836,-16.249999880790718,1,1,1
explicit_bare,immediate,HumanEval/74,7,1,1,1,-12.250000000011369,0.0,-6.999999819439836,-16.249999880790718,0,0,1
explicit_bare,immediate,HumanEval/74,7,1,2,1,-14.25000035762804,0.0,-6.999999819439836,-16.249999880790718,0,0,1
explicit_bare,immediate,HumanEval/74,7,1,3,1,-14.999999642372188,0.0,-6.999999819439836,-16.249999880790718,0,0,1
explicit_bare,immediate,HumanEval/74,7,1,4,1,-15.999999880790718,0.0,-6.999999819439836,-16.249999880790718,0,0,1
explicit_bare,immediate,HumanEval/74,7,1,5,1,-15.49999976158145,0.0,-6.999999819439836,-16.249999880790718,0,0,1
explicit_bare,immediate,HumanEval/74,7,1,6,1,-15.749999880790718,0.0,-6.999999819439836,-16.249999880790718,0,0,1
explicit_bare,immediate,HumanEval/74,7,1,7,1,-16.249999880790718,0.0,-6.999999819439836,-16.249999880790718,0,0,1
explicit_bare,immediate,HumanEval/74,7,1,8,0,-22.25,0.0,-6.999999819439836,-16.249999880790718,0,0,0
explicit_bare,rts,HumanEval/74,7,1,0,1,18.734375,0.0,18.390625,-19.625,1,1,1
explicit_bare,rts,HumanEval/74,7,1,1,1,-18.546875,0.0,18.390625,-19.625,0,0,1
explicit_bare,rts,HumanEval/74,7,1,2,1,-15.90625,0.0,18.390625,-19.625,0,0,1
explicit_bare,rts,HumanEval/74,7,1,3,1,21.234375,0.0,18.390625,-19.625,1,1,1
explicit_bare,rts,HumanEval/74,7,1,4,1,-13.375,0.0,18.390625,-19.625,0,0,1
explicit_bare,rts,HumanEval/74,7,1,5,1,-15.0,0.0,18.390625,-19.625,0,0,1
explicit_bare,rts,HumanEval/74,7,1,6,1,-19.625,0.0,18.390625,-19.625,0,0,1
explicit_bare,rts,HumanEval/74,7,1,7,1,-15.59375,0.0,18.390625,-19.625,0,0,1
explicit_bare,rts,HumanEval/74,7,1,8,0,-16.921875,0.0,18.390625,-19.625,0,0,1
explicit_bare,immediate,HumanEval/76,8,1,0,1,16.75,0.0,-6.999999819439836,-24.5,1,1,1
explicit_bare,immediate,HumanEval/76,8,1,1,1,-16.75,0.0,-6.999999819439836,-24.5,0,0,1
explicit_bare,immediate,HumanEval/76,8,1,2,1,-13.749999880791279,0.0,-6.999999819439836,-24.5,0,0,1
explicit_bare,immediate,HumanEval/76,8,1,3,1,-12.999999642374632,0.0,-6.999999819439836,-24.5,0,0,1
explicit_bare,immediate,HumanEval/76,8,1,4,1,-12.750000000004093,0.0,-6.999999819439836,-24.5,0,0,1
explicit_bare,immediate,HumanEval/76,8,1,5,1,-14.499999523162955,0.0,-6.999999819439836,-24.5,0,0,1
explicit_bare,immediate,HumanEval/76,8,1,6,1,-16.249999880790718,0.0,-6.999999819439836,-24.5,0,0,1
explicit_bare,immediate,HumanEval/76,8,1,7,1,-16.249999880790718,0.0,-6.999999819439836,-24.5,0,0,1
explicit_bare,immediate,HumanEval/76,8,1,8,1,-24.5,0.0,-6.999999819439836,-24.5,0,0,1
explicit_bare,rts,HumanEval/76,8,1,0,1,20.609375,0.0,18.390625,-17.875,1,1,1
explicit_bare,rts,HumanEval/76,8,1,1,1,-12.4375,0.0,18.390625,-17.875,0,0,1
explicit_bare,rts,HumanEval/76,8,1,2,1,-17.65625,0.0,18.390625,-17.875,0,0,1
explicit_bare,rts,HumanEval/76,8,1,3,1,18.9375,0.0,18.390625,-17.875,1,1,1
explicit_bare,rts,HumanEval/76,8,1,4,1,14.46875,0.0,18.390625,-17.875,1,0,1
explicit_bare,rts,HumanEval/76,8,1,5,1,11.374998092651367,0.0,18.390625,-17.875,1,0,1
explicit_bare,rts,HumanEval/76,8,1,6,1,-16.40625,0.0,18.390625,-17.875,0,0,1
explicit_bare,rts,HumanEval/76,8,1,7,1,-17.875,0.0,18.390625,-17.875,0,0,1
explicit_bare,rts,HumanEval/76,8,1,8,1,-15.09375,0.0,18.390625,-17.875,0,0,1
explicit_bare,immediate,HumanEval/78,8,3,0,1,27.0,0.0,-0.9999999701976776,0.0,1,1,1
explicit_bare,immediate,HumanEval/78,8,3,1,1,19.5,0.0,-0.9999999701976776,0.0,1,1,1
explicit_bare,immediate,HumanEval/78,8,3,2,1,15.49999976158145,0.0,-0.9999999701976776,0.0,1,1,1
explicit_bare,immediate,HumanEval/78,8,3,3,1,12.50000011921611,0.0,-0.9999999701976776,0.0,1,1,1
explicit_bare,immediate,HumanEval/78,8,3,4,1,13.250000119210881,0.0,-0.9999999701976776,0.0,1,1,1
explicit_bare,immediate,HumanEval/78,8,3,5,1,17.0,0.0,-0.9999999701976776,0.0,1,1,1
explicit_bare,immediate,HumanEval/78,8,3,6,1,17.25,0.0,-0.9999999701976776,0.0,1,1,1
explicit_bare,immediate,HumanEval/78,8,3,7,1,14.00000011920963,0.0,-0.9999999701976776,0.0,1,1,1
explicit_bare,immediate,HumanEval/78,8,3,8,1,12.999999642374632,0.0,-0.9999999701976776,0.0,1,1,1
explicit_bare,rts,HumanEval/78,8,3,0,1,22.4296875,0.0,11.374998092651367,0.0,1,1,1
explicit_bare,rts,HumanEval/78,8,3,1,1,25.21875,0.0,11.374998092651367,0.0,1,1,1
explicit_bare,rts,HumanEval/78,8,3,2,1,22.734375,0.0,11.374998092651367,0.0,1,1,1
explicit_bare,rts,HumanEval/78,8,3,3,1,23.171875,0.0,11.374998092651367,0.0,1,1,1
explicit_bare,rts,HumanEval/78,8,3,4,1,23.234375,0.0,11.374998092651367,0.0,1,1,1
explicit_bare,rts,HumanEval/78,8,3,5,1,24.640625,0.0,11.374998092651367,0.0,1,1,1
explicit_bare,rts,HumanEval/78,8,3,6,1,24.84375,0.0,11.374998092651367,0.0,1,1,1
explicit_bare,rts,HumanEval/78,8,3,7,1,24.0625,0.0,11.374998092651367,0.0,1,1,1
explicit_bare,rts,HumanEval/78,8,3,8,1,22.2265625,0.0,11.374998092651367,0.0,1,1,1
explicit_bare,immediate,HumanEval/81,0,4,0,1,25.5,0.0,-6.50000017543789,25.5,1,1,1
explicit_bare,immediate,HumanEval/81,0,4,1,0,3.9999998919665813,0.0,-6.50000017543789,25.5,1,1,0
explicit_bare,immediate,HumanEval/81,0,4,2,0,-0.5,0.0,-6.50000017543789,25.5,0,1,0
explicit_bare,immediate,HumanEval/81,0,4,3,0,-2.0000000447034836,0.0,-6.50000017543789,25.5,0,1,0
explicit_bare,immediate,HumanEval/81,0,4,4,0,-2.7499999962747097,0.0,-6.50000017543789,25.5,0,1,0
explicit_bare,immediate,HumanEval/81,0,4,5,0,0.7499999701976776,0.0,-6.50000017543789,25.5,1,1,0
explicit_bare,immediate,HumanEval/81,0,4,6,0,2.7499999962747097,0.0,-6.50000017543789,25.5,1,1,0
explicit_bare,immediate,HumanEval/81,0,4,7,0,5.749999928288162,0.0,-6.50000017543789,25.5,1,1,0
explicit_bare,immediate,HumanEval/81,0,4,8,0,-2.2500000298023224,0.0,-6.50000017543789,25.5,0,1,0
explicit_bare,rts,HumanEval/81,0,4,0,1,24.578125,0.0,18.25,0.0,1,1,1
explicit_bare,rts,HumanEval/81,0,4,1,0,-20.359375,0.0,18.25,0.0,0,0,0
explicit_bare,rts,HumanEval/81,0,4,2,0,-21.5,0.0,18.25,0.0,0,0,0
explicit_bare,rts,HumanEval/81,0,4,3,0,-20.515625,0.0,18.25,0.0,0,0,0
explicit_bare,rts,HumanEval/81,0,4,4,0,-20.609375,0.0,18.25,0.0,0,0,0
explicit_bare,rts,HumanEval/81,0,4,5,0,-23.396484375,0.0,18.25,0.0,0,0,0
explicit_bare,rts,HumanEval/81,0,4,6,0,-22.2421875,0.0,18.25,0.0,0,0,0
explicit_bare,rts,HumanEval/81,0,4,7,0,-22.04296875,0.0,18.25,0.0,0,0,0
explicit_bare,rts,HumanEval/81,0,4,8,0,-20.75,0.0,18.25,0.0,0,0,0
explicit_bare,immediate,HumanEval/87,6,3,0,1,24.75,0.0,-0.9999999701976776,-2.9999999925494194,1,1,1
explicit_bare,immediate,HumanEval/87,6,3,1,1,6.000000086612999,0.0,-0.9999999701976776,-2.9999999925494194,1,1,1
explicit_bare,immediate,HumanEval/87,6,3,2,1,-2.9999999925494194,0.0,-0.9999999701976776,-2.9999999925494194,0,0,1
explicit_bare,immediate,HumanEval/87,6,3,3,1,-2.5000000968575478,0.0,-0.9999999701976776,-2.9999999925494194,0,0,1
explicit_bare,immediate,HumanEval/87,6,3,4,1,-0.25,0.0,-0.9999999701976776,-2.9999999925494194,0,1,1
explicit_bare,immediate,HumanEval/87,6,3,5,1,0.5,0.0,-0.9999999701976776,-2.9999999925494194,1,1,1
explicit_bare,immediate,HumanEval/87,6,3,6,1,-2.5000000968575478,0.0,-0.9999999701976776,-2.9999999925494194,0,0,1
explicit_bare,immediate,HumanEval/87,6,3,7,0,-1.7499999850988388,0.0,-0.9999999701976776,-2.9999999925494194,0,0,1
explicit_bare,immediate,HumanEval/87,6,3,8,0,-20.0,0.0,-0.9999999701976776,-2.9999999925494194,0,0,0
explicit_bare,rts,HumanEval/87,6,3,0,1,18.390625,0.0,11.374998092651367,0.0,1,1,1
explicit_bare,rts,HumanEval/87,6,3,1,1,24.21875,0.0,11.374998092651367,0.0,1,1,1
explicit_bare,rts,HumanEval/87,6,3,2,1,22.8203125,0.0,11.374998092651367,0.0,1,1,1
explicit_bare,rts,HumanEval/87,6,3,3,1,23.96875,0.0,11.374998092651367,0.0,1,1,1
explicit_bare,rts,HumanEval/87,6,3,4,1,24.5625,0.0,11.374998092651367,0.0,1,1,1
explicit_bare,rts,HumanEval/87,6,3,5,1,25.125,0.0,11.374998092651367,0.0,1,1,1
explicit_bare,rts,HumanEval/87,6,3,6,1,23.671875,0.0,11.374998092651367,0.0,1,1,1
explicit_bare,rts,HumanEval/87,6,3,7,0,24.515625,0.0,11.374998092651367,0.0,1,1,1
explicit_bare,rts,HumanEval/87,6,3,8,0,-18.8828125,0.0,11.374998092651367,0.0,0,0,0
explicit_bare,immediate,HumanEval/9,8,3,0,1,27.5,0.0,-0.9999999701976776,0.0,1,1,1
explicit_bare,immediate,HumanEval/9,8,3,1,1,24.75,0.0,-0.9999999701976776,0.0,1,1,1
explicit_bare,immediate,HumanEval/9,8,3,2,1,21.75,0.0,-0.9999999701976776,0.0,1,1,1
explicit_bare,immediate,HumanEval/9,8,3,3,1,20.0,0.0,-0.9999999701976776,0.0,1,1,1
explicit_bare,immediate,HumanEval/9,8,3,4,1,15.24999976158145,0.0,-0.9999999701976776,0.0,1,1,1
explicit_bare,immediate,HumanEval/9,8,3,5,1,18.25,0.0,-0.9999999701976776,0.0,1,1,1
explicit_bare,immediate,HumanEval/9,8,3,6,1,18.75,0.0,-0.9999999701976776,0.0,1,1,1
explicit_bare,immediate,HumanEval/9,8,3,7,1,15.49999976158145,0.0,-0.9999999701976776,0.0,1,1,1
explicit_bare,immediate,HumanEval/9,8,3,8,1,16.249999880790718,0.0,-0.9999999701976776,0.0,1,1,1
explicit_bare,rts,HumanEval/9,8,3,0,1,20.50390625,0.0,11.374998092651367,0.0,1,1,1
explicit_bare,rts,HumanEval/9,8,3,1,1,26.5,0.0,11.374998092651367,0.0,1,1,1
explicit_bare,rts,HumanEval/9,8,3,2,1,25.984375,0.0,11.374998092651367,0.0,1,1,1
explicit_bare,rts,HumanEval/9,8,3,3,1,24.53125,0.0,11.374998092651367,0.0,1,1,1
explicit_bare,rts,HumanEval/9,8,3,4,1,23.515625,0.0,11.374998092651367,0.0,1,1,1
explicit_bare,rts,HumanEval/9,8,3,5,1,27.5625,0.0,11.374998092651367,0.0,1,1,1
explicit_bare,rts,HumanEval/9,8,3,6,1,27.96875,0.0,11.374998092651367,0.0,1,1,1
explicit_bare,rts,HumanEval/9,8,3,7,1,27.890625,0.0,11.374998092651367,0.0,1,1,1
explicit_bare,rts,HumanEval/9,8,3,8,1,25.09375,0.0,11.374998092651367,0.0,1,1,1
explicit_bare,immediate,HumanEval/91,7,3,0,1,19.5,0.0,-0.9999999701976776,-16.499999880790718,1,1,1
explicit_bare,immediate,HumanEval/91,7,3,1,1,-11.999999523181941,0.0,-0.9999999701976776,-16.499999880790718,0,0,1
explicit_bare,immediate,HumanEval/91,7,3,2,1,-12.50000011921611,0.0,-0.9999999701976776,-16.499999880790718,0,0,1
explicit_bare,immediate,HumanEval/91,7,3,3,1,-13.250000119210881,0.0,-0.9999999701976776,-16.499999880790718,0,0,1
explicit_bare,immediate,HumanEval/91,7,3,4,1,-15.49999976158145,0.0,-0.9999999701976776,-16.499999880790718,0,0,1
explicit_bare,immediate,HumanEval/91,7,3,5,1,-16.499999880790718,0.0,-0.9999999701976776,-16.499999880790718,0,0,1
explicit_bare,immediate,HumanEval/91,7,3,6,1,-15.49999976158145,0.0,-0.9999999701976776,-16.499999880790718,0,0,1
explicit_bare,immediate,HumanEval/91,7,3,7,1,-15.999999880790718,0.0,-0.9999999701976776,-16.499999880790718,0,0,1
explicit_bare,immediate,HumanEval/91,7,3,8,0,-26.5,0.0,-0.9999999701976776,-16.499999880790718,0,0,0
explicit_bare,rts,HumanEval/91,7,3,0,1,19.578125,0.0,11.374998092651367,-19.265625,1,1,1
explicit_bare,rts,HumanEval/91,7,3,1,1,-13.96875,0.0,11.374998092651367,-19.265625,0,0,1
explicit_bare,rts,HumanEval/91,7,3,2,1,-19.265625,0.0,11.374998092651367,-19.265625,0,0,1
explicit_bare,rts,HumanEval/91,7,3,3,1,-6.375,0.0,11.374998092651367,-19.265625,0,0,1
explicit_bare,rts,HumanEval/91,7,3,4,1,-13.5,0.0,11.374998092651367,-19.265625,0,0,1
explicit_bare,rts,HumanEval/91,7,3,5,1,-18.0625,0.0,11.374998092651367,-19.265625,0,0,1
explicit_bare,rts,HumanEval/91,7,3,6,1,25.09375,0.0,11.374998092651367,-19.265625,1,1,1
explicit_bare,rts,HumanEval/91,7,3,7,1,-15.0,0.0,11.374998092651367,-19.265625,0,0,1
explicit_bare,rts,HumanEval/91,7,3,8,0,-25.88671875,0.0,11.374998092651367,-19.265625,0,0,0
explicit_bare,immediate,HumanEval/93,0,2,0,1,25.5,0.0,-6.50000017543789,25.5,1,1,1
explicit_bare,immediate,HumanEval/93,0,2,1,0,0.5,0.0,-6.50000017543789,25.5,1,1,0
explicit_bare,immediate,HumanEval/93,0,2,2,0,-4.500000096857548,0.0,-6.50000017543789,25.5,0,1,0
explicit_bare,immediate,HumanEval/93,0,2,3,0,-3.749999888241291,0.0,-6.50000017543789,25.5,0,1,0
explicit_bare,immediate,HumanEval/93,0,2,4,0,-4.999999948777258,0.0,-6.50000017543789,25.5,0,1,0
explicit_bare,immediate,HumanEval/93,0,2,5,0,-4.250000044703484,0.0,-6.50000017543789,25.5,0,1,0
explicit_bare,immediate,HumanEval/93,0,2,6,0,-4.7500000186264515,0.0,-6.50000017543789,25.5,0,1,0
explicit_bare,immediate,HumanEval/93,0,2,7,0,-8.000000294676283,0.0,-6.50000017543789,25.5,0,0,0
explicit_bare,immediate,HumanEval/93,0,2,8,0,-19.0,0.0,-6.50000017543789,25.5,0,0,0
explicit_bare,rts,HumanEval/93,0,2,0,1,22.10595703125,0.0,-15.09375,22.10595703125,1,1,1
explicit_bare,rts,HumanEval/93,0,2,1,0,-20.859375,0.0,-15.09375,22.10595703125,0,0,0
explicit_bare,rts,HumanEval/93,0,2,2,0,-19.296875,0.0,-15.09375,22.10595703125,0,0,0
explicit_bare,rts,HumanEval/93,0,2,3,0,-20.078125,0.0,-15.09375,22.10595703125,0,0,0
explicit_bare,rts,HumanEval/93,0,2,4,0,-22.5625,0.0,-15.09375,22.10595703125,0,0,0
explicit_bare,rts,HumanEval/93,0,2,5,0,-22.37109375,0.0,-15.09375,22.10595703125,0,0,0
explicit_bare,rts,HumanEval/93,0,2,6,0,-22.927734375,0.0,-15.09375,22.10595703125,0,0,0
explicit_bare,rts,HumanEval/93,0,2,7,0,-24.3671875,0.0,-15.09375,22.10595703125,0,0,0
explicit_bare,rts,HumanEval/93,0,2,8,0,4.1875,0.0,-15.09375,22.10595703125,1,1,0
explicit_bare,immediate,HumanEval/97,8,2,0,1,24.75,0.0,-6.50000017543789,-16.75,1,1,1
explicit_bare,immediate,HumanEval/97,8,2,1,1,3.2499999403953552,0.0,-6.50000017543789,-16.75,1,1,1
explicit_bare,immediate,HumanEval/97,8,2,2,1,4.500000096857548,0.0,-6.50000017543789,-16.75,1,1,1
explicit_bare,immediate,HumanEval/97,8,2,3,1,6.000000086612999,0.0,-6.50000017543789,-16.75,1,1,1
explicit_bare,immediate,HumanEval/97,8,2,4,1,5.499999983236194,0.0,-6.50000017543789,-16.75,1,1,1
explicit_bare,immediate,HumanEval/97,8,2,5,1,6.749999969732016,0.0,-6.50000017543789,-16.75,1,1,1
explicit_bare,immediate,HumanEval/97,8,2,6,1,1.25,0.0,-6.50000017543789,-16.75,1,1,1
explicit_bare,immediate,HumanEval/97,8,2,7,1,-4.500000096857548,0.0,-6.50000017543789,-16.75,0,1,1
explicit_bare,immediate,HumanEval/97,8,2,8,1,-16.75,0.0,-6.50000017543789,-16.75,0,0,1
explicit_bare,rts,HumanEval/97,8,2,0,1,22.953125,0.0,-15.09375,0.0,1,1,1
explicit_bare,rts,HumanEval/97,8,2,1,1,24.78125,0.0,-15.09375,0.0,1,1,1
explicit_bare,rts,HumanEval/97,8,2,2,1,23.71875,0.0,-15.09375,0.0,1,1,1
explicit_bare,rts,HumanEval/97,8,2,3,1,24.359375,0.0,-15.09375,0.0,1,1,1
explicit_bare,rts,HumanEval/97,8,2,4,1,25.875,0.0,-15.09375,0.0,1,1,1
explicit_bare,rts,HumanEval/97,8,2,5,1,25.875,0.0,-15.09375,0.0,1,1,1
explicit_bare,rts,HumanEval/97,8,2,6,1,26.5,0.0,-15.09375,0.0,1,1,1
explicit_bare,rts,HumanEval/97,8,2,7,1,25.5,0.0,-15.09375,0.0,1,1,1
explicit_bare,rts,HumanEval/97,8,2,8,1,20.634765625,0.0,-15.09375,0.0,1,1,1
explicit_bare,immediate,HumanEval/98,1,1,0,1,24.25,0.0,-6.999999819439836,24.25,1,1,1
explicit_bare,immediate,HumanEval/98,1,1,1,1,2.5000000968575478,0.0,-6.999999819439836,24.25,1,1,0
explicit_bare,immediate,HumanEval/98,1,1,2,0,0.0,0.0,-6.999999819439836,24.25,1,1,0
explicit_bare,immediate,HumanEval/98,1,1,3,0,1.5000000596046448,0.0,-6.999999819439836,24.25,1,1,0
explicit_bare,immediate,HumanEval/98,1,1,4,0,1.25,0.0,-6.999999819439836,24.25,1,1,0
explicit_bare,immediate,HumanEval/98,1,1,5,0,3.749999888241291,0.0,-6.999999819439836,24.25,1,1,0
explicit_bare,immediate,HumanEval/98,1,1,6,0,3.9999998919665813,0.0,-6.999999819439836,24.25,1,1,0
explicit_bare,immediate,HumanEval/98,1,1,7,0,2.2500000298023224,0.0,-6.999999819439836,24.25,1,1,0
explicit_bare,immediate,HumanEval/98,1,1,8,0,-9.499999525964085,0.0,-6.999999819439836,24.25,0,0,0
explicit_bare,rts,HumanEval/98,1,1,0,1,25.40625,0.0,18.390625,25.40625,1,1,1
explicit_bare,rts,HumanEval/98,1,1,1,1,24.21875,0.0,18.390625,25.40625,1,1,0
explicit_bare,rts,HumanEval/98,1,1,2,0,24.71875,0.0,18.390625,25.40625,1,1,0
explicit_bare,rts,HumanEval/98,1,1,3,0,25.375,0.0,18.390625,25.40625,1,1,0
explicit_bare,rts,HumanEval/98,1,1,4,0,25.6875,0.0,18.390625,25.40625,1,1,1
explicit_bare,rts,HumanEval/98,1,1,5,0,-24.068359375,0.0,18.390625,25.40625,0,0,0
explicit_bare,rts,HumanEval/98,1,1,6,0,-24.30859375,0.0,18.390625,25.40625,0,0,0
explicit_bare,rts,HumanEval/98,1,1,7,0,-23.90234375,0.0,18.390625,25.40625,0,0,0
explicit_bare,rts,HumanEval/98,1,1,8,0,-24.9609375,0.0,18.390625,25.40625,0,0,0
original_bare,immediate,HumanEval/1,0,2,0,1,-0.5,0.0,-0.9999999701976776,4.250000162050129,0,1,0
original_bare,immediate,HumanEval/1,0,2,1,0,4.250000162050128,0.0,-0.9999999701976776,4.250000162050129,1,1,0
original_bare,immediate,HumanEval/1,0,2,2,0,-0.4999999701976776,0.0,-0.9999999701976776,4.250000162050129,0,1,0
original_bare,immediate,HumanEval/1,0,2,3,0,-0.5,0.0,-0.9999999701976776,4.250000162050129,0,1,0
original_bare,immediate,HumanEval/1,0,2,4,0,-0.5,0.0,-0.9999999701976776,4.250000162050129,0,1,0
original_bare,immediate,HumanEval/1,0,2,5,0,0.5,0.0,-0.9999999701976776,4.250000162050129,1,1,0
original_bare,immediate,HumanEval/1,0,2,6,0,0.7499999701976776,0.0,-0.9999999701976776,4.250000162050129,1,1,0
original_bare,immediate,HumanEval/1,0,2,7,0,0.9999999701976776,0.0,-0.9999999701976776,4.250000162050129,1,1,0
original_bare,immediate,HumanEval/1,0,2,8,0,-1.0000000596046448,0.0,-0.9999999701976776,4.250000162050129,0,0,0
original_bare,rts,HumanEval/1,0,2,0,1,9.062498092651367,0.0,-9.937498092651367,25.875000000000004,1,1,0
original_bare,rts,HumanEval/1,0,2,1,0,19.890625,0.0,-9.937498092651367,25.875000000000004,1,1,0
original_bare,rts,HumanEval/1,0,2,2,0,15.515625,0.0,-9.937498092651367,25.875000000000004,1,1,0
original_bare,rts,HumanEval/1,0,2,3,0,19.25,0.0,-9.937498092651367,25.875000000000004,1,1,0
original_bare,rts,HumanEval/1,0,2,4,0,24.046875,0.0,-9.937498092651367,25.875000000000004,1,1,0
original_bare,rts,HumanEval/1,0,2,5,0,21.9921875,0.0,-9.937498092651367,25.875000000000004,1,1,0
original_bare,rts,HumanEval/1,0,2,6,0,23.09375,0.0,-9.937498092651367,25.875000000000004,1,1,0
original_bare,rts,HumanEval/1,0,2,7,0,22.109375,0.0,-9.937498092651367,25.875000000000004,1,1,0
original_bare,rts,HumanEval/1,0,2,8,0,25.875,0.0,-9.937498092651367,25.875000000000004,1,1,0
original_bare,immediate,HumanEval/100,0,1,0,1,-8.499999934952939,0.0,0.0,0.0,0,0,0
original_bare,immediate,HumanEval/100,0,1,1,0,-6.250000108964741,0.0,0.0,0.0,0,0,0
original_bare,immediate,HumanEval/100,0,1,2,0,-8.750000366475433,0.0,0.0,0.0,0,0,0
original_bare,immediate,HumanEval/100,0,1,3,0,-9.000000360305421,0.0,0.0,0.0,0,0,0
original_bare,immediate,HumanEval/100,0,1,4,0,-9.999999555700924,0.0,0.0,0.0,0,0,0
original_bare,immediate,HumanEval/100,0,1,5,0,-9.499999940744601,0.0,0.0,0.0,0,0,0
original_bare,immediate,HumanEval/100,0,1,6,0,-9.75000005349284,0.0,0.0,0.0,0,0,0
original_bare,immediate,HumanEval/100,0,1,7,0,-10.500000100000761,0.0,0.0,0.0,0,0,0
original_bare,immediate,HumanEval/100,0,1,8,0,-11.874999889099854,0.0,0.0,0.0,0,0,0
original_bare,rts,HumanEval/100,0,1,0,1,5.1875,0.0,-9.937498092651367,0.0,1,1,1
original_bare,rts,HumanEval/100,0,1,1,0,-17.84375,0.0,-9.937498092651367,0.0,0,0,0
original_bare,rts,HumanEval/100,0,1,2,0,-21.880859375,0.0,-9.937498092651367,0.0,0,0,0
original_bare,rts,HumanEval/100,0,1,3,0,-18.28125,0.0,-9.937498092651367,0.0,0,0,0
original_bare,rts,HumanEval/100,0,1,4,0,-17.234375,0.0,-9.937498092651367,0.0,0,0,0
original_bare,rts,HumanEval/100,0,1,5,0,-19.8046875,0.0,-9.937498092651367,0.0,0,0,0
original_bare,rts,HumanEval/100,0,1,6,0,-22.5859375,0.0,-9.937498092651367,0.0,0,0,0
original_bare,rts,HumanEval/100,0,1,7,0,-21.1572265625,0.0,-9.937498092651367,0.0,0,0,0
original_bare,rts,HumanEval/100,0,1,8,0,-21.41015625,0.0,-9.937498092651367,0.0,0,0,0
original_bare,immediate,HumanEval/101,7,4,0,1,6.249999814666808,0.0,0.25,0.0,1,1,1
original_bare,immediate,HumanEval/101,7,4,1,1,17.249999811174348,0.0,0.25,0.0,1,1,1
original_bare,immediate,HumanEval/101,7,4,2,1,15.999999400461093,0.0,0.25,0.0,1,1,1
original_bare,immediate,HumanEval/101,7,4,3,1,16.375000227126293,0.0,0.25,0.0,1,1,1
original_bare,immediate,HumanEval/101,7,4,4,1,16.375000062282197,0.0,0.25,0.0,1,1,1
original_bare,immediate,HumanEval/101,7,4,5,1,16.750000802450813,0.0,0.25,0.0,1,1,1
original_bare,immediate,HumanEval/101,7,4,6,1,16.50000062934123,0.0,0.25,0.0,1,1,1
original_bare,immediate,HumanEval/101,7,4,7,1,16.125000921427272,0.0,0.25,0.0,1,1,1
original_bare,immediate,HumanEval/101,7,4,8,0,16.499999051098712,0.0,0.25,0.0,1,1,1
original_bare,rts,HumanEval/101,7,4,0,1,12.843748092651367,0.0,-9.375,0.0,1,1,1
original_bare,rts,HumanEval/101,7,4,1,1,17.30078125,0.0,-9.375,0.0,1,1,1
original_bare,rts,HumanEval/101,7,4,2,1,15.3544921875,0.0,-9.375,0.0,1,1,1
original_bare,rts,HumanEval/101,7,4,3,1,18.4765625,0.0,-9.375,0.0,1,1,1
original_bare,rts,HumanEval/101,7,4,4,1,18.6796875,0.0,-9.375,0.0,1,1,1
original_bare,rts,HumanEval/101,7,4,5,1,19.734375,0.0,-9.375,0.0,1,1,1
original_bare,rts,HumanEval/101,7,4,6,1,20.0390625,0.0,-9.375,0.0,1,1,1
original_bare,rts,HumanEval/101,7,4,7,1,19.6875,0.0,-9.375,0.0,1,1,1
original_bare,rts,HumanEval/101,7,4,8,0,26.6875,0.0,-9.375,0.0,1,1,1
original_bare,immediate,HumanEval/102,6,0,0,1,-7.250000195577741,0.0,0.25,-9.249999955762178,0,0,1
original_bare,immediate,HumanEval/102,6,0,1,1,-7.999999984167516,0.0,0.25,-9.249999955762178,0,0,1
original_bare,immediate,HumanEval/102,6,0,2,1,-8.499999738298357,0.0,0.25,-9.249999955762178,0,0,1
original_bare,immediate,HumanEval/102,6,0,3,1,-8.50000018812716,0.0,0.25,-9.249999955762178,0,0,1
original_bare,immediate,HumanEval/102,6,0,4,1,-9.249999955762178,0.0,0.25,-9.249999955762178,0,0,1
original_bare,immediate,HumanEval/102,6,0,5,1,-8.750000319443643,0.0,0.25,-9.249999955762178,0,0,1
original_bare,immediate,HumanEval/102,6,0,6,1,-8.999999579042196,0.0,0.25,-9.249999955762178,0,0,1
original_bare,immediate,HumanEval/102,6,0,7,0,-9.999999773688614,0.0,0.25,-9.249999955762178,0,0,0
original_bare,immediate,HumanEval/102,6,0,8,0,-13.000000013969839,0.0,0.25,-9.249999955762178,0,0,0
original_bare,rts,HumanEval/102,6,0,0,1,10.031251907348633,0.0,-11.3125,0.0,1,1,1
original_bare,rts,HumanEval/102,6,0,1,1,22.4375,0.0,-11.3125,0.0,1,1,1
original_bare,rts,HumanEval/102,6,0,2,1,18.0966796875,0.0,-11.3125,0.0,1,1,1
original_bare,rts,HumanEval/102,6,0,3,1,19.296875,0.0,-11.3125,0.0,1,1,1
original_bare,rts,HumanEval/102,6,0,4,1,19.5,0.0,-11.3125,0.0,1,1,1
original_bare,rts,HumanEval/102,6,0,5,1,19.45703125,0.0,-11.3125,0.0,1,1,1
original_bare,rts,HumanEval/102,6,0,6,1,21.46875,0.0,-11.3125,0.0,1,1,1
original_bare,rts,HumanEval/102,6,0,7,0,19.54296875,0.0,-11.3125,0.0,1,1,1
original_bare,rts,HumanEval/102,6,0,8,0,25.09375,0.0,-11.3125,0.0,1,1,1
original_bare,immediate,HumanEval/103,7,3,0,1,6.499999972991645,0.0,0.25,0.0,1,1,1
original_bare,immediate,HumanEval/103,7,3,1,1,18.374999183928594,0.0,0.25,0.0,1,1,1
original_bare,immediate,HumanEval/103,7,3,2,1,11.999999580904841,0.0,0.25,0.0,1,1,1
original_bare,immediate,HumanEval/103,7,3,3,1,11.500000287778676,0.0,0.25,0.0,1,1,1
original_bare,immediate,HumanEval/103,7,3,4,1,11.000000169500709,0.0,0.25,0.0,1,1,1
original_bare,immediate,HumanEval/103,7,3,5,1,12.999999579042196,0.0,0.25,0.0,1,1,1
original_bare,immediate,HumanEval/103,7,3,6,1,12.625000029802322,0.0,0.25,0.0,1,1,1
original_bare,immediate,HumanEval/103,7,3,7,1,13.500000317580998,0.0,0.25,0.0,1,1,1
original_bare,immediate,HumanEval/103,7,3,8,0,16.249999624677002,0.0,0.25,0.0,1,1,1
original_bare,rts,HumanEval/103,7,3,0,1,10.96875,0.0,-9.937498092651367,0.0,1,1,1
original_bare,rts,HumanEval/103,7,3,1,1,17.625,0.0,-9.937498092651367,0.0,1,1,1
original_bare,rts,HumanEval/103,7,3,2,1,18.171875,0.0,-9.937498092651367,0.0,1,1,1
original_bare,rts,HumanEval/103,7,3,3,1,18.671875,0.0,-9.937498092651367,0.0,1,1,1
original_bare,rts,HumanEval/103,7,3,4,1,18.8984375,0.0,-9.937498092651367,0.0,1,1,1
original_bare,rts,HumanEval/103,7,3,5,1,19.90625,0.0,-9.937498092651367,0.0,1,1,1
original_bare,rts,HumanEval/103,7,3,6,1,19.53125,0.0,-9.937498092651367,0.0,1,1,1
original_bare,rts,HumanEval/103,7,3,7,1,19.26953125,0.0,-9.937498092651367,0.0,1,1,1
original_bare,rts,HumanEval/103,7,3,8,0,25.8125,0.0,-9.937498092651367,0.0,1,1,1
original_bare,immediate,HumanEval/104,0,3,0,1,13.375000398489647,0.0,0.25,20.75000030663796,1,1,0
original_bare,immediate,HumanEval/104,0,3,1,0,20.25000009883661,0.0,0.25,20.75000030663796,1,1,0
original_bare,immediate,HumanEval/104,0,3,2,0,19.00000055041164,0.0,0.25,20.75000030663796,1,1,0
original_bare,immediate,HumanEval/104,0,3,3,0,19.124999122112058,0.0,0.25,20.75000030663796,1,1,0
original_bare,immediate,HumanEval/104,0,3,4,0,19.250000742962584,0.0,0.25,20.75000030663796,1,1,0
original_bare,immediate,HumanEval/104,0,3,5,0,19.625000107800588,0.0,0.25,20.75000030663796,1,1,0
original_bare,immediate,HumanEval/104,0,3,6,0,19.625000851228833,0.0,0.25,20.75000030663796,1,1,0
original_bare,immediate,HumanEval/104,0,3,7,0,19.624999782070518,0.0,0.25,20.75000030663796,1,1,0
original_bare,immediate,HumanEval/104,0,3,8,0,20.750000306637958,0.0,0.25,20.75000030663796,1,1,0
original_bare,rts,HumanEval/104,0,3,0,1,15.25,0.0,-9.937498092651367,26.406250000000004,1,1,0
original_bare,rts,HumanEval/104,0,3,1,0,21.609375,0.0,-9.937498092651367,26.406250000000004,1,1,0
original_bare,rts,HumanEval/104,0,3,2,0,21.21875,0.0,-9.937498092651367,26.406250000000004,1,1,0
original_bare,rts,HumanEval/104,0,3,3,0,19.578125,0.0,-9.937498092651367,26.406250000000004,1,1,0
original_bare,rts,HumanEval/104,0,3,4,0,20.2578125,0.0,-9.937498092651367,26.406250000000004,1,1,0
original_bare,rts,HumanEval/104,0,3,5,0,22.0,0.0,-9.937498092651367,26.406250000000004,1,1,0
original_bare,rts,HumanEval/104,0,3,6,0,22.46875,0.0,-9.937498092651367,26.406250000000004,1,1,0
original_bare,rts,HumanEval/104,0,3,7,0,22.546875,0.0,-9.937498092651367,26.406250000000004,1,1,0
original_bare,rts,HumanEval/104,0,3,8,0,26.40625,0.0,-9.937498092651367,26.406250000000004,1,1,0
original_bare,immediate,HumanEval/107,0,2,0,1,-2.500000074505806,0.0,-0.9999999701976776,0.0,0,0,0
original_bare,immediate,HumanEval/107,0,2,1,0,-1.9999998807907104,0.0,-0.9999999701976776,0.0,0,0,0
original_bare,immediate,HumanEval/107,0,2,2,0,-2.7500001043081284,0.0,-0.9999999701976776,0.0,0,0,0
original_bare,immediate,HumanEval/107,0,2,3,0,-2.7499999403953552,0.0,-0.9999999701976776,0.0,0,0,0
original_bare,immediate,HumanEval/107,0,2,4,0,-2.7499998956918716,0.0,-0.9999999701976776,0.0,0,0,0
original_bare,immediate,HumanEval/107,0,2,5,0,-2.750000014901161,0.0,-0.9999999701976776,0.0,0,0,0
original_bare,immediate,HumanEval/107,0,2,6,0,-2.4999999403953552,0.0,-0.9999999701976776,0.0,0,0,0
original_bare,immediate,HumanEval/107,0,2,7,0,-2.9999999552965164,0.0,-0.9999999701976776,0.0,0,0,0
original_bare,immediate,HumanEval/107,0,2,8,0,-5.499999959021807,0.0,-0.9999999701976776,0.0,0,0,0
original_bare,rts,HumanEval/107,0,2,0,1,14.21875,0.0,-9.937498092651367,19.875000000000004,1,1,0
original_bare,rts,HumanEval/107,0,2,1,0,16.84375,0.0,-9.937498092651367,19.875000000000004,1,1,0
original_bare,rts,HumanEval/107,0,2,2,0,18.0,0.0,-9.937498092651367,19.875000000000004,1,1,0
original_bare,rts,HumanEval/107,0,2,3,0,19.875,0.0,-9.937498092651367,19.875000000000004,1,1,0
original_bare,rts,HumanEval/107,0,2,4,0,18.05859375,0.0,-9.937498092651367,19.875000000000004,1,1,0
original_bare,rts,HumanEval/107,0,2,5,0,19.796875,0.0,-9.937498092651367,19.875000000000004,1,1,0
original_bare,rts,HumanEval/107,0,2,6,0,18.568359375,0.0,-9.937498092651367,19.875000000000004,1,1,0
original_bare,rts,HumanEval/107,0,2,7,0,17.703125,0.0,-9.937498092651367,19.875000000000004,1,1,0
original_bare,rts,HumanEval/107,0,2,8,0,16.5625,0.0,-9.937498092651367,19.875000000000004,1,1,0
original_bare,immediate,HumanEval/108,0,0,0,1,7.749999911058694,0.0,0.25,13.750000040978195,1,1,0
original_bare,immediate,HumanEval/108,0,0,1,0,13.249999941326678,0.0,0.25,13.750000040978195,1,1,0
original_bare,immediate,HumanEval/108,0,0,2,0,9.500000144354999,0.0,0.25,13.750000040978195,1,1,0
original_bare,immediate,HumanEval/108,0,0,3,0,9.749999918043613,0.0,0.25,13.750000040978195,1,1,0
original_bare,immediate,HumanEval/108,0,0,4,0,9.24999969638884,0.0,0.25,13.750000040978195,1,1,0
original_bare,immediate,HumanEval/108,0,0,5,0,10.125000037252903,0.0,0.25,13.750000040978195,1,1,0
original_bare,immediate,HumanEval/108,0,0,6,0,10.500000458210707,0.0,0.25,13.750000040978195,1,1,0
original_bare,immediate,HumanEval/108,0,0,7,0,10.749999575316906,0.0,0.25,13.750000040978195,1,1,0
original_bare,immediate,HumanEval/108,0,0,8,0,13.750000040978193,0.0,0.25,13.750000040978195,1,1,0
original_bare,rts,HumanEval/108,0,0,0,1,16.53125,0.0,-11.3125,25.125000000000004,1,1,0
original_bare,rts,HumanEval/108,0,0,1,0,19.3046875,0.0,-11.3125,25.125000000000004,1,1,0
original_bare,rts,HumanEval/108,0,0,2,0,20.05029296875,0.0,-11.3125,25.125000000000004,1,1,0
original_bare,rts,HumanEval/108,0,0,3,0,19.55810546875,0.0,-11.3125,25.125000000000004,1,1,0
original_bare,rts,HumanEval/108,0,0,4,0,20.181640625,0.0,-11.3125,25.125000000000004,1,1,0
original_bare,rts,HumanEval/108,0,0,5,0,20.59375,0.0,-11.3125,25.125000000000004,1,1,0
original_bare,rts,HumanEval/108,0,0,6,0,20.796875,0.0,-11.3125,25.125000000000004,1,1,0
original_bare,rts,HumanEval/108,0,0,7,0,16.10546875,0.0,-11.3125,25.125000000000004,1,1,0
original_bare,rts,HumanEval/108,0,0,8,0,25.125,0.0,-11.3125,25.125000000000004,1,1,0
original_bare,immediate,HumanEval/109,0,4,0,1,-4.25000018440187,0.0,0.25,-4.25000018440187,0,0,1
original_bare,immediate,HumanEval/109,0,4,1,0,-7.999999726191163,0.0,0.25,-4.25000018440187,0,0,0
original_bare,immediate,HumanEval/109,0,4,2,0,-10.50000031106174,0.0,0.25,-4.25000018440187,0,0,0
original_bare,immediate,HumanEval/109,0,4,3,0,-11.374999550171196,0.0,0.25,-4.25000018440187,0,0,0
original_bare,immediate,HumanEval/109,0,4,4,0,-11.625000283122063,0.0,0.25,-4.25000018440187,0,0,0
original_bare,immediate,HumanEval/109,0,4,5,0,-11.875000098720193,0.0,0.25,-4.25000018440187,0,0,0
original_bare,immediate,HumanEval/109,0,4,6,0,-12.124999964609742,0.0,0.25,-4.25000018440187,0,0,0
original_bare,immediate,HumanEval/109,0,4,7,0,-12.499999578110874,0.0,0.25,-4.25000018440187,0,0,0
original_bare,immediate,HumanEval/109,0,4,8,0,-14.49999982607551,0.0,0.25,-4.25000018440187,0,0,0
original_bare,rts,HumanEval/109,0,4,0,1,-7.999998092651367,0.0,-9.375,-7.999998092651367,0,1,1
original_bare,rts,HumanEval/109,0,4,1,0,-17.03125,0.0,-9.375,-7.999998092651367,0,0,0
original_bare,rts,HumanEval/109,0,4,2,0,-16.671875,0.0,-9.375,-7.999998092651367,0,0,0
original_bare,rts,HumanEval/109,0,4,3,0,-17.0859375,0.0,-9.375,-7.999998092651367,0,0,0
original_bare,rts,HumanEval/109,0,4,4,0,-18.296875,0.0,-9.375,-7.999998092651367,0,0,0
original_bare,rts,HumanEval/109,0,4,5,0,-20.0625,0.0,-9.375,-7.999998092651367,0,0,0
original_bare,rts,HumanEval/109,0,4,6,0,-17.1875,0.0,-9.375,-7.999998092651367,0,0,0
original_bare,rts,HumanEval/109,0,4,7,0,-16.203125,0.0,-9.375,-7.999998092651367,0,0,0
original_bare,rts,HumanEval/109,0,4,8,0,-16.59375,0.0,-9.375,-7.999998092651367,0,0,0
original_bare,immediate,HumanEval/112,0,3,0,1,-8.5000003837049,0.0,0.25,-8.5000003837049,0,0,1
original_bare,immediate,HumanEval/112,0,3,1,0,-9.250000467989594,0.0,0.25,-8.5000003837049,0,0,0
original_bare,immediate,HumanEval/112,0,3,2,0,-9.750000438652933,0.0,0.25,-8.5000003837049,0,0,0
original_bare,immediate,HumanEval/112,0,3,3,0,-10.000000151572749,0.0,0.25,-8.5000003837049,0,0,0
original_bare,immediate,HumanEval/112,0,3,4,0,-10.25000018835999,0.0,0.25,-8.5000003837049,0,0,0
original_bare,immediate,HumanEval/112,0,3,5,0,-9.49999982258305,0.0,0.25,-8.5000003837049,0,0,0
original_bare,immediate,HumanEval/112,0,3,6,0,-9.750000208150595,0.0,0.25,-8.5000003837049,0,0,0
original_bare,immediate,HumanEval/112,0,3,7,0,-11.250000154832378,0.0,0.25,-8.5000003837049,0,0,0
original_bare,immediate,HumanEval/112,0,3,8,0,-14.999999871302862,0.0,0.25,-8.5000003837049,0,0,0
original_bare,rts,HumanEval/112,0,3,0,1,6.0,0.0,-9.937498092651367,0.0,1,1,1
original_bare,rts,HumanEval/112,0,3,1,0,-15.5,0.0,-9.937498092651367,0.0,0,0,0
original_bare,rts,HumanEval/112,0,3,2,0,-8.1875,0.0,-9.937498092651367,0.0,0,1,0
original_bare,rts,HumanEval/112,0,3,3,0,14.84375,0.0,-9.937498092651367,0.0,1,1,1
original_bare,rts,HumanEval/112,0,3,4,0,-17.0625,0.0,-9.937498092651367,0.0,0,0,0
original_bare,rts,HumanEval/112,0,3,5,0,-17.875,0.0,-9.937498092651367,0.0,0,0,0
original_bare,rts,HumanEval/112,0,3,6,0,-16.703125,0.0,-9.937498092651367,0.0,0,0,0
original_bare,rts,HumanEval/112,0,3,7,0,-16.921875,0.0,-9.937498092651367,0.0,0,0,0
original_bare,rts,HumanEval/112,0,3,8,0,-19.4921875,0.0,-9.937498092651367,0.0,0,0,0
original_bare,immediate,HumanEval/115,2,1,0,1,-6.750000165775418,0.0,0.0,-6.999999794177711,0,0,1
original_bare,immediate,HumanEval/115,2,1,1,1,-6.2500001741573215,0.0,0.0,-6.999999794177711,0,0,1
original_bare,immediate,HumanEval/115,2,1,2,1,-6.999999794177711,0.0,0.0,-6.999999794177711,0,0,1
original_bare,immediate,HumanEval/115,2,1,3,0,-7.249999884516001,0.0,0.0,-6.999999794177711,0,0,0
original_bare,immediate,HumanEval/115,2,1,4,0,-7.750000125728548,0.0,0.0,-6.999999794177711,0,0,0
original_bare,immediate,HumanEval/115,2,1,5,0,-7.499999947845936,0.0,0.0,-6.999999794177711,0,0,0
original_bare,immediate,HumanEval/115,2,1,6,0,-6.999999847263098,0.0,0.0,-6.999999794177711,0,0,0
original_bare,immediate,HumanEval/115,2,1,7,0,-7.500000115483999,0.0,0.0,-6.999999794177711,0,0,0
original_bare,immediate,HumanEval/115,2,1,8,0,-10.875000403728336,0.0,0.0,-6.999999794177711,0,0,0
original_bare,rts,HumanEval/115,2,1,0,1,-5.375,0.0,-9.937498092651367,-16.59375,0,1,1
original_bare,rts,HumanEval/115,2,1,1,1,-16.59375,0.0,-9.937498092651367,-16.59375,0,0,1
original_bare,rts,HumanEval/115,2,1,2,1,-15.65625,0.0,-9.937498092651367,-16.59375,0,0,1
original_bare,rts,HumanEval/115,2,1,3,0,-14.59375,0.0,-9.937498092651367,-16.59375,0,0,1
original_bare,rts,HumanEval/115,2,1,4,0,-17.03125,0.0,-9.937498092651367,-16.59375,0,0,0
original_bare,rts,HumanEval/115,2,1,5,0,-17.171875,0.0,-9.937498092651367,-16.59375,0,0,0
original_bare,rts,HumanEval/115,2,1,6,0,-17.46875,0.0,-9.937498092651367,-16.59375,0,0,0
original_bare,rts,HumanEval/115,2,1,7,0,-17.1875,0.0,-9.937498092651367,-16.59375,0,0,0
original_bare,rts,HumanEval/115,2,1,8,0,-17.625,0.0,-9.937498092651367,-16.59375,0,0,0
original_bare,immediate,HumanEval/116,8,0,0,1,8.249999921768904,0.0,0.25,0.0,1,1,1
original_bare,immediate,HumanEval/116,8,0,1,1,17.625000685453415,0.0,0.25,0.0,1,1,1
original_bare,immediate,HumanEval/116,8,0,2,1,15.250000413507223,0.0,0.25,0.0,1,1,1
original_bare,immediate,HumanEval/116,8,0,3,1,15.125000420957804,0.0,0.25,0.0,1,1,1
original_bare,immediate,HumanEval/116,8,0,4,1,14.499999605119228,0.0,0.25,0.0,1,1,1
original_bare,immediate,HumanEval/116,8,0,5,1,14.625000439584255,0.0,0.25,0.0,1,1,1
original_bare,immediate,HumanEval/116,8,0,6,1,14.875000052154064,0.0,0.25,0.0,1,1,1
original_bare,immediate,HumanEval/116,8,0,7,1,14.624999813735485,0.0,0.25,0.0,1,1,1
original_bare,immediate,HumanEval/116,8,0,8,1,16.374999791383743,0.0,0.25,0.0,1,1,1
original_bare,rts,HumanEval/116,8,0,0,1,15.75,0.0,-11.3125,0.0,1,1,1
original_bare,rts,HumanEval/116,8,0,1,1,17.8515625,0.0,-11.3125,0.0,1,1,1
original_bare,rts,HumanEval/116,8,0,2,1,20.39453125,0.0,-11.3125,0.0,1,1,1
original_bare,rts,HumanEval/116,8,0,3,1,19.341796875,0.0,-11.3125,0.0,1,1,1
original_bare,rts,HumanEval/116,8,0,4,1,20.5166015625,0.0,-11.3125,0.0,1,1,1
original_bare,rts,HumanEval/116,8,0,5,1,21.6484375,0.0,-11.3125,0.0,1,1,1
original_bare,rts,HumanEval/116,8,0,6,1,22.171875,0.0,-11.3125,0.0,1,1,1
original_bare,rts,HumanEval/116,8,0,7,1,20.9765625,0.0,-11.3125,0.0,1,1,1
original_bare,rts,HumanEval/116,8,0,8,1,27.125,0.0,-11.3125,0.0,1,1,1
original_bare,immediate,HumanEval/118,0,2,0,1,-13.50000023859684,0.0,-0.9999999701976776,-13.50000023859684,0,0,1
original_bare,immediate,HumanEval/118,0,2,1,0,-13.875000000220098,0.0,-0.9999999701976776,-13.50000023859684,0,0,0
original_bare,immediate,HumanEval/118,0,2,2,0,-14.250000119762262,0.0,-0.9999999701976776,-13.50000023859684,0,0,0
original_bare,immediate,HumanEval/118,0,2,3,0,-15.000000357820682,0.0,-0.9999999701976776,-13.50000023859684,0,0,0
original_bare,immediate,HumanEval/118,0,2,4,0,-15.374999761732397,0.0,-0.9999999701976776,-13.50000023859684,0,0,0
original_bare,immediate,HumanEval/118,0,2,5,0,-15.250000119642209,0.0,-0.9999999701976776,-13.50000023859684,0,0,0
original_bare,immediate,HumanEval/118,0,2,6,0,-15.250000358661055,0.0,-0.9999999701976776,-13.50000023859684,0,0,0
original_bare,immediate,HumanEval/118,0,2,7,0,-15.874999643572664,0.0,-0.9999999701976776,-13.50000023859684,0,0,0
original_bare,immediate,HumanEval/118,0,2,8,0,-18.124999761583695,0.0,-0.9999999701976776,-13.50000023859684,0,0,0
original_bare,rts,HumanEval/118,0,2,0,1,-5.250001907348633,0.0,-9.937498092651367,-5.250001907348633,0,1,1
original_bare,rts,HumanEval/118,0,2,1,0,-20.109375,0.0,-9.937498092651367,-5.250001907348633,0,0,0
original_bare,rts,HumanEval/118,0,2,2,0,-19.8515625,0.0,-9.937498092651367,-5.250001907348633,0,0,0
original_bare,rts,HumanEval/118,0,2,3,0,-18.3125,0.0,-9.937498092651367,-5.250001907348633,0,0,0
original_bare,rts,HumanEval/118,0,2,4,0,-19.02734375,0.0,-9.937498092651367,-5.250001907348633,0,0,0
original_bare,rts,HumanEval/118,0,2,5,0,-20.24609375,0.0,-9.937498092651367,-5.250001907348633,0,0,0
original_bare,rts,HumanEval/118,0,2,6,0,-19.759765625,0.0,-9.937498092651367,-5.250001907348633,0,0,0
original_bare,rts,HumanEval/118,0,2,7,0,-19.80078125,0.0,-9.937498092651367,-5.250001907348633,0,0,0
original_bare,rts,HumanEval/118,0,2,8,0,-20.335693359375,0.0,-9.937498092651367,-5.250001907348633,0,0,0
original_bare,immediate,HumanEval/120,3,0,0,1,0.5,0.0,0.25,5.250000186264515,1,1,0
original_bare,immediate,HumanEval/120,3,0,1,1,12.499999944120646,0.0,0.25,5.250000186264515,1,1,1
original_bare,immediate,HumanEval/120,3,0,2,1,6.000000111758709,0.0,0.25,5.250000186264515,1,1,1
original_bare,immediate,HumanEval/120,3,0,3,1,5.250000186264515,0.0,0.25,5.250000186264515,1,1,1
original_bare,immediate,HumanEval/120,3,0,4,0,3.7499998807907104,0.0,0.25,5.250000186264515,1,1,0
original_bare,immediate,HumanEval/120,3,0,5,0,4.499999865889549,0.0,0.25,5.250000186264515,1,1,0
original_bare,immediate,HumanEval/120,3,0,6,0,5.249999865889549,0.0,0.25,5.250000186264515,1,1,0
original_bare,immediate,HumanEval/120,3,0,7,0,4.749999932944775,0.0,0.25,5.250000186264515,1,1,0
original_bare,immediate,HumanEval/120,3,0,8,0,9.000000335276127,0.0,0.25,5.250000186264515,1,1,1
original_bare,rts,HumanEval/120,3,0,0,1,14.625,0.0,-11.3125,0.0,1,1,1
original_bare,rts,HumanEval/120,3,0,1,1,20.28515625,0.0,-11.3125,0.0,1,1,1
original_bare,rts,HumanEval/120,3,0,2,1,21.297607421875,0.0,-11.3125,0.0,1,1,1
original_bare,rts,HumanEval/120,3,0,3,1,-16.21875,0.0,-11.3125,0.0,0,0,0
original_bare,rts,HumanEval/120,3,0,4,0,-10.250001907348633,0.0,-11.3125,0.0,0,1,0
original_bare,rts,HumanEval/120,3,0,5,0,-18.90625,0.0,-11.3125,0.0,0,0,0
original_bare,rts,HumanEval/120,3,0,6,0,-11.375001907348633,0.0,-11.3125,0.0,0,0,0
original_bare,rts,HumanEval/120,3,0,7,0,-17.0625,0.0,-11.3125,0.0,0,0,0
original_bare,rts,HumanEval/120,3,0,8,0,-17.734375,0.0,-11.3125,0.0,0,0,0
original_bare,immediate,HumanEval/121,8,4,0,1,14.750000251457095,0.0,0.25,0.0,1,1,1
original_bare,immediate,HumanEval/121,8,4,1,1,20.37500010430813,0.0,0.25,0.0,1,1,1
original_bare,immediate,HumanEval/121,8,4,2,1,19.87499942816794,0.0,0.25,0.0,1,1,1
original_bare,immediate,HumanEval/121,8,4,3,1,20.000000398606062,0.0,0.25,0.0,1,1,1
original_bare,immediate,HumanEval/121,8,4,4,1,20.375000786967576,0.0,0.25,0.0,1,1,1
original_bare,immediate,HumanEval/121,8,4,5,1,19.999999875202775,0.0,0.25,0.0,1,1,1
original_bare,immediate,HumanEval/121,8,4,6,1,20.374999695457518,0.0,0.25,0.0,1,1,1
original_bare,immediate,HumanEval/121,8,4,7,1,19.874999653548002,0.0,0.25,0.0,1,1,1
original_bare,immediate,HumanEval/121,8,4,8,1,21.125000635627657,0.0,0.25,0.0,1,1,1
original_bare,rts,HumanEval/121,8,4,0,1,14.90625,0.0,-9.375,-17.640625,1,1,1
original_bare,rts,HumanEval/121,8,4,1,1,23.90625,0.0,-9.375,-17.640625,1,1,1
original_bare,rts,HumanEval/121,8,4,2,1,18.109375,0.0,-9.375,-17.640625,1,1,1
original_bare,rts,HumanEval/121,8,4,3,1,23.140625,0.0,-9.375,-17.640625,1,1,1
original_bare,rts,HumanEval/121,8,4,4,1,22.9375,0.0,-9.375,-17.640625,1,1,1
original_bare,rts,HumanEval/121,8,4,5,1,-17.640625,0.0,-9.375,-17.640625,0,0,1
original_bare,rts,HumanEval/121,8,4,6,1,-17.375,0.0,-9.375,-17.640625,0,0,1
original_bare,rts,HumanEval/121,8,4,7,1,-15.59375,0.0,-9.375,-17.640625,0,0,1
original_bare,rts,HumanEval/121,8,4,8,1,-17.078125,0.0,-9.375,-17.640625,0,0,1
original_bare,immediate,HumanEval/122,7,2,0,1,14.50000016175909,0.0,-0.9999999701976776,0.0,1,1,1
original_bare,immediate,HumanEval/122,7,2,1,1,19.375000842279405,0.0,-0.9999999701976776,0.0,1,1,1
original_bare,immediate,HumanEval/122,7,2,2,1,18.000000276311766,0.0,-0.9999999701976776,0.0,1,1,1
original_bare,immediate,HumanEval/122,7,2,3,1,18.24999994947575,0.0,-0.9999999701976776,0.0,1,1,1
original_bare,immediate,HumanEval/122,7,2,4,1,17.99999974842649,0.0,-0.9999999701976776,0.0,1,1,1
original_bare,immediate,HumanEval/122,7,2,5,1,18.249999192310497,0.0,-0.9999999701976776,0.0,1,1,1
original_bare,immediate,HumanEval/122,7,2,6,1,18.374999206513166,0.0,-0.9999999701976776,0.0,1,1,1
original_bare,immediate,HumanEval/122,7,2,7,1,18.499999720137566,0.0,-0.9999999701976776,0.0,1,1,1
original_bare,immediate,HumanEval/122,7,2,8,0,19.62499958029366,0.0,-0.9999999701976776,0.0,1,1,1
original_bare,rts,HumanEval/122,7,2,0,1,18.3125,0.0,-9.937498092651367,0.0,1,1,1
original_bare,rts,HumanEval/122,7,2,1,1,18.1875,0.0,-9.937498092651367,0.0,1,1,1
original_bare,rts,HumanEval/122,7,2,2,1,17.0859375,0.0,-9.937498092651367,0.0,1,1,1
original_bare,rts,HumanEval/122,7,2,3,1,19.38671875,0.0,-9.937498092651367,0.0,1,1,1
original_bare,rts,HumanEval/122,7,2,4,1,21.7109375,0.0,-9.937498092651367,0.0,1,1,1
original_bare,rts,HumanEval/122,7,2,5,1,21.8828125,0.0,-9.937498092651367,0.0,1,1,1
original_bare,rts,HumanEval/122,7,2,6,1,21.640625,0.0,-9.937498092651367,0.0,1,1,1
original_bare,rts,HumanEval/122,7,2,7,1,21.05859375,0.0,-9.937498092651367,0.0,1,1,1
original_bare,rts,HumanEval/122,7,2,8,0,-16.5625,0.0,-9.937498092651367,0.0,0,0,0
original_bare,immediate,HumanEval/124,8,1,0,1,1.7500000447034836,0.0,0.0,-0.9999999701976776,1,1,1
original_bare,immediate,HumanEval/124,8,1,1,1,6.749999921768904,0.0,0.0,-0.9999999701976776,1,1,1
original_bare,immediate,HumanEval/124,8,1,2,1,0.5,0.0,0.0,-0.9999999701976776,1,1,1
original_bare,immediate,HumanEval/124,8,1,3,1,0.4999999403953552,0.0,0.0,-0.9999999701976776,1,1,1
original_bare,immediate,HumanEval/124,8,1,4,1,0.25,0.0,0.0,-0.9999999701976776,1,1,1
original_bare,immediate,HumanEval/124,8,1,5,1,0.25,0.0,0.0,-0.9999999701976776,1,1,1
original_bare,immediate,HumanEval/124,8,1,6,1,0.5,0.0,0.0,-0.9999999701976776,1,1,1
original_bare,immediate,HumanEval/124,8,1,7,1,0.25,0.0,0.0,-0.9999999701976776,1,1,1
original_bare,immediate,HumanEval/124,8,1,8,1,-0.9999999701976776,0.0,0.0,-0.9999999701976776,0,0,1
original_bare,rts,HumanEval/124,8,1,0,1,9.874998092651367,0.0,-9.937498092651367,0.0,1,1,1
original_bare,rts,HumanEval/124,8,1,1,1,7.437498092651367,0.0,-9.937498092651367,0.0,1,1,1
original_bare,rts,HumanEval/124,8,1,2,1,15.59375,0.0,-9.937498092651367,0.0,1,1,1
original_bare,rts,HumanEval/124,8,1,3,1,10.125001907348633,0.0,-9.937498092651367,0.0,1,1,1
original_bare,rts,HumanEval/124,8,1,4,1,16.53125,0.0,-9.937498092651367,0.0,1,1,1
original_bare,rts,HumanEval/124,8,1,5,1,13.984375,0.0,-9.937498092651367,0.0,1,1,1
original_bare,rts,HumanEval/124,8,1,6,1,19.02734375,0.0,-9.937498092651367,0.0,1,1,1
original_bare,rts,HumanEval/124,8,1,7,1,13.265625,0.0,-9.937498092651367,0.0,1,1,1
original_bare,rts,HumanEval/124,8,1,8,1,22.921875,0.0,-9.937498092651367,0.0,1,1,1
original_bare,immediate,HumanEval/127,6,2,0,1,0.0,0.0,-0.9999999701976776,0.0,1,1,1
original_bare,immediate,HumanEval/127,6,2,1,1,3.999999813735485,0.0,-0.9999999701976776,0.0,1,1,1
original_bare,immediate,HumanEval/127,6,2,2,1,0.25,0.0,-0.9999999701976776,0.0,1,1,1
original_bare,immediate,HumanEval/127,6,2,3,1,0.4999999403953552,0.0,-0.9999999701976776,0.0,1,1,1
original_bare,immediate,HumanEval/127,6,2,4,1,0.25,0.0,-0.9999999701976776,0.0,1,1,1
original_bare,immediate,HumanEval/127,6,2,5,1,0.75,0.0,-0.9999999701976776,0.0,1,1,1
original_bare,immediate,HumanEval/127,6,2,6,1,0.75,0.0,-0.9999999701976776,0.0,1,1,1
original_bare,immediate,HumanEval/127,6,2,7,0,0.75,0.0,-0.9999999701976776,0.0,1,1,1
original_bare,immediate,HumanEval/127,6,2,8,0,0.0,0.0,-0.9999999701976776,0.0,1,1,1
original_bare,rts,HumanEval/127,6,2,0,1,15.890625,0.0,-9.937498092651367,0.0,1,1,1
original_bare,rts,HumanEval/127,6,2,1,1,21.3125,0.0,-9.937498092651367,0.0,1,1,1
original_bare,rts,HumanEval/127,6,2,2,1,22.15625,0.0,-9.937498092651367,0.0,1,1,1
original_bare,rts,HumanEval/127,6,2,3,1,22.890625,0.0,-9.937498092651367,0.0,1,1,1
original_bare,rts,HumanEval/127,6,2,4,1,19.8984375,0.0,-9.937498092651367,0.0,1,1,1
original_bare,rts,HumanEval/127,6,2,5,1,23.71875,0.0,-9.937498092651367,0.0,1,1,1
original_bare,rts,HumanEval/127,6,2,6,1,24.09375,0.0,-9.937498092651367,0.0,1,1,1
original_bare,rts,HumanEval/127,6,2,7,0,19.14453125,0.0,-9.937498092651367,0.0,1,1,1
original_bare,rts,HumanEval/127,6,2,8,0,-15.09375,0.0,-9.937498092651367,0.0,0,0,0
original_bare,immediate,HumanEval/128,8,3,0,1,4.49999999627471,0.0,0.25,0.0,1,1,1
original_bare,immediate,HumanEval/128,8,3,1,1,6.249999813735485,0.0,0.25,0.0,1,1,1
original_bare,immediate,HumanEval/128,8,3,2,1,5.000000076368451,0.0,0.25,0.0,1,1,1
original_bare,immediate,HumanEval/128,8,3,3,1,4.749999776482582,0.0,0.25,0.0,1,1,1
original_bare,immediate,HumanEval/128,8,3,4,1,4.2499998807907104,0.0,0.25,0.0,1,1,1
original_bare,immediate,HumanEval/128,8,3,5,1,3.9999999813735485,0.0,0.25,0.0,1,1,1
original_bare,immediate,HumanEval/128,8,3,6,1,4.499999884516001,0.0,0.25,0.0,1,1,1
original_bare,immediate,HumanEval/128,8,3,7,1,4.50000012665987,0.0,0.25,0.0,1,1,1
original_bare,immediate,HumanEval/128,8,3,8,1,2.7499998956918716,0.0,0.25,0.0,1,1,1
original_bare,rts,HumanEval/128,8,3,0,1,13.281248092651367,0.0,-9.937498092651367,0.0,1,1,1
original_bare,rts,HumanEval/128,8,3,1,1,18.34375,0.0,-9.937498092651367,0.0,1,1,1
original_bare,rts,HumanEval/128,8,3,2,1,20.2890625,0.0,-9.937498092651367,0.0,1,1,1
original_bare,rts,HumanEval/128,8,3,3,1,17.34375,0.0,-9.937498092651367,0.0,1,1,1
original_bare,rts,HumanEval/128,8,3,4,1,18.875,0.0,-9.937498092651367,0.0,1,1,1
original_bare,rts,HumanEval/128,8,3,5,1,20.31640625,0.0,-9.937498092651367,0.0,1,1,1
original_bare,rts,HumanEval/128,8,3,6,1,19.5234375,0.0,-9.937498092651367,0.0,1,1,1
original_bare,rts,HumanEval/128,8,3,7,1,21.26171875,0.0,-9.937498092651367,0.0,1,1,1
original_bare,rts,HumanEval/128,8,3,8,1,26.0625,0.0,-9.937498092651367,0.0,1,1,1
original_bare,immediate,HumanEval/129,0,2,0,1,-3.749999897554517,0.0,-0.9999999701976776,-3.749999897554517,0,0,1
original_bare,immediate,HumanEval/129,0,2,1,0,-5.000000094994903,0.0,-0.9999999701976776,-3.749999897554517,0,0,0
original_bare,immediate,HumanEval/129,0,2,2,0,-8.500000371423084,0.0,-0.9999999701976776,-3.749999897554517,0,0,0
original_bare,immediate,HumanEval/129,0,2,3,0,-9.500000260479283,0.0,-0.9999999701976776,-3.749999897554517,0,0,0
original_bare,immediate,HumanEval/129,0,2,4,0,-9.749999563617166,0.0,-0.9999999701976776,-3.749999897554517,0,0,0
original_bare,immediate,HumanEval/129,0,2,5,0,-9.749999602907337,0.0,-0.9999999701976776,-3.749999897554517,0,0,0
original_bare,immediate,HumanEval/129,0,2,6,0,-9.749999946798198,0.0,-0.9999999701976776,-3.749999897554517,0,0,0
original_bare,immediate,HumanEval/129,0,2,7,0,-10.250000449945219,0.0,-0.9999999701976776,-3.749999897554517,0,0,0
original_bare,immediate,HumanEval/129,0,2,8,0,-11.749999677093001,0.0,-0.9999999701976776,-3.749999897554517,0,0,0
original_bare,rts,HumanEval/129,0,2,0,1,-3.5625,0.0,-9.937498092651367,16.953125000000004,0,1,0
original_bare,rts,HumanEval/129,0,2,1,0,16.671875,0.0,-9.937498092651367,16.953125000000004,1,1,0
original_bare,rts,HumanEval/129,0,2,2,0,-1.375,0.0,-9.937498092651367,16.953125000000004,0,1,0
original_bare,rts,HumanEval/129,0,2,3,0,-17.328125,0.0,-9.937498092651367,16.953125000000004,0,0,0
original_bare,rts,HumanEval/129,0,2,4,0,-17.734375,0.0,-9.937498092651367,16.953125000000004,0,0,0
original_bare,rts,HumanEval/129,0,2,5,0,16.953125,0.0,-9.937498092651367,16.953125000000004,1,1,0
original_bare,rts,HumanEval/129,0,2,6,0,15.046875,0.0,-9.937498092651367,16.953125000000004,1,1,0
original_bare,rts,HumanEval/129,0,2,7,0,12.703123092651367,0.0,-9.937498092651367,16.953125000000004,1,1,0
original_bare,rts,HumanEval/129,0,2,8,0,-16.53125,0.0,-9.937498092651367,16.953125000000004,0,0,0
original_bare,immediate,HumanEval/13,0,1,0,1,-3.499999947845936,0.0,0.0,-3.499999947845936,0,0,1
original_bare,immediate,HumanEval/13,0,1,1,0,-5.499999778345227,0.0,0.0,-3.499999947845936,0,0,0
original_bare,immediate,HumanEval/13,0,1,2,0,-5.749999865889549,0.0,0.0,-3.499999947845936,0,0,0
original_bare,immediate,HumanEval/13,0,1,3,0,-5.999999761581421,0.0,0.0,-3.499999947845936,0,0,0
original_bare,immediate,HumanEval/13,0,1,4,0,-6.749999869149178,0.0,0.0,-3.499999947845936,0,0,0
original_bare,immediate,HumanEval/13,0,1,5,0,-6.75000003259629,0.0,0.0,-3.499999947845936,0,0,0
original_bare,immediate,HumanEval/13,0,1,6,0,-6.500000063329935,0.0,0.0,-3.499999947845936,0,0,0
original_bare,immediate,HumanEval/13,0,1,7,0,-6.999999831430614,0.0,0.0,-3.499999947845936,0,0,0
original_bare,immediate,HumanEval/13,0,1,8,0,-12.499999624793418,0.0,0.0,-3.499999947845936,0,0,0
original_bare,rts,HumanEval/13,0,1,0,1,3.8125,0.0,-9.937498092651367,0.0,1,1,1
original_bare,rts,HumanEval/13,0,1,1,0,-15.625,0.0,-9.937498092651367,0.0,0,0,0
original_bare,rts,HumanEval/13,0,1,2,0,-14.90625,0.0,-9.937498092651367,0.0,0,0,0
original_bare,rts,HumanEval/13,0,1,3,0,-15.78125,0.0,-9.937498092651367,0.0,0,0,0
original_bare,rts,HumanEval/13,0,1,4,0,-17.921875,0.0,-9.937498092651367,0.0,0,0,0
original_bare,rts,HumanEval/13,0,1,5,0,-19.640625,0.0,-9.937498092651367,0.0,0,0,0
original_bare,rts,HumanEval/13,0,1,6,0,-16.625,0.0,-9.937498092651367,0.0,0,0,0
original_bare,rts,HumanEval/13,0,1,7,0,-19.78125,0.0,-9.937498092651367,0.0,0,0,0
original_bare,rts,HumanEval/13,0,1,8,0,-17.81640625,0.0,-9.937498092651367,0.0,0,0,0
original_bare,immediate,HumanEval/132,0,4,0,1,-0.7499999403953552,0.0,0.25,4.9999998454004535,0,0,0
original_bare,immediate,HumanEval/132,0,4,1,0,4.999999845400453,0.0,0.25,4.9999998454004535,1,1,0
original_bare,immediate,HumanEval/132,0,4,2,0,0.25,0.0,0.25,4.9999998454004535,1,1,0
original_bare,immediate,HumanEval/132,0,4,3,0,0.5,0.0,0.25,4.9999998454004535,1,1,0
original_bare,immediate,HumanEval/132,0,4,4,0,0.7500000298023224,0.0,0.25,4.9999998454004535,1,1,0
original_bare,immediate,HumanEval/132,0,4,5,0,0.75,0.0,0.25,4.9999998454004535,1,1,0
original_bare,immediate,HumanEval/132,0,4,6,0,1.5000000447034836,0.0,0.25,4.9999998454004535,1,1,0
original_bare,immediate,HumanEval/132,0,4,7,0,1.7499999403953552,0.0,0.25,4.9999998454004535,1,1,0
original_bare,immediate,HumanEval/132,0,4,8,0,-1.5000000596046448,0.0,0.25,4.9999998454004535,0,0,0
original_bare,rts,HumanEval/132,0,4,0,1,11.812501907348633,0.0,-9.375,21.855468750000004,1,1,0
original_bare,rts,HumanEval/132,0,4,1,0,18.71875,0.0,-9.375,21.855468750000004,1,1,0
original_bare,rts,HumanEval/132,0,4,2,0,20.9140625,0.0,-9.375,21.855468750000004,1,1,0
original_bare,rts,HumanEval/132,0,4,3,0,14.546875,0.0,-9.375,21.855468750000004,1,1,0
original_bare,rts,HumanEval/132,0,4,4,0,17.41796875,0.0,-9.375,21.855468750000004,1,1,0
original_bare,rts,HumanEval/132,0,4,5,0,20.046875,0.0,-9.375,21.855468750000004,1,1,0
original_bare,rts,HumanEval/132,0,4,6,0,21.85546875,0.0,-9.375,21.855468750000004,1,1,0
original_bare,rts,HumanEval/132,0,4,7,0,16.890625,0.0,-9.375,21.855468750000004,1,1,0
original_bare,rts,HumanEval/132,0,4,8,0,19.142578125,0.0,-9.375,21.855468750000004,1,1,0
original_bare,immediate,HumanEval/138,7,1,0,1,-3.2499999031424522,0.0,0.0,-3.2499999031424522,0,0,1
original_bare,immediate,HumanEval/138,7,1,1,1,16.625000888016075,0.0,0.0,-3.2499999031424522,1,1,1
original_bare,immediate,HumanEval/138,7,1,2,1,2.7500001043081284,0.0,0.0,-3.2499999031424522,1,1,1
original_bare,immediate,HumanEval/138,7,1,3,1,1.25,0.0,0.0,-3.2499999031424522,1,1,1
original_bare,immediate,HumanEval/138,7,1,4,1,0.25,0.0,0.0,-3.2499999031424522,1,1,1
original_bare,immediate,HumanEval/138,7,1,5,1,-0.25,0.0,0.0,-3.2499999031424522,0,0,1
original_bare,immediate,HumanEval/138,7,1,6,1,-0.7500000298023224,0.0,0.0,-3.2499999031424522,0,0,1
original_bare,immediate,HumanEval/138,7,1,7,1,-1.7500000596046448,0.0,0.0,-3.2499999031424522,0,0,1
original_bare,immediate,HumanEval/138,7,1,8,0,-4.500000014901161,0.0,0.0,-3.2499999031424522,0,0,0
original_bare,rts,HumanEval/138,7,1,0,1,10.249998092651367,0.0,-9.937498092651367,0.0,1,1,1
original_bare,rts,HumanEval/138,7,1,1,1,20.013671875,0.0,-9.937498092651367,0.0,1,1,1
original_bare,rts,HumanEval/138,7,1,2,1,11.625001907348633,0.0,-9.937498092651367,0.0,1,1,1
original_bare,rts,HumanEval/138,7,1,3,1,19.31640625,0.0,-9.937498092651367,0.0,1,1,1
original_bare,rts,HumanEval/138,7,1,4,1,20.171875,0.0,-9.937498092651367,0.0,1,1,1
original_bare,rts,HumanEval/138,7,1,5,1,19.0625,0.0,-9.937498092651367,0.0,1,1,1
original_bare,rts,HumanEval/138,7,1,6,1,20.71484375,0.0,-9.937498092651367,0.0,1,1,1
original_bare,rts,HumanEval/138,7,1,7,1,20.015625,0.0,-9.937498092651367,0.0,1,1,1
original_bare,rts,HumanEval/138,7,1,8,0,-18.28125,0.0,-9.937498092651367,0.0,0,0,0
original_bare,immediate,HumanEval/140,5,4,0,1,-4.999999964609742,0.0,0.25,-6.0000002179294825,0,0,1
original_bare,immediate,HumanEval/140,5,4,1,1,-4.9999999878928065,0.0,0.25,-6.0000002179294825,0,0,1
original_bare,immediate,HumanEval/140,5,4,2,1,-6.0000002179294825,0.0,0.25,-6.0000002179294825,0,0,1
original_bare,immediate,HumanEval/140,5,4,3,1,-5.7499999683350325,0.0,0.25,-6.0000002179294825,0,0,1
original_bare,immediate,HumanEval/140,5,4,4,1,-5.499999959021807,0.0,0.25,-6.0000002179294825,0,0,1
original_bare,immediate,HumanEval/140,5,4,5,1,-4.750000176951289,0.0,0.25,-6.0000002179294825,0,0,1
original_bare,immediate,HumanEval/140,5,4,6,0,-4.000000074505806,0.0,0.25,-6.0000002179294825,0,0,1
original_bare,immediate,HumanEval/140,5,4,7,0,-3.999999962747097,0.0,0.25,-6.0000002179294825,0,0,1
original_bare,immediate,HumanEval/140,5,4,8,0,-8.000000284984708,0.0,0.25,-6.0000002179294825,0,0,0
original_bare,rts,HumanEval/140,5,4,0,1,-5.25,0.0,-9.375,-9.937498092651367,0,1,1
original_bare,rts,HumanEval/140,5,4,1,1,15.578125,0.0,-9.375,-9.937498092651367,1,1,1
original_bare,rts,HumanEval/140,5,4,2,1,-5.8125,0.0,-9.375,-9.937498092651367,0,1,1
original_bare,rts,HumanEval/140,5,4,3,1,15.984375,0.0,-9.375,-9.937498092651367,1,1,1
original_bare,rts,HumanEval/140,5,4,4,1,16.3125,0.0,-9.375,-9.937498092651367,1,1,1
original_bare,rts,HumanEval/140,5,4,5,1,-9.937498092651367,0.0,-9.375,-9.937498092651367,0,0,1
original_bare,rts,HumanEval/140,5,4,6,0,-16.65625,0.0,-9.375,-9.937498092651367,0,0,0
original_bare,rts,HumanEval/140,5,4,7,0,18.484375,0.0,-9.375,-9.937498092651367,1,1,1
original_bare,rts,HumanEval/140,5,4,8,0,-16.71484375,0.0,-9.375,-9.937498092651367,0,0,0
original_bare,immediate,HumanEval/141,7,4,0,1,1.2500000298023224,0.0,0.25,0.0,1,1,1
original_bare,immediate,HumanEval/141,7,4,1,1,8.49999984644819,0.0,0.25,0.0,1,1,1
original_bare,immediate,HumanEval/141,7,4,2,1,2.250000037252903,0.0,0.25,0.0,1,1,1
original_bare,immediate,HumanEval/141,7,4,3,1,2.250000014901161,0.0,0.25,0.0,1,1,1
original_bare,immediate,HumanEval/141,7,4,4,1,2.500000074505806,0.0,0.25,0.0,1,1,1
original_bare,immediate,HumanEval/141,7,4,5,1,2.500000074505806,0.0,0.25,0.0,1,1,1
original_bare,immediate,HumanEval/141,7,4,6,1,3.0000000819563866,0.0,0.25,0.0,1,1,1
original_bare,immediate,HumanEval/141,7,4,7,1,2.749999947845936,0.0,0.25,0.0,1,1,1
original_bare,immediate,HumanEval/141,7,4,8,0,2.249999888241291,0.0,0.25,0.0,1,1,1
original_bare,rts,HumanEval/141,7,4,0,1,11.84375,0.0,-9.375,0.0,1,1,1
original_bare,rts,HumanEval/141,7,4,1,1,20.09765625,0.0,-9.375,0.0,1,1,1
original_bare,rts,HumanEval/141,7,4,2,1,16.453125,0.0,-9.375,0.0,1,1,1
original_bare,rts,HumanEval/141,7,4,3,1,17.54296875,0.0,-9.375,0.0,1,1,1
original_bare,rts,HumanEval/141,7,4,4,1,15.765625,0.0,-9.375,0.0,1,1,1
original_bare,rts,HumanEval/141,7,4,5,1,16.423828125,0.0,-9.375,0.0,1,1,1
original_bare,rts,HumanEval/141,7,4,6,1,16.8203125,0.0,-9.375,0.0,1,1,1
original_bare,rts,HumanEval/141,7,4,7,1,19.4140625,0.0,-9.375,0.0,1,1,1
original_bare,rts,HumanEval/141,7,4,8,0,23.515625,0.0,-9.375,0.0,1,1,1
original_bare,immediate,HumanEval/142,0,0,0,1,-12.874999973311787,0.0,0.25,0.0,0,0,0
original_bare,immediate,HumanEval/142,0,0,1,0,-12.875000445492333,0.0,0.25,0.0,0,0,0
original_bare,immediate,HumanEval/142,0,0,2,0,-12.874999733408913,0.0,0.25,0.0,0,0,0
original_bare,immediate,HumanEval/142,0,0,3,0,-13.125000357627869,0.0,0.25,0.0,0,0,0
original_bare,immediate,HumanEval/142,0,0,4,0,-14.00000022095628,0.0,0.25,0.0,0,0,0
original_bare,immediate,HumanEval/142,0,0,5,0,-13.499999655876309,0.0,0.25,0.0,0,0,0
original_bare,immediate,HumanEval/142,0,0,6,0,-13.999999608844519,0.0,0.25,0.0,0,0,0
original_bare,immediate,HumanEval/142,0,0,7,0,-14.500000380096026,0.0,0.25,0.0,0,0,0
original_bare,immediate,HumanEval/142,0,0,8,0,-16.750000721724064,0.0,0.25,0.0,0,0,0
original_bare,rts,HumanEval/142,0,0,0,1,3.6875,0.0,-11.3125,0.0,1,1,1
original_bare,rts,HumanEval/142,0,0,1,0,-22.517578125,0.0,-11.3125,0.0,0,0,0
original_bare,rts,HumanEval/142,0,0,2,0,-19.6875,0.0,-11.3125,0.0,0,0,0
original_bare,rts,HumanEval/142,0,0,3,0,-19.109375,0.0,-11.3125,0.0,0,0,0
original_bare,rts,HumanEval/142,0,0,4,0,-19.6875,0.0,-11.3125,0.0,0,0,0
original_bare,rts,HumanEval/142,0,0,5,0,-20.3515625,0.0,-11.3125,0.0,0,0,0
original_bare,rts,HumanEval/142,0,0,6,0,-21.6484375,0.0,-11.3125,0.0,0,0,0
original_bare,rts,HumanEval/142,0,0,7,0,-19.921875,0.0,-11.3125,0.0,0,0,0
original_bare,rts,HumanEval/142,0,0,8,0,-18.671875,0.0,-11.3125,0.0,0,0,0
original_bare,immediate,HumanEval/143,0,2,0,1,-6.250000074505806,0.0,-0.9999999701976776,0.0,0,0,0
original_bare,immediate,HumanEval/143,0,2,1,0,-4.250000165775418,0.0,-0.9999999701976776,0.0,0,0,0
original_bare,immediate,HumanEval/143,0,2,2,0,-5.999999864026904,0.0,-0.9999999701976776,0.0,0,0,0
original_bare,immediate,HumanEval/143,0,2,3,0,-6.750000210478902,0.0,-0.9999999701976776,0.0,0,0,0
original_bare,immediate,HumanEval/143,0,2,4,0,-7.750000147614628,0.0,-0.9999999701976776,0.0,0,0,0
original_bare,immediate,HumanEval/143,0,2,5,0,-7.750000097323209,0.0,-0.9999999701976776,0.0,0,0,0
original_bare,immediate,HumanEval/143,0,2,6,0,-7.250000042840838,0.0,-0.9999999701976776,0.0,0,0,0
original_bare,immediate,HumanEval/143,0,2,7,0,-7.4999997690320015,0.0,-0.9999999701976776,0.0,0,0,0
original_bare,immediate,HumanEval/143,0,2,8,0,-11.999999552732334,0.0,-0.9999999701976776,0.0,0,0,0
original_bare,rts,HumanEval/143,0,2,0,1,-6.999998092651367,0.0,-9.937498092651367,-6.999998092651367,0,1,1
original_bare,rts,HumanEval/143,0,2,1,0,-18.9453125,0.0,-9.937498092651367,-6.999998092651367,0,0,0
original_bare,rts,HumanEval/143,0,2,2,0,-19.9140625,0.0,-9.937498092651367,-6.999998092651367,0,0,0
original_bare,rts,HumanEval/143,0,2,3,0,-17.3125,0.0,-9.937498092651367,-6.999998092651367,0,0,0
original_bare,rts,HumanEval/143,0,2,4,0,-13.78125,0.0,-9.937498092651367,-6.999998092651367,0,0,0
original_bare,rts,HumanEval/143,0,2,5,0,-17.953125,0.0,-9.937498092651367,-6.999998092651367,0,0,0
original_bare,rts,HumanEval/143,0,2,6,0,21.01171875,0.0,-9.937498092651367,-6.999998092651367,1,1,1
original_bare,rts,HumanEval/143,0,2,7,0,-12.031248092651367,0.0,-9.937498092651367,-6.999998092651367,0,0,0
original_bare,rts,HumanEval/143,0,2,8,0,-14.84375,0.0,-9.937498092651367,-6.999998092651367,0,0,0
original_bare,immediate,HumanEval/146,8,3,0,1,10.249999813269824,0.0,0.25,0.0,1,1,1
original_bare,immediate,HumanEval/146,8,3,1,1,16.375000880099833,0.0,0.25,0.0,1,1,1
original_bare,immediate,HumanEval/146,8,3,2,1,14.749999729916453,0.0,0.25,0.0,1,1,1
original_bare,immediate,HumanEval/146,8,3,3,1,14.875000305473804,0.0,0.25,0.0,1,1,1
original_bare,immediate,HumanEval/146,8,3,4,1,14.249999549239874,0.0,0.25,0.0,1,1,1
original_bare,immediate,HumanEval/146,8,3,5,1,14.875000316649675,0.0,0.25,0.0,1,1,1
original_bare,immediate,HumanEval/146,8,3,6,1,14.62499962374568,0.0,0.25,0.0,1,1,1
original_bare,immediate,HumanEval/146,8,3,7,1,13.87500013411045,0.0,0.25,0.0,1,1,1
original_bare,immediate,HumanEval/146,8,3,8,1,15.499999651685357,0.0,0.25,0.0,1,1,1
original_bare,rts,HumanEval/146,8,3,0,1,17.3828125,0.0,-9.937498092651367,0.0,1,1,1
original_bare,rts,HumanEval/146,8,3,1,1,21.75,0.0,-9.937498092651367,0.0,1,1,1
original_bare,rts,HumanEval/146,8,3,2,1,19.7578125,0.0,-9.937498092651367,0.0,1,1,1
original_bare,rts,HumanEval/146,8,3,3,1,20.390625,0.0,-9.937498092651367,0.0,1,1,1
original_bare,rts,HumanEval/146,8,3,4,1,19.072509765625,0.0,-9.937498092651367,0.0,1,1,1
original_bare,rts,HumanEval/146,8,3,5,1,20.2578125,0.0,-9.937498092651367,0.0,1,1,1
original_bare,rts,HumanEval/146,8,3,6,1,21.96875,0.0,-9.937498092651367,0.0,1,1,1
original_bare,rts,HumanEval/146,8,3,7,1,21.8671875,0.0,-9.937498092651367,0.0,1,1,1
original_bare,rts,HumanEval/146,8,3,8,1,27.46875,0.0,-9.937498092651367,0.0,1,1,1
original_bare,immediate,HumanEval/147,0,3,0,1,-6.000000151339918,0.0,0.25,0.0,0,0,0
original_bare,immediate,HumanEval/147,0,3,1,0,-5.249999914318323,0.0,0.25,0.0,0,0,0
original_bare,immediate,HumanEval/147,0,3,2,0,-8.25000034738332,0.0,0.25,0.0,0,0,0
original_bare,immediate,HumanEval/147,0,3,3,0,-9.249999547377229,0.0,0.25,0.0,0,0,0
original_bare,immediate,HumanEval/147,0,3,4,0,-10.249999846098945,0.0,0.25,0.0,0,0,0
original_bare,immediate,HumanEval/147,0,3,5,0,-10.000000303145498,0.0,0.25,0.0,0,0,0
original_bare,immediate,HumanEval/147,0,3,6,0,-10.249999617226422,0.0,0.25,0.0,0,0,0
original_bare,immediate,HumanEval/147,0,3,7,0,-11.250000193715096,0.0,0.25,0.0,0,0,0
original_bare,immediate,HumanEval/147,0,3,8,0,-13.375000047613867,0.0,0.25,0.0,0,0,0
original_bare,rts,HumanEval/147,0,3,0,1,17.46875,0.0,-9.937498092651367,0.0,1,1,1
original_bare,rts,HumanEval/147,0,3,1,0,-17.421875,0.0,-9.937498092651367,0.0,0,0,0
original_bare,rts,HumanEval/147,0,3,2,0,-13.40625,0.0,-9.937498092651367,0.0,0,0,0
original_bare,rts,HumanEval/147,0,3,3,0,-17.53125,0.0,-9.937498092651367,0.0,0,0,0
original_bare,rts,HumanEval/147,0,3,4,0,-19.609375,0.0,-9.937498092651367,0.0,0,0,0
original_bare,rts,HumanEval/147,0,3,5,0,-21.62109375,0.0,-9.937498092651367,0.0,0,0,0
original_bare,rts,HumanEval/147,0,3,6,0,-18.15625,0.0,-9.937498092651367,0.0,0,0,0
original_bare,rts,HumanEval/147,0,3,7,0,-18.34375,0.0,-9.937498092651367,0.0,0,0,0
original_bare,rts,HumanEval/147,0,3,8,0,-19.3125,0.0,-9.937498092651367,0.0,0,0,0
original_bare,immediate,HumanEval/148,8,0,0,1,4.500000110827386,0.0,0.25,0.0,1,1,1
original_bare,immediate,HumanEval/148,8,0,1,1,9.750000360028935,0.0,0.25,0.0,1,1,1
original_bare,immediate,HumanEval/148,8,0,2,1,1.2499999701976776,0.0,0.25,0.0,1,1,1
original_bare,immediate,HumanEval/148,8,0,3,1,1.7500000298023224,0.0,0.25,0.0,1,1,1
original_bare,immediate,HumanEval/148,8,0,4,1,2.250000089406967,0.0,0.25,0.0,1,1,1
original_bare,immediate,HumanEval/148,8,0,5,1,2.25,0.0,0.25,0.0,1,1,1
original_bare,immediate,HumanEval/148,8,0,6,1,1.75,0.0,0.25,0.0,1,1,1
original_bare,immediate,HumanEval/148,8,0,7,1,1.7500000149011612,0.0,0.25,0.0,1,1,1
original_bare,immediate,HumanEval/148,8,0,8,1,1.4999999552965164,0.0,0.25,0.0,1,1,1
original_bare,rts,HumanEval/148,8,0,0,1,10.312498092651367,0.0,-11.3125,0.0,1,1,1
original_bare,rts,HumanEval/148,8,0,1,1,7.999998092651367,0.0,-11.3125,0.0,1,1,1
original_bare,rts,HumanEval/148,8,0,2,1,13.15625,0.0,-11.3125,0.0,1,1,1
original_bare,rts,HumanEval/148,8,0,3,1,14.28125,0.0,-11.3125,0.0,1,1,1
original_bare,rts,HumanEval/148,8,0,4,1,14.90625,0.0,-11.3125,0.0,1,1,1
original_bare,rts,HumanEval/148,8,0,5,1,15.171875,0.0,-11.3125,0.0,1,1,1
original_bare,rts,HumanEval/148,8,0,6,1,15.40625,0.0,-11.3125,0.0,1,1,1
original_bare,rts,HumanEval/148,8,0,7,1,6.000001907348633,0.0,-11.3125,0.0,1,1,1
original_bare,rts,HumanEval/148,8,0,8,1,18.2109375,0.0,-11.3125,0.0,1,1,1
original_bare,immediate,HumanEval/149,0,4,0,1,-8.7500004414469,0.0,0.25,0.0,0,0,0
original_bare,immediate,HumanEval/149,0,4,1,0,-7.999999567517079,0.0,0.25,0.0,0,0,0
original_bare,immediate,HumanEval/149,0,4,2,0,-8.7499998875428,0.0,0.25,0.0,0,0,0
original_bare,immediate,HumanEval/149,0,4,3,0,-8.250000233063474,0.0,0.25,0.0,0,0,0
original_bare,immediate,HumanEval/149,0,4,4,0,-7.999999601277523,0.0,0.25,0.0,0,0,0
original_bare,immediate,HumanEval/149,0,4,5,0,-6.999999906169251,0.0,0.25,0.0,0,0,0
original_bare,immediate,HumanEval/149,0,4,6,0,-6.25,0.0,0.25,0.0,0,0,0
original_bare,immediate,HumanEval/149,0,4,7,0,-6.999999995809048,0.0,0.25,0.0,0,0,0
original_bare,immediate,HumanEval/149,0,4,8,0,-10.750000380270649,0.0,0.25,0.0,0,0,0
original_bare,rts,HumanEval/149,0,4,0,1,-0.9375,0.0,-9.375,19.299804687500004,0,1,0
original_bare,rts,HumanEval/149,0,4,1,0,-1.6875,0.0,-9.375,19.299804687500004,0,1,0
original_bare,rts,HumanEval/149,0,4,2,0,-17.625,0.0,-9.375,19.299804687500004,0,0,0
original_bare,rts,HumanEval/149,0,4,3,0,-18.046875,0.0,-9.375,19.299804687500004,0,0,0
original_bare,rts,HumanEval/149,0,4,4,0,-17.484375,0.0,-9.375,19.299804687500004,0,0,0
original_bare,rts,HumanEval/149,0,4,5,0,9.187498092651367,0.0,-9.375,19.299804687500004,1,1,0
original_bare,rts,HumanEval/149,0,4,6,0,-18.75,0.0,-9.375,19.299804687500004,0,0,0
original_bare,rts,HumanEval/149,0,4,7,0,-18.40625,0.0,-9.375,19.299804687500004,0,0,0
original_bare,rts,HumanEval/149,0,4,8,0,19.2998046875,0.0,-9.375,19.299804687500004,1,1,0
original_bare,immediate,HumanEval/151,0,0,0,1,-4.749999795109034,0.0,0.25,0.0,0,0,0
original_bare,immediate,HumanEval/151,0,0,1,0,-1.25,0.0,0.25,0.0,0,0,0
original_bare,immediate,HumanEval/151,0,0,2,0,-2.0000000298023224,0.0,0.25,0.0,0,0,0
original_bare,immediate,HumanEval/151,0,0,3,0,-2.4999999329447746,0.0,0.25,0.0,0,0,0
original_bare,immediate,HumanEval/151,0,0,4,0,-2.999999985098839,0.0,0.25,0.0,0,0,0
original_bare,immediate,HumanEval/151,0,0,5,0,-3.0000000074505806,0.0,0.25,0.0,0,0,0
original_bare,immediate,HumanEval/151,0,0,6,0,-2.749999985098839,0.0,0.25,0.0,0,0,0
original_bare,immediate,HumanEval/151,0,0,7,0,-3.250000037252903,0.0,0.25,0.0,0,0,0
original_bare,immediate,HumanEval/151,0,0,8,0,-5.499999828636646,0.0,0.25,0.0,0,0,0
original_bare,rts,HumanEval/151,0,0,0,1,-13.21875,0.0,-11.3125,0.0,0,0,0
original_bare,rts,HumanEval/151,0,0,1,0,-16.078125,0.0,-11.3125,0.0,0,0,0
original_bare,rts,HumanEval/151,0,0,2,0,-16.171875,0.0,-11.3125,0.0,0,0,0
original_bare,rts,HumanEval/151,0,0,3,0,-16.84375,0.0,-11.3125,0.0,0,0,0
original_bare,rts,HumanEval/151,0,0,4,0,-14.28125,0.0,-11.3125,0.0,0,0,0
original_bare,rts,HumanEval/151,0,0,5,0,-10.750001907348633,0.0,-11.3125,0.0,0,1,0
original_bare,rts,HumanEval/151,0,0,6,0,-13.375,0.0,-11.3125,0.0,0,0,0
original_bare,rts,HumanEval/151,0,0,7,0,-13.125,0.0,-11.3125,0.0,0,0,0
original_bare,rts,HumanEval/151,0,0,8,0,-11.874998092651367,0.0,-11.3125,0.0,0,0,0
original_bare,immediate,HumanEval/152,8,2,0,1,17.749999945808668,0.0,-0.9999999701976776,0.0,1,1,1
original_bare,immediate,HumanEval/152,8,2,1,1,22.12499964732706,0.0,-0.9999999701976776,0.0,1,1,1
original_bare,immediate,HumanEval/152,8,2,2,1,20.749999501247657,0.0,-0.9999999701976776,0.0,1,1,1
original_bare,immediate,HumanEval/152,8,2,3,1,20.625000021536835,0.0,-0.9999999701976776,0.0,1,1,1
original_bare,immediate,HumanEval/152,8,2,4,1,20.874999977037078,0.0,-0.9999999701976776,0.0,1,1,1
original_bare,immediate,HumanEval/152,8,2,5,1,21.124999204010237,0.0,-0.9999999701976776,0.0,1,1,1
original_bare,immediate,HumanEval/152,8,2,6,1,21.25000051234383,0.0,-0.9999999701976776,0.0,1,1,1
original_bare,immediate,HumanEval/152,8,2,7,1,21.125000736719812,0.0,-0.9999999701976776,0.0,1,1,1
original_bare,immediate,HumanEval/152,8,2,8,1,24.12499952325834,0.0,-0.9999999701976776,0.0,1,1,1
original_bare,rts,HumanEval/152,8,2,0,1,13.15625,0.0,-9.937498092651367,0.0,1,1,1
original_bare,rts,HumanEval/152,8,2,1,1,20.46875,0.0,-9.937498092651367,0.0,1,1,1
original_bare,rts,HumanEval/152,8,2,2,1,17.19140625,0.0,-9.937498092651367,0.0,1,1,1
original_bare,rts,HumanEval/152,8,2,3,1,18.00537109375,0.0,-9.937498092651367,0.0,1,1,1
original_bare,rts,HumanEval/152,8,2,4,1,20.90625,0.0,-9.937498092651367,0.0,1,1,1
original_bare,rts,HumanEval/152,8,2,5,1,23.75,0.0,-9.937498092651367,0.0,1,1,1
original_bare,rts,HumanEval/152,8,2,6,1,22.59375,0.0,-9.937498092651367,0.0,1,1,1
original_bare,rts,HumanEval/152,8,2,7,1,21.609375,0.0,-9.937498092651367,0.0,1,1,1
original_bare,rts,HumanEval/152,8,2,8,1,26.1875,0.0,-9.937498092651367,0.0,1,1,1
original_bare,immediate,HumanEval/153,4,4,0,1,3.750000022351742,0.0,0.25,0.0,1,1,1
original_bare,immediate,HumanEval/153,4,4,1,1,15.125000230036676,0.0,0.25,0.0,1,1,1
original_bare,immediate,HumanEval/153,4,4,2,1,12.125000075437129,0.0,0.25,0.0,1,1,1
original_bare,immediate,HumanEval/153,4,4,3,1,12.249999793246388,0.0,0.25,0.0,1,1,1
original_bare,immediate,HumanEval/153,4,4,4,1,11.499999651685357,0.0,0.25,0.0,1,1,1
original_bare,immediate,HumanEval/153,4,4,5,0,12.250000320374966,0.0,0.25,0.0,1,1,1
original_bare,immediate,HumanEval/153,4,4,6,0,12.374999962747097,0.0,0.25,0.0,1,1,1
original_bare,immediate,HumanEval/153,4,4,7,0,12.750000456348062,0.0,0.25,0.0,1,1,1
original_bare,immediate,HumanEval/153,4,4,8,0,12.375000001862645,0.0,0.25,0.0,1,1,1
original_bare,rts,HumanEval/153,4,4,0,1,13.8125,0.0,-9.375,0.0,1,1,1
original_bare,rts,HumanEval/153,4,4,1,1,19.60546875,0.0,-9.375,0.0,1,1,1
original_bare,rts,HumanEval/153,4,4,2,1,19.421875,0.0,-9.375,0.0,1,1,1
original_bare,rts,HumanEval/153,4,4,3,1,21.109375,0.0,-9.375,0.0,1,1,1
original_bare,rts,HumanEval/153,4,4,4,1,23.21875,0.0,-9.375,0.0,1,1,1
original_bare,rts,HumanEval/153,4,4,5,0,24.84375,0.0,-9.375,0.0,1,1,1
original_bare,rts,HumanEval/153,4,4,6,0,20.703125,0.0,-9.375,0.0,1,1,1
original_bare,rts,HumanEval/153,4,4,7,0,19.123046875,0.0,-9.375,0.0,1,1,1
original_bare,rts,HumanEval/153,4,4,8,0,26.71875,0.0,-9.375,0.0,1,1,1
original_bare,immediate,HumanEval/158,8,1,0,1,8.75000038757571,0.0,0.0,0.0,1,1,1
original_bare,immediate,HumanEval/158,8,1,1,1,16.499999130843207,0.0,0.0,0.0,1,1,1
original_bare,immediate,HumanEval/158,8,1,2,1,15.62499962002039,0.0,0.0,0.0,1,1,1
original_bare,immediate,HumanEval/158,8,1,3,1,15.7499999726424,0.0,0.0,0.0,1,1,1
original_bare,immediate,HumanEval/158,8,1,4,1,16.25000046507921,0.0,0.0,0.0,1,1,1
original_bare,immediate,HumanEval/158,8,1,5,1,16.249999969732016,0.0,0.0,0.0,1,1,1
original_bare,immediate,HumanEval/158,8,1,6,1,16.37499995296821,0.0,0.0,0.0,1,1,1
original_bare,immediate,HumanEval/158,8,1,7,1,15.874999762047082,0.0,0.0,0.0,1,1,1
original_bare,immediate,HumanEval/158,8,1,8,1,17.125000159314368,0.0,0.0,0.0,1,1,1
original_bare,rts,HumanEval/158,8,1,0,1,16.03125,0.0,-9.937498092651367,0.0,1,1,1
original_bare,rts,HumanEval/158,8,1,1,1,16.59375,0.0,-9.937498092651367,0.0,1,1,1
original_bare,rts,HumanEval/158,8,1,2,1,19.69921875,0.0,-9.937498092651367,0.0,1,1,1
original_bare,rts,HumanEval/158,8,1,3,1,19.7109375,0.0,-9.937498092651367,0.0,1,1,1
original_bare,rts,HumanEval/158,8,1,4,1,19.015625,0.0,-9.937498092651367,0.0,1,1,1
original_bare,rts,HumanEval/158,8,1,5,1,21.109375,0.0,-9.937498092651367,0.0,1,1,1
original_bare,rts,HumanEval/158,8,1,6,1,21.546875,0.0,-9.937498092651367,0.0,1,1,1
original_bare,rts,HumanEval/158,8,1,7,1,20.0625,0.0,-9.937498092651367,0.0,1,1,1
original_bare,rts,HumanEval/158,8,1,8,1,20.8125,0.0,-9.937498092651367,0.0,1,1,1
original_bare,immediate,HumanEval/16,0,4,0,1,-10.250000341620762,0.0,0.25,0.0,0,0,0
original_bare,immediate,HumanEval/16,0,4,1,0,-8.999999894411303,0.0,0.25,0.0,0,0,0
original_bare,immediate,HumanEval/16,0,4,2,0,-9.999999904539436,0.0,0.25,0.0,0,0,0
original_bare,immediate,HumanEval/16,0,4,3,0,-9.750000207452103,0.0,0.25,0.0,0,0,0
original_bare,immediate,HumanEval/16,0,4,4,0,-9.99999984074384,0.0,0.25,0.0,0,0,0
original_bare,immediate,HumanEval/16,0,4,5,0,-9.249999836087227,0.0,0.25,0.0,0,0,0
original_bare,immediate,HumanEval/16,0,4,6,0,-8.999999718740582,0.0,0.25,0.0,0,0,0
original_bare,immediate,HumanEval/16,0,4,7,0,-9.749999542720616,0.0,0.25,0.0,0,0,0
original_bare,immediate,HumanEval/16,0,4,8,0,-14.749999698949978,0.0,0.25,0.0,0,0,0
original_bare,rts,HumanEval/16,0,4,0,1,18.546875,0.0,-9.375,0.0,1,1,1
original_bare,rts,HumanEval/16,0,4,1,0,-18.5546875,0.0,-9.375,0.0,0,0,0
original_bare,rts,HumanEval/16,0,4,2,0,-22.30859375,0.0,-9.375,0.0,0,0,0
original_bare,rts,HumanEval/16,0,4,3,0,-19.359375,0.0,-9.375,0.0,0,0,0
original_bare,rts,HumanEval/16,0,4,4,0,-19.890625,0.0,-9.375,0.0,0,0,0
original_bare,rts,HumanEval/16,0,4,5,0,-20.140625,0.0,-9.375,0.0,0,0,0
original_bare,rts,HumanEval/16,0,4,6,0,-23.296875,0.0,-9.375,0.0,0,0,0
original_bare,rts,HumanEval/16,0,4,7,0,-22.359375,0.0,-9.375,0.0,0,0,0
original_bare,rts,HumanEval/16,0,4,8,0,-19.8671875,0.0,-9.375,0.0,0,0,0
original_bare,immediate,HumanEval/163,2,0,0,1,-9.749999917228706,0.0,0.25,-14.62499952881626,0,0,1
original_bare,immediate,HumanEval/163,2,0,1,1,-13.000000003681635,0.0,0.25,-14.62499952881626,0,0,1
original_bare,immediate,HumanEval/163,2,0,2,1,-14.62499952881626,0.0,0.25,-14.62499952881626,0,0,1
original_bare,immediate,HumanEval/163,2,0,3,0,-15.374999767111149,0.0,0.25,-14.62499952881626,0,0,0
original_bare,immediate,HumanEval/163,2,0,4,0,-15.625000003361492,0.0,0.25,-14.62499952881626,0,0,0
original_bare,immediate,HumanEval/163,2,0,5,0,-15.87499964874587,0.0,0.25,-14.62499952881626,0,0,0
original_bare,immediate,HumanEval/163,2,0,6,0,-16.12500048016227,0.0,0.25,-14.62499952881626,0,0,0
original_bare,immediate,HumanEval/163,2,0,7,0,-16.624999884646968,0.0,0.25,-14.62499952881626,0,0,0
original_bare,immediate,HumanEval/163,2,0,8,0,-17.874999762640073,0.0,0.25,-14.62499952881626,0,0,0
original_bare,rts,HumanEval/163,2,0,0,1,8.187498092651367,0.0,-11.3125,0.0,1,1,1
original_bare,rts,HumanEval/163,2,0,1,1,-13.9375,0.0,-11.3125,0.0,0,0,0
original_bare,rts,HumanEval/163,2,0,2,1,-10.75,0.0,-11.3125,0.0,0,1,0
original_bare,rts,HumanEval/163,2,0,3,0,-10.8125,0.0,-11.3125,0.0,0,1,0
original_bare,rts,HumanEval/163,2,0,4,0,-10.625001907348633,0.0,-11.3125,0.0,0,1,0
original_bare,rts,HumanEval/163,2,0,5,0,-11.0625,0.0,-11.3125,0.0,0,1,0
original_bare,rts,HumanEval/163,2,0,6,0,-12.65625,0.0,-11.3125,0.0,0,0,0
original_bare,rts,HumanEval/163,2,0,7,0,-9.999998092651367,0.0,-11.3125,0.0,0,1,0
original_bare,rts,HumanEval/163,2,0,8,0,-18.890625,0.0,-11.3125,0.0,0,0,0
original_bare,immediate,HumanEval/18,0,3,0,1,-4.999999933876097,0.0,0.25,0.0,0,0,0
original_bare,immediate,HumanEval/18,0,3,1,0,-4.249999828636646,0.0,0.25,0.0,0,0,0
original_bare,immediate,HumanEval/18,0,3,2,0,-7.500000088475645,0.0,0.25,0.0,0,0,0
original_bare,immediate,HumanEval/18,0,3,3,0,-7.249999980442226,0.0,0.25,0.0,0,0,0
original_bare,immediate,HumanEval/18,0,3,4,0,-7.500000108033419,0.0,0.25,0.0,0,0,0
original_bare,immediate,HumanEval/18,0,3,5,0,-6.999999791383743,0.0,0.25,0.0,0,0,0
original_bare,immediate,HumanEval/18,0,3,6,0,-6.500000176951289,0.0,0.25,0.0,0,0,0
original_bare,immediate,HumanEval/18,0,3,7,0,-6.4999998807907104,0.0,0.25,0.0,0,0,0
original_bare,immediate,HumanEval/18,0,3,8,0,-10.249999996740371,0.0,0.25,0.0,0,0,0
original_bare,rts,HumanEval/18,0,3,0,1,9.124998092651367,0.0,-9.937498092651367,16.609375000000004,1,1,0
original_bare,rts,HumanEval/18,0,3,1,0,8.4375,0.0,-9.937498092651367,16.609375000000004,1,1,0
original_bare,rts,HumanEval/18,0,3,2,0,16.609375,0.0,-9.937498092651367,16.609375000000004,1,1,0
original_bare,rts,HumanEval/18,0,3,3,0,-12.312498092651367,0.0,-9.937498092651367,16.609375000000004,0,0,0
original_bare,rts,HumanEval/18,0,3,4,0,-13.125,0.0,-9.937498092651367,16.609375000000004,0,0,0
original_bare,rts,HumanEval/18,0,3,5,0,8.374998092651367,0.0,-9.937498092651367,16.609375000000004,1,1,0
original_bare,rts,HumanEval/18,0,3,6,0,8.249998092651367,0.0,-9.937498092651367,16.609375000000004,1,1,0
original_bare,rts,HumanEval/18,0,3,7,0,1.0,0.0,-9.937498092651367,16.609375000000004,1,1,0
original_bare,rts,HumanEval/18,0,3,8,0,9.8125,0.0,-9.937498092651367,16.609375000000004,1,1,0
original_bare,immediate,HumanEval/19,8,4,0,1,7.750000013387762,0.0,0.25,0.0,1,1,1
original_bare,immediate,HumanEval/19,8,4,1,1,20.375000842279405,0.0,0.25,0.0,1,1,1
original_bare,immediate,HumanEval/19,8,4,2,1,18.749999417195795,0.0,0.25,0.0,1,1,1
original_bare,immediate,HumanEval/19,8,4,3,1,18.375000499145244,0.0,0.25,0.0,1,1,1
original_bare,immediate,HumanEval/19,8,4,4,1,19.24999964732706,0.0,0.25,0.0,1,1,1
original_bare,immediate,HumanEval/19,8,4,5,1,19.250000132640707,0.0,0.25,0.0,1,1,1
original_bare,immediate,HumanEval/19,8,4,6,1,19.24999988572381,0.0,0.25,0.0,1,1,1
original_bare,immediate,HumanEval/19,8,4,7,1,19.375000717074727,0.0,0.25,0.0,1,1,1
original_bare,immediate,HumanEval/19,8,4,8,1,20.25000083470877,0.0,0.25,0.0,1,1,1
original_bare,rts,HumanEval/19,8,4,0,1,16.40625,0.0,-9.375,0.0,1,1,1
original_bare,rts,HumanEval/19,8,4,1,1,21.1796875,0.0,-9.375,0.0,1,1,1
original_bare,rts,HumanEval/19,8,4,2,1,19.875,0.0,-9.375,0.0,1,1,1
original_bare,rts,HumanEval/19,8,4,3,1,21.75,0.0,-9.375,0.0,1,1,1
original_bare,rts,HumanEval/19,8,4,4,1,22.53125,0.0,-9.375,0.0,1,1,1
original_bare,rts,HumanEval/19,8,4,5,1,23.640625,0.0,-9.375,0.0,1,1,1
original_bare,rts,HumanEval/19,8,4,6,1,21.78125,0.0,-9.375,0.0,1,1,1
original_bare,rts,HumanEval/19,8,4,7,1,22.5,0.0,-9.375,0.0,1,1,1
original_bare,rts,HumanEval/19,8,4,8,1,26.5,0.0,-9.375,0.0,1,1,1
original_bare,immediate,HumanEval/22,8,1,0,1,9.499999630264938,0.0,0.0,0.0,1,1,1
original_bare,immediate,HumanEval/22,8,1,1,1,21.25000074505806,0.0,0.0,0.0,1,1,1
original_bare,immediate,HumanEval/22,8,1,2,1,19.999999159947038,0.0,0.0,0.0,1,1,1
original_bare,immediate,HumanEval/22,8,1,3,1,19.625000489875674,0.0,0.0,0.0,1,1,1
original_bare,immediate,HumanEval/22,8,1,4,1,19.87499919347465,0.0,0.0,0.0,1,1,1
original_bare,immediate,HumanEval/22,8,1,5,1,19.87499998137355,0.0,0.0,0.0,1,1,1
original_bare,immediate,HumanEval/22,8,1,6,1,19.875000109896064,0.0,0.0,0.0,1,1,1
original_bare,immediate,HumanEval/22,8,1,7,1,19.49999939277768,0.0,0.0,0.0,1,1,1
original_bare,immediate,HumanEval/22,8,1,8,1,21.375000587664545,0.0,0.0,0.0,1,1,1
original_bare,rts,HumanEval/22,8,1,0,1,15.1875,0.0,-9.937498092651367,0.0,1,1,1
original_bare,rts,HumanEval/22,8,1,1,1,19.37109375,0.0,-9.937498092651367,0.0,1,1,1
original_bare,rts,HumanEval/22,8,1,2,1,20.8828125,0.0,-9.937498092651367,0.0,1,1,1
original_bare,rts,HumanEval/22,8,1,3,1,20.9375,0.0,-9.937498092651367,0.0,1,1,1
original_bare,rts,HumanEval/22,8,1,4,1,21.0546875,0.0,-9.937498092651367,0.0,1,1,1
original_bare,rts,HumanEval/22,8,1,5,1,20.53759765625,0.0,-9.937498092651367,0.0,1,1,1
original_bare,rts,HumanEval/22,8,1,6,1,20.705078125,0.0,-9.937498092651367,0.0,1,1,1
original_bare,rts,HumanEval/22,8,1,7,1,21.09765625,0.0,-9.937498092651367,0.0,1,1,1
original_bare,rts,HumanEval/22,8,1,8,1,25.75,0.0,-9.937498092651367,0.0,1,1,1
original_bare,immediate,HumanEval/23,8,1,0,1,-1.2499999701976776,0.0,0.0,-6.749999894527718,0,0,1
original_bare,immediate,HumanEval/23,8,1,1,1,-4.49999978300184,0.0,0.0,-6.749999894527718,0,0,1
original_bare,immediate,HumanEval/23,8,1,2,1,-6.250000002793968,0.0,0.0,-6.749999894527718,0,0,1
original_bare,immediate,HumanEval/23,8,1,3,1,-6.000000022351742,0.0,0.0,-6.749999894527718,0,0,1
original_bare,immediate,HumanEval/23,8,1,4,1,-5.9999997755512595,0.0,0.0,-6.749999894527718,0,0,1
original_bare,immediate,HumanEval/23,8,1,5,1,-4.750000078231096,0.0,0.0,-6.749999894527718,0,0,1
original_bare,immediate,HumanEval/23,8,1,6,1,-4.250000070780516,0.0,0.0,-6.749999894527718,0,0,1
original_bare,immediate,HumanEval/23,8,1,7,1,-3.2499998919665813,0.0,0.0,-6.749999894527718,0,0,1
original_bare,immediate,HumanEval/23,8,1,8,1,-6.749999894527718,0.0,0.0,-6.749999894527718,0,0,1
original_bare,rts,HumanEval/23,8,1,0,1,11.375001907348633,0.0,-9.937498092651367,-16.1875,1,1,1
original_bare,rts,HumanEval/23,8,1,1,1,-11.3125,0.0,-9.937498092651367,-16.1875,0,0,1
original_bare,rts,HumanEval/23,8,1,2,1,17.30859375,0.0,-9.937498092651367,-16.1875,1,1,1
original_bare,rts,HumanEval/23,8,1,3,1,14.875,0.0,-9.937498092651367,-16.1875,1,1,1
original_bare,rts,HumanEval/23,8,1,4,1,-16.1875,0.0,-9.937498092651367,-16.1875,0,0,1
original_bare,rts,HumanEval/23,8,1,5,1,18.3828125,0.0,-9.937498092651367,-16.1875,1,1,1
original_bare,rts,HumanEval/23,8,1,6,1,19.640625,0.0,-9.937498092651367,-16.1875,1,1,1
original_bare,rts,HumanEval/23,8,1,7,1,17.796875,0.0,-9.937498092651367,-16.1875,1,1,1
original_bare,rts,HumanEval/23,8,1,8,1,-15.46875,0.0,-9.937498092651367,-16.1875,0,0,1
original_bare,immediate,HumanEval/24,1,2,0,1,-2.2500000298023224,0.0,-0.9999999701976776,2.7500000670552254,0,0,0
original_bare,immediate,HumanEval/24,1,2,1,1,2.7500000670552254,0.0,-0.9999999701976776,2.7500000670552254,1,1,1
original_bare,immediate,HumanEval/24,1,2,2,0,0.4999999403953552,0.0,-0.9999999701976776,2.7500000670552254,1,1,0
original_bare,immediate,HumanEval/24,1,2,3,0,0.25,0.0,-0.9999999701976776,2.7500000670552254,1,1,0
original_bare,immediate,HumanEval/24,1,2,4,0,-0.5,0.0,-0.9999999701976776,2.7500000670552254,0,1,0
original_bare,immediate,HumanEval/24,1,2,5,0,-0.25,0.0,-0.9999999701976776,2.7500000670552254,0,1,0
original_bare,immediate,HumanEval/24,1,2,6,0,-0.25,0.0,-0.9999999701976776,2.7500000670552254,0,1,0
original_bare,immediate,HumanEval/24,1,2,7,0,-0.25,0.0,-0.9999999701976776,2.7500000670552254,0,1,0
original_bare,immediate,HumanEval/24,1,2,8,0,-4.000000081956387,0.0,-0.9999999701976776,2.7500000670552254,0,0,0
original_bare,rts,HumanEval/24,1,2,0,1,13.78125,0.0,-9.937498092651367,24.5625,1,1,0
original_bare,rts,HumanEval/24,1,2,1,1,24.5625,0.0,-9.937498092651367,24.5625,1,1,1
original_bare,rts,HumanEval/24,1,2,2,0,22.984375,0.0,-9.937498092651367,24.5625,1,1,0
original_bare,rts,HumanEval/24,1,2,3,0,-11.812498092651367,0.0,-9.937498092651367,24.5625,0,0,0
original_bare,rts,HumanEval/24,1,2,4,0,15.78125,0.0,-9.937498092651367,24.5625,1,1,0
original_bare,rts,HumanEval/24,1,2,5,0,-17.5625,0.0,-9.937498092651367,24.5625,0,0,0
original_bare,rts,HumanEval/24,1,2,6,0,24.03125,0.0,-9.937498092651367,24.5625,1,1,0
original_bare,rts,HumanEval/24,1,2,7,0,22.25,0.0,-9.937498092651367,24.5625,1,1,0
original_bare,rts,HumanEval/24,1,2,8,0,-16.625,0.0,-9.937498092651367,24.5625,0,0,0
original_bare,immediate,HumanEval/25,0,4,0,1,-11.749999762774678,0.0,0.25,-11.749999762774678,0,0,1
original_bare,immediate,HumanEval/25,0,4,1,0,-13.249999881125404,0.0,0.25,-11.749999762774678,0,0,0
original_bare,immediate,HumanEval/25,0,4,2,0,-12.74999964397648,0.0,0.25,-11.749999762774678,0,0,0
original_bare,immediate,HumanEval/25,0,4,3,0,-12.750000239411747,0.0,0.25,-11.749999762774678,0,0,0
original_bare,immediate,HumanEval/25,0,4,4,0,-13.374999881598342,0.0,0.25,-11.749999762774678,0,0,0
original_bare,immediate,HumanEval/25,0,4,5,0,-12.875000361702405,0.0,0.25,-11.749999762774678,0,0,0
original_bare,immediate,HumanEval/25,0,4,6,0,-13.249999767205736,0.0,0.25,-11.749999762774678,0,0,0
original_bare,immediate,HumanEval/25,0,4,7,0,-14.500000246436684,0.0,0.25,-11.749999762774678,0,0,0
original_bare,immediate,HumanEval/25,0,4,8,0,-17.375000357882527,0.0,0.25,-11.749999762774678,0,0,0
original_bare,rts,HumanEval/25,0,4,0,1,-8.625,0.0,-9.375,0.0,0,1,0
original_bare,rts,HumanEval/25,0,4,1,0,-1.875,0.0,-9.375,0.0,0,1,0
original_bare,rts,HumanEval/25,0,4,2,0,-18.0,0.0,-9.375,0.0,0,0,0
original_bare,rts,HumanEval/25,0,4,3,0,-18.1875,0.0,-9.375,0.0,0,0,0
original_bare,rts,HumanEval/25,0,4,4,0,-21.960693359375,0.0,-9.375,0.0,0,0,0
original_bare,rts,HumanEval/25,0,4,5,0,-22.576171875,0.0,-9.375,0.0,0,0,0
original_bare,rts,HumanEval/25,0,4,6,0,-17.03125,0.0,-9.375,0.0,0,0,0
original_bare,rts,HumanEval/25,0,4,7,0,-19.203125,0.0,-9.375,0.0,0,0,0
original_bare,rts,HumanEval/25,0,4,8,0,-23.47265625,0.0,-9.375,0.0,0,0,0
original_bare,immediate,HumanEval/27,3,0,0,1,-6.250000202096999,0.0,0.25,-9.250000310712494,0,0,1
original_bare,immediate,HumanEval/27,3,0,1,1,-7.9999999010469764,0.0,0.25,-9.250000310712494,0,0,1
original_bare,immediate,HumanEval/27,3,0,2,1,-9.000000069499947,0.0,0.25,-9.250000310712494,0,0,1
original_bare,immediate,HumanEval/27,3,0,3,1,-9.250000310712494,0.0,0.25,-9.250000310712494,0,0,1
original_bare,immediate,HumanEval/27,3,0,4,0,-9.750000269821612,0.0,0.25,-9.250000310712494,0,0,0
original_bare,immediate,HumanEval/27,3,0,5,0,-9.499999934632797,0.0,0.25,-9.250000310712494,0,0,0
original_bare,immediate,HumanEval/27,3,0,6,0,-8.999999962194124,0.0,0.25,-9.250000310712494,0,0,1
original_bare,immediate,HumanEval/27,3,0,7,0,-9.500000092870323,0.0,0.25,-9.250000310712494,0,0,0
original_bare,immediate,HumanEval/27,3,0,8,0,-11.999999645609932,0.0,0.25,-9.250000310712494,0,0,0
original_bare,rts,HumanEval/27,3,0,0,1,10.562498092651367,0.0,-11.3125,0.0,1,1,1
original_bare,rts,HumanEval/27,3,0,1,1,-19.484375,0.0,-11.3125,0.0,0,0,0
original_bare,rts,HumanEval/27,3,0,2,1,-18.078125,0.0,-11.3125,0.0,0,0,0
original_bare,rts,HumanEval/27,3,0,3,1,-20.15234375,0.0,-11.3125,0.0,0,0,0
original_bare,rts,HumanEval/27,3,0,4,0,-18.171875,0.0,-11.3125,0.0,0,0,0
original_bare,rts,HumanEval/27,3,0,5,0,-17.828125,0.0,-11.3125,0.0,0,0,0
original_bare,rts,HumanEval/27,3,0,6,0,-18.8984375,0.0,-11.3125,0.0,0,0,0
original_bare,rts,HumanEval/27,3,0,7,0,-15.390625,0.0,-11.3125,0.0,0,0,0
original_bare,rts,HumanEval/27,3,0,8,0,-16.71875,0.0,-11.3125,0.0,0,0,0
original_bare,immediate,HumanEval/28,8,0,0,1,16.12499913596548,0.0,0.25,0.0,1,1,1
original_bare,immediate,HumanEval/28,8,0,1,1,22.24999958963599,0.0,0.25,0.0,1,1,1
original_bare,immediate,HumanEval/28,8,0,2,1,21.500000782776624,0.0,0.25,0.0,1,1,1
original_bare,immediate,HumanEval/28,8,0,3,1,21.625000800704584,0.0,0.25,0.0,1,1,1
original_bare,immediate,HumanEval/28,8,0,4,1,21.749999586725608,0.0,0.25,0.0,1,1,1
original_bare,immediate,HumanEval/28,8,0,5,1,21.999999467632733,0.0,0.25,0.0,1,1,1
original_bare,immediate,HumanEval/28,8,0,6,1,21.750000537955202,0.0,0.25,0.0,1,1,1
original_bare,immediate,HumanEval/28,8,0,7,1,20.999999942432623,0.0,0.25,0.0,1,1,1
original_bare,immediate,HumanEval/28,8,0,8,1,23.12500003463356,0.0,0.25,0.0,1,1,1
original_bare,rts,HumanEval/28,8,0,0,1,15.71875,0.0,-11.3125,0.0,1,1,1
original_bare,rts,HumanEval/28,8,0,1,1,20.8671875,0.0,-11.3125,0.0,1,1,1
original_bare,rts,HumanEval/28,8,0,2,1,19.625,0.0,-11.3125,0.0,1,1,1
original_bare,rts,HumanEval/28,8,0,3,1,22.484375,0.0,-11.3125,0.0,1,1,1
original_bare,rts,HumanEval/28,8,0,4,1,22.71875,0.0,-11.3125,0.0,1,1,1
original_bare,rts,HumanEval/28,8,0,5,1,23.71875,0.0,-11.3125,0.0,1,1,1
original_bare,rts,HumanEval/28,8,0,6,1,24.03125,0.0,-11.3125,0.0,1,1,1
original_bare,rts,HumanEval/28,8,0,7,1,23.5,0.0,-11.3125,0.0,1,1,1
original_bare,rts,HumanEval/28,8,0,8,1,27.5625,0.0,-11.3125,0.0,1,1,1
original_bare,immediate,HumanEval/3,8,0,0,1,18.374999234452844,0.0,0.25,0.0,1,1,1
original_bare,immediate,HumanEval/3,8,0,1,1,21.375000067055225,0.0,0.25,0.0,1,1,1
original_bare,immediate,HumanEval/3,8,0,2,1,20.50000077765435,0.0,0.25,0.0,1,1,1
original_bare,immediate,HumanEval/3,8,0,3,1,20.750000074505806,0.0,0.25,0.0,1,1,1
original_bare,immediate,HumanEval/3,8,0,4,1,20.75000021327287,0.0,0.25,0.0,1,1,1
original_bare,immediate,HumanEval/3,8,0,5,1,20.750000504776835,0.0,0.25,0.0,1,1,1
original_bare,immediate,HumanEval/3,8,0,6,1,20.624999640509486,0.0,0.25,0.0,1,1,1
original_bare,immediate,HumanEval/3,8,0,7,1,20.375000714324415,0.0,0.25,0.0,1,1,1
original_bare,immediate,HumanEval/3,8,0,8,1,22.000000392086804,0.0,0.25,0.0,1,1,1
original_bare,rts,HumanEval/3,8,0,0,1,16.84375,0.0,-11.3125,0.0,1,1,1
original_bare,rts,HumanEval/3,8,0,1,1,20.625,0.0,-11.3125,0.0,1,1,1
original_bare,rts,HumanEval/3,8,0,2,1,20.171875,0.0,-11.3125,0.0,1,1,1
original_bare,rts,HumanEval/3,8,0,3,1,20.03125,0.0,-11.3125,0.0,1,1,1
original_bare,rts,HumanEval/3,8,0,4,1,20.921875,0.0,-11.3125,0.0,1,1,1
original_bare,rts,HumanEval/3,8,0,5,1,22.046875,0.0,-11.3125,0.0,1,1,1
original_bare,rts,HumanEval/3,8,0,6,1,21.5,0.0,-11.3125,0.0,1,1,1
original_bare,rts,HumanEval/3,8,0,7,1,18.2109375,0.0,-11.3125,0.0,1,1,1
original_bare,rts,HumanEval/3,8,0,8,1,25.0625,0.0,-11.3125,0.0,1,1,1
original_bare,immediate,HumanEval/33,0,0,0,1,-8.000000260770321,0.0,0.25,0.0,0,0,0
original_bare,immediate,HumanEval/33,0,0,1,0,-7.750000172061846,0.0,0.25,0.0,0,0,0
original_bare,immediate,HumanEval/33,0,0,2,0,-8.75000032223761,0.0,0.25,0.0,0,0,0
original_bare,immediate,HumanEval/33,0,0,3,0,-9.000000064261258,0.0,0.25,0.0,0,0,0
original_bare,immediate,HumanEval/33,0,0,4,0,-9.250000427942723,0.0,0.25,0.0,0,0,0
original_bare,immediate,HumanEval/33,0,0,5,0,-8.999999680090696,0.0,0.25,0.0,0,0,0
original_bare,immediate,HumanEval/33,0,0,6,0,-9.000000458676368,0.0,0.25,0.0,0,0,0
original_bare,immediate,HumanEval/33,0,0,7,0,-9.499999901279807,0.0,0.25,0.0,0,0,0
original_bare,immediate,HumanEval/33,0,0,8,0,-12.500000356230885,0.0,0.25,0.0,0,0,0
original_bare,rts,HumanEval/33,0,0,0,1,5.937501907348633,0.0,-11.3125,0.0,1,1,1
original_bare,rts,HumanEval/33,0,0,1,0,-17.21875,0.0,-11.3125,0.0,0,0,0
original_bare,rts,HumanEval/33,0,0,2,0,-18.625,0.0,-11.3125,0.0,0,0,0
original_bare,rts,HumanEval/33,0,0,3,0,-18.125,0.0,-11.3125,0.0,0,0,0
original_bare,rts,HumanEval/33,0,0,4,0,-17.90625,0.0,-11.3125,0.0,0,0,0
original_bare,rts,HumanEval/33,0,0,5,0,-18.296875,0.0,-11.3125,0.0,0,0,0
original_bare,rts,HumanEval/33,0,0,6,0,-18.625,0.0,-11.3125,0.0,0,0,0
original_bare,rts,HumanEval/33,0,0,7,0,-19.28125,0.0,-11.3125,0.0,0,0,0
original_bare,rts,HumanEval/33,0,0,8,0,-17.5625,0.0,-11.3125,0.0,0,0,0
original_bare,immediate,HumanEval/36,1,2,0,1,8.499999577761628,0.0,-0.9999999701976776,18.250000020023435,1,1,0
original_bare,immediate,HumanEval/36,1,2,1,1,18.250000020023435,0.0,-0.9999999701976776,18.250000020023435,1,1,1
original_bare,immediate,HumanEval/36,1,2,2,0,16.49999954015948,0.0,-0.9999999701976776,18.250000020023435,1,1,0
original_bare,immediate,HumanEval/36,1,2,3,0,16.624999181600288,0.0,-0.9999999701976776,18.250000020023435,1,1,0
original_bare,immediate,HumanEval/36,1,2,4,0,16.875000833068043,0.0,-0.9999999701976776,18.250000020023435,1,1,0
original_bare,immediate,HumanEval/36,1,2,5,0,17.000000786967576,0.0,-0.9999999701976776,18.250000020023435,1,1,0
original_bare,immediate,HumanEval/36,1,2,6,0,17.124999509193003,0.0,-0.9999999701976776,18.250000020023435,1,1,0
original_bare,immediate,HumanEval/36,1,2,7,0,16.374999937368557,0.0,-0.9999999701976776,18.250000020023435,1,1,0
original_bare,immediate,HumanEval/36,1,2,8,0,18.12499982333975,0.0,-0.9999999701976776,18.250000020023435,1,1,0
original_bare,rts,HumanEval/36,1,2,0,1,11.625,0.0,-9.937498092651367,23.937500000000004,1,1,0
original_bare,rts,HumanEval/36,1,2,1,1,19.416015625,0.0,-9.937498092651367,23.937500000000004,1,1,0
original_bare,rts,HumanEval/36,1,2,2,0,18.51171875,0.0,-9.937498092651367,23.937500000000004,1,1,0
original_bare,rts,HumanEval/36,1,2,3,0,20.8125,0.0,-9.937498092651367,23.937500000000004,1,1,0
original_bare,rts,HumanEval/36,1,2,4,0,23.9375,0.0,-9.937498092651367,23.937500000000004,1,1,0
original_bare,rts,HumanEval/36,1,2,5,0,11.5,0.0,-9.937498092651367,23.937500000000004,1,1,0
original_bare,rts,HumanEval/36,1,2,6,0,22.59375,0.0,-9.937498092651367,23.937500000000004,1,1,0
original_bare,rts,HumanEval/36,1,2,7,0,18.67578125,0.0,-9.937498092651367,23.937500000000004,1,1,0
original_bare,rts,HumanEval/36,1,2,8,0,19.97265625,0.0,-9.937498092651367,23.937500000000004,1,1,0
original_bare,immediate,HumanEval/38,0,3,0,1,-10.500000214437023,0.0,0.25,-10.500000214437023,0,0,1
original_bare,immediate,HumanEval/38,0,3,1,0,-14.749999998370185,0.0,0.25,-10.500000214437023,0,0,0
original_bare,immediate,HumanEval/38,0,3,2,0,-15.499999769032001,0.0,0.25,-10.500000214437023,0,0,0
original_bare,immediate,HumanEval/38,0,3,3,0,-15.374999607098289,0.0,0.25,-10.500000214437023,0,0,0
original_bare,immediate,HumanEval/38,0,3,4,0,-15.62500008312054,0.0,0.25,-10.500000214437023,0,0,0
original_bare,immediate,HumanEval/38,0,3,5,0,-15.124999617692083,0.0,0.25,-10.500000214437023,0,0,0
original_bare,immediate,HumanEval/38,0,3,6,0,-15.500000345287845,0.0,0.25,-10.500000214437023,0,0,0
original_bare,immediate,HumanEval/38,0,3,7,0,-15.500000178581104,0.0,0.25,-10.500000214437023,0,0,0
original_bare,immediate,HumanEval/38,0,3,8,0,-17.125000773230568,0.0,0.25,-10.500000214437023,0,0,0
original_bare,rts,HumanEval/38,0,3,0,1,19.7890625,0.0,-9.937498092651367,0.0,1,1,1
original_bare,rts,HumanEval/38,0,3,1,0,-20.890625,0.0,-9.937498092651367,0.0,0,0,0
original_bare,rts,HumanEval/38,0,3,2,0,-16.953125,0.0,-9.937498092651367,0.0,0,0,0
original_bare,rts,HumanEval/38,0,3,3,0,-19.2265625,0.0,-9.937498092651367,0.0,0,0,0
original_bare,rts,HumanEval/38,0,3,4,0,-20.28125,0.0,-9.937498092651367,0.0,0,0,0
original_bare,rts,HumanEval/38,0,3,5,0,-20.21875,0.0,-9.937498092651367,0.0,0,0,0
original_bare,rts,HumanEval/38,0,3,6,0,-20.470703125,0.0,-9.937498092651367,0.0,0,0,0
original_bare,rts,HumanEval/38,0,3,7,0,-21.08984375,0.0,-9.937498092651367,0.0,0,0,0
original_bare,rts,HumanEval/38,0,3,8,0,-19.7890625,0.0,-9.937498092651367,0.0,0,0,0
original_bare,immediate,HumanEval/42,8,3,0,1,10.875000071711838,0.0,0.25,0.0,1,1,1
original_bare,immediate,HumanEval/42,8,3,1,1,20.50000011175871,0.0,0.25,0.0,1,1,1
original_bare,immediate,HumanEval/42,8,3,2,1,17.375000342726707,0.0,0.25,0.0,1,1,1
original_bare,immediate,HumanEval/42,8,3,3,1,15.875000424683094,0.0,0.25,0.0,1,1,1
original_bare,immediate,HumanEval/42,8,3,4,1,13.375000320374966,0.0,0.25,0.0,1,1,1
original_bare,immediate,HumanEval/42,8,3,5,1,13.999999769032001,0.0,0.25,0.0,1,1,1
original_bare,immediate,HumanEval/42,8,3,6,1,13.000000208616257,0.0,0.25,0.0,1,1,1
original_bare,immediate,HumanEval/42,8,3,7,1,14.499999575316906,0.0,0.25,0.0,1,1,1
original_bare,immediate,HumanEval/42,8,3,8,1,17.624999824911356,0.0,0.25,0.0,1,1,1
original_bare,rts,HumanEval/42,8,3,0,1,14.0625,0.0,-9.937498092651367,0.0,1,1,1
original_bare,rts,HumanEval/42,8,3,1,1,19.4453125,0.0,-9.937498092651367,0.0,1,1,1
original_bare,rts,HumanEval/42,8,3,2,1,21.625,0.0,-9.937498092651367,0.0,1,1,1
original_bare,rts,HumanEval/42,8,3,3,1,21.6875,0.0,-9.937498092651367,0.0,1,1,1
original_bare,rts,HumanEval/42,8,3,4,1,23.453125,0.0,-9.937498092651367,0.0,1,1,1
original_bare,rts,HumanEval/42,8,3,5,1,25.375,0.0,-9.937498092651367,0.0,1,1,1
original_bare,rts,HumanEval/42,8,3,6,1,25.3125,0.0,-9.937498092651367,0.0,1,1,1
original_bare,rts,HumanEval/42,8,3,7,1,21.95703125,0.0,-9.937498092651367,0.0,1,1,1
original_bare,rts,HumanEval/42,8,3,8,1,9.249998092651367,0.0,-9.937498092651367,0.0,1,1,1
original_bare,immediate,HumanEval/43,8,4,0,1,13.375000321306288,0.0,0.25,0.0,1,1,1
original_bare,immediate,HumanEval/43,8,4,1,1,19.37499954365194,0.0,0.25,0.0,1,1,1
original_bare,immediate,HumanEval/43,8,4,2,1,17.87499998882413,0.0,0.25,0.0,1,1,1
original_bare,immediate,HumanEval/43,8,4,3,1,17.37500064074993,0.0,0.25,0.0,1,1,1
original_bare,immediate,HumanEval/43,8,4,4,1,17.249999713152647,0.0,0.25,0.0,1,1,1
original_bare,immediate,HumanEval/43,8,4,5,1,17.125000648200512,0.0,0.25,0.0,1,1,1
original_bare,immediate,HumanEval/43,8,4,6,1,17.000000406056643,0.0,0.25,0.0,1,1,1
original_bare,immediate,HumanEval/43,8,4,7,1,16.49999961256981,0.0,0.25,0.0,1,1,1
original_bare,immediate,HumanEval/43,8,4,8,1,17.749999076128006,0.0,0.25,0.0,1,1,1
original_bare,rts,HumanEval/43,8,4,0,1,17.28125,0.0,-9.375,0.0,1,1,1
original_bare,rts,HumanEval/43,8,4,1,1,21.46875,0.0,-9.375,0.0,1,1,1
original_bare,rts,HumanEval/43,8,4,2,1,17.8125,0.0,-9.375,0.0,1,1,1
original_bare,rts,HumanEval/43,8,4,3,1,17.93359375,0.0,-9.375,0.0,1,1,1
original_bare,rts,HumanEval/43,8,4,4,1,19.22314453125,0.0,-9.375,0.0,1,1,1
original_bare,rts,HumanEval/43,8,4,5,1,21.0859375,0.0,-9.375,0.0,1,1,1
original_bare,rts,HumanEval/43,8,4,6,1,22.859375,0.0,-9.375,0.0,1,1,1
original_bare,rts,HumanEval/43,8,4,7,1,19.5703125,0.0,-9.375,0.0,1,1,1
original_bare,rts,HumanEval/43,8,4,8,1,16.109375,0.0,-9.375,0.0,1,1,1
original_bare,immediate,HumanEval/46,0,3,0,1,4.250000178813934,0.0,0.25,7.749999982304872,1,1,0
original_bare,immediate,HumanEval/46,0,3,1,0,7.749999982304871,0.0,0.25,7.749999982304872,1,1,0
original_bare,immediate,HumanEval/46,0,3,2,0,4.750000096857548,0.0,0.25,7.749999982304872,1,1,0
original_bare,immediate,HumanEval/46,0,3,3,0,4.2499998062849045,0.0,0.25,7.749999982304872,1,1,0
original_bare,immediate,HumanEval/46,0,3,4,0,3.9999997913837433,0.0,0.25,7.749999982304872,1,1,0
original_bare,immediate,HumanEval/46,0,3,5,0,3.499999888241291,0.0,0.25,7.749999982304872,1,1,0
original_bare,immediate,HumanEval/46,0,3,6,0,3.2499999962747097,0.0,0.25,7.749999982304872,1,1,0
original_bare,immediate,HumanEval/46,0,3,7,0,1.5000000447034836,0.0,0.25,7.749999982304872,1,1,0
original_bare,immediate,HumanEval/46,0,3,8,0,1.75,0.0,0.25,7.749999982304872,1,1,0
original_bare,rts,HumanEval/46,0,3,0,1,17.375,0.0,-9.937498092651367,23.781250000000004,1,1,0
original_bare,rts,HumanEval/46,0,3,1,0,17.78125,0.0,-9.937498092651367,23.781250000000004,1,1,0
original_bare,rts,HumanEval/46,0,3,2,0,19.69140625,0.0,-9.937498092651367,23.781250000000004,1,1,0
original_bare,rts,HumanEval/46,0,3,3,0,20.384765625,0.0,-9.937498092651367,23.781250000000004,1,1,0
original_bare,rts,HumanEval/46,0,3,4,0,23.78125,0.0,-9.937498092651367,23.781250000000004,1,1,0
original_bare,rts,HumanEval/46,0,3,5,0,17.900390625,0.0,-9.937498092651367,23.781250000000004,1,1,0
original_bare,rts,HumanEval/46,0,3,6,0,19.888671875,0.0,-9.937498092651367,23.781250000000004,1,1,0
original_bare,rts,HumanEval/46,0,3,7,0,-16.953125,0.0,-9.937498092651367,23.781250000000004,0,0,0
original_bare,rts,HumanEval/46,0,3,8,0,23.390625,0.0,-9.937498092651367,23.781250000000004,1,1,0
original_bare,immediate,HumanEval/48,8,2,0,1,0.0,0.0,-0.9999999701976776,-9.500000255182385,1,1,1
original_bare,immediate,HumanEval/48,8,2,1,1,-2.500000014901161,0.0,-0.9999999701976776,-9.500000255182385,0,0,1
original_bare,immediate,HumanEval/48,8,2,2,1,-5.749999783933163,0.0,-0.9999999701976776,-9.500000255182385,0,0,1
original_bare,immediate,HumanEval/48,8,2,3,1,-5.250000044703484,0.0,-0.9999999701976776,-9.500000255182385,0,0,1
original_bare,immediate,HumanEval/48,8,2,4,1,-5.500000134110451,0.0,-0.9999999701976776,-9.500000255182385,0,0,1
original_bare,immediate,HumanEval/48,8,2,5,1,-5.249999947845936,0.0,-0.9999999701976776,-9.500000255182385,0,0,1
original_bare,immediate,HumanEval/48,8,2,6,1,-5.750000029802322,0.0,-0.9999999701976776,-9.500000255182385,0,0,1
original_bare,immediate,HumanEval/48,8,2,7,1,-6.50000012665987,0.0,-0.9999999701976776,-9.500000255182385,0,0,1
original_bare,immediate,HumanEval/48,8,2,8,1,-9.500000255182385,0.0,-0.9999999701976776,-9.500000255182385,0,0,1
original_bare,rts,HumanEval/48,8,2,0,1,10.0625,0.0,-9.937498092651367,0.0,1,1,1
original_bare,rts,HumanEval/48,8,2,1,1,16.53125,0.0,-9.937498092651367,0.0,1,1,1
original_bare,rts,HumanEval/48,8,2,2,1,13.921875,0.0,-9.937498092651367,0.0,1,1,1
original_bare,rts,HumanEval/48,8,2,3,1,11.375,0.0,-9.937498092651367,0.0,1,1,1
original_bare,rts,HumanEval/48,8,2,4,1,9.187498092651367,0.0,-9.937498092651367,0.0,1,1,1
original_bare,rts,HumanEval/48,8,2,5,1,13.78125,0.0,-9.937498092651367,0.0,1,1,1
original_bare,rts,HumanEval/48,8,2,6,1,16.140625,0.0,-9.937498092651367,0.0,1,1,1
original_bare,rts,HumanEval/48,8,2,7,1,14.71875,0.0,-9.937498092651367,0.0,1,1,1
original_bare,rts,HumanEval/48,8,2,8,1,20.40625,0.0,-9.937498092651367,0.0,1,1,1
original_bare,immediate,HumanEval/5,0,0,0,1,-8.750000059255399,0.0,0.25,0.0,0,0,0
original_bare,immediate,HumanEval/5,0,0,1,0,-7.25000016449485,0.0,0.25,0.0,0,0,0
original_bare,immediate,HumanEval/5,0,0,2,0,-7.499999984516762,0.0,0.25,0.0,0,0,0
original_bare,immediate,HumanEval/5,0,0,3,0,-7.999999985797331,0.0,0.25,0.0,0,0,0
original_bare,immediate,HumanEval/5,0,0,4,0,-8.499999959254637,0.0,0.25,0.0,0,0,0
original_bare,immediate,HumanEval/5,0,0,5,0,-8.500000292202458,0.0,0.25,0.0,0,0,0
original_bare,immediate,HumanEval/5,0,0,6,0,-7.999999595806003,0.0,0.25,0.0,0,0,0
original_bare,immediate,HumanEval/5,0,0,7,0,-9.249999845866114,0.0,0.25,0.0,0,0,0
original_bare,immediate,HumanEval/5,0,0,8,0,-11.499999608204234,0.0,0.25,0.0,0,0,0
original_bare,rts,HumanEval/5,0,0,0,1,16.015625,0.0,-11.3125,0.0,1,1,1
original_bare,rts,HumanEval/5,0,0,1,0,-16.46875,0.0,-11.3125,0.0,0,0,0
original_bare,rts,HumanEval/5,0,0,2,0,-18.625,0.0,-11.3125,0.0,0,0,0
original_bare,rts,HumanEval/5,0,0,3,0,-18.328125,0.0,-11.3125,0.0,0,0,0
original_bare,rts,HumanEval/5,0,0,4,0,-17.6875,0.0,-11.3125,0.0,0,0,0
original_bare,rts,HumanEval/5,0,0,5,0,-17.875,0.0,-11.3125,0.0,0,0,0
original_bare,rts,HumanEval/5,0,0,6,0,-18.140625,0.0,-11.3125,0.0,0,0,0
original_bare,rts,HumanEval/5,0,0,7,0,-18.390625,0.0,-11.3125,0.0,0,0,0
original_bare,rts,HumanEval/5,0,0,8,0,-19.3359375,0.0,-11.3125,0.0,0,0,0
original_bare,immediate,HumanEval/50,0,1,0,1,-6.000000128522515,0.0,0.0,-6.000000128522515,0,0,1
original_bare,immediate,HumanEval/50,0,1,1,0,-11.500000400817953,0.0,0.0,-6.000000128522515,0,0,0
original_bare,immediate,HumanEval/50,0,1,2,0,-13.249999787600245,0.0,0.0,-6.000000128522515,0,0,0
original_bare,immediate,HumanEval/50,0,1,3,0,-13.62499978717824,0.0,0.0,-6.000000128522515,0,0,0
original_bare,immediate,HumanEval/50,0,1,4,0,-13.875000263898983,0.0,0.0,-6.000000128522515,0,0,0
original_bare,immediate,HumanEval/50,0,1,5,0,-13.500000325526344,0.0,0.0,-6.000000128522515,0,0,0
original_bare,immediate,HumanEval/50,0,1,6,0,-13.750000171741704,0.0,0.0,-6.000000128522515,0,0,0
original_bare,immediate,HumanEval/50,0,1,7,0,-13.874999728956027,0.0,0.0,-6.000000128522515,0,0,0
original_bare,immediate,HumanEval/50,0,1,8,0,-16.000000721091055,0.0,0.0,-6.000000128522515,0,0,0
original_bare,rts,HumanEval/50,0,1,0,1,2.3125,0.0,-9.937498092651367,0.0,1,1,1
original_bare,rts,HumanEval/50,0,1,1,0,-17.28125,0.0,-9.937498092651367,0.0,0,0,0
original_bare,rts,HumanEval/50,0,1,2,0,-20.54296875,0.0,-9.937498092651367,0.0,0,0,0
original_bare,rts,HumanEval/50,0,1,3,0,-21.54296875,0.0,-9.937498092651367,0.0,0,0,0
original_bare,rts,HumanEval/50,0,1,4,0,-17.38671875,0.0,-9.937498092651367,0.0,0,0,0
original_bare,rts,HumanEval/50,0,1,5,0,-20.94140625,0.0,-9.937498092651367,0.0,0,0,0
original_bare,rts,HumanEval/50,0,1,6,0,-20.94140625,0.0,-9.937498092651367,0.0,0,0,0
original_bare,rts,HumanEval/50,0,1,7,0,-21.1484375,0.0,-9.937498092651367,0.0,0,0,0
original_bare,rts,HumanEval/50,0,1,8,0,-22.091796875,0.0,-9.937498092651367,0.0,0,0,0
original_bare,immediate,HumanEval/51,8,4,0,1,10.749999769264832,0.0,0.25,0.0,1,1,1
original_bare,immediate,HumanEval/51,8,4,1,1,19.250000262400135,0.0,0.25,0.0,1,1,1
original_bare,immediate,HumanEval/51,8,4,2,1,17.374999986495823,0.0,0.25,0.0,1,1,1
original_bare,immediate,HumanEval/51,8,4,3,1,17.625000217929482,0.0,0.25,0.0,1,1,1
original_bare,immediate,HumanEval/51,8,4,4,1,17.750000457977876,0.0,0.25,0.0,1,1,1
original_bare,immediate,HumanEval/51,8,4,5,1,17.74999954807572,0.0,0.25,0.0,1,1,1
original_bare,immediate,HumanEval/51,8,4,6,1,17.625000142259523,0.0,0.25,0.0,1,1,1
original_bare,immediate,HumanEval/51,8,4,7,1,17.49999924749136,0.0,0.25,0.0,1,1,1
original_bare,immediate,HumanEval/51,8,4,8,1,19.124999149818905,0.0,0.25,0.0,1,1,1
original_bare,rts,HumanEval/51,8,4,0,1,12.593751907348633,0.0,-9.375,0.0,1,1,1
original_bare,rts,HumanEval/51,8,4,1,1,19.6533203125,0.0,-9.375,0.0,1,1,1
original_bare,rts,HumanEval/51,8,4,2,1,19.671875,0.0,-9.375,0.0,1,1,1
original_bare,rts,HumanEval/51,8,4,3,1,18.71875,0.0,-9.375,0.0,1,1,1
original_bare,rts,HumanEval/51,8,4,4,1,19.4140625,0.0,-9.375,0.0,1,1,1
original_bare,rts,HumanEval/51,8,4,5,1,20.03125,0.0,-9.375,0.0,1,1,1
original_bare,rts,HumanEval/51,8,4,6,1,20.5625,0.0,-9.375,0.0,1,1,1
original_bare,rts,HumanEval/51,8,4,7,1,18.341796875,0.0,-9.375,0.0,1,1,1
original_bare,rts,HumanEval/51,8,4,8,1,26.78125,0.0,-9.375,0.0,1,1,1
original_bare,immediate,HumanEval/55,2,2,0,1,-3.5000000074505806,0.0,-0.9999999701976776,-4.249999864958227,0,0,1
original_bare,immediate,HumanEval/55,2,2,1,1,-1.7499999850988388,0.0,-0.9999999701976776,-4.249999864958227,0,0,1
original_bare,immediate,HumanEval/55,2,2,2,1,-4.249999864958227,0.0,-0.9999999701976776,-4.249999864958227,0,0,1
original_bare,immediate,HumanEval/55,2,2,3,0,-5.999999990919605,0.0,-0.9999999701976776,-4.249999864958227,0,0,0
original_bare,immediate,HumanEval/55,2,2,4,0,-6.999999939347617,0.0,-0.9999999701976776,-4.249999864958227,0,0,0
original_bare,immediate,HumanEval/55,2,2,5,0,-7.750000194122549,0.0,-0.9999999701976776,-4.249999864958227,0,0,0
original_bare,immediate,HumanEval/55,2,2,6,0,-8.250000153959263,0.0,-0.9999999701976776,-4.249999864958227,0,0,0
original_bare,immediate,HumanEval/55,2,2,7,0,-10.250000269559678,0.0,-0.9999999701976776,-4.249999864958227,0,0,0
original_bare,immediate,HumanEval/55,2,2,8,0,-14.25000023879511,0.0,-0.9999999701976776,-4.249999864958227,0,0,0
original_bare,rts,HumanEval/55,2,2,0,1,17.015625,0.0,-9.937498092651367,0.0,1,1,1
original_bare,rts,HumanEval/55,2,2,1,1,23.90625,0.0,-9.937498092651367,0.0,1,1,1
original_bare,rts,HumanEval/55,2,2,2,1,20.249629974365234,0.0,-9.937498092651367,0.0,1,1,1
original_bare,rts,HumanEval/55,2,2,3,0,24.96875,0.0,-9.937498092651367,0.0,1,1,1
original_bare,rts,HumanEval/55,2,2,4,0,-18.75,0.0,-9.937498092651367,0.0,0,0,0
original_bare,rts,HumanEval/55,2,2,5,0,-20.84375,0.0,-9.937498092651367,0.0,0,0,0
original_bare,rts,HumanEval/55,2,2,6,0,-22.109375,0.0,-9.937498092651367,0.0,0,0,0
original_bare,rts,HumanEval/55,2,2,7,0,-19.734375,0.0,-9.937498092651367,0.0,0,0,0
original_bare,rts,HumanEval/55,2,2,8,0,-24.1328125,0.0,-9.937498092651367,0.0,0,0,0
original_bare,immediate,HumanEval/56,8,2,0,1,4.499999839812517,0.0,-0.9999999701976776,0.0,1,1,1
original_bare,immediate,HumanEval/56,8,2,1,1,18.37499988079071,0.0,-0.9999999701976776,0.0,1,1,1
original_bare,immediate,HumanEval/56,8,2,2,1,16.749999314546585,0.0,-0.9999999701976776,0.0,1,1,1
original_bare,immediate,HumanEval/56,8,2,3,1,17.000000476837158,0.0,-0.9999999701976776,0.0,1,1,1
original_bare,immediate,HumanEval/56,8,2,4,1,16.9999997317791,0.0,-0.9999999701976776,0.0,1,1,1
original_bare,immediate,HumanEval/56,8,2,5,1,17.124999582767487,0.0,-0.9999999701976776,0.0,1,1,1
original_bare,immediate,HumanEval/56,8,2,6,1,16.87499949336052,0.0,-0.9999999701976776,0.0,1,1,1
original_bare,immediate,HumanEval/56,8,2,7,1,17.125000774860382,0.0,-0.9999999701976776,0.0,1,1,1
original_bare,immediate,HumanEval/56,8,2,8,1,18.124999806284904,0.0,-0.9999999701976776,0.0,1,1,1
original_bare,rts,HumanEval/56,8,2,0,1,10.25,0.0,-9.937498092651367,0.0,1,1,1
original_bare,rts,HumanEval/56,8,2,1,1,15.546875,0.0,-9.937498092651367,0.0,1,1,1
original_bare,rts,HumanEval/56,8,2,2,1,17.828125,0.0,-9.937498092651367,0.0,1,1,1
original_bare,rts,HumanEval/56,8,2,3,1,18.46728515625,0.0,-9.937498092651367,0.0,1,1,1
original_bare,rts,HumanEval/56,8,2,4,1,17.296875,0.0,-9.937498092651367,0.0,1,1,1
original_bare,rts,HumanEval/56,8,2,5,1,19.294921875,0.0,-9.937498092651367,0.0,1,1,1
original_bare,rts,HumanEval/56,8,2,6,1,12.125001907348633,0.0,-9.937498092651367,0.0,1,1,1
original_bare,rts,HumanEval/56,8,2,7,1,18.93359375,0.0,-9.937498092651367,0.0,1,1,1
original_bare,rts,HumanEval/56,8,2,8,1,23.359375,0.0,-9.937498092651367,0.0,1,1,1
original_bare,immediate,HumanEval/58,0,0,0,1,2.749999977648258,0.0,0.25,14.625000124797227,1,1,0
original_bare,immediate,HumanEval/58,0,0,1,0,14.625000124797225,0.0,0.25,14.625000124797227,1,1,0
original_bare,immediate,HumanEval/58,0,0,2,0,11.874999621883035,0.0,0.25,14.625000124797227,1,1,0
original_bare,immediate,HumanEval/58,0,0,3,0,11.000000428408384,0.0,0.25,14.625000124797227,1,1,0
original_bare,immediate,HumanEval/58,0,0,4,0,10.124999690800905,0.0,0.25,14.625000124797227,1,1,0
original_bare,immediate,HumanEval/58,0,0,5,0,10.375000111758709,0.0,0.25,14.625000124797227,1,1,0
original_bare,immediate,HumanEval/58,0,0,6,0,10.250000163912773,0.0,0.25,14.625000124797227,1,1,0
original_bare,immediate,HumanEval/58,0,0,7,0,10.000000324100256,0.0,0.25,14.625000124797227,1,1,0
original_bare,immediate,HumanEval/58,0,0,8,0,8.750000193715096,0.0,0.25,14.625000124797227,1,1,0
original_bare,rts,HumanEval/58,0,0,0,1,11.90625,0.0,-11.3125,27.750000000000004,1,1,0
original_bare,rts,HumanEval/58,0,0,1,0,18.4765625,0.0,-11.3125,27.750000000000004,1,1,0
original_bare,rts,HumanEval/58,0,0,2,0,16.765625,0.0,-11.3125,27.750000000000004,1,1,0
original_bare,rts,HumanEval/58,0,0,3,0,18.4296875,0.0,-11.3125,27.750000000000004,1,1,0
original_bare,rts,HumanEval/58,0,0,4,0,22.890625,0.0,-11.3125,27.750000000000004,1,1,0
original_bare,rts,HumanEval/58,0,0,5,0,22.171875,0.0,-11.3125,27.750000000000004,1,1,0
original_bare,rts,HumanEval/58,0,0,6,0,22.140625,0.0,-11.3125,27.750000000000004,1,1,0
original_bare,rts,HumanEval/58,0,0,7,0,21.5625,0.0,-11.3125,27.750000000000004,1,1,0
original_bare,rts,HumanEval/58,0,0,8,0,27.75,0.0,-11.3125,27.750000000000004,1,1,0
original_bare,immediate,HumanEval/59,0,1,0,1,-14.374999885629222,0.0,0.0,0.0,0,0,0
original_bare,immediate,HumanEval/59,0,1,1,0,-13.999999647327058,0.0,0.0,0.0,0,0,0
original_bare,immediate,HumanEval/59,0,1,2,0,-13.624999535168172,0.0,0.0,0.0,0,0,0
original_bare,immediate,HumanEval/59,0,1,3,0,-13.750000383079168,0.0,0.0,0.0,0,0,0
original_bare,immediate,HumanEval/59,0,1,4,0,-14.499999773397576,0.0,0.0,0.0,0,0,0
original_bare,immediate,HumanEval/59,0,1,5,0,-14.750000025116606,0.0,0.0,0.0,0,0,0
original_bare,immediate,HumanEval/59,0,1,6,0,-15.000000025116606,0.0,0.0,0.0,0,0,0
original_bare,immediate,HumanEval/59,0,1,7,0,-16.125000508414814,0.0,0.0,0.0,0,0,0
original_bare,immediate,HumanEval/59,0,1,8,0,-18.624999284978912,0.0,0.0,0.0,0,0,0
original_bare,rts,HumanEval/59,0,1,0,1,12.593751907348633,0.0,-9.937498092651367,0.0,1,1,1
original_bare,rts,HumanEval/59,0,1,1,0,-21.30859375,0.0,-9.937498092651367,0.0,0,0,0
original_bare,rts,HumanEval/59,0,1,2,0,-18.140625,0.0,-9.937498092651367,0.0,0,0,0
original_bare,rts,HumanEval/59,0,1,3,0,-18.46875,0.0,-9.937498092651367,0.0,0,0,0
original_bare,rts,HumanEval/59,0,1,4,0,-19.03125,0.0,-9.937498092651367,0.0,0,0,0
original_bare,rts,HumanEval/59,0,1,5,0,-19.546875,0.0,-9.937498092651367,0.0,0,0,0
original_bare,rts,HumanEval/59,0,1,6,0,-20.03125,0.0,-9.937498092651367,0.0,0,0,0
original_bare,rts,HumanEval/59,0,1,7,0,-20.80419921875,0.0,-9.937498092651367,0.0,0,0,0
original_bare,rts,HumanEval/59,0,1,8,0,-21.390625,0.0,-9.937498092651367,0.0,0,0,0
original_bare,immediate,HumanEval/60,8,2,0,1,3.9999998584389687,0.0,-0.9999999701976776,0.0,1,1,1
original_bare,immediate,HumanEval/60,8,2,1,1,20.625000642612576,0.0,-0.9999999701976776,0.0,1,1,1
original_bare,immediate,HumanEval/60,8,2,2,1,18.25000075623393,0.0,-0.9999999701976776,0.0,1,1,1
original_bare,immediate,HumanEval/60,8,2,3,1,17.624999411404133,0.0,-0.9999999701976776,0.0,1,1,1
original_bare,immediate,HumanEval/60,8,2,4,1,17.250000052154064,0.0,-0.9999999701976776,0.0,1,1,1
original_bare,immediate,HumanEval/60,8,2,5,1,16.999999687075615,0.0,-0.9999999701976776,0.0,1,1,1
original_bare,immediate,HumanEval/60,8,2,6,1,17.124999165534973,0.0,-0.9999999701976776,0.0,1,1,1
original_bare,immediate,HumanEval/60,8,2,7,1,16.249999836087227,0.0,-0.9999999701976776,0.0,1,1,1
original_bare,immediate,HumanEval/60,8,2,8,1,17.62500073760748,0.0,-0.9999999701976776,0.0,1,1,1
original_bare,rts,HumanEval/60,8,2,0,1,20.140625,0.0,-9.937498092651367,0.0,1,1,1
original_bare,rts,HumanEval/60,8,2,1,1,24.609375,0.0,-9.937498092651367,0.0,1,1,1
original_bare,rts,HumanEval/60,8,2,2,1,21.1875,0.0,-9.937498092651367,0.0,1,1,1
original_bare,rts,HumanEval/60,8,2,3,1,21.1455078125,0.0,-9.937498092651367,0.0,1,1,1
original_bare,rts,HumanEval/60,8,2,4,1,22.09375,0.0,-9.937498092651367,0.0,1,1,1
original_bare,rts,HumanEval/60,8,2,5,1,23.75,0.0,-9.937498092651367,0.0,1,1,1
original_bare,rts,HumanEval/60,8,2,6,1,23.515625,0.0,-9.937498092651367,0.0,1,1,1
original_bare,rts,HumanEval/60,8,2,7,1,22.28125,0.0,-9.937498092651367,0.0,1,1,1
original_bare,rts,HumanEval/60,8,2,8,1,25.90625,0.0,-9.937498092651367,0.0,1,1,1
original_bare,immediate,HumanEval/63,0,1,0,1,12.124999642110197,0.0,0.0,17.999999909661714,1,1,0
original_bare,immediate,HumanEval/63,0,1,1,0,17.99999990966171,0.0,0.0,17.999999909661714,1,1,0
original_bare,immediate,HumanEval/63,0,1,2,0,16.24999942071736,0.0,0.0,17.999999909661714,1,1,0
original_bare,immediate,HumanEval/63,0,1,3,0,16.374999875202775,0.0,0.0,17.999999909661714,1,1,0
original_bare,immediate,HumanEval/63,0,1,4,0,16.499999897554517,0.0,0.0,17.999999909661714,1,1,0
original_bare,immediate,HumanEval/63,0,1,5,0,16.750000193715096,0.0,0.0,17.999999909661714,1,1,0
original_bare,immediate,HumanEval/63,0,1,6,0,16.500000599771738,0.0,0.0,17.999999909661714,1,1,0
original_bare,immediate,HumanEval/63,0,1,7,0,15.624999703839421,0.0,0.0,17.999999909661714,1,1,0
original_bare,immediate,HumanEval/63,0,1,8,0,16.499999683350325,0.0,0.0,17.999999909661714,1,1,0
original_bare,rts,HumanEval/63,0,1,0,1,13.875,0.0,-9.937498092651367,21.134765625000004,1,1,0
original_bare,rts,HumanEval/63,0,1,1,0,21.134765625,0.0,-9.937498092651367,21.134765625000004,1,1,0
original_bare,rts,HumanEval/63,0,1,2,0,20.6953125,0.0,-9.937498092651367,21.134765625000004,1,1,0
original_bare,rts,HumanEval/63,0,1,3,0,16.767578125,0.0,-9.937498092651367,21.134765625000004,1,1,0
original_bare,rts,HumanEval/63,0,1,4,0,18.91015625,0.0,-9.937498092651367,21.134765625000004,1,1,0
original_bare,rts,HumanEval/63,0,1,5,0,20.15234375,0.0,-9.937498092651367,21.134765625000004,1,1,0
original_bare,rts,HumanEval/63,0,1,6,0,20.03515625,0.0,-9.937498092651367,21.134765625000004,1,1,0
original_bare,rts,HumanEval/63,0,1,7,0,20.447265625,0.0,-9.937498092651367,21.134765625000004,1,1,0
original_bare,rts,HumanEval/63,0,1,8,0,20.953125,0.0,-9.937498092651367,21.134765625000004,1,1,0
original_bare,immediate,HumanEval/64,2,3,0,1,9.25000032238313,0.0,0.25,19.999999577645212,1,1,0
original_bare,immediate,HumanEval/64,2,3,1,1,19.999999577645212,0.0,0.25,19.999999577645212,1,1,1
original_bare,immediate,HumanEval/64,2,3,2,1,17.24999996740371,0.0,0.25,19.999999577645212,1,1,0
original_bare,immediate,HumanEval/64,2,3,3,0,17.500000461935997,0.0,0.25,19.999999577645212,1,1,0
original_bare,immediate,HumanEval/64,2,3,4,0,17.250000754371285,0.0,0.25,19.999999577645212,1,1,0
original_bare,immediate,HumanEval/64,2,3,5,0,18.00000014156103,0.0,0.25,19.999999577645212,1,1,0
original_bare,immediate,HumanEval/64,2,3,6,0,17.87500049546361,0.0,0.25,19.999999577645212,1,1,0
original_bare,immediate,HumanEval/64,2,3,7,0,17.49999968893826,0.0,0.25,19.999999577645212,1,1,0
original_bare,immediate,HumanEval/64,2,3,8,0,19.24999982584268,0.0,0.25,19.999999577645212,1,1,0
original_bare,rts,HumanEval/64,2,3,0,1,16.71875,0.0,-9.937498092651367,24.46875,1,1,0
original_bare,rts,HumanEval/64,2,3,1,1,18.5390625,0.0,-9.937498092651367,24.46875,1,1,0
original_bare,rts,HumanEval/64,2,3,2,1,24.46875,0.0,-9.937498092651367,24.46875,1,1,1
original_bare,rts,HumanEval/64,2,3,3,0,23.5,0.0,-9.937498092651367,24.46875,1,1,0
original_bare,rts,HumanEval/64,2,3,4,0,23.328125,0.0,-9.937498092651367,24.46875,1,1,0
original_bare,rts,HumanEval/64,2,3,5,0,23.40625,0.0,-9.937498092651367,24.46875,1,1,0
original_bare,rts,HumanEval/64,2,3,6,0,19.10546875,0.0,-9.937498092651367,24.46875,1,1,0
original_bare,rts,HumanEval/64,2,3,7,0,18.78125,0.0,-9.937498092651367,24.46875,1,1,0
original_bare,rts,HumanEval/64,2,3,8,0,23.6875,0.0,-9.937498092651367,24.46875,1,1,0
original_bare,immediate,HumanEval/65,6,1,0,1,3.250000111758709,0.0,0.0,1.7499999850988388,1,1,1
original_bare,immediate,HumanEval/65,6,1,1,1,4.250000067055225,0.0,0.0,1.7499999850988388,1,1,1
original_bare,immediate,HumanEval/65,6,1,2,1,2.750000089406967,0.0,0.0,1.7499999850988388,1,1,1
original_bare,immediate,HumanEval/65,6,1,3,1,2.4999998956918716,0.0,0.0,1.7499999850988388,1,1,1
original_bare,immediate,HumanEval/65,6,1,4,1,1.7499999850988388,0.0,0.0,1.7499999850988388,1,1,1
original_bare,immediate,HumanEval/65,6,1,5,1,1.7500000149011612,0.0,0.0,1.7499999850988388,1,1,1
original_bare,immediate,HumanEval/65,6,1,6,1,1.9999999701976776,0.0,0.0,1.7499999850988388,1,1,1
original_bare,immediate,HumanEval/65,6,1,7,0,1.4999999701976776,0.0,0.0,1.7499999850988388,1,1,0
original_bare,immediate,HumanEval/65,6,1,8,0,0.0,0.0,0.0,1.7499999850988388,1,1,0
original_bare,rts,HumanEval/65,6,1,0,1,12.874998092651367,0.0,-9.937498092651367,0.0,1,1,1
original_bare,rts,HumanEval/65,6,1,1,1,20.03125,0.0,-9.937498092651367,0.0,1,1,1
original_bare,rts,HumanEval/65,6,1,2,1,18.578125,0.0,-9.937498092651367,0.0,1,1,1
original_bare,rts,HumanEval/65,6,1,3,1,16.46875,0.0,-9.937498092651367,0.0,1,1,1
original_bare,rts,HumanEval/65,6,1,4,1,18.8125,0.0,-9.937498092651367,0.0,1,1,1
original_bare,rts,HumanEval/65,6,1,5,1,19.78125,0.0,-9.937498092651367,0.0,1,1,1
original_bare,rts,HumanEval/65,6,1,6,1,19.41015625,0.0,-9.937498092651367,0.0,1,1,1
original_bare,rts,HumanEval/65,6,1,7,0,17.734375,0.0,-9.937498092651367,0.0,1,1,1
original_bare,rts,HumanEval/65,6,1,8,0,20.07421875,0.0,-9.937498092651367,0.0,1,1,1
original_bare,immediate,HumanEval/66,8,4,0,1,10.24999969266355,0.0,0.25,0.0,1,1,1
original_bare,immediate,HumanEval/66,8,4,1,1,19.625000432133675,0.0,0.25,0.0,1,1,1
original_bare,immediate,HumanEval/66,8,4,2,1,18.24999904818833,0.0,0.25,0.0,1,1,1
original_bare,immediate,HumanEval/66,8,4,3,1,18.374999850988388,0.0,0.25,0.0,1,1,1
original_bare,immediate,HumanEval/66,8,4,4,1,18.249999586492777,0.0,0.25,0.0,1,1,1
original_bare,immediate,HumanEval/66,8,4,5,1,18.500000063329935,0.0,0.25,0.0,1,1,1
original_bare,immediate,HumanEval/66,8,4,6,1,18.37499987334013,0.0,0.25,0.0,1,1,1
original_bare,immediate,HumanEval/66,8,4,7,1,17.625000551342964,0.0,0.25,0.0,1,1,1
original_bare,immediate,HumanEval/66,8,4,8,1,19.37500061839819,0.0,0.25,0.0,1,1,1
original_bare,rts,HumanEval/66,8,4,0,1,13.65625,0.0,-9.375,0.0,1,1,1
original_bare,rts,HumanEval/66,8,4,1,1,16.484375,0.0,-9.375,0.0,1,1,1
original_bare,rts,HumanEval/66,8,4,2,1,20.04296875,0.0,-9.375,0.0,1,1,1
original_bare,rts,HumanEval/66,8,4,3,1,16.671875,0.0,-9.375,0.0,1,1,1
original_bare,rts,HumanEval/66,8,4,4,1,17.625,0.0,-9.375,0.0,1,1,1
original_bare,rts,HumanEval/66,8,4,5,1,19.65625,0.0,-9.375,0.0,1,1,1
original_bare,rts,HumanEval/66,8,4,6,1,21.28125,0.0,-9.375,0.0,1,1,1
original_bare,rts,HumanEval/66,8,4,7,1,19.3671875,0.0,-9.375,0.0,1,1,1
original_bare,rts,HumanEval/66,8,4,8,1,22.53125,0.0,-9.375,0.0,1,1,1
original_bare,immediate,HumanEval/67,8,3,0,1,14.874999781604856,0.0,0.25,0.0,1,1,1
original_bare,immediate,HumanEval/67,8,3,1,1,19.999999178107828,0.0,0.25,0.0,1,1,1
original_bare,immediate,HumanEval/67,8,3,2,1,18.874999375082552,0.0,0.25,0.0,1,1,1
original_bare,immediate,HumanEval/67,8,3,3,1,18.87499966006726,0.0,0.25,0.0,1,1,1
original_bare,immediate,HumanEval/67,8,3,4,1,19.250000185333192,0.0,0.25,0.0,1,1,1
original_bare,immediate,HumanEval/67,8,3,5,1,19.249999943189323,0.0,0.25,0.0,1,1,1
original_bare,immediate,HumanEval/67,8,3,6,1,19.000000935979187,0.0,0.25,0.0,1,1,1
original_bare,immediate,HumanEval/67,8,3,7,1,18.875000696629286,0.0,0.25,0.0,1,1,1
original_bare,immediate,HumanEval/67,8,3,8,1,20.62499931268394,0.0,0.25,0.0,1,1,1
original_bare,rts,HumanEval/67,8,3,0,1,17.1640625,0.0,-9.937498092651367,0.0,1,1,1
original_bare,rts,HumanEval/67,8,3,1,1,18.5322265625,0.0,-9.937498092651367,0.0,1,1,1
original_bare,rts,HumanEval/67,8,3,2,1,20.1953125,0.0,-9.937498092651367,0.0,1,1,1
original_bare,rts,HumanEval/67,8,3,3,1,18.7890625,0.0,-9.937498092651367,0.0,1,1,1
original_bare,rts,HumanEval/67,8,3,4,1,20.740234375,0.0,-9.937498092651367,0.0,1,1,1
original_bare,rts,HumanEval/67,8,3,5,1,22.0,0.0,-9.937498092651367,0.0,1,1,1
original_bare,rts,HumanEval/67,8,3,6,1,22.05859375,0.0,-9.937498092651367,0.0,1,1,1
original_bare,rts,HumanEval/67,8,3,7,1,21.787109375,0.0,-9.937498092651367,0.0,1,1,1
original_bare,rts,HumanEval/67,8,3,8,1,26.9375,0.0,-9.937498092651367,0.0,1,1,1
original_bare,immediate,HumanEval/68,8,0,0,1,15.124999569030479,0.0,0.25,0.0,1,1,1
original_bare,immediate,HumanEval/68,8,0,1,1,19.37499942042632,0.0,0.25,0.0,1,1,1
original_bare,immediate,HumanEval/68,8,0,2,1,18.500000566476956,0.0,0.25,0.0,1,1,1
original_bare,immediate,HumanEval/68,8,0,3,1,18.37500056484714,0.0,0.25,0.0,1,1,1
original_bare,immediate,HumanEval/68,8,0,4,1,18.249999639345333,0.0,0.25,0.0,1,1,1
original_bare,immediate,HumanEval/68,8,0,5,1,18.50000016251579,0.0,0.25,0.0,1,1,1
original_bare,immediate,HumanEval/68,8,0,6,1,18.750000454834662,0.0,0.25,0.0,1,1,1
original_bare,immediate,HumanEval/68,8,0,7,1,18.124999384046532,0.0,0.25,0.0,1,1,1
original_bare,immediate,HumanEval/68,8,0,8,1,19.999999466061126,0.0,0.25,0.0,1,1,1
original_bare,rts,HumanEval/68,8,0,0,1,15.9375,0.0,-11.3125,0.0,1,1,1
original_bare,rts,HumanEval/68,8,0,1,1,17.8203125,0.0,-11.3125,0.0,1,1,1
original_bare,rts,HumanEval/68,8,0,2,1,15.53515625,0.0,-11.3125,0.0,1,1,1
original_bare,rts,HumanEval/68,8,0,3,1,17.955078125,0.0,-11.3125,0.0,1,1,1
original_bare,rts,HumanEval/68,8,0,4,1,18.8359375,0.0,-11.3125,0.0,1,1,1
original_bare,rts,HumanEval/68,8,0,5,1,19.953125,0.0,-11.3125,0.0,1,1,1
original_bare,rts,HumanEval/68,8,0,6,1,20.45703125,0.0,-11.3125,0.0,1,1,1
original_bare,rts,HumanEval/68,8,0,7,1,20.9453125,0.0,-11.3125,0.0,1,1,1
original_bare,rts,HumanEval/68,8,0,8,1,28.96875,0.0,-11.3125,0.0,1,1,1
original_bare,immediate,HumanEval/69,3,0,0,1,9.24999954039231,0.0,0.25,12.50000000745058,1,1,0
original_bare,immediate,HumanEval/69,3,0,1,1,15.125000046100467,0.0,0.25,12.50000000745058,1,1,1
original_bare,immediate,HumanEval/69,3,0,2,1,12.62500030733645,0.0,0.25,12.50000000745058,1,1,1
original_bare,immediate,HumanEval/69,3,0,3,1,12.50000000745058,0.0,0.25,12.50000000745058,1,1,1
original_bare,immediate,HumanEval/69,3,0,4,0,11.749999633058906,0.0,0.25,12.50000000745058,1,1,0
original_bare,immediate,HumanEval/69,3,0,5,0,12.249999839812517,0.0,0.25,12.50000000745058,1,1,0
original_bare,immediate,HumanEval/69,3,0,6,0,12.62499968521297,0.0,0.25,12.50000000745058,1,1,1
original_bare,immediate,HumanEval/69,3,0,7,0,12.124999825842679,0.0,0.25,12.50000000745058,1,1,0
original_bare,immediate,HumanEval/69,3,0,8,0,11.874999755062163,0.0,0.25,12.50000000745058,1,1,0
original_bare,rts,HumanEval/69,3,0,0,1,19.203125,0.0,-11.3125,21.359375,1,1,0
original_bare,rts,HumanEval/69,3,0,1,1,16.65625,0.0,-11.3125,21.359375,1,1,0
original_bare,rts,HumanEval/69,3,0,2,1,21.359375,0.0,-11.3125,21.359375,1,1,1
original_bare,rts,HumanEval/69,3,0,3,1,21.625,0.0,-11.3125,21.359375,1,1,1
original_bare,rts,HumanEval/69,3,0,4,0,22.75,0.0,-11.3125,21.359375,1,1,1
original_bare,rts,HumanEval/69,3,0,5,0,21.296875,0.0,-11.3125,21.359375,1,1,0
original_bare,rts,HumanEval/69,3,0,6,0,20.5625,0.0,-11.3125,21.359375,1,1,0
original_bare,rts,HumanEval/69,3,0,7,0,20.875,0.0,-11.3125,21.359375,1,1,0
original_bare,rts,HumanEval/69,3,0,8,0,22.484375,0.0,-11.3125,21.359375,1,1,1
original_bare,immediate,HumanEval/74,7,1,0,1,-11.999999995867256,0.0,0.0,-12.62500002910383,0,0,1
original_bare,immediate,HumanEval/74,7,1,1,1,-10.999999913474312,0.0,0.0,-12.62500002910383,0,0,1
original_bare,immediate,HumanEval/74,7,1,2,1,-12.500000263476977,0.0,0.0,-12.62500002910383,0,0,1
original_bare,immediate,HumanEval/74,7,1,3,1,-12.624999947525794,0.0,0.0,-12.62500002910383,0,0,1
original_bare,immediate,HumanEval/74,7,1,4,1,-12.62500002910383,0.0,0.0,-12.62500002910383,0,0,1
original_bare,immediate,HumanEval/74,7,1,5,1,-12.249999690218829,0.0,0.0,-12.62500002910383,0,0,1
original_bare,immediate,HumanEval/74,7,1,6,1,-11.749999653548002,0.0,0.0,-12.62500002910383,0,0,1
original_bare,immediate,HumanEval/74,7,1,7,1,-11.500000334286597,0.0,0.0,-12.62500002910383,0,0,1
original_bare,immediate,HumanEval/74,7,1,8,0,-14.500000240506779,0.0,0.0,-12.62500002910383,0,0,0
original_bare,rts,HumanEval/74,7,1,0,1,-9.375,0.0,-9.937498092651367,-18.140625,0,1,1
original_bare,rts,HumanEval/74,7,1,1,1,-9.374998092651367,0.0,-9.937498092651367,-18.140625,0,1,1
original_bare,rts,HumanEval/74,7,1,2,1,-10.71875,0.0,-9.937498092651367,-18.140625,0,0,1
original_bare,rts,HumanEval/74,7,1,3,1,-14.40625,0.0,-9.937498092651367,-18.140625,0,0,1
original_bare,rts,HumanEval/74,7,1,4,1,-2.9375,0.0,-9.937498092651367,-18.140625,0,1,1
original_bare,rts,HumanEval/74,7,1,5,1,-14.46875,0.0,-9.937498092651367,-18.140625,0,0,1
original_bare,rts,HumanEval/74,7,1,6,1,-18.0625,0.0,-9.937498092651367,-18.140625,0,0,1
original_bare,rts,HumanEval/74,7,1,7,1,-18.140625,0.0,-9.937498092651367,-18.140625,0,0,1
original_bare,rts,HumanEval/74,7,1,8,0,-17.265625,0.0,-9.937498092651367,-18.140625,0,0,1
original_bare,immediate,HumanEval/76,8,1,0,1,-4.749999918043613,0.0,0.0,-15.999999786145054,0,0,1
original_bare,immediate,HumanEval/76,8,1,1,1,-8.249999705236405,0.0,0.0,-15.999999786145054,0,0,1
original_bare,immediate,HumanEval/76,8,1,2,1,-9.500000230036676,0.0,0.0,-15.999999786145054,0,0,1
original_bare,immediate,HumanEval/76,8,1,3,1,-10.25000022072345,0.0,0.0,-15.999999786145054,0,0,1
original_bare,immediate,HumanEval/76,8,1,4,1,-11.124999911524355,0.0,0.0,-15.999999786145054,0,0,1
original_bare,immediate,HumanEval/76,8,1,5,1,-11.374999847263098,0.0,0.0,-15.999999786145054,0,0,1
original_bare,immediate,HumanEval/76,8,1,6,1,-12.124999807914719,0.0,0.0,-15.999999786145054,0,0,1
original_bare,immediate,HumanEval/76,8,1,7,1,-13.124999922467396,0.0,0.0,-15.999999786145054,0,0,1
original_bare,immediate,HumanEval/76,8,1,8,1,-15.999999786145054,0.0,0.0,-15.999999786145054,0,0,1
original_bare,rts,HumanEval/76,8,1,0,1,13.281248092651367,0.0,-9.937498092651367,-17.78125,1,1,1
original_bare,rts,HumanEval/76,8,1,1,1,7.375,0.0,-9.937498092651367,-17.78125,1,1,1
original_bare,rts,HumanEval/76,8,1,2,1,9.5625,0.0,-9.937498092651367,-17.78125,1,1,1
original_bare,rts,HumanEval/76,8,1,3,1,-17.78125,0.0,-9.937498092651367,-17.78125,0,0,1
original_bare,rts,HumanEval/76,8,1,4,1,13.15625,0.0,-9.937498092651367,-17.78125,1,1,1
original_bare,rts,HumanEval/76,8,1,5,1,4.0,0.0,-9.937498092651367,-17.78125,1,1,1
original_bare,rts,HumanEval/76,8,1,6,1,-8.375001907348633,0.0,-9.937498092651367,-17.78125,0,1,1
original_bare,rts,HumanEval/76,8,1,7,1,5.625,0.0,-9.937498092651367,-17.78125,1,1,1
original_bare,rts,HumanEval/76,8,1,8,1,8.812498092651367,0.0,-9.937498092651367,-17.78125,1,1,1
original_bare,immediate,HumanEval/78,8,3,0,1,9.749999825144187,0.0,0.25,0.0,1,1,1
original_bare,immediate,HumanEval/78,8,3,1,1,16.49999963119626,0.0,0.25,0.0,1,1,1
original_bare,immediate,HumanEval/78,8,3,2,1,15.249999776482582,0.0,0.25,0.0,1,1,1
original_bare,immediate,HumanEval/78,8,3,3,1,15.624999778345227,0.0,0.25,0.0,1,1,1
original_bare,immediate,HumanEval/78,8,3,4,1,15.124999687075615,0.0,0.25,0.0,1,1,1
original_bare,immediate,HumanEval/78,8,3,5,1,15.250000033527613,0.0,0.25,0.0,1,1,1
original_bare,immediate,HumanEval/78,8,3,6,1,15.25,0.0,0.25,0.0,1,1,1
original_bare,immediate,HumanEval/78,8,3,7,1,14.624999782070518,0.0,0.25,0.0,1,1,1
original_bare,immediate,HumanEval/78,8,3,8,1,16.37499963492155,0.0,0.25,0.0,1,1,1
original_bare,rts,HumanEval/78,8,3,0,1,13.124998092651367,0.0,-9.937498092651367,0.0,1,1,1
original_bare,rts,HumanEval/78,8,3,1,1,19.703125,0.0,-9.937498092651367,0.0,1,1,1
original_bare,rts,HumanEval/78,8,3,2,1,20.0625,0.0,-9.937498092651367,0.0,1,1,1
original_bare,rts,HumanEval/78,8,3,3,1,22.46875,0.0,-9.937498092651367,0.0,1,1,1
original_bare,rts,HumanEval/78,8,3,4,1,20.7890625,0.0,-9.937498092651367,0.0,1,1,1
original_bare,rts,HumanEval/78,8,3,5,1,24.625,0.0,-9.937498092651367,0.0,1,1,1
original_bare,rts,HumanEval/78,8,3,6,1,18.78125,0.0,-9.937498092651367,0.0,1,1,1
original_bare,rts,HumanEval/78,8,3,7,1,19.625,0.0,-9.937498092651367,0.0,1,1,1
original_bare,rts,HumanEval/78,8,3,8,1,24.8125,0.0,-9.937498092651367,0.0,1,1,1
original_bare,immediate,HumanEval/81,0,4,0,1,-4.750000046566129,0.0,0.25,0.0,0,0,0
original_bare,immediate,HumanEval/81,0,4,1,0,-3.9999999906867743,0.0,0.25,0.0,0,0,0
original_bare,immediate,HumanEval/81,0,4,2,0,-4.499999864958227,0.0,0.25,0.0,0,0,0
original_bare,immediate,HumanEval/81,0,4,3,0,-4.50000015553087,0.0,0.25,0.0,0,0,0
original_bare,immediate,HumanEval/81,0,4,4,0,-4.499999930150807,0.0,0.25,0.0,0,0,0
original_bare,immediate,HumanEval/81,0,4,5,0,-3.7499999459832907,0.0,0.25,0.0,0,0,0
original_bare,immediate,HumanEval/81,0,4,6,0,-3.0,0.0,0.25,0.0,0,0,0
original_bare,immediate,HumanEval/81,0,4,7,0,-2.749999985098839,0.0,0.25,0.0,0,0,0
original_bare,immediate,HumanEval/81,0,4,8,0,-4.250000091269612,0.0,0.25,0.0,0,0,0
original_bare,rts,HumanEval/81,0,4,0,1,-10.9375,0.0,-9.375,-10.9375,0,0,1
original_bare,rts,HumanEval/81,0,4,1,0,-21.26953125,0.0,-9.375,-10.9375,0,0,0
original_bare,rts,HumanEval/81,0,4,2,0,-19.96875,0.0,-9.375,-10.9375,0,0,0
original_bare,rts,HumanEval/81,0,4,3,0,-20.8671875,0.0,-9.375,-10.9375,0,0,0
original_bare,rts,HumanEval/81,0,4,4,0,-19.5234375,0.0,-9.375,-10.9375,0,0,0
original_bare,rts,HumanEval/81,0,4,5,0,-21.9599609375,0.0,-9.375,-10.9375,0,0,0
original_bare,rts,HumanEval/81,0,4,6,0,-19.875,0.0,-9.375,-10.9375,0,0,0
original_bare,rts,HumanEval/81,0,4,7,0,-22.37890625,0.0,-9.375,-10.9375,0,0,0
original_bare,rts,HumanEval/81,0,4,8,0,-21.78125,0.0,-9.375,-10.9375,0,0,0
original_bare,immediate,HumanEval/84,0,1,0,1,-18.12499965990719,0.0,0.0,0.0,0,0,0
original_bare,immediate,HumanEval/84,0,1,1,0,-17.375000045984052,0.0,0.0,0.0,0,0,0
original_bare,immediate,HumanEval/84,0,1,2,0,-17.75000090120011,0.0,0.0,0.0,0,0,0
original_bare,immediate,HumanEval/84,0,1,3,0,-17.875000537838787,0.0,0.0,0.0,0,0,0
original_bare,immediate,HumanEval/84,0,1,4,0,-18.499999632535037,0.0,0.0,0.0,0,0,0
original_bare,immediate,HumanEval/84,0,1,5,0,-18.625000493833795,0.0,0.0,0.0,0,0,0
original_bare,immediate,HumanEval/84,0,1,6,0,-18.499999104067683,0.0,0.0,0.0,0,0,0
original_bare,immediate,HumanEval/84,0,1,7,0,-18.87500061292667,0.0,0.0,0.0,0,0,0
original_bare,immediate,HumanEval/84,0,1,8,0,-19.75000072432158,0.0,0.0,0.0,0,0,0
original_bare,rts,HumanEval/84,0,1,0,1,-0.25,0.0,-9.937498092651367,-0.25,0,1,1
original_bare,rts,HumanEval/84,0,1,1,0,-21.53125,0.0,-9.937498092651367,-0.25,0,0,0
original_bare,rts,HumanEval/84,0,1,2,0,-22.8115234375,0.0,-9.937498092651367,-0.25,0,0,0
original_bare,rts,HumanEval/84,0,1,3,0,-22.6005859375,0.0,-9.937498092651367,-0.25,0,0,0
original_bare,rts,HumanEval/84,0,1,4,0,-22.89208984375,0.0,-9.937498092651367,-0.25,0,0,0
original_bare,rts,HumanEval/84,0,1,5,0,3.75,0.0,-9.937498092651367,-0.25,1,1,1
original_bare,rts,HumanEval/84,0,1,6,0,-20.609375,0.0,-9.937498092651367,-0.25,0,0,0
original_bare,rts,HumanEval/84,0,1,7,0,-20.54296875,0.0,-9.937498092651367,-0.25,0,0,0
original_bare,rts,HumanEval/84,0,1,8,0,-22.3671875,0.0,-9.937498092651367,-0.25,0,0,0
original_bare,immediate,HumanEval/87,6,3,0,1,-2.000000014901161,0.0,0.25,-0.5,0,0,0
original_bare,immediate,HumanEval/87,6,3,1,1,4.2499999068677425,0.0,0.25,-0.5,1,1,1
original_bare,immediate,HumanEval/87,6,3,2,1,0.25,0.0,0.25,-0.5,1,1,1
original_bare,immediate,HumanEval/87,6,3,3,1,0.0,0.0,0.25,-0.5,1,0,1
original_bare,immediate,HumanEval/87,6,3,4,1,-0.5,0.0,0.25,-0.5,0,0,1
original_bare,immediate,HumanEval/87,6,3,5,1,0.5,0.0,0.25,-0.5,1,1,1
original_bare,immediate,HumanEval/87,6,3,6,1,0.7500000596046448,0.0,0.25,-0.5,1,1,1
original_bare,immediate,HumanEval/87,6,3,7,0,1.7499999701976776,0.0,0.25,-0.5,1,1,1
original_bare,immediate,HumanEval/87,6,3,8,0,-1.0,0.0,0.25,-0.5,0,0,0
original_bare,rts,HumanEval/87,6,3,0,1,12.874998092651367,0.0,-9.937498092651367,0.0,1,1,1
original_bare,rts,HumanEval/87,6,3,1,1,17.5390625,0.0,-9.937498092651367,0.0,1,1,1
original_bare,rts,HumanEval/87,6,3,2,1,16.68359375,0.0,-9.937498092651367,0.0,1,1,1
original_bare,rts,HumanEval/87,6,3,3,1,19.1953125,0.0,-9.937498092651367,0.0,1,1,1
original_bare,rts,HumanEval/87,6,3,4,1,20.2578125,0.0,-9.937498092651367,0.0,1,1,1
original_bare,rts,HumanEval/87,6,3,5,1,21.0,0.0,-9.937498092651367,0.0,1,1,1
original_bare,rts,HumanEval/87,6,3,6,1,21.0,0.0,-9.937498092651367,0.0,1,1,1
original_bare,rts,HumanEval/87,6,3,7,0,20.09375,0.0,-9.937498092651367,0.0,1,1,1
original_bare,rts,HumanEval/87,6,3,8,0,23.21875,0.0,-9.937498092651367,0.0,1,1,1
original_bare,immediate,HumanEval/9,8,3,0,1,17.624999083782313,0.0,0.25,0.0,1,1,1
original_bare,immediate,HumanEval/9,8,3,1,1,20.750000772066414,0.0,0.25,0.0,1,1,1
original_bare,immediate,HumanEval/9,8,3,2,1,19.749999673571438,0.0,0.25,0.0,1,1,1
original_bare,immediate,HumanEval/9,8,3,3,1,19.750000613741577,0.0,0.25,0.0,1,1,1
original_bare,immediate,HumanEval/9,8,3,4,1,20.12499977881089,0.0,0.25,0.0,1,1,1
original_bare,immediate,HumanEval/9,8,3,5,1,20.374999517574906,0.0,0.25,0.0,1,1,1
original_bare,immediate,HumanEval/9,8,3,6,1,20.500000006519258,0.0,0.25,0.0,1,1,1
original_bare,immediate,HumanEval/9,8,3,7,1,20.500000890810043,0.0,0.25,0.0,1,1,1
original_bare,immediate,HumanEval/9,8,3,8,1,22.125000062864274,0.0,0.25,0.0,1,1,1
original_bare,rts,HumanEval/9,8,3,0,1,15.171875,0.0,-9.937498092651367,0.0,1,1,1
original_bare,rts,HumanEval/9,8,3,1,1,17.7421875,0.0,-9.937498092651367,0.0,1,1,1
original_bare,rts,HumanEval/9,8,3,2,1,17.0703125,0.0,-9.937498092651367,0.0,1,1,1
original_bare,rts,HumanEval/9,8,3,3,1,18.841796875,0.0,-9.937498092651367,0.0,1,1,1
original_bare,rts,HumanEval/9,8,3,4,1,20.9140625,0.0,-9.937498092651367,0.0,1,1,1
original_bare,rts,HumanEval/9,8,3,5,1,20.9453125,0.0,-9.937498092651367,0.0,1,1,1
original_bare,rts,HumanEval/9,8,3,6,1,24.890625,0.0,-9.937498092651367,0.0,1,1,1
original_bare,rts,HumanEval/9,8,3,7,1,22.40625,0.0,-9.937498092651367,0.0,1,1,1
original_bare,rts,HumanEval/9,8,3,8,1,27.59375,0.0,-9.937498092651367,0.0,1,1,1
original_bare,immediate,HumanEval/91,7,3,0,1,-11.750000424188329,0.0,0.25,-13.1250001386652,0,0,1
original_bare,immediate,HumanEval/91,7,3,1,1,-8.250000019848812,0.0,0.25,-13.1250001386652,0,0,1
original_bare,immediate,HumanEval/91,7,3,2,1,-11.500000327941962,0.0,0.25,-13.1250001386652,0,0,1
original_bare,immediate,HumanEval/91,7,3,3,1,-12.249999580613803,0.0,0.25,-13.1250001386652,0,0,1
original_bare,immediate,HumanEval/91,7,3,4,1,-13.1250001386652,0.0,0.25,-13.1250001386652,0,0,1
original_bare,immediate,HumanEval/91,7,3,5,1,-13.000000414147507,0.0,0.25,-13.1250001386652,0,0,1
original_bare,immediate,HumanEval/91,7,3,6,1,-12.749999579653377,0.0,0.25,-13.1250001386652,0,0,1
original_bare,immediate,HumanEval/91,7,3,7,1,-13.124999959894922,0.0,0.25,-13.1250001386652,0,0,1
original_bare,immediate,HumanEval/91,7,3,8,0,-16.750000119562173,0.0,0.25,-13.1250001386652,0,0,0
original_bare,rts,HumanEval/91,7,3,0,1,14.375,0.0,-9.937498092651367,-19.515625,1,1,1
original_bare,rts,HumanEval/91,7,3,1,1,23.09375,0.0,-9.937498092651367,-19.515625,1,1,1
original_bare,rts,HumanEval/91,7,3,2,1,-13.5625,0.0,-9.937498092651367,-19.515625,0,0,1
original_bare,rts,HumanEval/91,7,3,3,1,18.8515625,0.0,-9.937498092651367,-19.515625,1,1,1
original_bare,rts,HumanEval/91,7,3,4,1,15.734375,0.0,-9.937498092651367,-19.515625,1,1,1
original_bare,rts,HumanEval/91,7,3,5,1,21.58984375,0.0,-9.937498092651367,-19.515625,1,1,1
original_bare,rts,HumanEval/91,7,3,6,1,-19.515625,0.0,-9.937498092651367,-19.515625,0,0,1
original_bare,rts,HumanEval/91,7,3,7,1,-17.703125,0.0,-9.937498092651367,-19.515625,0,0,1
original_bare,rts,HumanEval/91,7,3,8,0,-12.343748092651367,0.0,-9.937498092651367,-19.515625,0,0,1
original_bare,immediate,HumanEval/93,0,2,0,1,-7.500000071711838,0.0,-0.9999999701976776,0.0,0,0,0
original_bare,immediate,HumanEval/93,0,2,1,0,-5.249999783933163,0.0,-0.9999999701976776,0.0,0,0,0
original_bare,immediate,HumanEval/93,0,2,2,0,-6.249999986262992,0.0,-0.9999999701976776,0.0,0,0,0
original_bare,immediate,HumanEval/93,0,2,3,0,-6.500000178115442,0.0,-0.9999999701976776,0.0,0,0,0
original_bare,immediate,HumanEval/93,0,2,4,0,-6.500000039581209,0.0,-0.9999999701976776,0.0,0,0,0
original_bare,immediate,HumanEval/93,0,2,5,0,-5.999999779742211,0.0,-0.9999999701976776,0.0,0,0,0
original_bare,immediate,HumanEval/93,0,2,6,0,-5.750000139232725,0.0,-0.9999999701976776,0.0,0,0,0
original_bare,immediate,HumanEval/93,0,2,7,0,-6.250000092666596,0.0,-0.9999999701976776,0.0,0,0,0
original_bare,immediate,HumanEval/93,0,2,8,0,-6.7499999376013875,0.0,-0.9999999701976776,0.0,0,0,0
original_bare,rts,HumanEval/93,0,2,0,1,0.375,0.0,-9.937498092651367,0.0,1,1,1
original_bare,rts,HumanEval/93,0,2,1,0,-20.7265625,0.0,-9.937498092651367,0.0,0,0,0
original_bare,rts,HumanEval/93,0,2,2,0,-20.4296875,0.0,-9.937498092651367,0.0,0,0,0
original_bare,rts,HumanEval/93,0,2,3,0,-18.53125,0.0,-9.937498092651367,0.0,0,0,0
original_bare,rts,HumanEval/93,0,2,4,0,-19.8046875,0.0,-9.937498092651367,0.0,0,0,0
original_bare,rts,HumanEval/93,0,2,5,0,-19.359375,0.0,-9.937498092651367,0.0,0,0,0
original_bare,rts,HumanEval/93,0,2,6,0,-18.125,0.0,-9.937498092651367,0.0,0,0,0
original_bare,rts,HumanEval/93,0,2,7,0,-18.671875,0.0,-9.937498092651367,0.0,0,0,0
original_bare,rts,HumanEval/93,0,2,8,0,-20.03125,0.0,-9.937498092651367,0.0,0,0,0
original_bare,immediate,HumanEval/97,8,2,0,1,1.7499999552965164,0.0,-0.9999999701976776,0.0,1,1,1
original_bare,immediate,HumanEval/97,8,2,1,1,12.875000318395905,0.0,-0.9999999701976776,0.0,1,1,1
original_bare,immediate,HumanEval/97,8,2,2,1,7.999999850755557,0.0,-0.9999999701976776,0.0,1,1,1
original_bare,immediate,HumanEval/97,8,2,3,1,7.99999987334013,0.0,-0.9999999701976776,0.0,1,1,1
original_bare,immediate,HumanEval/97,8,2,4,1,7.250000021420419,0.0,-0.9999999701976776,0.0,1,1,1
original_bare,immediate,HumanEval/97,8,2,5,1,7.75000003632158,0.0,-0.9999999701976776,0.0,1,1,1
original_bare,immediate,HumanEval/97,8,2,6,1,8.50000027474016,0.0,-0.9999999701976776,0.0,1,1,1
original_bare,immediate,HumanEval/97,8,2,7,1,7.250000027008355,0.0,-0.9999999701976776,0.0,1,1,1
original_bare,immediate,HumanEval/97,8,2,8,1,5.000000142492354,0.0,-0.9999999701976776,0.0,1,1,1
original_bare,rts,HumanEval/97,8,2,0,1,12.562498092651367,0.0,-9.937498092651367,0.0,1,1,1
original_bare,rts,HumanEval/97,8,2,1,1,21.1484375,0.0,-9.937498092651367,0.0,1,1,1
original_bare,rts,HumanEval/97,8,2,2,1,20.22265625,0.0,-9.937498092651367,0.0,1,1,1
original_bare,rts,HumanEval/97,8,2,3,1,18.77734375,0.0,-9.937498092651367,0.0,1,1,1
original_bare,rts,HumanEval/97,8,2,4,1,20.546875,0.0,-9.937498092651367,0.0,1,1,1
original_bare,rts,HumanEval/97,8,2,5,1,23.5,0.0,-9.937498092651367,0.0,1,1,1
original_bare,rts,HumanEval/97,8,2,6,1,22.625,0.0,-9.937498092651367,0.0,1,1,1
original_bare,rts,HumanEval/97,8,2,7,1,20.765625,0.0,-9.937498092651367,0.0,1,1,1
original_bare,rts,HumanEval/97,8,2,8,1,27.1875,0.0,-9.937498092651367,0.0,1,1,1
original_bare,immediate,HumanEval/98,1,1,0,1,1.7499999552965164,0.0,0.0,1.7499999552965164,1,1,1
original_bare,immediate,HumanEval/98,1,1,1,1,1.9999999403953552,0.0,0.0,1.7499999552965164,1,1,1
original_bare,immediate,HumanEval/98,1,1,2,0,0.0,0.0,0.0,1.7499999552965164,1,1,0
original_bare,immediate,HumanEval/98,1,1,3,0,0.0,0.0,0.0,1.7499999552965164,1,1,0
original_bare,immediate,HumanEval/98,1,1,4,0,-0.25,0.0,0.0,1.7499999552965164,0,0,0
original_bare,immediate,HumanEval/98,1,1,5,0,0.5000000596046448,0.0,0.0,1.7499999552965164,1,1,0
original_bare,immediate,HumanEval/98,1,1,6,0,0.4999999403953552,0.0,0.0,1.7499999552965164,1,1,0
original_bare,immediate,HumanEval/98,1,1,7,0,0.7499999403953552,0.0,0.0,1.7499999552965164,1,1,0
original_bare,immediate,HumanEval/98,1,1,8,0,-0.25,0.0,0.0,1.7499999552965164,0,0,0
original_bare,rts,HumanEval/98,1,1,0,1,-7.812498092651367,0.0,-9.937498092651367,-14.796875,0,1,1
original_bare,rts,HumanEval/98,1,1,1,1,-14.796875,0.0,-9.937498092651367,-14.796875,0,0,1
original_bare,rts,HumanEval/98,1,1,2,0,-17.390625,0.0,-9.937498092651367,-14.796875,0,0,0
original_bare,rts,HumanEval/98,1,1,3,0,-17.78125,0.0,-9.937498092651367,-14.796875,0,0,0
original_bare,rts,HumanEval/98,1,1,4,0,-20.3125,0.0,-9.937498092651367,-14.796875,0,0,0
original_bare,rts,HumanEval/98,1,1,5,0,-15.609375,0.0,-9.937498092651367,-14.796875,0,0,0
original_bare,rts,HumanEval/98,1,1,6,0,-19.078125,0.0,-9.937498092651367,-14.796875,0,0,0
original_bare,rts,HumanEval/98,1,1,7,0,13.828125,0.0,-9.937498092651367,-14.796875,1,1,1
original_bare,rts,HumanEval/98,1,1,8,0,-21.3984375,0.0,-9.937498092651367,-14.796875,0,0,0
original_union,immediate,HumanEval/1,0,2,0,1,-0.5000000000000955,0.0,0.24999999999999822,4.250000162050113,0,0,0
original_union,immediate,HumanEval/1,0,2,1,0,4.250000162050112,0.0,0.24999999999999822,4.250000162050113,1,1,0
original_union,immediate,HumanEval/1,0,2,2,0,-0.49999997019767983,0.0,0.24999999999999822,4.250000162050113,0,0,0
original_union,immediate,HumanEval/1,0,2,3,0,-0.5000000000000033,0.0,0.24999999999999822,4.250000162050113,0,0,0
original_union,immediate,HumanEval/1,0,2,4,0,-0.5000000000000036,0.0,0.24999999999999822,4.250000162050113,0,0,0
original_union,immediate,HumanEval/1,0,2,5,0,0.499999999999996,0.0,0.24999999999999822,4.250000162050113,1,1,0
original_union,immediate,HumanEval/1,0,2,6,0,0.7499999701976741,0.0,0.24999999999999822,4.250000162050113,1,1,0
original_union,immediate,HumanEval/1,0,2,7,0,0.9999999701976745,0.0,0.24999999999999822,4.250000162050113,1,1,0
original_union,immediate,HumanEval/1,0,2,8,0,-1.000000059604649,0.0,0.24999999999999822,4.250000162050113,0,0,0
original_union,rts,HumanEval/1,0,2,0,1,9.749999882489494,0.0,-10.99999952330211,27.25,1,1,0
original_union,rts,HumanEval/1,0,2,1,0,21.124999999999993,0.0,-10.99999952330211,27.25,1,1,0
original_union,rts,HumanEval/1,0,2,2,0,17.12499999999996,0.0,-10.99999952330211,27.25,1,1,0
original_union,rts,HumanEval/1,0,2,3,0,20.499999999999996,0.0,-10.99999952330211,27.25,1,1,0
original_union,rts,HumanEval/1,0,2,4,0,25.874999999999996,0.0,-10.99999952330211,27.25,1,1,0
original_union,rts,HumanEval/1,0,2,5,0,23.624999999999993,0.0,-10.99999952330211,27.25,1,1,0
original_union,rts,HumanEval/1,0,2,6,0,24.0,0.0,-10.99999952330211,27.25,1,1,0
original_union,rts,HumanEval/1,0,2,7,0,23.249999999999996,0.0,-10.99999952330211,27.25,1,1,0
original_union,rts,HumanEval/1,0,2,8,0,27.249999999999996,0.0,-10.99999952330211,27.25,1,1,0
original_union,immediate,HumanEval/100,0,1,0,1,-8.499999934952946,0.0,-2.5091040356528538e-14,0.0,0,0,0
original_union,immediate,HumanEval/100,0,1,1,0,-6.250000108964744,0.0,-2.5091040356528538e-14,0.0,0,0,0
original_union,immediate,HumanEval/100,0,1,2,0,-8.750000366475437,0.0,-2.5091040356528538e-14,0.0,0,0,0
original_union,immediate,HumanEval/100,0,1,3,0,-9.000000360305423,0.0,-2.5091040356528538e-14,0.0,0,0,0
original_union,immediate,HumanEval/100,0,1,4,0,-9.999999555700926,0.0,-2.5091040356528538e-14,0.0,0,0,0
original_union,immediate,HumanEval/100,0,1,5,0,-9.499999940744603,0.0,-2.5091040356528538e-14,0.0,0,0,0
original_union,immediate,HumanEval/100,0,1,6,0,-9.75000005349284,0.0,-2.5091040356528538e-14,0.0,0,0,0
original_union,immediate,HumanEval/100,0,1,7,0,-10.500000100000761,0.0,-2.5091040356528538e-14,0.0,0,0,0
original_union,immediate,HumanEval/100,0,1,8,0,-11.874999889099858,0.0,-2.5091040356528538e-14,0.0,0,0,0
original_union,rts,HumanEval/100,0,1,0,1,5.49999998323432,0.0,-10.99999952330211,0.0,1,1,1
original_union,rts,HumanEval/100,0,1,1,0,-19.874999999999517,0.0,-10.99999952330211,0.0,0,0,0
original_union,rts,HumanEval/100,0,1,2,0,-24.74999999999961,0.0,-10.99999952330211,0.0,0,0,0
original_union,rts,HumanEval/100,0,1,3,0,-20.249999999999346,0.0,-10.99999952330211,0.0,0,0,0
original_union,rts,HumanEval/100,0,1,4,0,-19.124999999999535,0.0,-10.99999952330211,0.0,0,0,0
original_union,rts,HumanEval/100,0,1,5,0,-21.874999999999652,0.0,-10.99999952330211,0.0,0,0,0
original_union,rts,HumanEval/100,0,1,6,0,-25.624999999999776,0.0,-10.99999952330211,0.0,0,0,0
original_union,rts,HumanEval/100,0,1,7,0,-23.624999999999712,0.0,-10.99999952330211,0.0,0,0,0
original_union,rts,HumanEval/100,0,1,8,0,-23.999999999999627,0.0,-10.99999952330211,0.0,0,0,0
original_union,immediate,HumanEval/101,7,4,0,1,6.24999981466668,0.0,0.24999999999999778,0.0,1,1,1
original_union,immediate,HumanEval/101,7,4,1,1,17.24999981117426,0.0,0.24999999999999778,0.0,1,1,1
original_union,immediate,HumanEval/101,7,4,2,1,15.999999400461018,0.0,0.24999999999999778,0.0,1,1,1
original_union,immediate,HumanEval/101,7,4,3,1,16.37500022712623,0.0,0.24999999999999778,0.0,1,1,1
original_union,immediate,HumanEval/101,7,4,4,1,16.375000062282137,0.0,0.24999999999999778,0.0,1,1,1
original_union,immediate,HumanEval/101,7,4,5,1,16.75000080245077,0.0,0.24999999999999778,0.0,1,1,1
original_union,immediate,HumanEval/101,7,4,6,1,16.500000629341198,0.0,0.24999999999999778,0.0,1,1,1
original_union,immediate,HumanEval/101,7,4,7,1,16.125000921427244,0.0,0.24999999999999778,0.0,1,1,1
original_union,immediate,HumanEval/101,7,4,8,0,16.49999905109868,0.0,0.24999999999999778,0.0,1,1,1
original_union,rts,HumanEval/101,7,4,0,1,13.250000119210835,0.0,-10.500000000378538,0.0,1,1,1
original_union,rts,HumanEval/101,7,4,1,1,18.99999999999998,0.0,-10.500000000378538,0.0,1,1,1
original_union,rts,HumanEval/101,7,4,2,1,16.874999999999964,0.0,-10.500000000378538,0.0,1,1,1
original_union,rts,HumanEval/101,7,4,3,1,19.49999999999999,0.0,-10.500000000378538,0.0,1,1,1
original_union,rts,HumanEval/101,7,4,4,1,20.124999999999993,0.0,-10.500000000378538,0.0,1,1,1
original_union,rts,HumanEval/101,7,4,5,1,21.499999999999993,0.0,-10.500000000378538,0.0,1,1,1
original_union,rts,HumanEval/101,7,4,6,1,21.749999999999996,0.0,-10.500000000378538,0.0,1,1,1
original_union,rts,HumanEval/101,7,4,7,1,21.374999999999993,0.0,-10.500000000378538,0.0,1,1,1
original_union,rts,HumanEval/101,7,4,8,0,28.374999999999996,0.0,-10.500000000378538,0.0,1,1,1
original_union,immediate,HumanEval/102,6,0,0,1,-7.250000195577751,0.0,0.24999999999999778,-9.249999955762178,0,0,1
original_union,immediate,HumanEval/102,6,0,1,1,-7.999999984167517,0.0,0.24999999999999778,-9.249999955762178,0,0,1
original_union,immediate,HumanEval/102,6,0,2,1,-8.499999738298357,0.0,0.24999999999999778,-9.249999955762178,0,0,1
original_union,immediate,HumanEval/102,6,0,3,1,-8.50000018812716,0.0,0.24999999999999778,-9.249999955762178,0,0,1
original_union,immediate,HumanEval/102,6,0,4,1,-9.249999955762178,0.0,0.24999999999999778,-9.249999955762178,0,0,1
original_union,immediate,HumanEval/102,6,0,5,1,-8.750000319443643,0.0,0.24999999999999778,-9.249999955762178,0,0,1
original_union,immediate,HumanEval/102,6,0,6,1,-8.999999579042196,0.0,0.24999999999999778,-9.249999955762178,0,0,1
original_union,immediate,HumanEval/102,6,0,7,0,-9.999999773688614,0.0,0.24999999999999778,-9.249999955762178,0,0,0
original_union,immediate,HumanEval/102,6,0,8,0,-13.000000013969839,0.0,0.24999999999999778,-9.249999955762178,0,0,0
original_union,rts,HumanEval/102,6,0,0,1,10.749999523392654,0.0,-12.5000001192156,0.0,1,1,1
original_union,rts,HumanEval/102,6,0,1,1,23.999999999999993,0.0,-12.5000001192156,0.0,1,1,1
original_union,rts,HumanEval/102,6,0,2,1,19.249999999999996,0.0,-12.5000001192156,0.0,1,1,1
original_union,rts,HumanEval/102,6,0,3,1,21.12499999999999,0.0,-12.5000001192156,0.0,1,1,1
original_union,rts,HumanEval/102,6,0,4,1,21.124999999999993,0.0,-12.5000001192156,0.0,1,1,1
original_union,rts,HumanEval/102,6,0,5,1,20.874999999999993,0.0,-12.5000001192156,0.0,1,1,1
original_union,rts,HumanEval/102,6,0,6,1,23.74999999999999,0.0,-12.5000001192156,0.0,1,1,1
original_union,rts,HumanEval/102,6,0,7,0,20.999999999999993,0.0,-12.5000001192156,0.0,1,1,1
original_union,rts,HumanEval/102,6,0,8,0,26.874999999999996,0.0,-12.5000001192156,0.0,1,1,1
original_union,immediate,HumanEval/103,7,3,0,1,6.499999972991361,0.0,0.24999999999999778,0.0,1,1,1
original_union,immediate,HumanEval/103,7,3,1,1,18.37499918392849,0.0,0.24999999999999778,0.0,1,1,1
original_union,immediate,HumanEval/103,7,3,2,1,11.999999580904817,0.0,0.24999999999999778,0.0,1,1,1
original_union,immediate,HumanEval/103,7,3,3,1,11.500000287778638,0.0,0.24999999999999778,0.0,1,1,1
original_union,immediate,HumanEval/103,7,3,4,1,11.000000169500675,0.0,0.24999999999999778,0.0,1,1,1
original_union,immediate,HumanEval/103,7,3,5,1,12.999999579042163,0.0,0.24999999999999778,0.0,1,1,1
original_union,immediate,HumanEval/103,7,3,6,1,12.625000029802294,0.0,0.24999999999999778,0.0,1,1,1
original_union,immediate,HumanEval/103,7,3,7,1,13.500000317580962,0.0,0.24999999999999778,0.0,1,1,1
original_union,immediate,HumanEval/103,7,3,8,0,16.24999962467691,0.0,0.24999999999999778,0.0,1,1,1
original_union,rts,HumanEval/103,7,3,0,1,11.749999761611782,0.0,-10.99999952330211,0.0,1,1,1
original_union,rts,HumanEval/103,7,3,1,1,18.749999999999975,0.0,-10.99999952330211,0.0,1,1,1
original_union,rts,HumanEval/103,7,3,2,1,20.124999999999968,0.0,-10.99999952330211,0.0,1,1,1
original_union,rts,HumanEval/103,7,3,3,1,20.74999999999997,0.0,-10.99999952330211,0.0,1,1,1
original_union,rts,HumanEval/103,7,3,4,1,20.62499999999999,0.0,-10.99999952330211,0.0,1,1,1
original_union,rts,HumanEval/103,7,3,5,1,21.124999999999993,0.0,-10.99999952330211,0.0,1,1,1
original_union,rts,HumanEval/103,7,3,6,1,21.24999999999999,0.0,-10.99999952330211,0.0,1,1,1
original_union,rts,HumanEval/103,7,3,7,1,20.49999999999999,0.0,-10.99999952330211,0.0,1,1,1
original_union,rts,HumanEval/103,7,3,8,0,27.49999999999999,0.0,-10.99999952330211,0.0,1,1,1
original_union,immediate,HumanEval/104,0,3,0,1,13.375000398488654,0.0,0.24999999999999778,20.750000306637773,1,1,0
original_union,immediate,HumanEval/104,0,3,1,0,20.250000098836427,0.0,0.24999999999999778,20.750000306637773,1,1,0
original_union,immediate,HumanEval/104,0,3,2,0,19.000000550411503,0.0,0.24999999999999778,20.750000306637773,1,1,0
original_union,immediate,HumanEval/104,0,3,3,0,19.124999122111923,0.0,0.24999999999999778,20.750000306637773,1,1,0
original_union,immediate,HumanEval/104,0,3,4,0,19.250000742962417,0.0,0.24999999999999778,20.750000306637773,1,1,0
original_union,immediate,HumanEval/104,0,3,5,0,19.62500010780045,0.0,0.24999999999999778,20.750000306637773,1,1,0
original_union,immediate,HumanEval/104,0,3,6,0,19.6250008512287,0.0,0.24999999999999778,20.750000306637773,1,1,0
original_union,immediate,HumanEval/104,0,3,7,0,19.624999782070383,0.0,0.24999999999999778,20.750000306637773,1,1,0
original_union,immediate,HumanEval/104,0,3,8,0,20.75000030663777,0.0,0.24999999999999778,20.750000306637773,1,1,0
original_union,rts,HumanEval/104,0,3,0,1,16.249999880790696,0.0,-10.99999952330211,28.0,1,1,0
original_union,rts,HumanEval/104,0,3,1,0,22.999999999999996,0.0,-10.99999952330211,28.0,1,1,0
original_union,rts,HumanEval/104,0,3,2,0,22.374999999999996,0.0,-10.99999952330211,28.0,1,1,0
original_union,rts,HumanEval/104,0,3,3,0,20.62499999999999,0.0,-10.99999952330211,28.0,1,1,0
original_union,rts,HumanEval/104,0,3,4,0,21.37499999999999,0.0,-10.99999952330211,28.0,1,1,0
original_union,rts,HumanEval/104,0,3,5,0,23.124999999999993,0.0,-10.99999952330211,28.0,1,1,0
original_union,rts,HumanEval/104,0,3,6,0,23.749999999999993,0.0,-10.99999952330211,28.0,1,1,0
original_union,rts,HumanEval/104,0,3,7,0,24.124999999999996,0.0,-10.99999952330211,28.0,1,1,0
original_union,rts,HumanEval/104,0,3,8,0,27.999999999999996,0.0,-10.99999952330211,28.0,1,1,0
original_union,immediate,HumanEval/107,0,2,0,1,-2.5000000745058393,0.0,0.24999999999999822,0.0,0,0,0
original_union,immediate,HumanEval/107,0,2,1,0,-1.9999998807907122,0.0,0.24999999999999822,0.0,0,0,0
original_union,immediate,HumanEval/107,0,2,2,0,-2.7500001043081292,0.0,0.24999999999999822,0.0,0,0,0
original_union,immediate,HumanEval/107,0,2,3,0,-2.7499999403953566,0.0,0.24999999999999822,0.0,0,0,0
original_union,immediate,HumanEval/107,0,2,4,0,-2.749999895691873,0.0,0.24999999999999822,0.0,0,0,0
original_union,immediate,HumanEval/107,0,2,5,0,-2.750000014901162,0.0,0.24999999999999822,0.0,0,0,0
original_union,immediate,HumanEval/107,0,2,6,0,-2.499999940395356,0.0,0.24999999999999822,0.0,0,0,0
original_union,immediate,HumanEval/107,0,2,7,0,-2.9999999552965173,0.0,0.24999999999999822,0.0,0,0,0
original_union,immediate,HumanEval/107,0,2,8,0,-5.499999959021808,0.0,0.24999999999999822,0.0,0,0,0
original_union,rts,HumanEval/107,0,2,0,1,15.24999976158137,0.0,-10.99999952330211,21.624999999999968,1,1,0
original_union,rts,HumanEval/107,0,2,1,0,17.999999999999975,0.0,-10.99999952330211,21.624999999999968,1,1,0
original_union,rts,HumanEval/107,0,2,2,0,19.12499999999996,0.0,-10.99999952330211,21.624999999999968,1,1,0
original_union,rts,HumanEval/107,0,2,3,0,21.249999999999975,0.0,-10.99999952330211,21.624999999999968,1,1,0
original_union,rts,HumanEval/107,0,2,4,0,19.24999999999997,0.0,-10.99999952330211,21.624999999999968,1,1,0
original_union,rts,HumanEval/107,0,2,5,0,21.624999999999964,0.0,-10.99999952330211,21.624999999999968,1,1,0
original_union,rts,HumanEval/107,0,2,6,0,19.624999999999982,0.0,-10.99999952330211,21.624999999999968,1,1,0
original_union,rts,HumanEval/107,0,2,7,0,18.999999999999982,0.0,-10.99999952330211,21.624999999999968,1,1,0
original_union,rts,HumanEval/107,0,2,8,0,17.749999999999957,0.0,-10.99999952330211,21.624999999999968,1,1,0
original_union,immediate,HumanEval/108,0,0,0,1,7.749999911058649,0.0,0.24999999999999778,13.75000004097816,1,1,0
original_union,immediate,HumanEval/108,0,0,1,0,13.249999941326644,0.0,0.24999999999999778,13.75000004097816,1,1,0
original_union,immediate,HumanEval/108,0,0,2,0,9.500000144354992,0.0,0.24999999999999778,13.75000004097816,1,1,0
original_union,immediate,HumanEval/108,0,0,3,0,9.749999918043603,0.0,0.24999999999999778,13.75000004097816,1,1,0
original_union,immediate,HumanEval/108,0,0,4,0,9.24999969638883,0.0,0.24999999999999778,13.75000004097816,1,1,0
original_union,immediate,HumanEval/108,0,0,5,0,10.125000037252892,0.0,0.24999999999999778,13.75000004097816,1,1,0
original_union,immediate,HumanEval/108,0,0,6,0,10.500000458210698,0.0,0.24999999999999778,13.75000004097816,1,1,0
original_union,immediate,HumanEval/108,0,0,7,0,10.749999575316897,0.0,0.24999999999999778,13.75000004097816,1,1,0
original_union,immediate,HumanEval/108,0,0,8,0,13.750000040978158,0.0,0.24999999999999778,13.75000004097816,1,1,0
original_union,rts,HumanEval/108,0,0,0,1,17.24999999999994,0.0,-12.5000001192156,26.374999999999996,1,1,0
original_union,rts,HumanEval/108,0,0,1,0,20.49999999999997,0.0,-12.5000001192156,26.374999999999996,1,1,0
original_union,rts,HumanEval/108,0,0,2,0,21.12499999999999,0.0,-12.5000001192156,26.374999999999996,1,1,0
original_union,rts,HumanEval/108,0,0,3,0,20.499999999999993,0.0,-12.5000001192156,26.374999999999996,1,1,0
original_union,rts,HumanEval/108,0,0,4,0,20.999999999999996,0.0,-12.5000001192156,26.374999999999996,1,1,0
original_union,rts,HumanEval/108,0,0,5,0,21.499999999999993,0.0,-12.5000001192156,26.374999999999996,1,1,0
original_union,rts,HumanEval/108,0,0,6,0,21.624999999999993,0.0,-12.5000001192156,26.374999999999996,1,1,0
original_union,rts,HumanEval/108,0,0,7,0,17.624999999999925,0.0,-12.5000001192156,26.374999999999996,1,1,0
original_union,rts,HumanEval/108,0,0,8,0,26.374999999999993,0.0,-12.5000001192156,26.374999999999996,1,1,0
original_union,immediate,HumanEval/109,0,4,0,1,-4.2500001844018716,0.0,0.24999999999999778,-4.2500001844018716,0,0,1
original_union,immediate,HumanEval/109,0,4,1,0,-7.999999726191164,0.0,0.24999999999999778,-4.2500001844018716,0,0,0
original_union,immediate,HumanEval/109,0,4,2,0,-10.50000031106174,0.0,0.24999999999999778,-4.2500001844018716,0,0,0
original_union,immediate,HumanEval/109,0,4,3,0,-11.374999550171196,0.0,0.24999999999999778,-4.2500001844018716,0,0,0
original_union,immediate,HumanEval/109,0,4,4,0,-11.625000283122064,0.0,0.24999999999999778,-4.2500001844018716,0,0,0
original_union,immediate,HumanEval/109,0,4,5,0,-11.875000098720195,0.0,0.24999999999999778,-4.2500001844018716,0,0,0
original_union,immediate,HumanEval/109,0,4,6,0,-12.124999964609742,0.0,0.24999999999999778,-4.2500001844018716,0,0,0
original_union,immediate,HumanEval/109,0,4,7,0,-12.499999578110874,0.0,0.24999999999999778,-4.2500001844018716,0,0,0
original_union,immediate,HumanEval/109,0,4,8,0,-14.499999826075511,0.0,0.24999999999999778,-4.2500001844018716,0,0,0
original_union,rts,HumanEval/109,0,4,0,1,-8.999999649977457,0.0,-10.500000000378538,-8.999999649977457,0,1,1
original_union,rts,HumanEval/109,0,4,1,0,-18.499999999999755,0.0,-10.500000000378538,-8.999999649977457,0,0,0
original_union,rts,HumanEval/109,0,4,2,0,-18.74999999999949,0.0,-10.500000000378538,-8.999999649977457,0,0,0
original_union,rts,HumanEval/109,0,4,3,0,-19.249999999999613,0.0,-10.500000000378538,-8.999999649977457,0,0,0
original_union,rts,HumanEval/109,0,4,4,0,-20.49999999999948,0.0,-10.500000000378538,-8.999999649977457,0,0,0
original_union,rts,HumanEval/109,0,4,5,0,-22.62499999999983,0.0,-10.500000000378538,-8.999999649977457,0,0,0
original_union,rts,HumanEval/109,0,4,6,0,-19.124999999999442,0.0,-10.500000000378538,-8.999999649977457,0,0,0
original_union,rts,HumanEval/109,0,4,7,0,-17.999999999999527,0.0,-10.500000000378538,-8.999999649977457,0,0,0
original_union,rts,HumanEval/109,0,4,8,0,-18.37499999999972,0.0,-10.500000000378538,-8.999999649977457,0,0,0
original_union,immediate,HumanEval/112,0,3,0,1,-8.500000383704917,0.0,0.24999999999999778,-8.500000383704917,0,0,1
original_union,immediate,HumanEval/112,0,3,1,0,-9.250000467989597,0.0,0.24999999999999778,-8.500000383704917,0,0,0
original_union,immediate,HumanEval/112,0,3,2,0,-9.750000438652934,0.0,0.24999999999999778,-8.500000383704917,0,0,0
original_union,immediate,HumanEval/112,0,3,3,0,-10.000000151572749,0.0,0.24999999999999778,-8.500000383704917,0,0,0
original_union,immediate,HumanEval/112,0,3,4,0,-10.250000188359992,0.0,0.24999999999999778,-8.500000383704917,0,0,0
original_union,immediate,HumanEval/112,0,3,5,0,-9.499999822583051,0.0,0.24999999999999778,-8.500000383704917,0,0,0
original_union,immediate,HumanEval/112,0,3,6,0,-9.750000208150595,0.0,0.24999999999999778,-8.500000383704917,0,0,0
original_union,immediate,HumanEval/112,0,3,7,0,-11.250000154832378,0.0,0.24999999999999778,-8.500000383704917,0,0,0
original_union,immediate,HumanEval/112,0,3,8,0,-14.999999871302858,0.0,0.24999999999999778,-8.500000383704917,0,0,0
original_union,rts,HumanEval/112,0,3,0,1,6.500000175434575,0.0,-10.99999952330211,0.0,1,1,1
original_union,rts,HumanEval/112,0,3,1,0,-17.499999999999638,0.0,-10.99999952330211,0.0,0,0,0
original_union,rts,HumanEval/112,0,3,2,0,-9.250000243029856,0.0,-10.99999952330211,0.0,0,1,0
original_union,rts,HumanEval/112,0,3,3,0,16.499999880790572,0.0,-10.99999952330211,0.0,1,1,1
original_union,rts,HumanEval/112,0,3,4,0,-18.99999999999951,0.0,-10.99999952330211,0.0,0,0,0
original_union,rts,HumanEval/112,0,3,5,0,-19.99999999999958,0.0,-10.99999952330211,0.0,0,0,0
original_union,rts,HumanEval/112,0,3,6,0,-18.749999999999567,0.0,-10.99999952330211,0.0,0,0,0
original_union,rts,HumanEval/112,0,3,7,0,-18.749999999999662,0.0,-10.99999952330211,0.0,0,0,0
original_union,rts,HumanEval/112,0,3,8,0,-21.624999999999744,0.0,-10.99999952330211,0.0,0,0,0
original_union,immediate,HumanEval/115,2,1,0,1,-6.75000016577543,0.0,-2.5091040356528538e-14,-6.999999794177712,0,0,1
original_union,immediate,HumanEval/115,2,1,1,1,-6.250000174157323,0.0,-2.5091040356528538e-14,-6.999999794177712,0,0,1
original_union,immediate,HumanEval/115,2,1,2,1,-6.999999794177712,0.0,-2.5091040356528538e-14,-6.999999794177712,0,0,1
original_union,immediate,HumanEval/115,2,1,3,0,-7.249999884516002,0.0,-2.5091040356528538e-14,-6.999999794177712,0,0,0
original_union,immediate,HumanEval/115,2,1,4,0,-7.750000125728549,0.0,-2.5091040356528538e-14,-6.999999794177712,0,0,0
original_union,immediate,HumanEval/115,2,1,5,0,-7.499999947845936,0.0,-2.5091040356528538e-14,-6.999999794177712,0,0,0
original_union,immediate,HumanEval/115,2,1,6,0,-6.999999847263098,0.0,-2.5091040356528538e-14,-6.999999794177712,0,0,0
original_union,immediate,HumanEval/115,2,1,7,0,-7.500000115483999,0.0,-2.5091040356528538e-14,-6.999999794177712,0,0,0
original_union,immediate,HumanEval/115,2,1,8,0,-10.875000403728338,0.0,-2.5091040356528538e-14,-6.999999794177712,0,0,0
original_union,rts,HumanEval/115,2,1,0,1,-6.250000192080947,0.0,-10.99999952330211,-18.499999999999527,0,1,1
original_union,rts,HumanEval/115,2,1,1,1,-18.499999999999527,0.0,-10.99999952330211,-18.499999999999527,0,0,1
original_union,rts,HumanEval/115,2,1,2,1,-17.49999999999966,0.0,-10.99999952330211,-18.499999999999527,0,0,1
original_union,rts,HumanEval/115,2,1,3,0,-16.249999880790412,0.0,-10.99999952330211,-18.499999999999527,0,0,1
original_union,rts,HumanEval/115,2,1,4,0,-18.99999999999969,0.0,-10.99999952330211,-18.499999999999527,0,0,0
original_union,rts,HumanEval/115,2,1,5,0,-19.12499999999961,0.0,-10.99999952330211,-18.499999999999527,0,0,0
original_union,rts,HumanEval/115,2,1,6,0,-19.499999999999453,0.0,-10.99999952330211,-18.499999999999527,0,0,0
original_union,rts,HumanEval/115,2,1,7,0,-19.249999999999858,0.0,-10.99999952330211,-18.499999999999527,0,0,0
original_union,rts,HumanEval/115,2,1,8,0,-19.74999999999946,0.0,-10.99999952330211,-18.499999999999527,0,0,0
original_union,immediate,HumanEval/116,8,0,0,1,8.249999921768731,0.0,0.24999999999999778,0.0,1,1,1
original_union,immediate,HumanEval/116,8,0,1,1,17.62500068545337,0.0,0.24999999999999778,0.0,1,1,1
original_union,immediate,HumanEval/116,8,0,2,1,15.250000413507205,0.0,0.24999999999999778,0.0,1,1,1
original_union,immediate,HumanEval/116,8,0,3,1,15.125000420957786,0.0,0.24999999999999778,0.0,1,1,1
original_union,immediate,HumanEval/116,8,0,4,1,14.49999960511921,0.0,0.24999999999999778,0.0,1,1,1
original_union,immediate,HumanEval/116,8,0,5,1,14.625000439584237,0.0,0.24999999999999778,0.0,1,1,1
original_union,immediate,HumanEval/116,8,0,6,1,14.875000052154046,0.0,0.24999999999999778,0.0,1,1,1
original_union,immediate,HumanEval/116,8,0,7,1,14.624999813735473,0.0,0.24999999999999778,0.0,1,1,1
original_union,immediate,HumanEval/116,8,0,8,1,16.374999791383722,0.0,0.24999999999999778,0.0,1,1,1
original_union,rts,HumanEval/116,8,0,0,1,16.249999880790675,0.0,-12.5000001192156,0.0,1,1,1
original_union,rts,HumanEval/116,8,0,1,1,18.74999999999996,0.0,-12.5000001192156,0.0,1,1,1
original_union,rts,HumanEval/116,8,0,2,1,21.374999999999986,0.0,-12.5000001192156,0.0,1,1,1
original_union,rts,HumanEval/116,8,0,3,1,20.624999999999986,0.0,-12.5000001192156,0.0,1,1,1
original_union,rts,HumanEval/116,8,0,4,1,21.749999999999996,0.0,-12.5000001192156,0.0,1,1,1
original_union,rts,HumanEval/116,8,0,5,1,22.874999999999996,0.0,-12.5000001192156,0.0,1,1,1
original_union,rts,HumanEval/116,8,0,6,1,23.374999999999993,0.0,-12.5000001192156,0.0,1,1,1
original_union,rts,HumanEval/116,8,0,7,1,22.374999999999996,0.0,-12.5000001192156,0.0,1,1,1
original_union,rts,HumanEval/116,8,0,8,1,28.624999999999993,0.0,-12.5000001192156,0.0,1,1,1
original_union,immediate,HumanEval/118,0,2,0,1,-13.500000238596822,0.0,0.24999999999999822,-13.500000238596822,0,0,1
original_union,immediate,HumanEval/118,0,2,1,0,-13.875000000220096,0.0,0.24999999999999822,-13.500000238596822,0,0,0
original_union,immediate,HumanEval/118,0,2,2,0,-14.250000119762264,0.0,0.24999999999999822,-13.500000238596822,0,0,0
original_union,immediate,HumanEval/118,0,2,3,0,-15.00000035782068,0.0,0.24999999999999822,-13.500000238596822,0,0,0
original_union,immediate,HumanEval/118,0,2,4,0,-15.374999761732393,0.0,0.24999999999999822,-13.500000238596822,0,0,0
original_union,immediate,HumanEval/118,0,2,5,0,-15.250000119642213,0.0,0.24999999999999822,-13.500000238596822,0,0,0
original_union,immediate,HumanEval/118,0,2,6,0,-15.250000358661055,0.0,0.24999999999999822,-13.500000238596822,0,0,0
original_union,immediate,HumanEval/118,0,2,7,0,-15.874999643572666,0.0,0.24999999999999822,-13.500000238596822,0,0,0
original_union,immediate,HumanEval/118,0,2,8,0,-18.124999761583688,0.0,0.24999999999999822,-13.500000238596822,0,0,0
original_union,rts,HumanEval/118,0,2,0,1,-6.250000192083755,0.0,-10.99999952330211,-6.250000192083755,0,1,1
original_union,rts,HumanEval/118,0,2,1,0,-22.624999999999353,0.0,-10.99999952330211,-6.250000192083755,0,0,0
original_union,rts,HumanEval/118,0,2,2,0,-22.624999999999854,0.0,-10.99999952330211,-6.250000192083755,0,0,0
original_union,rts,HumanEval/118,0,2,3,0,-20.624999999999687,0.0,-10.99999952330211,-6.250000192083755,0,0,0
original_union,rts,HumanEval/118,0,2,4,0,-21.74999999999957,0.0,-10.99999952330211,-6.250000192083755,0,0,0
original_union,rts,HumanEval/118,0,2,5,0,-22.999999999999762,0.0,-10.99999952330211,-6.250000192083755,0,0,0
original_union,rts,HumanEval/118,0,2,6,0,-22.624999999999734,0.0,-10.99999952330211,-6.250000192083755,0,0,0
original_union,rts,HumanEval/118,0,2,7,0,-22.374999999999776,0.0,-10.99999952330211,-6.250000192083755,0,0,0
original_union,rts,HumanEval/118,0,2,8,0,-23.24999999999975,0.0,-10.99999952330211,-6.250000192083755,0,0,0
original_union,immediate,HumanEval/120,3,0,0,1,0.49999999999898037,0.0,0.24999999999999778,5.2500001862645025,1,1,0
original_union,immediate,HumanEval/120,3,0,1,1,12.499999944120617,0.0,0.24999999999999778,5.2500001862645025,1,1,1
original_union,immediate,HumanEval/120,3,0,2,1,6.000000111758699,0.0,0.24999999999999778,5.2500001862645025,1,1,1
original_union,immediate,HumanEval/120,3,0,3,1,5.2500001862645025,0.0,0.24999999999999778,5.2500001862645025,1,1,1
original_union,immediate,HumanEval/120,3,0,4,0,3.7499998807907025,0.0,0.24999999999999778,5.2500001862645025,1,1,0
original_union,immediate,HumanEval/120,3,0,5,0,4.49999986588954,0.0,0.24999999999999778,5.2500001862645025,1,1,0
original_union,immediate,HumanEval/120,3,0,6,0,5.249999865889542,0.0,0.24999999999999778,5.2500001862645025,1,1,0
original_union,immediate,HumanEval/120,3,0,7,0,4.749999932944771,0.0,0.24999999999999778,5.2500001862645025,1,1,0
original_union,immediate,HumanEval/120,3,0,8,0,9.000000335276102,0.0,0.24999999999999778,5.2500001862645025,1,1,1
original_union,rts,HumanEval/120,3,0,0,1,15.24999976158137,0.0,-12.5000001192156,0.0,1,1,1
original_union,rts,HumanEval/120,3,0,1,1,21.499999999999993,0.0,-12.5000001192156,0.0,1,1,1
original_union,rts,HumanEval/120,3,0,2,1,22.749999999999993,0.0,-12.5000001192156,0.0,1,1,1
original_union,rts,HumanEval/120,3,0,3,1,-17.749999999999794,0.0,-12.5000001192156,0.0,0,0,0
original_union,rts,HumanEval/120,3,0,4,0,-11.500000357678594,0.0,-12.5000001192156,0.0,0,1,0
original_union,rts,HumanEval/120,3,0,5,0,-20.999999999999787,0.0,-12.5000001192156,0.0,0,0,0
original_union,rts,HumanEval/120,3,0,6,0,-12.750000000003507,0.0,-12.5000001192156,0.0,0,0,0
original_union,rts,HumanEval/120,3,0,7,0,-18.749999999999535,0.0,-12.5000001192156,0.0,0,0,0
original_union,rts,HumanEval/120,3,0,8,0,-19.749999999999712,0.0,-12.5000001192156,0.0,0,0,0
original_union,immediate,HumanEval/121,8,4,0,1,14.750000251454365,0.0,0.24999999999999778,0.0,1,1,1
original_union,immediate,HumanEval/121,8,4,1,1,20.37500010430739,0.0,0.24999999999999778,0.0,1,1,1
original_union,immediate,HumanEval/121,8,4,2,1,19.874999428167605,0.0,0.24999999999999778,0.0,1,1,1
original_union,immediate,HumanEval/121,8,4,3,1,20.000000398605735,0.0,0.24999999999999778,0.0,1,1,1
original_union,immediate,HumanEval/121,8,4,4,1,20.37500078696721,0.0,0.24999999999999778,0.0,1,1,1
original_union,immediate,HumanEval/121,8,4,5,1,19.99999987520244,0.0,0.24999999999999778,0.0,1,1,1
original_union,immediate,HumanEval/121,8,4,6,1,20.37499969545728,0.0,0.24999999999999778,0.0,1,1,1
original_union,immediate,HumanEval/121,8,4,7,1,19.874999653547732,0.0,0.24999999999999778,0.0,1,1,1
original_union,immediate,HumanEval/121,8,4,8,1,21.12500063562703,0.0,0.24999999999999778,0.0,1,1,1
original_union,rts,HumanEval/121,8,4,0,1,15.749999880790485,0.0,-10.500000000378538,-19.87499999999963,1,1,1
original_union,rts,HumanEval/121,8,4,1,1,25.124999999999996,0.0,-10.500000000378538,-19.87499999999963,1,1,1
original_union,rts,HumanEval/121,8,4,2,1,19.24999999999998,0.0,-10.500000000378538,-19.87499999999963,1,1,1
original_union,rts,HumanEval/121,8,4,3,1,24.374999999999996,0.0,-10.500000000378538,-19.87499999999963,1,1,1
original_union,rts,HumanEval/121,8,4,4,1,24.249999999999996,0.0,-10.500000000378538,-19.87499999999963,1,1,1
original_union,rts,HumanEval/121,8,4,5,1,-19.87499999999963,0.0,-10.500000000378538,-19.87499999999963,0,0,1
original_union,rts,HumanEval/121,8,4,6,1,-19.499999999999524,0.0,-10.500000000378538,-19.87499999999963,0,0,1
original_union,rts,HumanEval/121,8,4,7,1,-17.374999999999478,0.0,-10.500000000378538,-19.87499999999963,0,0,1
original_union,rts,HumanEval/121,8,4,8,1,-18.874999999999527,0.0,-10.500000000378538,-19.87499999999963,0,0,1
original_union,immediate,HumanEval/122,7,2,0,1,14.500000161758592,0.0,0.24999999999999822,0.0,1,1,1
original_union,immediate,HumanEval/122,7,2,1,1,19.37500084227932,0.0,0.24999999999999822,0.0,1,1,1
original_union,immediate,HumanEval/122,7,2,2,1,18.000000276311734,0.0,0.24999999999999822,0.0,1,1,1
original_union,immediate,HumanEval/122,7,2,3,1,18.249999949475708,0.0,0.24999999999999822,0.0,1,1,1
original_union,immediate,HumanEval/122,7,2,4,1,17.99999974842644,0.0,0.24999999999999822,0.0,1,1,1
original_union,immediate,HumanEval/122,7,2,5,1,18.24999919231045,0.0,0.24999999999999822,0.0,1,1,1
original_union,immediate,HumanEval/122,7,2,6,1,18.37499920651313,0.0,0.24999999999999822,0.0,1,1,1
original_union,immediate,HumanEval/122,7,2,7,1,18.49999972013752,0.0,0.24999999999999822,0.0,1,1,1
original_union,immediate,HumanEval/122,7,2,8,0,19.62499958029359,0.0,0.24999999999999822,0.0,1,1,1
original_union,rts,HumanEval/122,7,2,0,1,18.749999999999993,0.0,-10.99999952330211,0.0,1,1,1
original_union,rts,HumanEval/122,7,2,1,1,18.999999999999986,0.0,-10.99999952330211,0.0,1,1,1
original_union,rts,HumanEval/122,7,2,2,1,17.749999999999986,0.0,-10.99999952330211,0.0,1,1,1
original_union,rts,HumanEval/122,7,2,3,1,20.249999999999993,0.0,-10.99999952330211,0.0,1,1,1
original_union,rts,HumanEval/122,7,2,4,1,22.249999999999996,0.0,-10.99999952330211,0.0,1,1,1
original_union,rts,HumanEval/122,7,2,5,1,22.874999999999996,0.0,-10.99999952330211,0.0,1,1,1
original_union,rts,HumanEval/122,7,2,6,1,22.374999999999996,0.0,-10.99999952330211,0.0,1,1,1
original_union,rts,HumanEval/122,7,2,7,1,21.874999999999993,0.0,-10.99999952330211,0.0,1,1,1
original_union,rts,HumanEval/122,7,2,8,0,-18.4999999999997,0.0,-10.99999952330211,0.0,0,0,0
original_union,immediate,HumanEval/124,8,1,0,1,1.750000044703458,0.0,-2.5091040356528538e-14,-0.999999970197679,1,1,1
original_union,immediate,HumanEval/124,8,1,1,1,6.749999921768898,0.0,-2.5091040356528538e-14,-0.999999970197679,1,1,1
original_union,immediate,HumanEval/124,8,1,2,1,0.49999999999999933,0.0,-2.5091040356528538e-14,-0.999999970197679,1,1,1
original_union,immediate,HumanEval/124,8,1,3,1,0.49999994039535434,0.0,-2.5091040356528538e-14,-0.999999970197679,1,1,1
original_union,immediate,HumanEval/124,8,1,4,1,0.2499999999999991,0.0,-2.5091040356528538e-14,-0.999999970197679,1,1,1
original_union,immediate,HumanEval/124,8,1,5,1,0.24999999999999956,0.0,-2.5091040356528538e-14,-0.999999970197679,1,1,1
original_union,immediate,HumanEval/124,8,1,6,1,0.4999999999999991,0.0,-2.5091040356528538e-14,-0.999999970197679,1,1,1
original_union,immediate,HumanEval/124,8,1,7,1,0.24999999999999978,0.0,-2.5091040356528538e-14,-0.999999970197679,1,1,1
original_union,immediate,HumanEval/124,8,1,8,1,-0.999999970197679,0.0,-2.5091040356528538e-14,-0.999999970197679,0,0,1
original_union,rts,HumanEval/124,8,1,0,1,10.249999881416128,0.0,-10.99999952330211,0.0,1,1,1
original_union,rts,HumanEval/124,8,1,1,1,8.250000034135768,0.0,-10.99999952330211,0.0,1,1,1
original_union,rts,HumanEval/124,8,1,2,1,16.499999880790696,0.0,-10.99999952330211,0.0,1,1,1
original_union,rts,HumanEval/124,8,1,3,1,10.749999523393603,0.0,-10.99999952330211,0.0,1,1,1
original_union,rts,HumanEval/124,8,1,4,1,17.499999999999982,0.0,-10.99999952330211,0.0,1,1,1
original_union,rts,HumanEval/124,8,1,5,1,14.999999642372025,0.0,-10.99999952330211,0.0,1,1,1
original_union,rts,HumanEval/124,8,1,6,1,19.99999999999999,0.0,-10.99999952330211,0.0,1,1,1
original_union,rts,HumanEval/124,8,1,7,1,14.250000357627812,0.0,-10.99999952330211,0.0,1,1,1
original_union,rts,HumanEval/124,8,1,8,1,24.124999999999996,0.0,-10.99999952330211,0.0,1,1,1
original_union,immediate,HumanEval/127,6,2,0,1,-2.5091040356528538e-14,0.0,0.24999999999999822,0.0,0,0,0
original_union,immediate,HumanEval/127,6,2,1,1,3.999999813735481,0.0,0.24999999999999822,0.0,1,1,1
original_union,immediate,HumanEval/127,6,2,2,1,0.24999999999999778,0.0,0.24999999999999822,0.0,1,0,1
original_union,immediate,HumanEval/127,6,2,3,1,0.49999994039535345,0.0,0.24999999999999822,0.0,1,1,1
original_union,immediate,HumanEval/127,6,2,4,1,0.249999999999998,0.0,0.24999999999999822,0.0,1,0,1
original_union,immediate,HumanEval/127,6,2,5,1,0.7499999999999982,0.0,0.24999999999999822,0.0,1,1,1
original_union,immediate,HumanEval/127,6,2,6,1,0.7499999999999987,0.0,0.24999999999999822,0.0,1,1,1
original_union,immediate,HumanEval/127,6,2,7,0,0.7499999999999989,0.0,0.24999999999999822,0.0,1,1,1
original_union,immediate,HumanEval/127,6,2,8,0,-3.3306690738754696e-15,0.0,0.24999999999999822,0.0,0,0,0
original_union,rts,HumanEval/127,6,2,0,1,16.999999999999957,0.0,-10.99999952330211,0.0,1,1,1
original_union,rts,HumanEval/127,6,2,1,1,22.87499999999999,0.0,-10.99999952330211,0.0,1,1,1
original_union,rts,HumanEval/127,6,2,2,1,23.74999999999999,0.0,-10.99999952330211,0.0,1,1,1
original_union,rts,HumanEval/127,6,2,3,1,24.624999999999996,0.0,-10.99999952330211,0.0,1,1,1
original_union,rts,HumanEval/127,6,2,4,1,21.24999999999999,0.0,-10.99999952330211,0.0,1,1,1
original_union,rts,HumanEval/127,6,2,5,1,25.249999999999996,0.0,-10.99999952330211,0.0,1,1,1
original_union,rts,HumanEval/127,6,2,6,1,25.749999999999993,0.0,-10.99999952330211,0.0,1,1,1
original_union,rts,HumanEval/127,6,2,7,0,20.499999999999986,0.0,-10.99999952330211,0.0,1,1,1
original_union,rts,HumanEval/127,6,2,8,0,-16.74999999999969,0.0,-10.99999952330211,0.0,0,0,0
original_union,immediate,HumanEval/128,8,3,0,1,4.499999996274681,0.0,0.24999999999999778,0.0,1,1,1
original_union,immediate,HumanEval/128,8,3,1,1,6.249999813735478,0.0,0.24999999999999778,0.0,1,1,1
original_union,immediate,HumanEval/128,8,3,2,1,5.000000076368448,0.0,0.24999999999999778,0.0,1,1,1
original_union,immediate,HumanEval/128,8,3,3,1,4.749999776482578,0.0,0.24999999999999778,0.0,1,1,1
original_union,immediate,HumanEval/128,8,3,4,1,4.249999880790706,0.0,0.24999999999999778,0.0,1,1,1
original_union,immediate,HumanEval/128,8,3,5,1,3.999999981373546,0.0,0.24999999999999778,0.0,1,1,1
original_union,immediate,HumanEval/128,8,3,6,1,4.499999884515998,0.0,0.24999999999999778,0.0,1,1,1
original_union,immediate,HumanEval/128,8,3,7,1,4.5000001266598675,0.0,0.24999999999999778,0.0,1,1,1
original_union,immediate,HumanEval/128,8,3,8,1,2.749999895691867,0.0,0.24999999999999778,0.0,1,1,1
original_union,rts,HumanEval/128,8,3,0,1,13.749999880791174,0.0,-10.99999952330211,0.0,1,1,1
original_union,rts,HumanEval/128,8,3,1,1,19.249999999999993,0.0,-10.99999952330211,0.0,1,1,1
original_union,rts,HumanEval/128,8,3,2,1,21.374999999999996,0.0,-10.99999952330211,0.0,1,1,1
original_union,rts,HumanEval/128,8,3,3,1,18.24999999999999,0.0,-10.99999952330211,0.0,1,1,1
original_union,rts,HumanEval/128,8,3,4,1,19.99999999999999,0.0,-10.99999952330211,0.0,1,1,1
original_union,rts,HumanEval/128,8,3,5,1,21.249999999999993,0.0,-10.99999952330211,0.0,1,1,1
original_union,rts,HumanEval/128,8,3,6,1,20.499999999999993,0.0,-10.99999952330211,0.0,1,1,1
original_union,rts,HumanEval/128,8,3,7,1,22.25,0.0,-10.99999952330211,0.0,1,1,1
original_union,rts,HumanEval/128,8,3,8,1,27.624999999999996,0.0,-10.99999952330211,0.0,1,1,1
original_union,immediate,HumanEval/129,0,2,0,1,-3.7499998975545275,0.0,0.24999999999999822,-3.7499998975545275,0,0,1
original_union,immediate,HumanEval/129,0,2,1,0,-5.000000094994904,0.0,0.24999999999999822,-3.7499998975545275,0,0,0
original_union,immediate,HumanEval/129,0,2,2,0,-8.500000371423086,0.0,0.24999999999999822,-3.7499998975545275,0,0,0
original_union,immediate,HumanEval/129,0,2,3,0,-9.500000260479284,0.0,0.24999999999999822,-3.7499998975545275,0,0,0
original_union,immediate,HumanEval/129,0,2,4,0,-9.749999563617168,0.0,0.24999999999999822,-3.7499998975545275,0,0,0
original_union,immediate,HumanEval/129,0,2,5,0,-9.749999602907339,0.0,0.24999999999999822,-3.7499998975545275,0,0,0
original_union,immediate,HumanEval/129,0,2,6,0,-9.7499999467982,0.0,0.24999999999999822,-3.7499998975545275,0,0,0
original_union,immediate,HumanEval/129,0,2,7,0,-10.250000449945219,0.0,0.24999999999999822,-3.7499998975545275,0,0,0
original_union,immediate,HumanEval/129,0,2,8,0,-11.749999677093006,0.0,0.24999999999999822,-3.7499998975545275,0,0,0
original_union,rts,HumanEval/129,0,2,0,1,-4.500000096851366,0.0,-10.99999952330211,17.74999999999998,0,1,0
original_union,rts,HumanEval/129,0,2,1,0,17.499999999999968,0.0,-10.99999952330211,17.74999999999998,1,1,0
original_union,rts,HumanEval/129,0,2,2,0,-2.5000000968545026,0.0,-10.99999952330211,17.74999999999998,0,1,0
original_union,rts,HumanEval/129,0,2,3,0,-19.499999999999734,0.0,-10.99999952330211,17.74999999999998,0,0,0
original_union,rts,HumanEval/129,0,2,4,0,-19.999999999999705,0.0,-10.99999952330211,17.74999999999998,0,0,0
original_union,rts,HumanEval/129,0,2,5,0,17.749999999999975,0.0,-10.99999952330211,17.74999999999998,1,1,0
original_union,rts,HumanEval/129,0,2,6,0,15.999999880790648,0.0,-10.99999952330211,17.74999999999998,1,1,0
original_union,rts,HumanEval/129,0,2,7,0,13.749999880790863,0.0,-10.99999952330211,17.74999999999998,1,1,0
original_union,rts,HumanEval/129,0,2,8,0,-18.624999999999595,0.0,-10.99999952330211,17.74999999999998,0,0,0
original_union,immediate,HumanEval/13,0,1,0,1,-3.4999999478459625,0.0,-2.5091040356528538e-14,-3.4999999478459625,0,0,1
original_union,immediate,HumanEval/13,0,1,1,0,-5.499999778345233,0.0,-2.5091040356528538e-14,-3.4999999478459625,0,0,0
original_union,immediate,HumanEval/13,0,1,2,0,-5.749999865889554,0.0,-2.5091040356528538e-14,-3.4999999478459625,0,0,0
original_union,immediate,HumanEval/13,0,1,3,0,-5.999999761581426,0.0,-2.5091040356528538e-14,-3.4999999478459625,0,0,0
original_union,immediate,HumanEval/13,0,1,4,0,-6.749999869149183,0.0,-2.5091040356528538e-14,-3.4999999478459625,0,0,0
original_union,immediate,HumanEval/13,0,1,5,0,-6.750000032596294,0.0,-2.5091040356528538e-14,-3.4999999478459625,0,0,0
original_union,immediate,HumanEval/13,0,1,6,0,-6.500000063329938,0.0,-2.5091040356528538e-14,-3.4999999478459625,0,0,0
original_union,immediate,HumanEval/13,0,1,7,0,-6.999999831430617,0.0,-2.5091040356528538e-14,-3.4999999478459625,0,0,0
original_union,immediate,HumanEval/13,0,1,8,0,-12.499999624793418,0.0,-2.5091040356528538e-14,-3.4999999478459625,0,0,0
original_union,rts,HumanEval/13,0,1,0,1,4.2499999273426,0.0,-10.99999952330211,0.0,1,1,1
original_union,rts,HumanEval/13,0,1,1,0,-17.249999999999794,0.0,-10.99999952330211,0.0,0,0,0
original_union,rts,HumanEval/13,0,1,2,0,-16.749999999999762,0.0,-10.99999952330211,0.0,0,0,0
original_union,rts,HumanEval/13,0,1,3,0,-17.74999999999976,0.0,-10.99999952330211,0.0,0,0,0
original_union,rts,HumanEval/13,0,1,4,0,-20.249999999999755,0.0,-10.99999952330211,0.0,0,0,0
original_union,rts,HumanEval/13,0,1,5,0,-21.74999999999983,0.0,-10.99999952330211,0.0,0,0,0
original_union,rts,HumanEval/13,0,1,6,0,-18.749999999999748,0.0,-10.99999952330211,0.0,0,0,0
original_union,rts,HumanEval/13,0,1,7,0,-21.999999999999808,0.0,-10.99999952330211,0.0,0,0,0
original_union,rts,HumanEval/13,0,1,8,0,-20.124999999999854,0.0,-10.99999952330211,0.0,0,0,0
original_union,immediate,HumanEval/132,0,4,0,1,-0.7499999403953892,0.0,0.24999999999999778,4.999999845400433,0,0,0
original_union,immediate,HumanEval/132,0,4,1,0,4.999999845400432,0.0,0.24999999999999778,4.999999845400433,1,1,0
original_union,immediate,HumanEval/132,0,4,2,0,0.24999999999999356,0.0,0.24999999999999778,4.999999845400433,1,0,0
original_union,immediate,HumanEval/132,0,4,3,0,0.49999999999999334,0.0,0.24999999999999778,4.999999845400433,1,1,0
original_union,immediate,HumanEval/132,0,4,4,0,0.7500000298023157,0.0,0.24999999999999778,4.999999845400433,1,1,0
original_union,immediate,HumanEval/132,0,4,5,0,0.749999999999994,0.0,0.24999999999999778,4.999999845400433,1,1,0
original_union,immediate,HumanEval/132,0,4,6,0,1.500000044703474,0.0,0.24999999999999778,4.999999845400433,1,1,0
original_union,immediate,HumanEval/132,0,4,7,0,1.7499999403953506,0.0,0.24999999999999778,4.999999845400433,1,1,0
original_union,immediate,HumanEval/132,0,4,8,0,-1.5000000596046514,0.0,0.24999999999999778,4.999999845400433,0,0,0
original_union,rts,HumanEval/132,0,4,0,1,12.750000000003853,0.0,-10.500000000378538,23.374999999999996,1,1,0
original_union,rts,HumanEval/132,0,4,1,0,19.999999999999982,0.0,-10.500000000378538,23.374999999999996,1,1,0
original_union,rts,HumanEval/132,0,4,2,0,22.249999999999993,0.0,-10.500000000378538,23.374999999999996,1,1,0
original_union,rts,HumanEval/132,0,4,3,0,15.749999880790567,0.0,-10.500000000378538,23.374999999999996,1,1,0
original_union,rts,HumanEval/132,0,4,4,0,19.249999999999936,0.0,-10.500000000378538,23.374999999999996,1,1,0
original_union,rts,HumanEval/132,0,4,5,0,22.124999999999975,0.0,-10.500000000378538,23.374999999999996,1,1,0
original_union,rts,HumanEval/132,0,4,6,0,23.374999999999993,0.0,-10.500000000378538,23.374999999999996,1,1,0
original_union,rts,HumanEval/132,0,4,7,0,17.999999999999982,0.0,-10.500000000378538,23.374999999999996,1,1,0
original_union,rts,HumanEval/132,0,4,8,0,20.499999999999982,0.0,-10.500000000378538,23.374999999999996,1,1,0
original_union,immediate,HumanEval/138,7,1,0,1,-3.249999903142464,0.0,-2.5091040356528538e-14,-3.249999903142464,0,0,1
original_union,immediate,HumanEval/138,7,1,1,1,16.625000888016054,0.0,-2.5091040356528538e-14,-3.249999903142464,1,1,1
original_union,immediate,HumanEval/138,7,1,2,1,2.7500001043081257,0.0,-2.5091040356528538e-14,-3.249999903142464,1,1,1
original_union,immediate,HumanEval/138,7,1,3,1,1.2499999999999978,0.0,-2.5091040356528538e-14,-3.249999903142464,1,1,1
original_union,immediate,HumanEval/138,7,1,4,1,0.24999999999999822,0.0,-2.5091040356528538e-14,-3.249999903142464,1,1,1
original_union,immediate,HumanEval/138,7,1,5,1,-0.25000000000000133,0.0,-2.5091040356528538e-14,-3.249999903142464,0,0,1
original_union,immediate,HumanEval/138,7,1,6,1,-0.7500000298023235,0.0,-2.5091040356528538e-14,-3.249999903142464,0,0,1
original_union,immediate,HumanEval/138,7,1,7,1,-1.7500000596046452,0.0,-2.5091040356528538e-14,-3.249999903142464,0,0,1
original_union,immediate,HumanEval/138,7,1,8,0,-4.500000014901161,0.0,-2.5091040356528538e-14,-3.249999903142464,0,0,0
original_union,rts,HumanEval/138,7,1,0,1,10.999999523302222,0.0,-10.99999952330211,0.0,1,1,1
original_union,rts,HumanEval/138,7,1,1,1,20.999999999999996,0.0,-10.99999952330211,0.0,1,1,1
original_union,rts,HumanEval/138,7,1,2,1,12.750000000003626,0.0,-10.99999952330211,0.0,1,1,1
original_union,rts,HumanEval/138,7,1,3,1,21.374999999999968,0.0,-10.99999952330211,0.0,1,1,1
original_union,rts,HumanEval/138,7,1,4,1,21.999999999999982,0.0,-10.99999952330211,0.0,1,1,1
original_union,rts,HumanEval/138,7,1,5,1,20.249999999999996,0.0,-10.99999952330211,0.0,1,1,1
original_union,rts,HumanEval/138,7,1,6,1,22.49999999999998,0.0,-10.99999952330211,0.0,1,1,1
original_union,rts,HumanEval/138,7,1,7,1,21.49999999999998,0.0,-10.99999952330211,0.0,1,1,1
original_union,rts,HumanEval/138,7,1,8,0,-20.249999999999837,0.0,-10.99999952330211,0.0,0,0,0
original_union,immediate,HumanEval/140,5,4,0,1,-4.999999964609766,0.0,0.24999999999999778,-6.0000002179294825,0,0,1
original_union,immediate,HumanEval/140,5,4,1,1,-4.9999999878928065,0.0,0.24999999999999778,-6.0000002179294825,0,0,1
original_union,immediate,HumanEval/140,5,4,2,1,-6.0000002179294825,0.0,0.24999999999999778,-6.0000002179294825,0,0,1
original_union,immediate,HumanEval/140,5,4,3,1,-5.749999968335033,0.0,0.24999999999999778,-6.0000002179294825,0,0,1
original_union,immediate,HumanEval/140,5,4,4,1,-5.499999959021807,0.0,0.24999999999999778,-6.0000002179294825,0,0,1
original_union,immediate,HumanEval/140,5,4,5,1,-4.75000017695129,0.0,0.24999999999999778,-6.0000002179294825,0,0,1
original_union,immediate,HumanEval/140,5,4,6,0,-4.000000074505806,0.0,0.24999999999999778,-6.0000002179294825,0,0,1
original_union,immediate,HumanEval/140,5,4,7,0,-3.9999999627470975,0.0,0.24999999999999778,-6.0000002179294825,0,0,1
original_union,immediate,HumanEval/140,5,4,8,0,-8.000000284984706,0.0,0.24999999999999778,-6.0000002179294825,0,0,0
original_union,rts,HumanEval/140,5,4,0,1,-6.000000086609945,0.0,-10.500000000378538,-10.99999952330211,0,1,1
original_union,rts,HumanEval/140,5,4,1,1,16.499999880790682,0.0,-10.500000000378538,-10.99999952330211,1,1,1
original_union,rts,HumanEval/140,5,4,2,1,-6.750000210008427,0.0,-10.500000000378538,-10.99999952330211,0,1,1
original_union,rts,HumanEval/140,5,4,3,1,17.24999999999998,0.0,-10.500000000378538,-10.99999952330211,1,1,1
original_union,rts,HumanEval/140,5,4,4,1,17.499999999999975,0.0,-10.500000000378538,-10.99999952330211,1,1,1
original_union,rts,HumanEval/140,5,4,5,1,-10.99999952330211,0.0,-10.500000000378538,-10.99999952330211,0,0,1
original_union,rts,HumanEval/140,5,4,6,0,-18.124999999999545,0.0,-10.500000000378538,-10.99999952330211,0,0,0
original_union,rts,HumanEval/140,5,4,7,0,19.49999999999998,0.0,-10.500000000378538,-10.99999952330211,1,1,1
original_union,rts,HumanEval/140,5,4,8,0,-18.62499999999963,0.0,-10.500000000378538,-10.99999952330211,0,0,0
original_union,immediate,HumanEval/141,7,4,0,1,1.2500000298022864,0.0,0.24999999999999778,0.0,1,1,1
original_union,immediate,HumanEval/141,7,4,1,1,8.499999846448173,0.0,0.24999999999999778,0.0,1,1,1
original_union,immediate,HumanEval/141,7,4,2,1,2.2500000372528994,0.0,0.24999999999999778,0.0,1,1,1
original_union,immediate,HumanEval/141,7,4,3,1,2.2500000149011576,0.0,0.24999999999999778,0.0,1,1,1
original_union,immediate,HumanEval/141,7,4,4,1,2.500000074505801,0.0,0.24999999999999778,0.0,1,1,1
original_union,immediate,HumanEval/141,7,4,5,1,2.5000000745058033,0.0,0.24999999999999778,0.0,1,1,1
original_union,immediate,HumanEval/141,7,4,6,1,3.0000000819563826,0.0,0.24999999999999778,0.0,1,1,1
original_union,immediate,HumanEval/141,7,4,7,1,2.7499999478459323,0.0,0.24999999999999778,0.0,1,1,1
original_union,immediate,HumanEval/141,7,4,8,0,2.2499998882412844,0.0,0.24999999999999778,0.0,1,1,1
original_union,rts,HumanEval/141,7,4,0,1,12.500000119215875,0.0,-10.500000000378538,0.0,1,1,1
original_union,rts,HumanEval/141,7,4,1,1,21.374999999999986,0.0,-10.500000000378538,0.0,1,1,1
original_union,rts,HumanEval/141,7,4,2,1,17.499999999999957,0.0,-10.500000000378538,0.0,1,1,1
original_union,rts,HumanEval/141,7,4,3,1,18.87499999999998,0.0,-10.500000000378538,0.0,1,1,1
original_union,rts,HumanEval/141,7,4,4,1,16.749999999999968,0.0,-10.500000000378538,0.0,1,1,1
original_union,rts,HumanEval/141,7,4,5,1,17.87499999999992,0.0,-10.500000000378538,0.0,1,1,1
original_union,rts,HumanEval/141,7,4,6,1,18.49999999999992,0.0,-10.500000000378538,0.0,1,1,1
original_union,rts,HumanEval/141,7,4,7,1,20.999999999999986,0.0,-10.500000000378538,0.0,1,1,1
original_union,rts,HumanEval/141,7,4,8,0,24.999999999999993,0.0,-10.500000000378538,0.0,1,1,1
original_union,immediate,HumanEval/142,0,0,0,1,-12.87499997331179,0.0,0.24999999999999778,0.0,0,0,0
original_union,immediate,HumanEval/142,0,0,1,0,-12.875000445492335,0.0,0.24999999999999778,0.0,0,0,0
original_union,immediate,HumanEval/142,0,0,2,0,-12.874999733408913,0.0,0.24999999999999778,0.0,0,0,0
original_union,immediate,HumanEval/142,0,0,3,0,-13.125000357627869,0.0,0.24999999999999778,0.0,0,0,0
original_union,immediate,HumanEval/142,0,0,4,0,-14.00000022095628,0.0,0.24999999999999778,0.0,0,0,0
original_union,immediate,HumanEval/142,0,0,5,0,-13.49999965587631,0.0,0.24999999999999778,0.0,0,0,0
original_union,immediate,HumanEval/142,0,0,6,0,-13.999999608844519,0.0,0.24999999999999778,0.0,0,0,0
original_union,immediate,HumanEval/142,0,0,7,0,-14.500000380096026,0.0,0.24999999999999778,0.0,0,0,0
original_union,immediate,HumanEval/142,0,0,8,0,-16.750000721724067,0.0,0.24999999999999778,0.0,0,0,0
original_union,rts,HumanEval/142,0,0,0,1,4.25000004470048,0.0,-12.5000001192156,0.0,1,1,1
original_union,rts,HumanEval/142,0,0,1,0,-25.12499999999951,0.0,-12.5000001192156,0.0,0,0,0
original_union,rts,HumanEval/142,0,0,2,0,-22.249999999999638,0.0,-12.5000001192156,0.0,0,0,0
original_union,rts,HumanEval/142,0,0,3,0,-21.37499999999974,0.0,-12.5000001192156,0.0,0,0,0
original_union,rts,HumanEval/142,0,0,4,0,-21.87499999999965,0.0,-12.5000001192156,0.0,0,0,0
original_union,rts,HumanEval/142,0,0,5,0,-22.749999999999734,0.0,-12.5000001192156,0.0,0,0,0
original_union,rts,HumanEval/142,0,0,6,0,-24.499999999999794,0.0,-12.5000001192156,0.0,0,0,0
original_union,rts,HumanEval/142,0,0,7,0,-22.24999999999987,0.0,-12.5000001192156,0.0,0,0,0
original_union,rts,HumanEval/142,0,0,8,0,-20.87499999999976,0.0,-12.5000001192156,0.0,0,0,0
original_union,immediate,HumanEval/143,0,2,0,1,-6.250000074505855,0.0,0.24999999999999822,0.0,0,0,0
original_union,immediate,HumanEval/143,0,2,1,0,-4.250000165775422,0.0,0.24999999999999822,0.0,0,0,0
original_union,immediate,HumanEval/143,0,2,2,0,-5.999999864026907,0.0,0.24999999999999822,0.0,0,0,0
original_union,immediate,HumanEval/143,0,2,3,0,-6.7500002104789045,0.0,0.24999999999999822,0.0,0,0,0
original_union,immediate,HumanEval/143,0,2,4,0,-7.750000147614629,0.0,0.24999999999999822,0.0,0,0,0
original_union,immediate,HumanEval/143,0,2,5,0,-7.750000097323211,0.0,0.24999999999999822,0.0,0,0,0
original_union,immediate,HumanEval/143,0,2,6,0,-7.250000042840839,0.0,0.24999999999999822,0.0,0,0,0
original_union,immediate,HumanEval/143,0,2,7,0,-7.499999769032004,0.0,0.24999999999999822,0.0,0,0,0
original_union,immediate,HumanEval/143,0,2,8,0,-11.999999552732335,0.0,0.24999999999999822,0.0,0,0,0
original_union,rts,HumanEval/143,0,2,0,1,-8.250000034136287,0.0,-10.99999952330211,-8.250000034136287,0,1,1
original_union,rts,HumanEval/143,0,2,1,0,-21.374999999999723,0.0,-10.99999952330211,-8.250000034136287,0,0,0
original_union,rts,HumanEval/143,0,2,2,0,-22.24999999999975,0.0,-10.99999952330211,-8.250000034136287,0,0,0
original_union,rts,HumanEval/143,0,2,3,0,-19.499999999999602,0.0,-10.99999952330211,-8.250000034136287,0,0,0
original_union,rts,HumanEval/143,0,2,4,0,-15.499999761581154,0.0,-10.99999952330211,-8.250000034136287,0,0,0
original_union,rts,HumanEval/143,0,2,5,0,-20.24999999999973,0.0,-10.99999952330211,-8.250000034136287,0,0,0
original_union,rts,HumanEval/143,0,2,6,0,22.374999999999993,0.0,-10.99999952330211,-8.250000034136287,1,1,1
original_union,rts,HumanEval/143,0,2,7,0,-13.250000119210595,0.0,-10.99999952330211,-8.250000034136287,0,0,0
original_union,rts,HumanEval/143,0,2,8,0,-16.499999880790476,0.0,-10.99999952330211,-8.250000034136287,0,0,0
original_union,immediate,HumanEval/146,8,3,0,1,10.249999813269444,0.0,0.24999999999999778,0.0,1,1,1
original_union,immediate,HumanEval/146,8,3,1,1,16.375000880099723,0.0,0.24999999999999778,0.0,1,1,1
original_union,immediate,HumanEval/146,8,3,2,1,14.749999729916398,0.0,0.24999999999999778,0.0,1,1,1
original_union,immediate,HumanEval/146,8,3,3,1,14.875000305473748,0.0,0.24999999999999778,0.0,1,1,1
original_union,immediate,HumanEval/146,8,3,4,1,14.249999549239822,0.0,0.24999999999999778,0.0,1,1,1
original_union,immediate,HumanEval/146,8,3,5,1,14.875000316649626,0.0,0.24999999999999778,0.0,1,1,1
original_union,immediate,HumanEval/146,8,3,6,1,14.624999623745628,0.0,0.24999999999999778,0.0,1,1,1
original_union,immediate,HumanEval/146,8,3,7,1,13.875000134110403,0.0,0.24999999999999778,0.0,1,1,1
original_union,immediate,HumanEval/146,8,3,8,1,15.499999651685265,0.0,0.24999999999999778,0.0,1,1,1
original_union,rts,HumanEval/146,8,3,0,1,18.249999999999975,0.0,-10.99999952330211,0.0,1,1,1
original_union,rts,HumanEval/146,8,3,1,1,22.999999999999993,0.0,-10.99999952330211,0.0,1,1,1
original_union,rts,HumanEval/146,8,3,2,1,20.87499999999999,0.0,-10.99999952330211,0.0,1,1,1
original_union,rts,HumanEval/146,8,3,3,1,21.499999999999996,0.0,-10.99999952330211,0.0,1,1,1
original_union,rts,HumanEval/146,8,3,4,1,20.249999999999993,0.0,-10.99999952330211,0.0,1,1,1
original_union,rts,HumanEval/146,8,3,5,1,21.374999999999996,0.0,-10.99999952330211,0.0,1,1,1
original_union,rts,HumanEval/146,8,3,6,1,23.249999999999993,0.0,-10.99999952330211,0.0,1,1,1
original_union,rts,HumanEval/146,8,3,7,1,23.374999999999993,0.0,-10.99999952330211,0.0,1,1,1
original_union,rts,HumanEval/146,8,3,8,1,28.749999999999993,0.0,-10.99999952330211,0.0,1,1,1
original_union,immediate,HumanEval/147,0,3,0,1,-6.000000151339922,0.0,0.24999999999999778,0.0,0,0,0
original_union,immediate,HumanEval/147,0,3,1,0,-5.2499999143183285,0.0,0.24999999999999778,0.0,0,0,0
original_union,immediate,HumanEval/147,0,3,2,0,-8.250000347383322,0.0,0.24999999999999778,0.0,0,0,0
original_union,immediate,HumanEval/147,0,3,3,0,-9.24999954737723,0.0,0.24999999999999778,0.0,0,0,0
original_union,immediate,HumanEval/147,0,3,4,0,-10.249999846098945,0.0,0.24999999999999778,0.0,0,0,0
original_union,immediate,HumanEval/147,0,3,5,0,-10.000000303145498,0.0,0.24999999999999778,0.0,0,0,0
original_union,immediate,HumanEval/147,0,3,6,0,-10.249999617226422,0.0,0.24999999999999778,0.0,0,0,0
original_union,immediate,HumanEval/147,0,3,7,0,-11.250000193715096,0.0,0.24999999999999778,0.0,0,0,0
original_union,immediate,HumanEval/147,0,3,8,0,-13.375000047613867,0.0,0.24999999999999778,0.0,0,0,0
original_union,rts,HumanEval/147,0,3,0,1,17.99999999999999,0.0,-10.99999952330211,0.0,1,1,1
original_union,rts,HumanEval/147,0,3,1,0,-19.749999999999808,0.0,-10.99999952330211,0.0,0,0,0
original_union,rts,HumanEval/147,0,3,2,0,-14.749999642371627,0.0,-10.99999952330211,0.0,0,0,0
original_union,rts,HumanEval/147,0,3,3,0,-19.624999999999645,0.0,-10.99999952330211,0.0,0,0,0
original_union,rts,HumanEval/147,0,3,4,0,-21.749999999999744,0.0,-10.99999952330211,0.0,0,0,0
original_union,rts,HumanEval/147,0,3,5,0,-23.87499999999971,0.0,-10.99999952330211,0.0,0,0,0
original_union,rts,HumanEval/147,0,3,6,0,-20.12499999999969,0.0,-10.99999952330211,0.0,0,0,0
original_union,rts,HumanEval/147,0,3,7,0,-20.499999999999797,0.0,-10.99999952330211,0.0,0,0,0
original_union,rts,HumanEval/147,0,3,8,0,-21.62499999999976,0.0,-10.99999952330211,0.0,0,0,0
original_union,immediate,HumanEval/148,8,0,0,1,4.50000011082737,0.0,0.24999999999999778,0.0,1,1,1
original_union,immediate,HumanEval/148,8,0,1,1,9.750000360028928,0.0,0.24999999999999778,0.0,1,1,1
original_union,immediate,HumanEval/148,8,0,2,1,1.2499999701976758,0.0,0.24999999999999778,0.0,1,1,1
original_union,immediate,HumanEval/148,8,0,3,1,1.7500000298023202,0.0,0.24999999999999778,0.0,1,1,1
original_union,immediate,HumanEval/148,8,0,4,1,2.250000089406964,0.0,0.24999999999999778,0.0,1,1,1
original_union,immediate,HumanEval/148,8,0,5,1,2.2499999999999973,0.0,0.24999999999999778,0.0,1,1,1
original_union,immediate,HumanEval/148,8,0,6,1,1.7499999999999978,0.0,0.24999999999999778,0.0,1,1,1
original_union,immediate,HumanEval/148,8,0,7,1,1.7500000149011596,0.0,0.24999999999999778,0.0,1,1,1
original_union,immediate,HumanEval/148,8,0,8,1,1.4999999552965144,0.0,0.24999999999999778,0.0,1,1,1
original_union,rts,HumanEval/148,8,0,0,1,10.99999952330222,0.0,-12.5000001192156,0.0,1,1,1
original_union,rts,HumanEval/148,8,0,1,1,8.499999663078812,0.0,-12.5000001192156,0.0,1,1,1
original_union,rts,HumanEval/148,8,0,2,1,14.250000357627876,0.0,-12.5000001192156,0.0,1,1,1
original_union,rts,HumanEval/148,8,0,3,1,15.24999976158142,0.0,-12.5000001192156,0.0,1,1,1
original_union,rts,HumanEval/148,8,0,4,1,15.749999880790693,0.0,-12.5000001192156,0.0,1,1,1
original_union,rts,HumanEval/148,8,0,5,1,15.999999880790684,0.0,-12.5000001192156,0.0,1,1,1
original_union,rts,HumanEval/148,8,0,6,1,16.249999880790693,0.0,-12.5000001192156,0.0,1,1,1
original_union,rts,HumanEval/148,8,0,7,1,6.250000192084676,0.0,-12.5000001192156,0.0,1,1,1
original_union,rts,HumanEval/148,8,0,8,1,19.249999999999982,0.0,-12.5000001192156,0.0,1,1,1
original_union,immediate,HumanEval/149,0,4,0,1,-8.75000044144691,0.0,0.24999999999999778,0.0,0,0,0
original_union,immediate,HumanEval/149,0,4,1,0,-7.999999567517079,0.0,0.24999999999999778,0.0,0,0,0
original_union,immediate,HumanEval/149,0,4,2,0,-8.749999887542801,0.0,0.24999999999999778,0.0,0,0,0
original_union,immediate,HumanEval/149,0,4,3,0,-8.250000233063476,0.0,0.24999999999999778,0.0,0,0,0
original_union,immediate,HumanEval/149,0,4,4,0,-7.9999996012775245,0.0,0.24999999999999778,0.0,0,0,0
original_union,immediate,HumanEval/149,0,4,5,0,-6.9999999061692515,0.0,0.24999999999999778,0.0,0,0,0
original_union,immediate,HumanEval/149,0,4,6,0,-6.25,0.0,0.24999999999999778,0.0,0,0,0
original_union,immediate,HumanEval/149,0,4,7,0,-6.999999995809048,0.0,0.24999999999999778,0.0,0,0,0
original_union,immediate,HumanEval/149,0,4,8,0,-10.750000380270649,0.0,0.24999999999999778,0.0,0,0,0
original_union,rts,HumanEval/149,0,4,0,1,-1.7499999850663146,0.0,-10.500000000378538,20.374999999999986,0,1,0
original_union,rts,HumanEval/149,0,4,1,0,-2.50000009685256,0.0,-10.500000000378538,20.374999999999986,0,1,0
original_union,rts,HumanEval/149,0,4,2,0,-19.62499999999953,0.0,-10.500000000378538,20.374999999999986,0,0,0
original_union,rts,HumanEval/149,0,4,3,0,-20.24999999999964,0.0,-10.500000000378538,20.374999999999986,0,0,0
original_union,rts,HumanEval/149,0,4,4,0,-19.499999999999112,0.0,-10.500000000378538,20.374999999999986,0,0,0
original_union,rts,HumanEval/149,0,4,5,0,9.74999988248924,0.0,-10.500000000378538,20.374999999999986,1,1,0
original_union,rts,HumanEval/149,0,4,6,0,-20.74999999999953,0.0,-10.500000000378538,20.374999999999986,0,0,0
original_union,rts,HumanEval/149,0,4,7,0,-20.49999999999954,0.0,-10.500000000378538,20.374999999999986,0,0,0
original_union,rts,HumanEval/149,0,4,8,0,20.374999999999982,0.0,-10.500000000378538,20.374999999999986,1,1,0
original_union,immediate,HumanEval/151,0,0,0,1,-4.749999795109047,0.0,0.24999999999999778,0.0,0,0,0
original_union,immediate,HumanEval/151,0,0,1,0,-1.2500000000000038,0.0,0.24999999999999778,0.0,0,0,0
original_union,immediate,HumanEval/151,0,0,2,0,-2.000000029802325,0.0,0.24999999999999778,0.0,0,0,0
original_union,immediate,HumanEval/151,0,0,3,0,-2.4999999329447764,0.0,0.24999999999999778,0.0,0,0,0
original_union,immediate,HumanEval/151,0,0,4,0,-2.9999999850988397,0.0,0.24999999999999778,0.0,0,0,0
original_union,immediate,HumanEval/151,0,0,5,0,-3.0000000074505815,0.0,0.24999999999999778,0.0,0,0,0
original_union,immediate,HumanEval/151,0,0,6,0,-2.7499999850988397,0.0,0.24999999999999778,0.0,0,0,0
original_union,immediate,HumanEval/151,0,0,7,0,-3.250000037252904,0.0,0.24999999999999778,0.0,0,0,0
original_union,immediate,HumanEval/151,0,0,8,0,-5.499999828636647,0.0,0.24999999999999778,0.0,0,0,0
original_union,rts,HumanEval/151,0,0,0,1,-14.749999642371375,0.0,-12.5000001192156,0.0,0,0,0
original_union,rts,HumanEval/151,0,0,1,0,-17.999999999999204,0.0,-12.5000001192156,0.0,0,0,0
original_union,rts,HumanEval/151,0,0,2,0,-18.124999999999176,0.0,-12.5000001192156,0.0,0,0,0
original_union,rts,HumanEval/151,0,0,3,0,-18.999999999999368,0.0,-12.5000001192156,0.0,0,0,0
original_union,rts,HumanEval/151,0,0,4,0,-15.749999880790057,0.0,-12.5000001192156,0.0,0,0,0
original_union,rts,HumanEval/151,0,0,5,0,-12.000000238437774,0.0,-12.5000001192156,0.0,0,1,0
original_union,rts,HumanEval/151,0,0,6,0,-15.24999976158021,0.0,-12.5000001192156,0.0,0,0,0
original_union,rts,HumanEval/151,0,0,7,0,-14.750000119207435,0.0,-12.5000001192156,0.0,0,0,0
original_union,rts,HumanEval/151,0,0,8,0,-13.250000119208257,0.0,-12.5000001192156,0.0,0,0,0
original_union,immediate,HumanEval/152,8,2,0,1,17.749999945807872,0.0,0.24999999999999822,0.0,1,1,1
original_union,immediate,HumanEval/152,8,2,1,1,22.124999647326952,0.0,0.24999999999999822,0.0,1,1,1
original_union,immediate,HumanEval/152,8,2,2,1,20.749999501247594,0.0,0.24999999999999822,0.0,1,1,1
original_union,immediate,HumanEval/152,8,2,3,1,20.625000021536785,0.0,0.24999999999999822,0.0,1,1,1
original_union,immediate,HumanEval/152,8,2,4,1,20.874999977037,0.0,0.24999999999999822,0.0,1,1,1
original_union,immediate,HumanEval/152,8,2,5,1,21.124999204010177,0.0,0.24999999999999822,0.0,1,1,1
original_union,immediate,HumanEval/152,8,2,6,1,21.250000512343775,0.0,0.24999999999999822,0.0,1,1,1
original_union,immediate,HumanEval/152,8,2,7,1,21.125000736719755,0.0,0.24999999999999822,0.0,1,1,1
original_union,immediate,HumanEval/152,8,2,8,1,24.124999523258275,0.0,0.24999999999999822,0.0,1,1,1
original_union,rts,HumanEval/152,8,2,0,1,14.250000357627801,0.0,-10.99999952330211,0.0,1,1,1
original_union,rts,HumanEval/152,8,2,1,1,21.499999999999993,0.0,-10.99999952330211,0.0,1,1,1
original_union,rts,HumanEval/152,8,2,2,1,18.24999999999998,0.0,-10.99999952330211,0.0,1,1,1
original_union,rts,HumanEval/152,8,2,3,1,19.124999999999982,0.0,-10.99999952330211,0.0,1,1,1
original_union,rts,HumanEval/152,8,2,4,1,22.124999999999993,0.0,-10.99999952330211,0.0,1,1,1
original_union,rts,HumanEval/152,8,2,5,1,24.874999999999996,0.0,-10.99999952330211,0.0,1,1,1
original_union,rts,HumanEval/152,8,2,6,1,24.124999999999993,0.0,-10.99999952330211,0.0,1,1,1
original_union,rts,HumanEval/152,8,2,7,1,22.874999999999996,0.0,-10.99999952330211,0.0,1,1,1
original_union,rts,HumanEval/152,8,2,8,1,27.749999999999993,0.0,-10.99999952330211,0.0,1,1,1
original_union,immediate,HumanEval/153,4,4,0,1,3.750000022351575,0.0,0.24999999999999778,0.0,1,1,1
original_union,immediate,HumanEval/153,4,4,1,1,15.125000230036619,0.0,0.24999999999999778,0.0,1,1,1
original_union,immediate,HumanEval/153,4,4,2,1,12.125000075437098,0.0,0.24999999999999778,0.0,1,1,1
original_union,immediate,HumanEval/153,4,4,3,1,12.249999793246358,0.0,0.24999999999999778,0.0,1,1,1
original_union,immediate,HumanEval/153,4,4,4,1,11.499999651685327,0.0,0.24999999999999778,0.0,1,1,1
original_union,immediate,HumanEval/153,4,4,5,0,12.250000320374943,0.0,0.24999999999999778,0.0,1,1,1
original_union,immediate,HumanEval/153,4,4,6,0,12.374999962747076,0.0,0.24999999999999778,0.0,1,1,1
original_union,immediate,HumanEval/153,4,4,7,0,12.750000456348046,0.0,0.24999999999999778,0.0,1,1,1
original_union,immediate,HumanEval/153,4,4,8,0,12.375000001862597,0.0,0.24999999999999778,0.0,1,1,1
original_union,rts,HumanEval/153,4,4,0,1,14.499999523162932,0.0,-10.500000000378538,0.0,1,1,1
original_union,rts,HumanEval/153,4,4,1,1,21.124999999999993,0.0,-10.500000000378538,0.0,1,1,1
original_union,rts,HumanEval/153,4,4,2,1,20.499999999999986,0.0,-10.500000000378538,0.0,1,1,1
original_union,rts,HumanEval/153,4,4,3,1,22.124999999999993,0.0,-10.500000000378538,0.0,1,1,1
original_union,rts,HumanEval/153,4,4,4,1,24.749999999999993,0.0,-10.500000000378538,0.0,1,1,1
original_union,rts,HumanEval/153,4,4,5,0,26.374999999999993,0.0,-10.500000000378538,0.0,1,1,1
original_union,rts,HumanEval/153,4,4,6,0,21.499999999999993,0.0,-10.500000000378538,0.0,1,1,1
original_union,rts,HumanEval/153,4,4,7,0,20.49999999999999,0.0,-10.500000000378538,0.0,1,1,1
original_union,rts,HumanEval/153,4,4,8,0,28.749999999999986,0.0,-10.500000000378538,0.0,1,1,1
original_union,immediate,HumanEval/158,8,1,0,1,8.750000387573545,0.0,-2.5091040356528538e-14,0.0,1,1,1
original_union,immediate,HumanEval/158,8,1,1,1,16.499999130842994,0.0,-2.5091040356528538e-14,0.0,1,1,1
original_union,immediate,HumanEval/158,8,1,2,1,15.624999620020272,0.0,-2.5091040356528538e-14,0.0,1,1,1
original_union,immediate,HumanEval/158,8,1,3,1,15.74999997264229,0.0,-2.5091040356528538e-14,0.0,1,1,1
original_union,immediate,HumanEval/158,8,1,4,1,16.250000465079083,0.0,-2.5091040356528538e-14,0.0,1,1,1
original_union,immediate,HumanEval/158,8,1,5,1,16.249999969731935,0.0,-2.5091040356528538e-14,0.0,1,1,1
original_union,immediate,HumanEval/158,8,1,6,1,16.374999952968118,0.0,-2.5091040356528538e-14,0.0,1,1,1
original_union,immediate,HumanEval/158,8,1,7,1,15.874999762047015,0.0,-2.5091040356528538e-14,0.0,1,1,1
original_union,immediate,HumanEval/158,8,1,8,1,17.12500015931422,0.0,-2.5091040356528538e-14,0.0,1,1,1
original_union,rts,HumanEval/158,8,1,0,1,16.999999999999968,0.0,-10.99999952330211,0.0,1,1,1
original_union,rts,HumanEval/158,8,1,1,1,17.499999999999982,0.0,-10.99999952330211,0.0,1,1,1
original_union,rts,HumanEval/158,8,1,2,1,20.74999999999999,0.0,-10.99999952330211,0.0,1,1,1
original_union,rts,HumanEval/158,8,1,3,1,20.74999999999999,0.0,-10.99999952330211,0.0,1,1,1
original_union,rts,HumanEval/158,8,1,4,1,20.374999999999986,0.0,-10.99999952330211,0.0,1,1,1
original_union,rts,HumanEval/158,8,1,5,1,22.374999999999993,0.0,-10.99999952330211,0.0,1,1,1
original_union,rts,HumanEval/158,8,1,6,1,22.374999999999993,0.0,-10.99999952330211,0.0,1,1,1
original_union,rts,HumanEval/158,8,1,7,1,20.874999999999986,0.0,-10.99999952330211,0.0,1,1,1
original_union,rts,HumanEval/158,8,1,8,1,22.74999999999997,0.0,-10.99999952330211,0.0,1,1,1
original_union,immediate,HumanEval/16,0,4,0,1,-10.250000341620767,0.0,0.24999999999999778,0.0,0,0,0
original_union,immediate,HumanEval/16,0,4,1,0,-8.999999894411303,0.0,0.24999999999999778,0.0,0,0,0
original_union,immediate,HumanEval/16,0,4,2,0,-9.999999904539438,0.0,0.24999999999999778,0.0,0,0,0
original_union,immediate,HumanEval/16,0,4,3,0,-9.750000207452105,0.0,0.24999999999999778,0.0,0,0,0
original_union,immediate,HumanEval/16,0,4,4,0,-9.999999840743838,0.0,0.24999999999999778,0.0,0,0,0
original_union,immediate,HumanEval/16,0,4,5,0,-9.249999836087227,0.0,0.24999999999999778,0.0,0,0,0
original_union,immediate,HumanEval/16,0,4,6,0,-8.999999718740582,0.0,0.24999999999999778,0.0,0,0,0
original_union,immediate,HumanEval/16,0,4,7,0,-9.749999542720616,0.0,0.24999999999999778,0.0,0,0,0
original_union,immediate,HumanEval/16,0,4,8,0,-14.74999969894998,0.0,0.24999999999999778,0.0,0,0,0
original_union,rts,HumanEval/16,0,4,0,1,19.499999999999993,0.0,-10.500000000378538,0.0,1,1,1
original_union,rts,HumanEval/16,0,4,1,0,-20.624999999999854,0.0,-10.500000000378538,0.0,0,0,0
original_union,rts,HumanEval/16,0,4,2,0,-24.9999999999998,0.0,-10.500000000378538,0.0,0,0,0
original_union,rts,HumanEval/16,0,4,3,0,-21.499999999999666,0.0,-10.500000000378538,0.0,0,0,0
original_union,rts,HumanEval/16,0,4,4,0,-22.12499999999963,0.0,-10.500000000378538,0.0,0,0,0
original_union,rts,HumanEval/16,0,4,5,0,-22.374999999999673,0.0,-10.500000000378538,0.0,0,0,0
original_union,rts,HumanEval/16,0,4,6,0,-26.37499999999986,0.0,-10.500000000378538,0.0,0,0,0
original_union,rts,HumanEval/16,0,4,7,0,-25.124999999999854,0.0,-10.500000000378538,0.0,0,0,0
original_union,rts,HumanEval/16,0,4,8,0,-22.124999999999925,0.0,-10.500000000378538,0.0,0,0,0
original_union,immediate,HumanEval/163,2,0,0,1,-9.749999917228715,0.0,0.24999999999999778,-14.624999528816288,0,0,1
original_union,immediate,HumanEval/163,2,0,1,1,-13.000000003681645,0.0,0.24999999999999778,-14.624999528816288,0,0,1
original_union,immediate,HumanEval/163,2,0,2,1,-14.624999528816288,0.0,0.24999999999999778,-14.624999528816288,0,0,1
original_union,immediate,HumanEval/163,2,0,3,0,-15.374999767111172,0.0,0.24999999999999778,-14.624999528816288,0,0,0
original_union,immediate,HumanEval/163,2,0,4,0,-15.625000003361514,0.0,0.24999999999999778,-14.624999528816288,0,0,0
original_union,immediate,HumanEval/163,2,0,5,0,-15.874999648745884,0.0,0.24999999999999778,-14.624999528816288,0,0,0
original_union,immediate,HumanEval/163,2,0,6,0,-16.12500048016229,0.0,0.24999999999999778,-14.624999528816288,0,0,0
original_union,immediate,HumanEval/163,2,0,7,0,-16.624999884646982,0.0,0.24999999999999778,-14.624999528816288,0,0,0
original_union,immediate,HumanEval/163,2,0,8,0,-17.87499976264009,0.0,0.24999999999999778,-14.624999528816288,0,0,0
original_union,rts,HumanEval/163,2,0,0,1,8.499999663078219,0.0,-12.5000001192156,0.0,1,1,1
original_union,rts,HumanEval/163,2,0,1,1,-15.749999880789044,0.0,-12.5000001192156,0.0,0,0,0
original_union,rts,HumanEval/163,2,0,2,1,-12.250000000010079,0.0,-12.5000001192156,0.0,0,1,0
original_union,rts,HumanEval/163,2,0,3,0,-12.25000000001018,0.0,-12.5000001192156,0.0,0,1,0
original_union,rts,HumanEval/163,2,0,4,0,-11.999999523180701,0.0,-12.5000001192156,0.0,0,1,0
original_union,rts,HumanEval/163,2,0,5,0,-12.500000119214764,0.0,-12.5000001192156,0.0,0,1,0
original_union,rts,HumanEval/163,2,0,6,0,-14.250000357627716,0.0,-12.5000001192156,0.0,0,0,0
original_union,rts,HumanEval/163,2,0,7,0,-11.250000357711734,0.0,-12.5000001192156,0.0,0,1,0
original_union,rts,HumanEval/163,2,0,8,0,-21.124999999999826,0.0,-12.5000001192156,0.0,0,0,0
original_union,immediate,HumanEval/18,0,3,0,1,-4.999999933876123,0.0,0.24999999999999778,0.0,0,0,0
original_union,immediate,HumanEval/18,0,3,1,0,-4.249999828636648,0.0,0.24999999999999778,0.0,0,0,0
original_union,immediate,HumanEval/18,0,3,2,0,-7.500000088475645,0.0,0.24999999999999778,0.0,0,0,0
original_union,immediate,HumanEval/18,0,3,3,0,-7.249999980442227,0.0,0.24999999999999778,0.0,0,0,0
original_union,immediate,HumanEval/18,0,3,4,0,-7.500000108033421,0.0,0.24999999999999778,0.0,0,0,0
original_union,immediate,HumanEval/18,0,3,5,0,-6.999999791383745,0.0,0.24999999999999778,0.0,0,0,0
original_union,immediate,HumanEval/18,0,3,6,0,-6.50000017695129,0.0,0.24999999999999778,0.0,0,0,0
original_union,immediate,HumanEval/18,0,3,7,0,-6.49999988079071,0.0,0.24999999999999778,0.0,0,0,0
original_union,immediate,HumanEval/18,0,3,8,0,-10.249999996740373,0.0,0.24999999999999778,0.0,0,0,0
original_union,rts,HumanEval/18,0,3,0,1,9.749999882489325,0.0,-10.99999952330211,17.749999999999996,1,1,0
original_union,rts,HumanEval/18,0,3,1,0,9.250000243031216,0.0,-10.99999952330211,17.749999999999996,1,1,0
original_union,rts,HumanEval/18,0,3,2,0,17.749999999999993,0.0,-10.99999952330211,17.749999999999996,1,1,0
original_union,rts,HumanEval/18,0,3,3,0,-13.74999988079094,0.0,-10.99999952330211,17.749999999999996,0,0,0
original_union,rts,HumanEval/18,0,3,4,0,-14.749999642371957,0.0,-10.99999952330211,17.749999999999996,0,0,0
original_union,rts,HumanEval/18,0,3,5,0,8.99999964998265,0.0,-10.99999952330211,17.749999999999996,1,1,0
original_union,rts,HumanEval/18,0,3,6,0,8.99999964998261,0.0,-10.99999952330211,17.749999999999996,1,1,0
original_union,rts,HumanEval/18,0,3,7,0,0.7500000298033198,0.0,-10.99999952330211,17.749999999999996,1,1,0
original_union,rts,HumanEval/18,0,3,8,0,10.500000119587575,0.0,-10.99999952330211,17.749999999999996,1,1,0
original_union,immediate,HumanEval/19,8,4,0,1,7.750000013370439,0.0,0.24999999999999778,0.0,1,1,1
original_union,immediate,HumanEval/19,8,4,1,1,20.375000842278354,0.0,0.24999999999999778,0.0,1,1,1
original_union,immediate,HumanEval/19,8,4,2,1,18.74999941719528,0.0,0.24999999999999778,0.0,1,1,1
original_union,immediate,HumanEval/19,8,4,3,1,18.375000499144928,0.0,0.24999999999999778,0.0,1,1,1
original_union,immediate,HumanEval/19,8,4,4,1,19.249999647326675,0.0,0.24999999999999778,0.0,1,1,1
original_union,immediate,HumanEval/19,8,4,5,1,19.250000132640483,0.0,0.24999999999999778,0.0,1,1,1
original_union,immediate,HumanEval/19,8,4,6,1,19.24999988572358,0.0,0.24999999999999778,0.0,1,1,1
original_union,immediate,HumanEval/19,8,4,7,1,19.375000717074524,0.0,0.24999999999999778,0.0,1,1,1
original_union,immediate,HumanEval/19,8,4,8,1,20.250000834708484,0.0,0.24999999999999778,0.0,1,1,1
original_union,rts,HumanEval/19,8,4,0,1,17.24999999999994,0.0,-10.500000000378538,0.0,1,1,1
original_union,rts,HumanEval/19,8,4,1,1,22.624999999999996,0.0,-10.500000000378538,0.0,1,1,1
original_union,rts,HumanEval/19,8,4,2,1,21.249999999999993,0.0,-10.500000000378538,0.0,1,1,1
original_union,rts,HumanEval/19,8,4,3,1,22.999999999999996,0.0,-10.500000000378538,0.0,1,1,1
original_union,rts,HumanEval/19,8,4,4,1,23.999999999999993,0.0,-10.500000000378538,0.0,1,1,1
original_union,rts,HumanEval/19,8,4,5,1,24.874999999999993,0.0,-10.500000000378538,0.0,1,1,1
original_union,rts,HumanEval/19,8,4,6,1,23.999999999999996,0.0,-10.500000000378538,0.0,1,1,1
original_union,rts,HumanEval/19,8,4,7,1,23.874999999999996,0.0,-10.500000000378538,0.0,1,1,1
original_union,rts,HumanEval/19,8,4,8,1,28.249999999999993,0.0,-10.500000000378538,0.0,1,1,1
original_union,immediate,HumanEval/22,8,1,0,1,9.499999630264304,0.0,-2.5091040356528538e-14,0.0,1,1,1
original_union,immediate,HumanEval/22,8,1,1,1,21.250000745057793,0.0,-2.5091040356528538e-14,0.0,1,1,1
original_union,immediate,HumanEval/22,8,1,2,1,19.99999915994691,0.0,-2.5091040356528538e-14,0.0,1,1,1
original_union,immediate,HumanEval/22,8,1,3,1,19.625000489875557,0.0,-2.5091040356528538e-14,0.0,1,1,1
original_union,immediate,HumanEval/22,8,1,4,1,19.874999193474522,0.0,-2.5091040356528538e-14,0.0,1,1,1
original_union,immediate,HumanEval/22,8,1,5,1,19.874999981373467,0.0,-2.5091040356528538e-14,0.0,1,1,1
original_union,immediate,HumanEval/22,8,1,6,1,19.875000109895957,0.0,-2.5091040356528538e-14,0.0,1,1,1
original_union,immediate,HumanEval/22,8,1,7,1,19.499999392777607,0.0,-2.5091040356528538e-14,0.0,1,1,1
original_union,immediate,HumanEval/22,8,1,8,1,21.37500058766435,0.0,-2.5091040356528538e-14,0.0,1,1,1
original_union,rts,HumanEval/22,8,1,0,1,16.249999880790668,0.0,-10.99999952330211,0.0,1,1,1
original_union,rts,HumanEval/22,8,1,1,1,20.49999999999999,0.0,-10.99999952330211,0.0,1,1,1
original_union,rts,HumanEval/22,8,1,2,1,22.249999999999996,0.0,-10.99999952330211,0.0,1,1,1
original_union,rts,HumanEval/22,8,1,3,1,22.499999999999993,0.0,-10.99999952330211,0.0,1,1,1
original_union,rts,HumanEval/22,8,1,4,1,22.374999999999996,0.0,-10.99999952330211,0.0,1,1,1
original_union,rts,HumanEval/22,8,1,5,1,21.874999999999982,0.0,-10.99999952330211,0.0,1,1,1
original_union,rts,HumanEval/22,8,1,6,1,21.999999999999986,0.0,-10.99999952330211,0.0,1,1,1
original_union,rts,HumanEval/22,8,1,7,1,22.374999999999986,0.0,-10.99999952330211,0.0,1,1,1
original_union,rts,HumanEval/22,8,1,8,1,27.624999999999996,0.0,-10.99999952330211,0.0,1,1,1
original_union,immediate,HumanEval/23,8,1,0,1,-1.2499999701977331,0.0,-2.5091040356528538e-14,-6.749999894527721,0,0,1
original_union,immediate,HumanEval/23,8,1,1,1,-4.499999783001846,0.0,-2.5091040356528538e-14,-6.749999894527721,0,0,1
original_union,immediate,HumanEval/23,8,1,2,1,-6.25000000279397,0.0,-2.5091040356528538e-14,-6.749999894527721,0,0,1
original_union,immediate,HumanEval/23,8,1,3,1,-6.000000022351744,0.0,-2.5091040356528538e-14,-6.749999894527721,0,0,1
original_union,immediate,HumanEval/23,8,1,4,1,-5.999999775551262,0.0,-2.5091040356528538e-14,-6.749999894527721,0,0,1
original_union,immediate,HumanEval/23,8,1,5,1,-4.750000078231098,0.0,-2.5091040356528538e-14,-6.749999894527721,0,0,1
original_union,immediate,HumanEval/23,8,1,6,1,-4.2500000707805174,0.0,-2.5091040356528538e-14,-6.749999894527721,0,0,1
original_union,immediate,HumanEval/23,8,1,7,1,-3.249999891966583,0.0,-2.5091040356528538e-14,-6.749999894527721,0,0,1
original_union,immediate,HumanEval/23,8,1,8,1,-6.749999894527721,0.0,-2.5091040356528538e-14,-6.749999894527721,0,0,1
original_union,rts,HumanEval/23,8,1,0,1,11.999999523181808,0.0,-10.99999952330211,-17.99999999999952,1,1,1
original_union,rts,HumanEval/23,8,1,1,1,-12.5000001192156,0.0,-10.99999952330211,-17.99999999999952,0,0,1
original_union,rts,HumanEval/23,8,1,2,1,18.874999999999947,0.0,-10.99999952330211,-17.99999999999952,1,1,1
original_union,rts,HumanEval/23,8,1,3,1,15.499999761581433,0.0,-10.99999952330211,-17.99999999999952,1,1,1
original_union,rts,HumanEval/23,8,1,4,1,-17.99999999999952,0.0,-10.99999952330211,-17.99999999999952,0,0,1
original_union,rts,HumanEval/23,8,1,5,1,19.499999999999996,0.0,-10.99999952330211,-17.99999999999952,1,1,1
original_union,rts,HumanEval/23,8,1,6,1,21.249999999999982,0.0,-10.99999952330211,-17.99999999999952,1,1,1
original_union,rts,HumanEval/23,8,1,7,1,18.99999999999999,0.0,-10.99999952330211,-17.99999999999952,1,1,1
original_union,rts,HumanEval/23,8,1,8,1,-16.99999999999944,0.0,-10.99999952330211,-17.99999999999952,0,0,1
original_union,immediate,HumanEval/24,1,2,0,1,-2.2500000298025378,0.0,0.24999999999999822,2.750000067055196,0,0,0
original_union,immediate,HumanEval/24,1,2,1,1,2.750000067055196,0.0,0.24999999999999822,2.750000067055196,1,1,1
original_union,immediate,HumanEval/24,1,2,2,0,0.49999994039534434,0.0,0.24999999999999822,2.750000067055196,1,1,0
original_union,immediate,HumanEval/24,1,2,3,0,0.24999999999999112,0.0,0.24999999999999822,2.750000067055196,1,0,0
original_union,immediate,HumanEval/24,1,2,4,0,-0.5000000000000049,0.0,0.24999999999999822,2.750000067055196,0,0,0
original_union,immediate,HumanEval/24,1,2,5,0,-0.25000000000000533,0.0,0.24999999999999822,2.750000067055196,0,0,0
original_union,immediate,HumanEval/24,1,2,6,0,-0.25000000000000466,0.0,0.24999999999999822,2.750000067055196,0,0,0
original_union,immediate,HumanEval/24,1,2,7,0,-0.25000000000000444,0.0,0.24999999999999822,2.750000067055196,0,0,0
original_union,immediate,HumanEval/24,1,2,8,0,-4.00000008195639,0.0,0.24999999999999822,2.750000067055196,0,0,0
original_union,rts,HumanEval/24,1,2,0,1,14.49999952316287,0.0,-10.99999952330211,26.124999999999993,1,1,0
original_union,rts,HumanEval/24,1,2,1,1,26.124999999999993,0.0,-10.99999952330211,26.124999999999993,1,1,1
original_union,rts,HumanEval/24,1,2,2,0,24.499999999999993,0.0,-10.99999952330211,26.124999999999993,1,1,0
original_union,rts,HumanEval/24,1,2,3,0,-13.250000119210542,0.0,-10.99999952330211,26.124999999999993,0,0,0
original_union,rts,HumanEval/24,1,2,4,0,16.749999999999968,0.0,-10.99999952330211,26.124999999999993,1,1,0
original_union,rts,HumanEval/24,1,2,5,0,-19.624999999999357,0.0,-10.99999952330211,26.124999999999993,0,0,0
original_union,rts,HumanEval/24,1,2,6,0,25.624999999999996,0.0,-10.99999952330211,26.124999999999993,1,1,0
original_union,rts,HumanEval/24,1,2,7,0,23.624999999999996,0.0,-10.99999952330211,26.124999999999993,1,1,0
original_union,rts,HumanEval/24,1,2,8,0,-18.249999999999794,0.0,-10.99999952330211,26.124999999999993,0,0,0
original_union,immediate,HumanEval/25,0,4,0,1,-11.749999762774694,0.0,0.24999999999999778,-11.749999762774694,0,0,1
original_union,immediate,HumanEval/25,0,4,1,0,-13.249999881125408,0.0,0.24999999999999778,-11.749999762774694,0,0,0
original_union,immediate,HumanEval/25,0,4,2,0,-12.749999643976485,0.0,0.24999999999999778,-11.749999762774694,0,0,0
original_union,immediate,HumanEval/25,0,4,3,0,-12.750000239411754,0.0,0.24999999999999778,-11.749999762774694,0,0,0
original_union,immediate,HumanEval/25,0,4,4,0,-13.374999881598345,0.0,0.24999999999999778,-11.749999762774694,0,0,0
original_union,immediate,HumanEval/25,0,4,5,0,-12.87500036170241,0.0,0.24999999999999778,-11.749999762774694,0,0,0
original_union,immediate,HumanEval/25,0,4,6,0,-13.24999976720574,0.0,0.24999999999999778,-11.749999762774694,0,0,0
original_union,immediate,HumanEval/25,0,4,7,0,-14.500000246436688,0.0,0.24999999999999778,-11.749999762774694,0,0,0
original_union,immediate,HumanEval/25,0,4,8,0,-17.37500035788253,0.0,0.24999999999999778,-11.749999762774694,0,0,0
original_union,rts,HumanEval/25,0,4,0,1,-10.000000358658081,0.0,-10.500000000378538,0.0,0,1,0
original_union,rts,HumanEval/25,0,4,1,0,-2.749999884487734,0.0,-10.500000000378538,0.0,0,1,0
original_union,rts,HumanEval/25,0,4,2,0,-19.874999999999147,0.0,-10.500000000378538,0.0,0,0,0
original_union,rts,HumanEval/25,0,4,3,0,-20.37499999999905,0.0,-10.500000000378538,0.0,0,0,0
original_union,rts,HumanEval/25,0,4,4,0,-24.74999999999968,0.0,-10.500000000378538,0.0,0,0,0
original_union,rts,HumanEval/25,0,4,5,0,-25.37499999999975,0.0,-10.500000000378538,0.0,0,0,0
original_union,rts,HumanEval/25,0,4,6,0,-18.99999999999916,0.0,-10.500000000378538,0.0,0,0,0
original_union,rts,HumanEval/25,0,4,7,0,-21.374999999999655,0.0,-10.500000000378538,0.0,0,0,0
original_union,rts,HumanEval/25,0,4,8,0,-26.49999999999972,0.0,-10.500000000378538,0.0,0,0,0
original_union,immediate,HumanEval/27,3,0,0,1,-6.250000202097009,0.0,0.24999999999999778,-9.250000310712494,0,0,1
original_union,immediate,HumanEval/27,3,0,1,1,-7.9999999010469764,0.0,0.24999999999999778,-9.250000310712494,0,0,1
original_union,immediate,HumanEval/27,3,0,2,1,-9.000000069499947,0.0,0.24999999999999778,-9.250000310712494,0,0,1
original_union,immediate,HumanEval/27,3,0,3,1,-9.250000310712494,0.0,0.24999999999999778,-9.250000310712494,0,0,1
original_union,immediate,HumanEval/27,3,0,4,0,-9.75000026982161,0.0,0.24999999999999778,-9.250000310712494,0,0,0
original_union,immediate,HumanEval/27,3,0,5,0,-9.499999934632797,0.0,0.24999999999999778,-9.250000310712494,0,0,0
original_union,immediate,HumanEval/27,3,0,6,0,-8.999999962194124,0.0,0.24999999999999778,-9.250000310712494,0,0,1
original_union,immediate,HumanEval/27,3,0,7,0,-9.500000092870323,0.0,0.24999999999999778,-9.250000310712494,0,0,0
original_union,immediate,HumanEval/27,3,0,8,0,-11.99999964560993,0.0,0.24999999999999778,-9.250000310712494,0,0,0
original_union,rts,HumanEval/27,3,0,0,1,11.250000357711919,0.0,-12.5000001192156,0.0,1,1,1
original_union,rts,HumanEval/27,3,0,1,1,-21.749999999999705,0.0,-12.5000001192156,0.0,0,0,0
original_union,rts,HumanEval/27,3,0,2,1,-20.374999999999694,0.0,-12.5000001192156,0.0,0,0,0
original_union,rts,HumanEval/27,3,0,3,1,-22.374999999999535,0.0,-12.5000001192156,0.0,0,0,0
original_union,rts,HumanEval/27,3,0,4,0,-20.499999999999403,0.0,-12.5000001192156,0.0,0,0,0
original_union,rts,HumanEval/27,3,0,5,0,-19.624999999999467,0.0,-12.5000001192156,0.0,0,0,0
original_union,rts,HumanEval/27,3,0,6,0,-20.87499999999965,0.0,-12.5000001192156,0.0,0,0,0
original_union,rts,HumanEval/27,3,0,7,0,-16.874999999999403,0.0,-12.5000001192156,0.0,0,0,0
original_union,rts,HumanEval/27,3,0,8,0,-18.62499999999958,0.0,-12.5000001192156,0.0,0,0,0
original_union,immediate,HumanEval/28,8,0,0,1,16.124999135961044,0.0,0.24999999999999778,0.0,1,1,1
original_union,immediate,HumanEval/28,8,0,1,1,22.249999589635234,0.0,0.24999999999999778,0.0,1,1,1
original_union,immediate,HumanEval/28,8,0,2,1,21.500000782776056,0.0,0.24999999999999778,0.0,1,1,1
original_union,immediate,HumanEval/28,8,0,3,1,21.625000800704157,0.0,0.24999999999999778,0.0,1,1,1
original_union,immediate,HumanEval/28,8,0,4,1,21.74999958672517,0.0,0.24999999999999778,0.0,1,1,1
original_union,immediate,HumanEval/28,8,0,5,1,21.99999946763242,0.0,0.24999999999999778,0.0,1,1,1
original_union,immediate,HumanEval/28,8,0,6,1,21.750000537954893,0.0,0.24999999999999778,0.0,1,1,1
original_union,immediate,HumanEval/28,8,0,7,1,20.999999942432414,0.0,0.24999999999999778,0.0,1,1,1
original_union,immediate,HumanEval/28,8,0,8,1,23.125000034633075,0.0,0.24999999999999778,0.0,1,1,1
original_union,rts,HumanEval/28,8,0,0,1,16.749999999999982,0.0,-12.5000001192156,0.0,1,1,1
original_union,rts,HumanEval/28,8,0,1,1,21.999999999999996,0.0,-12.5000001192156,0.0,1,1,1
original_union,rts,HumanEval/28,8,0,2,1,20.74999999999999,0.0,-12.5000001192156,0.0,1,1,1
original_union,rts,HumanEval/28,8,0,3,1,23.874999999999993,0.0,-12.5000001192156,0.0,1,1,1
original_union,rts,HumanEval/28,8,0,4,1,23.999999999999996,0.0,-12.5000001192156,0.0,1,1,1
original_union,rts,HumanEval/28,8,0,5,1,25.249999999999993,0.0,-12.5000001192156,0.0,1,1,1
original_union,rts,HumanEval/28,8,0,6,1,25.499999999999993,0.0,-12.5000001192156,0.0,1,1,1
original_union,rts,HumanEval/28,8,0,7,1,24.999999999999996,0.0,-12.5000001192156,0.0,1,1,1
original_union,rts,HumanEval/28,8,0,8,1,29.499999999999996,0.0,-12.5000001192156,0.0,1,1,1
original_union,immediate,HumanEval/3,8,0,0,1,18.374999234452233,0.0,0.24999999999999778,0.0,1,1,1
original_union,immediate,HumanEval/3,8,0,1,1,21.375000067054998,0.0,0.24999999999999778,0.0,1,1,1
original_union,immediate,HumanEval/3,8,0,2,1,20.500000777654243,0.0,0.24999999999999778,0.0,1,1,1
original_union,immediate,HumanEval/3,8,0,3,1,20.750000074505696,0.0,0.24999999999999778,0.0,1,1,1
original_union,immediate,HumanEval/3,8,0,4,1,20.750000213272767,0.0,0.24999999999999778,0.0,1,1,1
original_union,immediate,HumanEval/3,8,0,5,1,20.75000050477674,0.0,0.24999999999999778,0.0,1,1,1
original_union,immediate,HumanEval/3,8,0,6,1,20.624999640509397,0.0,0.24999999999999778,0.0,1,1,1
original_union,immediate,HumanEval/3,8,0,7,1,20.37500071432433,0.0,0.24999999999999778,0.0,1,1,1
original_union,immediate,HumanEval/3,8,0,8,1,22.00000039208667,0.0,0.24999999999999778,0.0,1,1,1
original_union,rts,HumanEval/3,8,0,0,1,17.499999999999968,0.0,-12.5000001192156,0.0,1,1,1
original_union,rts,HumanEval/3,8,0,1,1,22.124999999999993,0.0,-12.5000001192156,0.0,1,1,1
original_union,rts,HumanEval/3,8,0,2,1,21.24999999999999,0.0,-12.5000001192156,0.0,1,1,1
original_union,rts,HumanEval/3,8,0,3,1,21.124999999999993,0.0,-12.5000001192156,0.0,1,1,1
original_union,rts,HumanEval/3,8,0,4,1,21.999999999999993,0.0,-12.5000001192156,0.0,1,1,1
original_union,rts,HumanEval/3,8,0,5,1,23.374999999999996,0.0,-12.5000001192156,0.0,1,1,1
original_union,rts,HumanEval/3,8,0,6,1,22.374999999999996,0.0,-12.5000001192156,0.0,1,1,1
original_union,rts,HumanEval/3,8,0,7,1,19.249999999999986,0.0,-12.5000001192156,0.0,1,1,1
original_union,rts,HumanEval/3,8,0,8,1,26.374999999999996,0.0,-12.5000001192156,0.0,1,1,1
original_union,immediate,HumanEval/33,0,0,0,1,-8.000000260770324,0.0,0.24999999999999778,0.0,0,0,0
original_union,immediate,HumanEval/33,0,0,1,0,-7.750000172061847,0.0,0.24999999999999778,0.0,0,0,0
original_union,immediate,HumanEval/33,0,0,2,0,-8.75000032223761,0.0,0.24999999999999778,0.0,0,0,0
original_union,immediate,HumanEval/33,0,0,3,0,-9.000000064261258,0.0,0.24999999999999778,0.0,0,0,0
original_union,immediate,HumanEval/33,0,0,4,0,-9.250000427942725,0.0,0.24999999999999778,0.0,0,0,0
original_union,immediate,HumanEval/33,0,0,5,0,-8.999999680090697,0.0,0.24999999999999778,0.0,0,0,0
original_union,immediate,HumanEval/33,0,0,6,0,-9.00000045867637,0.0,0.24999999999999778,0.0,0,0,0
original_union,immediate,HumanEval/33,0,0,7,0,-9.499999901279807,0.0,0.24999999999999778,0.0,0,0,0
original_union,immediate,HumanEval/33,0,0,8,0,-12.500000356230887,0.0,0.24999999999999778,0.0,0,0,0
original_union,rts,HumanEval/33,0,0,0,1,6.250000192083993,0.0,-12.5000001192156,0.0,1,1,1
original_union,rts,HumanEval/33,0,0,1,0,-19.499999999999734,0.0,-12.5000001192156,0.0,0,0,0
original_union,rts,HumanEval/33,0,0,2,0,-21.249999999999698,0.0,-12.5000001192156,0.0,0,0,0
original_union,rts,HumanEval/33,0,0,3,0,-20.374999999999744,0.0,-12.5000001192156,0.0,0,0,0
original_union,rts,HumanEval/33,0,0,4,0,-20.124999999999588,0.0,-12.5000001192156,0.0,0,0,0
original_union,rts,HumanEval/33,0,0,5,0,-20.374999999999726,0.0,-12.5000001192156,0.0,0,0,0
original_union,rts,HumanEval/33,0,0,6,0,-20.749999999999673,0.0,-12.5000001192156,0.0,0,0,0
original_union,rts,HumanEval/33,0,0,7,0,-21.374999999999645,0.0,-12.5000001192156,0.0,0,0,0
original_union,rts,HumanEval/33,0,0,8,0,-19.499999999999822,0.0,-12.5000001192156,0.0,0,0,0
original_union,immediate,HumanEval/36,1,2,0,1,8.49999957775829,0.0,0.24999999999999822,18.250000020023023,1,1,0
original_union,immediate,HumanEval/36,1,2,1,1,18.250000020023023,0.0,0.24999999999999822,18.250000020023023,1,1,1
original_union,immediate,HumanEval/36,1,2,2,0,16.499999540159212,0.0,0.24999999999999822,18.250000020023023,1,1,0
original_union,immediate,HumanEval/36,1,2,3,0,16.62499918159994,0.0,0.24999999999999822,18.250000020023023,1,1,0
original_union,immediate,HumanEval/36,1,2,4,0,16.87500083306771,0.0,0.24999999999999822,18.250000020023023,1,1,0
original_union,immediate,HumanEval/36,1,2,5,0,17.00000078696724,0.0,0.24999999999999822,18.250000020023023,1,1,0
original_union,immediate,HumanEval/36,1,2,6,0,17.12499950919272,0.0,0.24999999999999822,18.250000020023023,1,1,0
original_union,immediate,HumanEval/36,1,2,7,0,16.374999937368344,0.0,0.24999999999999822,18.250000020023023,1,1,0
original_union,immediate,HumanEval/36,1,2,8,0,18.124999823339426,0.0,0.24999999999999822,18.250000020023023,1,1,0
original_union,rts,HumanEval/36,1,2,0,1,12.500000119215997,0.0,-10.99999952330211,25.249999999999996,1,1,0
original_union,rts,HumanEval/36,1,2,1,1,20.49999999999998,0.0,-10.99999952330211,25.249999999999996,1,1,0
original_union,rts,HumanEval/36,1,2,2,0,19.749999999999982,0.0,-10.99999952330211,25.249999999999996,1,1,0
original_union,rts,HumanEval/36,1,2,3,0,21.999999999999996,0.0,-10.99999952330211,25.249999999999996,1,1,0
original_union,rts,HumanEval/36,1,2,4,0,25.249999999999993,0.0,-10.99999952330211,25.249999999999996,1,1,0
original_union,rts,HumanEval/36,1,2,5,0,12.500000119215615,0.0,-10.99999952330211,25.249999999999996,1,1,0
original_union,rts,HumanEval/36,1,2,6,0,23.999999999999986,0.0,-10.99999952330211,25.249999999999996,1,1,0
original_union,rts,HumanEval/36,1,2,7,0,19.49999999999999,0.0,-10.99999952330211,25.249999999999996,1,1,0
original_union,rts,HumanEval/36,1,2,8,0,21.249999999999986,0.0,-10.99999952330211,25.249999999999996,1,1,0
original_union,immediate,HumanEval/38,0,3,0,1,-10.500000214437033,0.0,0.24999999999999778,-10.500000214437033,0,0,1
original_union,immediate,HumanEval/38,0,3,1,0,-14.749999998370194,0.0,0.24999999999999778,-10.500000214437033,0,0,0
original_union,immediate,HumanEval/38,0,3,2,0,-15.49999976903201,0.0,0.24999999999999778,-10.500000214437033,0,0,0
original_union,immediate,HumanEval/38,0,3,3,0,-15.374999607098298,0.0,0.24999999999999778,-10.500000214437033,0,0,0
original_union,immediate,HumanEval/38,0,3,4,0,-15.625000083120547,0.0,0.24999999999999778,-10.500000214437033,0,0,0
original_union,immediate,HumanEval/38,0,3,5,0,-15.12499961769209,0.0,0.24999999999999778,-10.500000214437033,0,0,0
original_union,immediate,HumanEval/38,0,3,6,0,-15.500000345287848,0.0,0.24999999999999778,-10.500000214437033,0,0,0
original_union,immediate,HumanEval/38,0,3,7,0,-15.500000178581107,0.0,0.24999999999999778,-10.500000214437033,0,0,0
original_union,immediate,HumanEval/38,0,3,8,0,-17.125000773230575,0.0,0.24999999999999778,-10.500000214437033,0,0,0
original_union,rts,HumanEval/38,0,3,0,1,20.499999999999993,0.0,-10.99999952330211,0.0,1,1,1
original_union,rts,HumanEval/38,0,3,1,0,-23.499999999999797,0.0,-10.99999952330211,0.0,0,0,0
original_union,rts,HumanEval/38,0,3,2,0,-18.874999999999623,0.0,-10.99999952330211,0.0,0,0,0
original_union,rts,HumanEval/38,0,3,3,0,-21.624999999999655,0.0,-10.99999952330211,0.0,0,0,0
original_union,rts,HumanEval/38,0,3,4,0,-22.62499999999978,0.0,-10.99999952330211,0.0,0,0,0
original_union,rts,HumanEval/38,0,3,5,0,-22.624999999999694,0.0,-10.99999952330211,0.0,0,0,0
original_union,rts,HumanEval/38,0,3,6,0,-22.999999999999833,0.0,-10.99999952330211,0.0,0,0,0
original_union,rts,HumanEval/38,0,3,7,0,-23.874999999999783,0.0,-10.99999952330211,0.0,0,0,0
original_union,rts,HumanEval/38,0,3,8,0,-22.249999999999847,0.0,-10.99999952330211,0.0,0,0,0
original_union,immediate,HumanEval/42,8,3,0,1,10.875000071703482,0.0,0.24999999999999778,0.0,1,1,1
original_union,immediate,HumanEval/42,8,3,1,1,20.500000111758517,0.0,0.24999999999999778,0.0,1,1,1
original_union,immediate,HumanEval/42,8,3,2,1,17.37500034272665,0.0,0.24999999999999778,0.0,1,1,1
original_union,immediate,HumanEval/42,8,3,3,1,15.875000424683046,0.0,0.24999999999999778,0.0,1,1,1
original_union,immediate,HumanEval/42,8,3,4,1,13.37500032037491,0.0,0.24999999999999778,0.0,1,1,1
original_union,immediate,HumanEval/42,8,3,5,1,13.999999769031971,0.0,0.24999999999999778,0.0,1,1,1
original_union,immediate,HumanEval/42,8,3,6,1,13.000000208616227,0.0,0.24999999999999778,0.0,1,1,1
original_union,immediate,HumanEval/42,8,3,7,1,14.499999575316876,0.0,0.24999999999999778,0.0,1,1,1
original_union,immediate,HumanEval/42,8,3,8,1,17.62499982491124,0.0,0.24999999999999778,0.0,1,1,1
original_union,rts,HumanEval/42,8,3,0,1,15.249999761580494,0.0,-10.99999952330211,0.0,1,1,1
original_union,rts,HumanEval/42,8,3,1,1,20.749999999999993,0.0,-10.99999952330211,0.0,1,1,1
original_union,rts,HumanEval/42,8,3,2,1,22.874999999999993,0.0,-10.99999952330211,0.0,1,1,1
original_union,rts,HumanEval/42,8,3,3,1,22.624999999999996,0.0,-10.99999952330211,0.0,1,1,1
original_union,rts,HumanEval/42,8,3,4,1,24.874999999999996,0.0,-10.99999952330211,0.0,1,1,1
original_union,rts,HumanEval/42,8,3,5,1,27.124999999999996,0.0,-10.99999952330211,0.0,1,1,1
original_union,rts,HumanEval/42,8,3,6,1,26.874999999999996,0.0,-10.99999952330211,0.0,1,1,1
original_union,rts,HumanEval/42,8,3,7,1,22.75,0.0,-10.99999952330211,0.0,1,1,1
original_union,rts,HumanEval/42,8,3,8,1,9.749999882489579,0.0,-10.99999952330211,0.0,1,1,1
original_union,immediate,HumanEval/43,8,4,0,1,13.375000321305446,0.0,0.24999999999999778,0.0,1,1,1
original_union,immediate,HumanEval/43,8,4,1,1,19.374999543651857,0.0,0.24999999999999778,0.0,1,1,1
original_union,immediate,HumanEval/43,8,4,2,1,17.874999988824072,0.0,0.24999999999999778,0.0,1,1,1
original_union,immediate,HumanEval/43,8,4,3,1,17.375000640749867,0.0,0.24999999999999778,0.0,1,1,1
original_union,immediate,HumanEval/43,8,4,4,1,17.249999713152597,0.0,0.24999999999999778,0.0,1,1,1
original_union,immediate,HumanEval/43,8,4,5,1,17.125000648200462,0.0,0.24999999999999778,0.0,1,1,1
original_union,immediate,HumanEval/43,8,4,6,1,17.000000406056603,0.0,0.24999999999999778,0.0,1,1,1
original_union,immediate,HumanEval/43,8,4,7,1,16.499999612569777,0.0,0.24999999999999778,0.0,1,1,1
original_union,immediate,HumanEval/43,8,4,8,1,17.74999907612794,0.0,0.24999999999999778,0.0,1,1,1
original_union,rts,HumanEval/43,8,4,0,1,18.49999999999992,0.0,-10.500000000378538,0.0,1,1,1
original_union,rts,HumanEval/43,8,4,1,1,22.99999999999999,0.0,-10.500000000378538,0.0,1,1,1
original_union,rts,HumanEval/43,8,4,2,1,19.24999999999998,0.0,-10.500000000378538,0.0,1,1,1
original_union,rts,HumanEval/43,8,4,3,1,19.874999999999964,0.0,-10.500000000378538,0.0,1,1,1
original_union,rts,HumanEval/43,8,4,4,1,20.749999999999982,0.0,-10.500000000378538,0.0,1,1,1
original_union,rts,HumanEval/43,8,4,5,1,22.62499999999999,0.0,-10.500000000378538,0.0,1,1,1
original_union,rts,HumanEval/43,8,4,6,1,24.499999999999993,0.0,-10.500000000378538,0.0,1,1,1
original_union,rts,HumanEval/43,8,4,7,1,21.49999999999998,0.0,-10.500000000378538,0.0,1,1,1
original_union,rts,HumanEval/43,8,4,8,1,16.99999999999997,0.0,-10.500000000378538,0.0,1,1,1
original_union,immediate,HumanEval/46,0,3,0,1,4.250000178813893,0.0,0.24999999999999778,7.7499999823048356,1,1,0
original_union,immediate,HumanEval/46,0,3,1,0,7.749999982304835,0.0,0.24999999999999778,7.7499999823048356,1,1,0
original_union,immediate,HumanEval/46,0,3,2,0,4.750000096857535,0.0,0.24999999999999778,7.7499999823048356,1,1,0
original_union,immediate,HumanEval/46,0,3,3,0,4.249999806284896,0.0,0.24999999999999778,7.7499999823048356,1,1,0
original_union,immediate,HumanEval/46,0,3,4,0,3.999999791383733,0.0,0.24999999999999778,7.7499999823048356,1,1,0
original_union,immediate,HumanEval/46,0,3,5,0,3.499999888241283,0.0,0.24999999999999778,7.7499999823048356,1,1,0
original_union,immediate,HumanEval/46,0,3,6,0,3.2499999962747017,0.0,0.24999999999999778,7.7499999823048356,1,1,0
original_union,immediate,HumanEval/46,0,3,7,0,1.5000000447034805,0.0,0.24999999999999778,7.7499999823048356,1,1,0
original_union,immediate,HumanEval/46,0,3,8,0,1.7499999999999953,0.0,0.24999999999999778,7.7499999823048356,1,1,0
original_union,rts,HumanEval/46,0,3,0,1,18.249999999999986,0.0,-10.99999952330211,24.875,1,1,0
original_union,rts,HumanEval/46,0,3,1,0,18.99999999999999,0.0,-10.99999952330211,24.875,1,1,0
original_union,rts,HumanEval/46,0,3,2,0,21.124999999999986,0.0,-10.99999952330211,24.875,1,1,0
original_union,rts,HumanEval/46,0,3,3,0,21.499999999999996,0.0,-10.99999952330211,24.875,1,1,0
original_union,rts,HumanEval/46,0,3,4,0,24.874999999999996,0.0,-10.99999952330211,24.875,1,1,0
original_union,rts,HumanEval/46,0,3,5,0,19.624999999999975,0.0,-10.99999952330211,24.875,1,1,0
original_union,rts,HumanEval/46,0,3,6,0,21.249999999999996,0.0,-10.99999952330211,24.875,1,1,0
original_union,rts,HumanEval/46,0,3,7,0,-18.49999999999979,0.0,-10.99999952330211,24.875,0,0,0
original_union,rts,HumanEval/46,0,3,8,0,24.874999999999993,0.0,-10.99999952330211,24.875,1,1,0
original_union,immediate,HumanEval/48,8,2,0,1,-5.773159728050814e-15,0.0,0.24999999999999822,-9.500000255182385,0,0,1
original_union,immediate,HumanEval/48,8,2,1,1,-2.500000014901162,0.0,0.24999999999999822,-9.500000255182385,0,0,1
original_union,immediate,HumanEval/48,8,2,2,1,-5.749999783933164,0.0,0.24999999999999822,-9.500000255182385,0,0,1
original_union,immediate,HumanEval/48,8,2,3,1,-5.250000044703484,0.0,0.24999999999999822,-9.500000255182385,0,0,1
original_union,immediate,HumanEval/48,8,2,4,1,-5.500000134110452,0.0,0.24999999999999822,-9.500000255182385,0,0,1
original_union,immediate,HumanEval/48,8,2,5,1,-5.249999947845937,0.0,0.24999999999999822,-9.500000255182385,0,0,1
original_union,immediate,HumanEval/48,8,2,6,1,-5.750000029802322,0.0,0.24999999999999822,-9.500000255182385,0,0,1
original_union,immediate,HumanEval/48,8,2,7,1,-6.500000126659871,0.0,0.24999999999999822,-9.500000255182385,0,0,1
original_union,immediate,HumanEval/48,8,2,8,1,-9.500000255182385,0.0,0.24999999999999822,-9.500000255182385,0,0,1
original_union,rts,HumanEval/48,8,2,0,1,10.50000011958693,0.0,-10.99999952330211,0.0,1,1,1
original_union,rts,HumanEval/48,8,2,1,1,17.749999999999982,0.0,-10.99999952330211,0.0,1,1,1
original_union,rts,HumanEval/48,8,2,2,1,14.749999642372167,0.0,-10.99999952330211,0.0,1,1,1
original_union,rts,HumanEval/48,8,2,3,1,12.250000000011092,0.0,-10.99999952330211,0.0,1,1,1
original_union,rts,HumanEval/48,8,2,4,1,9.74999988248924,0.0,-10.99999952330211,0.0,1,1,1
original_union,rts,HumanEval/48,8,2,5,1,14.499999523162915,0.0,-10.99999952330211,0.0,1,1,1
original_union,rts,HumanEval/48,8,2,6,1,16.99999999999998,0.0,-10.99999952330211,0.0,1,1,1
original_union,rts,HumanEval/48,8,2,7,1,15.499999761581408,0.0,-10.99999952330211,0.0,1,1,1
original_union,rts,HumanEval/48,8,2,8,1,21.749999999999993,0.0,-10.99999952330211,0.0,1,1,1
original_union,immediate,HumanEval/5,0,0,0,1,-8.750000059255399,0.0,0.24999999999999778,0.0,0,0,0
original_union,immediate,HumanEval/5,0,0,1,0,-7.250000164494851,0.0,0.24999999999999778,0.0,0,0,0
original_union,immediate,HumanEval/5,0,0,2,0,-7.499999984516762,0.0,0.24999999999999778,0.0,0,0,0
original_union,immediate,HumanEval/5,0,0,3,0,-7.9999999857973325,0.0,0.24999999999999778,0.0,0,0,0
original_union,immediate,HumanEval/5,0,0,4,0,-8.499999959254637,0.0,0.24999999999999778,0.0,0,0,0
original_union,immediate,HumanEval/5,0,0,5,0,-8.500000292202458,0.0,0.24999999999999778,0.0,0,0,0
original_union,immediate,HumanEval/5,0,0,6,0,-7.9999995958060035,0.0,0.24999999999999778,0.0,0,0,0
original_union,immediate,HumanEval/5,0,0,7,0,-9.249999845866114,0.0,0.24999999999999778,0.0,0,0,0
original_union,immediate,HumanEval/5,0,0,8,0,-11.499999608204234,0.0,0.24999999999999778,0.0,0,0,0
original_union,rts,HumanEval/5,0,0,0,1,16.749999999999986,0.0,-12.5000001192156,0.0,1,1,1
original_union,rts,HumanEval/5,0,0,1,0,-18.374999999998867,0.0,-12.5000001192156,0.0,0,0,0
original_union,rts,HumanEval/5,0,0,2,0,-20.62499999999947,0.0,-12.5000001192156,0.0,0,0,0
original_union,rts,HumanEval/5,0,0,3,0,-20.874999999999332,0.0,-12.5000001192156,0.0,0,0,0
original_union,rts,HumanEval/5,0,0,4,0,-19.999999999999414,0.0,-12.5000001192156,0.0,0,0,0
original_union,rts,HumanEval/5,0,0,5,0,-20.124999999999517,0.0,-12.5000001192156,0.0,0,0,0
original_union,rts,HumanEval/5,0,0,6,0,-20.499999999999456,0.0,-12.5000001192156,0.0,0,0,0
original_union,rts,HumanEval/5,0,0,7,0,-20.874999999999375,0.0,-12.5000001192156,0.0,0,0,0
original_union,rts,HumanEval/5,0,0,8,0,-21.999999999999478,0.0,-12.5000001192156,0.0,0,0,0
original_union,immediate,HumanEval/50,0,1,0,1,-6.000000128522522,0.0,-2.5091040356528538e-14,-6.000000128522522,0,0,1
original_union,immediate,HumanEval/50,0,1,1,0,-11.500000400817953,0.0,-2.5091040356528538e-14,-6.000000128522522,0,0,0
original_union,immediate,HumanEval/50,0,1,2,0,-13.24999978760025,0.0,-2.5091040356528538e-14,-6.000000128522522,0,0,0
original_union,immediate,HumanEval/50,0,1,3,0,-13.624999787178242,0.0,-2.5091040356528538e-14,-6.000000128522522,0,0,0
original_union,immediate,HumanEval/50,0,1,4,0,-13.875000263898983,0.0,-2.5091040356528538e-14,-6.000000128522522,0,0,0
original_union,immediate,HumanEval/50,0,1,5,0,-13.500000325526347,0.0,-2.5091040356528538e-14,-6.000000128522522,0,0,0
original_union,immediate,HumanEval/50,0,1,6,0,-13.750000171741705,0.0,-2.5091040356528538e-14,-6.000000128522522,0,0,0
original_union,immediate,HumanEval/50,0,1,7,0,-13.874999728956029,0.0,-2.5091040356528538e-14,-6.000000128522522,0,0,0
original_union,immediate,HumanEval/50,0,1,8,0,-16.000000721091055,0.0,-2.5091040356528538e-14,-6.000000128522522,0,0,0
original_union,rts,HumanEval/50,0,1,0,1,2.250000029802596,0.0,-10.99999952330211,0.0,1,1,1
original_union,rts,HumanEval/50,0,1,1,0,-19.249999999999652,0.0,-10.99999952330211,0.0,0,0,0
original_union,rts,HumanEval/50,0,1,2,0,-22.999999999999527,0.0,-10.99999952330211,0.0,0,0,0
original_union,rts,HumanEval/50,0,1,3,0,-23.999999999999677,0.0,-10.99999952330211,0.0,0,0,0
original_union,rts,HumanEval/50,0,1,4,0,-19.249999999999815,0.0,-10.99999952330211,0.0,0,0,0
original_union,rts,HumanEval/50,0,1,5,0,-23.49999999999959,0.0,-10.99999952330211,0.0,0,0,0
original_union,rts,HumanEval/50,0,1,6,0,-23.24999999999976,0.0,-10.99999952330211,0.0,0,0,0
original_union,rts,HumanEval/50,0,1,7,0,-23.499999999999673,0.0,-10.99999952330211,0.0,0,0,0
original_union,rts,HumanEval/50,0,1,8,0,-24.99999999999983,0.0,-10.99999952330211,0.0,0,0,0
original_union,immediate,HumanEval/51,8,4,0,1,10.749999769264466,0.0,0.24999999999999778,0.0,1,1,1
original_union,immediate,HumanEval/51,8,4,1,1,19.25000026239996,0.0,0.24999999999999778,0.0,1,1,1
original_union,immediate,HumanEval/51,8,4,2,1,17.37499998649567,0.0,0.24999999999999778,0.0,1,1,1
original_union,immediate,HumanEval/51,8,4,3,1,17.625000217929323,0.0,0.24999999999999778,0.0,1,1,1
original_union,immediate,HumanEval/51,8,4,4,1,17.750000457977706,0.0,0.24999999999999778,0.0,1,1,1
original_union,immediate,HumanEval/51,8,4,5,1,17.749999548075582,0.0,0.24999999999999778,0.0,1,1,1
original_union,immediate,HumanEval/51,8,4,6,1,17.62500014225942,0.0,0.24999999999999778,0.0,1,1,1
original_union,immediate,HumanEval/51,8,4,7,1,17.499999247491274,0.0,0.24999999999999778,0.0,1,1,1
original_union,immediate,HumanEval/51,8,4,8,1,19.12499914981871,0.0,0.24999999999999778,0.0,1,1,1
original_union,rts,HumanEval/51,8,4,0,1,12.999999642374586,0.0,-10.500000000378538,0.0,1,1,1
original_union,rts,HumanEval/51,8,4,1,1,20.74999999999999,0.0,-10.500000000378538,0.0,1,1,1
original_union,rts,HumanEval/51,8,4,2,1,20.749999999999996,0.0,-10.500000000378538,0.0,1,1,1
original_union,rts,HumanEval/51,8,4,3,1,19.749999999999993,0.0,-10.500000000378538,0.0,1,1,1
original_union,rts,HumanEval/51,8,4,4,1,20.374999999999993,0.0,-10.500000000378538,0.0,1,1,1
original_union,rts,HumanEval/51,8,4,5,1,20.999999999999993,0.0,-10.500000000378538,0.0,1,1,1
original_union,rts,HumanEval/51,8,4,6,1,22.499999999999993,0.0,-10.500000000378538,0.0,1,1,1
original_union,rts,HumanEval/51,8,4,7,1,19.249999999999993,0.0,-10.500000000378538,0.0,1,1,1
original_union,rts,HumanEval/51,8,4,8,1,27.999999999999996,0.0,-10.500000000378538,0.0,1,1,1
original_union,immediate,HumanEval/55,2,2,0,1,-3.5000000074505984,0.0,0.24999999999999822,-4.249999864958229,0,0,1
original_union,immediate,HumanEval/55,2,2,1,1,-1.7499999850988395,0.0,0.24999999999999822,-4.249999864958229,0,0,1
original_union,immediate,HumanEval/55,2,2,2,1,-4.249999864958229,0.0,0.24999999999999822,-4.249999864958229,0,0,1
original_union,immediate,HumanEval/55,2,2,3,0,-5.999999990919603,0.0,0.24999999999999822,-4.249999864958229,0,0,0
original_union,immediate,HumanEval/55,2,2,4,0,-6.999999939347619,0.0,0.24999999999999822,-4.249999864958229,0,0,0
original_union,immediate,HumanEval/55,2,2,5,0,-7.750000194122548,0.0,0.24999999999999822,-4.249999864958229,0,0,0
original_union,immediate,HumanEval/55,2,2,6,0,-8.250000153959263,0.0,0.24999999999999822,-4.249999864958229,0,0,0
original_union,immediate,HumanEval/55,2,2,7,0,-10.250000269559676,0.0,0.24999999999999822,-4.249999864958229,0,0,0
original_union,immediate,HumanEval/55,2,2,8,0,-14.250000238795108,0.0,0.24999999999999822,-4.249999864958229,0,0,0
original_union,rts,HumanEval/55,2,2,0,1,18.24999999999997,0.0,-10.99999952330211,0.0,1,1,1
original_union,rts,HumanEval/55,2,2,1,1,25.249999999999996,0.0,-10.99999952330211,0.0,1,1,1
original_union,rts,HumanEval/55,2,2,2,1,21.499999999999996,0.0,-10.99999952330211,0.0,1,1,1
original_union,rts,HumanEval/55,2,2,3,0,26.499999999999996,0.0,-10.99999952330211,0.0,1,1,1
original_union,rts,HumanEval/55,2,2,4,0,-20.749999999999883,0.0,-10.99999952330211,0.0,0,0,0
original_union,rts,HumanEval/55,2,2,5,0,-23.12499999999982,0.0,-10.99999952330211,0.0,0,0,0
original_union,rts,HumanEval/55,2,2,6,0,-24.499999999999794,0.0,-10.99999952330211,0.0,0,0,0
original_union,rts,HumanEval/55,2,2,7,0,-21.8749999999998,0.0,-10.99999952330211,0.0,0,0,0
original_union,rts,HumanEval/55,2,2,8,0,-26.874999999999837,0.0,-10.99999952330211,0.0,0,0,0
original_union,immediate,HumanEval/56,8,2,0,1,4.499999839812395,0.0,0.24999999999999822,0.0,1,1,1
original_union,immediate,HumanEval/56,8,2,1,1,18.374999880790675,0.0,0.24999999999999822,0.0,1,1,1
original_union,immediate,HumanEval/56,8,2,2,1,16.749999314546564,0.0,0.24999999999999822,0.0,1,1,1
original_union,immediate,HumanEval/56,8,2,3,1,17.00000047683713,0.0,0.24999999999999822,0.0,1,1,1
original_union,immediate,HumanEval/56,8,2,4,1,16.99999973177907,0.0,0.24999999999999822,0.0,1,1,1
original_union,immediate,HumanEval/56,8,2,5,1,17.124999582767458,0.0,0.24999999999999822,0.0,1,1,1
original_union,immediate,HumanEval/56,8,2,6,1,16.87499949336049,0.0,0.24999999999999822,0.0,1,1,1
original_union,immediate,HumanEval/56,8,2,7,1,17.125000774860354,0.0,0.24999999999999822,0.0,1,1,1
original_union,immediate,HumanEval/56,8,2,8,1,18.124999806284865,0.0,0.24999999999999822,0.0,1,1,1
original_union,rts,HumanEval/56,8,2,0,1,10.500000119587272,0.0,-10.99999952330211,0.0,1,1,1
original_union,rts,HumanEval/56,8,2,1,1,16.499999880790703,0.0,-10.99999952330211,0.0,1,1,1
original_union,rts,HumanEval/56,8,2,2,1,19.37499999999998,0.0,-10.99999952330211,0.0,1,1,1
original_union,rts,HumanEval/56,8,2,3,1,19.74999999999997,0.0,-10.99999952330211,0.0,1,1,1
original_union,rts,HumanEval/56,8,2,4,1,18.249999999999993,0.0,-10.99999952330211,0.0,1,1,1
original_union,rts,HumanEval/56,8,2,5,1,20.49999999999999,0.0,-10.99999952330211,0.0,1,1,1
original_union,rts,HumanEval/56,8,2,6,1,12.999999642374519,0.0,-10.99999952330211,0.0,1,1,1
original_union,rts,HumanEval/56,8,2,7,1,19.99999999999999,0.0,-10.99999952330211,0.0,1,1,1
original_union,rts,HumanEval/56,8,2,8,1,24.624999999999996,0.0,-10.99999952330211,0.0,1,1,1
original_union,immediate,HumanEval/58,0,0,0,1,2.7499999776482125,0.0,0.24999999999999778,14.62500012479721,1,1,0
original_union,immediate,HumanEval/58,0,0,1,0,14.625000124797209,0.0,0.24999999999999778,14.62500012479721,1,1,0
original_union,immediate,HumanEval/58,0,0,2,0,11.874999621883028,0.0,0.24999999999999778,14.62500012479721,1,1,0
original_union,immediate,HumanEval/58,0,0,3,0,11.000000428408375,0.0,0.24999999999999778,14.62500012479721,1,1,0
original_union,immediate,HumanEval/58,0,0,4,0,10.124999690800896,0.0,0.24999999999999778,14.62500012479721,1,1,0
original_union,immediate,HumanEval/58,0,0,5,0,10.3750001117587,0.0,0.24999999999999778,14.62500012479721,1,1,0
original_union,immediate,HumanEval/58,0,0,6,0,10.250000163912764,0.0,0.24999999999999778,14.62500012479721,1,1,0
original_union,immediate,HumanEval/58,0,0,7,0,10.000000324100249,0.0,0.24999999999999778,14.62500012479721,1,1,0
original_union,immediate,HumanEval/58,0,0,8,0,8.750000193715076,0.0,0.24999999999999778,14.62500012479721,1,1,0
original_union,rts,HumanEval/58,0,0,0,1,12.500000119215771,0.0,-12.5000001192156,29.374999999999993,1,1,0
original_union,rts,HumanEval/58,0,0,1,0,19.249999999999986,0.0,-12.5000001192156,29.374999999999993,1,1,0
original_union,rts,HumanEval/58,0,0,2,0,17.74999999999995,0.0,-12.5000001192156,29.374999999999993,1,1,0
original_union,rts,HumanEval/58,0,0,3,0,19.49999999999997,0.0,-12.5000001192156,29.374999999999993,1,1,0
original_union,rts,HumanEval/58,0,0,4,0,24.124999999999993,0.0,-12.5000001192156,29.374999999999993,1,1,0
original_union,rts,HumanEval/58,0,0,5,0,23.37499999999999,0.0,-12.5000001192156,29.374999999999993,1,1,0
original_union,rts,HumanEval/58,0,0,6,0,23.374999999999986,0.0,-12.5000001192156,29.374999999999993,1,1,0
original_union,rts,HumanEval/58,0,0,7,0,22.749999999999986,0.0,-12.5000001192156,29.374999999999993,1,1,0
original_union,rts,HumanEval/58,0,0,8,0,29.37499999999999,0.0,-12.5000001192156,29.374999999999993,1,1,0
original_union,immediate,HumanEval/59,0,1,0,1,-14.374999885629233,0.0,-2.5091040356528538e-14,0.0,0,0,0
original_union,immediate,HumanEval/59,0,1,1,0,-13.999999647327055,0.0,-2.5091040356528538e-14,0.0,0,0,0
original_union,immediate,HumanEval/59,0,1,2,0,-13.62499953516817,0.0,-2.5091040356528538e-14,0.0,0,0,0
original_union,immediate,HumanEval/59,0,1,3,0,-13.750000383079168,0.0,-2.5091040356528538e-14,0.0,0,0,0
original_union,immediate,HumanEval/59,0,1,4,0,-14.499999773397574,0.0,-2.5091040356528538e-14,0.0,0,0,0
original_union,immediate,HumanEval/59,0,1,5,0,-14.7500000251166,0.0,-2.5091040356528538e-14,0.0,0,0,0
original_union,immediate,HumanEval/59,0,1,6,0,-15.000000025116604,0.0,-2.5091040356528538e-14,0.0,0,0,0
original_union,immediate,HumanEval/59,0,1,7,0,-16.12500050841481,0.0,-2.5091040356528538e-14,0.0,0,0,0
original_union,immediate,HumanEval/59,0,1,8,0,-18.624999284978898,0.0,-2.5091040356528538e-14,0.0,0,0,0
original_union,rts,HumanEval/59,0,1,0,1,12.999999642374487,0.0,-10.99999952330211,0.0,1,1,1
original_union,rts,HumanEval/59,0,1,1,0,-23.624999999999723,0.0,-10.99999952330211,0.0,0,0,0
original_union,rts,HumanEval/59,0,1,2,0,-20.124999999999645,0.0,-10.99999952330211,0.0,0,0,0
original_union,rts,HumanEval/59,0,1,3,0,-20.749999999999766,0.0,-10.99999952330211,0.0,0,0,0
original_union,rts,HumanEval/59,0,1,4,0,-21.249999999999808,0.0,-10.99999952330211,0.0,0,0,0
original_union,rts,HumanEval/59,0,1,5,0,-21.62499999999979,0.0,-10.99999952330211,0.0,0,0,0
original_union,rts,HumanEval/59,0,1,6,0,-22.374999999999748,0.0,-10.99999952330211,0.0,0,0,0
original_union,rts,HumanEval/59,0,1,7,0,-23.499999999999673,0.0,-10.99999952330211,0.0,0,0,0
original_union,rts,HumanEval/59,0,1,8,0,-23.99999999999989,0.0,-10.99999952330211,0.0,0,0,0
original_union,immediate,HumanEval/60,8,2,0,1,3.99999985843768,0.0,0.24999999999999822,0.0,1,1,1
original_union,immediate,HumanEval/60,8,2,1,1,20.62500064261238,0.0,0.24999999999999822,0.0,1,1,1
original_union,immediate,HumanEval/60,8,2,2,1,18.250000756233845,0.0,0.24999999999999822,0.0,1,1,1
original_union,immediate,HumanEval/60,8,2,3,1,17.62499941140407,0.0,0.24999999999999822,0.0,1,1,1
original_union,immediate,HumanEval/60,8,2,4,1,17.250000052154025,0.0,0.24999999999999822,0.0,1,1,1
original_union,immediate,HumanEval/60,8,2,5,1,16.999999687075587,0.0,0.24999999999999822,0.0,1,1,1
original_union,immediate,HumanEval/60,8,2,6,1,17.12499916553495,0.0,0.24999999999999822,0.0,1,1,1
original_union,immediate,HumanEval/60,8,2,7,1,16.249999836087206,0.0,0.24999999999999822,0.0,1,1,1
original_union,immediate,HumanEval/60,8,2,8,1,17.625000737607408,0.0,0.24999999999999822,0.0,1,1,1
original_union,rts,HumanEval/60,8,2,0,1,21.499999999999993,0.0,-10.99999952330211,0.0,1,1,1
original_union,rts,HumanEval/60,8,2,1,1,25.999999999999996,0.0,-10.99999952330211,0.0,1,1,1
original_union,rts,HumanEval/60,8,2,2,1,22.99999999999999,0.0,-10.99999952330211,0.0,1,1,1
original_union,rts,HumanEval/60,8,2,3,1,22.499999999999993,0.0,-10.99999952330211,0.0,1,1,1
original_union,rts,HumanEval/60,8,2,4,1,23.624999999999996,0.0,-10.99999952330211,0.0,1,1,1
original_union,rts,HumanEval/60,8,2,5,1,25.124999999999996,0.0,-10.99999952330211,0.0,1,1,1
original_union,rts,HumanEval/60,8,2,6,1,25.124999999999996,0.0,-10.99999952330211,0.0,1,1,1
original_union,rts,HumanEval/60,8,2,7,1,23.749999999999996,0.0,-10.99999952330211,0.0,1,1,1
original_union,rts,HumanEval/60,8,2,8,1,27.374999999999996,0.0,-10.99999952330211,0.0,1,1,1
original_union,immediate,HumanEval/63,0,1,0,1,12.124999642109463,0.0,-2.5091040356528538e-14,17.99999990966087,1,1,0
original_union,immediate,HumanEval/63,0,1,1,0,17.999999909660865,0.0,-2.5091040356528538e-14,17.99999990966087,1,1,0
original_union,immediate,HumanEval/63,0,1,2,0,16.2499994207169,0.0,-2.5091040356528538e-14,17.99999990966087,1,1,0
original_union,immediate,HumanEval/63,0,1,3,0,16.374999875202317,0.0,-2.5091040356528538e-14,17.99999990966087,1,1,0
original_union,immediate,HumanEval/63,0,1,4,0,16.499999897554073,0.0,-2.5091040356528538e-14,17.99999990966087,1,1,0
original_union,immediate,HumanEval/63,0,1,5,0,16.750000193714715,0.0,-2.5091040356528538e-14,17.99999990966087,1,1,0
original_union,immediate,HumanEval/63,0,1,6,0,16.500000599771376,0.0,-2.5091040356528538e-14,17.99999990966087,1,1,0
original_union,immediate,HumanEval/63,0,1,7,0,15.624999703839155,0.0,-2.5091040356528538e-14,17.99999990966087,1,1,0
original_union,immediate,HumanEval/63,0,1,8,0,16.499999683350026,0.0,-2.5091040356528538e-14,17.99999990966087,1,1,0
original_union,rts,HumanEval/63,0,1,0,1,14.749999642371874,0.0,-10.99999952330211,22.5,1,1,0
original_union,rts,HumanEval/63,0,1,1,0,22.499999999999996,0.0,-10.99999952330211,22.5,1,1,0
original_union,rts,HumanEval/63,0,1,2,0,21.999999999999993,0.0,-10.99999952330211,22.5,1,1,0
original_union,rts,HumanEval/63,0,1,3,0,18.124999999999968,0.0,-10.99999952330211,22.5,1,1,0
original_union,rts,HumanEval/63,0,1,4,0,19.999999999999986,0.0,-10.99999952330211,22.5,1,1,0
original_union,rts,HumanEval/63,0,1,5,0,21.499999999999996,0.0,-10.99999952330211,22.5,1,1,0
original_union,rts,HumanEval/63,0,1,6,0,21.249999999999996,0.0,-10.99999952330211,22.5,1,1,0
original_union,rts,HumanEval/63,0,1,7,0,21.624999999999993,0.0,-10.99999952330211,22.5,1,1,0
original_union,rts,HumanEval/63,0,1,8,0,22.12499999999999,0.0,-10.99999952330211,22.5,1,1,0
original_union,immediate,HumanEval/64,2,3,0,1,9.250000322382615,0.0,0.24999999999999778,19.99999957764507,1,1,0
original_union,immediate,HumanEval/64,2,3,1,1,19.99999957764507,0.0,0.24999999999999778,19.99999957764507,1,1,1
original_union,immediate,HumanEval/64,2,3,2,1,17.24999996740364,0.0,0.24999999999999778,19.99999957764507,1,1,0
original_union,immediate,HumanEval/64,2,3,3,0,17.500000461935937,0.0,0.24999999999999778,19.99999957764507,1,1,0
original_union,immediate,HumanEval/64,2,3,4,0,17.250000754371225,0.0,0.24999999999999778,19.99999957764507,1,1,0
original_union,immediate,HumanEval/64,2,3,5,0,18.000000141560978,0.0,0.24999999999999778,19.99999957764507,1,1,0
original_union,immediate,HumanEval/64,2,3,6,0,17.875000495463564,0.0,0.24999999999999778,19.99999957764507,1,1,0
original_union,immediate,HumanEval/64,2,3,7,0,17.499999688938214,0.0,0.24999999999999778,19.99999957764507,1,1,0
original_union,immediate,HumanEval/64,2,3,8,0,19.24999982584261,0.0,0.24999999999999778,19.99999957764507,1,1,0
original_union,rts,HumanEval/64,2,3,0,1,17.499999999999954,0.0,-10.99999952330211,25.874999999999996,1,1,0
original_union,rts,HumanEval/64,2,3,1,1,19.24999999999999,0.0,-10.99999952330211,25.874999999999996,1,1,0
original_union,rts,HumanEval/64,2,3,2,1,25.874999999999996,0.0,-10.99999952330211,25.874999999999996,1,1,1
original_union,rts,HumanEval/64,2,3,3,0,24.999999999999996,0.0,-10.99999952330211,25.874999999999996,1,1,0
original_union,rts,HumanEval/64,2,3,4,0,24.874999999999996,0.0,-10.99999952330211,25.874999999999996,1,1,0
original_union,rts,HumanEval/64,2,3,5,0,24.874999999999996,0.0,-10.99999952330211,25.874999999999996,1,1,0
original_union,rts,HumanEval/64,2,3,6,0,20.249999999999993,0.0,-10.99999952330211,25.874999999999996,1,1,0
original_union,rts,HumanEval/64,2,3,7,0,20.37499999999998,0.0,-10.99999952330211,25.874999999999996,1,1,0
original_union,rts,HumanEval/64,2,3,8,0,25.249999999999996,0.0,-10.99999952330211,25.874999999999996,1,1,0
original_union,immediate,HumanEval/65,6,1,0,1,3.250000111758631,0.0,-2.5091040356528538e-14,1.7499999850988366,1,1,1
original_union,immediate,HumanEval/65,6,1,1,1,4.250000067055221,0.0,-2.5091040356528538e-14,1.7499999850988366,1,1,1
original_union,immediate,HumanEval/65,6,1,2,1,2.7500000894069645,0.0,-2.5091040356528538e-14,1.7499999850988366,1,1,1
original_union,immediate,HumanEval/65,6,1,3,1,2.49999989569187,0.0,-2.5091040356528538e-14,1.7499999850988366,1,1,1
original_union,immediate,HumanEval/65,6,1,4,1,1.7499999850988366,0.0,-2.5091040356528538e-14,1.7499999850988366,1,1,1
original_union,immediate,HumanEval/65,6,1,5,1,1.7500000149011592,0.0,-2.5091040356528538e-14,1.7499999850988366,1,1,1
original_union,immediate,HumanEval/65,6,1,6,1,1.9999999701976756,0.0,-2.5091040356528538e-14,1.7499999850988366,1,1,1
original_union,immediate,HumanEval/65,6,1,7,0,1.4999999701976765,0.0,-2.5091040356528538e-14,1.7499999850988366,1,1,0
original_union,immediate,HumanEval/65,6,1,8,0,-2.220446049250313e-15,0.0,-2.5091040356528538e-14,1.7499999850988366,0,1,0
original_union,rts,HumanEval/65,6,1,0,1,13.499999523163712,0.0,-10.99999952330211,0.0,1,1,1
original_union,rts,HumanEval/65,6,1,1,1,21.249999999999993,0.0,-10.99999952330211,0.0,1,1,1
original_union,rts,HumanEval/65,6,1,2,1,20.249999999999975,0.0,-10.99999952330211,0.0,1,1,1
original_union,rts,HumanEval/65,6,1,3,1,17.749999999999932,0.0,-10.99999952330211,0.0,1,1,1
original_union,rts,HumanEval/65,6,1,4,1,20.124999999999982,0.0,-10.99999952330211,0.0,1,1,1
original_union,rts,HumanEval/65,6,1,5,1,20.749999999999993,0.0,-10.99999952330211,0.0,1,1,1
original_union,rts,HumanEval/65,6,1,6,1,20.624999999999986,0.0,-10.99999952330211,0.0,1,1,1
original_union,rts,HumanEval/65,6,1,7,0,18.749999999999975,0.0,-10.99999952330211,0.0,1,1,1
original_union,rts,HumanEval/65,6,1,8,0,21.249999999999993,0.0,-10.99999952330211,0.0,1,1,1
original_union,immediate,HumanEval/66,8,4,0,1,10.249999692663309,0.0,0.24999999999999778,0.0,1,1,1
original_union,immediate,HumanEval/66,8,4,1,1,19.62500043213354,0.0,0.24999999999999778,0.0,1,1,1
original_union,immediate,HumanEval/66,8,4,2,1,18.24999904818825,0.0,0.24999999999999778,0.0,1,1,1
original_union,immediate,HumanEval/66,8,4,3,1,18.374999850988306,0.0,0.24999999999999778,0.0,1,1,1
original_union,immediate,HumanEval/66,8,4,4,1,18.249999586492702,0.0,0.24999999999999778,0.0,1,1,1
original_union,immediate,HumanEval/66,8,4,5,1,18.50000006332986,0.0,0.24999999999999778,0.0,1,1,1
original_union,immediate,HumanEval/66,8,4,6,1,18.37499987334007,0.0,0.24999999999999778,0.0,1,1,1
original_union,immediate,HumanEval/66,8,4,7,1,17.62500055134291,0.0,0.24999999999999778,0.0,1,1,1
original_union,immediate,HumanEval/66,8,4,8,1,19.37500061839809,0.0,0.24999999999999778,0.0,1,1,1
original_union,rts,HumanEval/66,8,4,0,1,14.250000357628023,0.0,-10.500000000378538,0.0,1,1,1
original_union,rts,HumanEval/66,8,4,1,1,17.499999999999982,0.0,-10.500000000378538,0.0,1,1,1
original_union,rts,HumanEval/66,8,4,2,1,21.49999999999999,0.0,-10.500000000378538,0.0,1,1,1
original_union,rts,HumanEval/66,8,4,3,1,17.999999999999968,0.0,-10.500000000378538,0.0,1,1,1
original_union,rts,HumanEval/66,8,4,4,1,18.87499999999996,0.0,-10.500000000378538,0.0,1,1,1
original_union,rts,HumanEval/66,8,4,5,1,20.749999999999993,0.0,-10.500000000378538,0.0,1,1,1
original_union,rts,HumanEval/66,8,4,6,1,22.374999999999996,0.0,-10.500000000378538,0.0,1,1,1
original_union,rts,HumanEval/66,8,4,7,1,20.49999999999999,0.0,-10.500000000378538,0.0,1,1,1
original_union,rts,HumanEval/66,8,4,8,1,24.124999999999993,0.0,-10.500000000378538,0.0,1,1,1
original_union,immediate,HumanEval/67,8,3,0,1,14.8749997816046,0.0,0.24999999999999778,0.0,1,1,1
original_union,immediate,HumanEval/67,8,3,1,1,19.999999178107668,0.0,0.24999999999999778,0.0,1,1,1
original_union,immediate,HumanEval/67,8,3,2,1,18.874999375082464,0.0,0.24999999999999778,0.0,1,1,1
original_union,immediate,HumanEval/67,8,3,3,1,18.87499966006718,0.0,0.24999999999999778,0.0,1,1,1
original_union,immediate,HumanEval/67,8,3,4,1,19.250000185333096,0.0,0.24999999999999778,0.0,1,1,1
original_union,immediate,HumanEval/67,8,3,5,1,19.24999994318926,0.0,0.24999999999999778,0.0,1,1,1
original_union,immediate,HumanEval/67,8,3,6,1,19.00000093597914,0.0,0.24999999999999778,0.0,1,1,1
original_union,immediate,HumanEval/67,8,3,7,1,18.875000696629233,0.0,0.24999999999999778,0.0,1,1,1
original_union,immediate,HumanEval/67,8,3,8,1,20.62499931268386,0.0,0.24999999999999778,0.0,1,1,1
original_union,rts,HumanEval/67,8,3,0,1,17.999999999999986,0.0,-10.99999952330211,0.0,1,1,1
original_union,rts,HumanEval/67,8,3,1,1,19.999999999999993,0.0,-10.99999952330211,0.0,1,1,1
original_union,rts,HumanEval/67,8,3,2,1,21.87499999999999,0.0,-10.99999952330211,0.0,1,1,1
original_union,rts,HumanEval/67,8,3,3,1,19.999999999999996,0.0,-10.99999952330211,0.0,1,1,1
original_union,rts,HumanEval/67,8,3,4,1,21.999999999999996,0.0,-10.99999952330211,0.0,1,1,1
original_union,rts,HumanEval/67,8,3,5,1,23.374999999999996,0.0,-10.99999952330211,0.0,1,1,1
original_union,rts,HumanEval/67,8,3,6,1,23.499999999999996,0.0,-10.99999952330211,0.0,1,1,1
original_union,rts,HumanEval/67,8,3,7,1,22.999999999999996,0.0,-10.99999952330211,0.0,1,1,1
original_union,rts,HumanEval/67,8,3,8,1,28.49999999999999,0.0,-10.99999952330211,0.0,1,1,1
original_union,immediate,HumanEval/68,8,0,0,1,15.124999569029843,0.0,0.24999999999999778,0.0,1,1,1
original_union,immediate,HumanEval/68,8,0,1,1,19.37499942042613,0.0,0.24999999999999778,0.0,1,1,1
original_union,immediate,HumanEval/68,8,0,2,1,18.50000056647685,0.0,0.24999999999999778,0.0,1,1,1
original_union,immediate,HumanEval/68,8,0,3,1,18.375000564847053,0.0,0.24999999999999778,0.0,1,1,1
original_union,immediate,HumanEval/68,8,0,4,1,18.24999963934526,0.0,0.24999999999999778,0.0,1,1,1
original_union,immediate,HumanEval/68,8,0,5,1,18.500000162515725,0.0,0.24999999999999778,0.0,1,1,1
original_union,immediate,HumanEval/68,8,0,6,1,18.750000454834595,0.0,0.24999999999999778,0.0,1,1,1
original_union,immediate,HumanEval/68,8,0,7,1,18.12499938404649,0.0,0.24999999999999778,0.0,1,1,1
original_union,immediate,HumanEval/68,8,0,8,1,19.999999466061,0.0,0.24999999999999778,0.0,1,1,1
original_union,rts,HumanEval/68,8,0,0,1,16.99999999999996,0.0,-12.5000001192156,0.0,1,1,1
original_union,rts,HumanEval/68,8,0,1,1,18.749999999999982,0.0,-12.5000001192156,0.0,1,1,1
original_union,rts,HumanEval/68,8,0,2,1,16.874999999999925,0.0,-12.5000001192156,0.0,1,1,1
original_union,rts,HumanEval/68,8,0,3,1,19.499999999999968,0.0,-12.5000001192156,0.0,1,1,1
original_union,rts,HumanEval/68,8,0,4,1,20.249999999999975,0.0,-12.5000001192156,0.0,1,1,1
original_union,rts,HumanEval/68,8,0,5,1,21.624999999999986,0.0,-12.5000001192156,0.0,1,1,1
original_union,rts,HumanEval/68,8,0,6,1,21.49999999999999,0.0,-12.5000001192156,0.0,1,1,1
original_union,rts,HumanEval/68,8,0,7,1,21.874999999999993,0.0,-12.5000001192156,0.0,1,1,1
original_union,rts,HumanEval/68,8,0,8,1,30.624999999999993,0.0,-12.5000001192156,0.0,1,1,1
original_union,immediate,HumanEval/69,3,0,0,1,9.24999954039216,0.0,0.24999999999999778,12.50000000745057,1,1,0
original_union,immediate,HumanEval/69,3,0,1,1,15.12500004610044,0.0,0.24999999999999778,12.50000000745057,1,1,1
original_union,immediate,HumanEval/69,3,0,2,1,12.625000307336439,0.0,0.24999999999999778,12.50000000745057,1,1,1
original_union,immediate,HumanEval/69,3,0,3,1,12.50000000745057,0.0,0.24999999999999778,12.50000000745057,1,1,1
original_union,immediate,HumanEval/69,3,0,4,0,11.749999633058897,0.0,0.24999999999999778,12.50000000745057,1,1,0
original_union,immediate,HumanEval/69,3,0,5,0,12.249999839812508,0.0,0.24999999999999778,12.50000000745057,1,1,0
original_union,immediate,HumanEval/69,3,0,6,0,12.62499968521296,0.0,0.24999999999999778,12.50000000745057,1,1,1
original_union,immediate,HumanEval/69,3,0,7,0,12.12499982584267,0.0,0.24999999999999778,12.50000000745057,1,1,0
original_union,immediate,HumanEval/69,3,0,8,0,11.874999755062145,0.0,0.24999999999999778,12.50000000745057,1,1,0
original_union,rts,HumanEval/69,3,0,0,1,20.874999999999975,0.0,-12.5000001192156,22.99999999999999,1,1,0
original_union,rts,HumanEval/69,3,0,1,1,17.49999999999997,0.0,-12.5000001192156,22.99999999999999,1,1,0
original_union,rts,HumanEval/69,3,0,2,1,22.99999999999999,0.0,-12.5000001192156,22.99999999999999,1,1,1
original_union,rts,HumanEval/69,3,0,3,1,22.999999999999993,0.0,-12.5000001192156,22.99999999999999,1,1,1
original_union,rts,HumanEval/69,3,0,4,0,24.124999999999996,0.0,-12.5000001192156,22.99999999999999,1,1,1
original_union,rts,HumanEval/69,3,0,5,0,22.624999999999993,0.0,-12.5000001192156,22.99999999999999,1,1,0
original_union,rts,HumanEval/69,3,0,6,0,22.24999999999999,0.0,-12.5000001192156,22.99999999999999,1,1,0
original_union,rts,HumanEval/69,3,0,7,0,22.999999999999986,0.0,-12.5000001192156,22.99999999999999,1,1,0
original_union,rts,HumanEval/69,3,0,8,0,24.124999999999986,0.0,-12.5000001192156,22.99999999999999,1,1,1
original_union,immediate,HumanEval/74,7,1,0,1,-11.999999995867265,0.0,-2.5091040356528538e-14,-12.625000029103832,0,0,1
original_union,immediate,HumanEval/74,7,1,1,1,-10.999999913474316,0.0,-2.5091040356528538e-14,-12.625000029103832,0,0,1
original_union,immediate,HumanEval/74,7,1,2,1,-12.50000026347698,0.0,-2.5091040356528538e-14,-12.625000029103832,0,0,1
original_union,immediate,HumanEval/74,7,1,3,1,-12.624999947525797,0.0,-2.5091040356528538e-14,-12.625000029103832,0,0,1
original_union,immediate,HumanEval/74,7,1,4,1,-12.625000029103832,0.0,-2.5091040356528538e-14,-12.625000029103832,0,0,1
original_union,immediate,HumanEval/74,7,1,5,1,-12.24999969021883,0.0,-2.5091040356528538e-14,-12.625000029103832,0,0,1
original_union,immediate,HumanEval/74,7,1,6,1,-11.749999653548006,0.0,-2.5091040356528538e-14,-12.625000029103832,0,0,1
original_union,immediate,HumanEval/74,7,1,7,1,-11.500000334286597,0.0,-2.5091040356528538e-14,-12.625000029103832,0,0,1
original_union,immediate,HumanEval/74,7,1,8,0,-14.500000240506782,0.0,-2.5091040356528538e-14,-12.625000029103832,0,0,0
original_union,rts,HumanEval/74,7,1,0,1,-10.500000000378538,0.0,-10.99999952330211,-20.24999999999972,0,1,1
original_union,rts,HumanEval/74,7,1,1,1,-10.249999881412108,0.0,-10.99999952330211,-20.24999999999972,0,1,1
original_union,rts,HumanEval/74,7,1,2,1,-11.74999976161093,0.0,-10.99999952330211,-20.24999999999972,0,0,1
original_union,rts,HumanEval/74,7,1,3,1,-16.24999988079022,0.0,-10.99999952330211,-20.24999999999972,0,0,1
original_union,rts,HumanEval/74,7,1,4,1,-3.7499998882386216,0.0,-10.99999952330211,-20.24999999999972,0,1,1
original_union,rts,HumanEval/74,7,1,5,1,-16.249999880790256,0.0,-10.99999952330211,-20.24999999999972,0,0,1
original_union,rts,HumanEval/74,7,1,6,1,-19.99999999999937,0.0,-10.99999952330211,-20.24999999999972,0,0,1
original_union,rts,HumanEval/74,7,1,7,1,-20.24999999999972,0.0,-10.99999952330211,-20.24999999999972,0,0,1
original_union,rts,HumanEval/74,7,1,8,0,-19.249999999999787,0.0,-10.99999952330211,-20.24999999999972,0,0,1
original_union,immediate,HumanEval/76,8,1,0,1,-4.749999918043646,0.0,-2.5091040356528538e-14,-15.99999978614506,0,0,1
original_union,immediate,HumanEval/76,8,1,1,1,-8.249999705236409,0.0,-2.5091040356528538e-14,-15.99999978614506,0,0,1
original_union,immediate,HumanEval/76,8,1,2,1,-9.50000023003668,0.0,-2.5091040356528538e-14,-15.99999978614506,0,0,1
original_union,immediate,HumanEval/76,8,1,3,1,-10.250000220723454,0.0,-2.5091040356528538e-14,-15.99999978614506,0,0,1
original_union,immediate,HumanEval/76,8,1,4,1,-11.124999911524363,0.0,-2.5091040356528538e-14,-15.99999978614506,0,0,1
original_union,immediate,HumanEval/76,8,1,5,1,-11.374999847263101,0.0,-2.5091040356528538e-14,-15.99999978614506,0,0,1
original_union,immediate,HumanEval/76,8,1,6,1,-12.12499980791472,0.0,-2.5091040356528538e-14,-15.99999978614506,0,0,1
original_union,immediate,HumanEval/76,8,1,7,1,-13.1249999224674,0.0,-2.5091040356528538e-14,-15.99999978614506,0,0,1
original_union,immediate,HumanEval/76,8,1,8,1,-15.99999978614506,0.0,-2.5091040356528538e-14,-15.99999978614506,0,0,1
original_union,rts,HumanEval/76,8,1,0,1,13.749999880791162,0.0,-10.99999952330211,-19.999999999999808,1,1,1
original_union,rts,HumanEval/76,8,1,1,1,7.749999973514659,0.0,-10.99999952330211,-19.999999999999808,1,1,1
original_union,rts,HumanEval/76,8,1,2,1,10.000000239455224,0.0,-10.99999952330211,-19.999999999999808,1,1,1
original_union,rts,HumanEval/76,8,1,3,1,-19.999999999999808,0.0,-10.99999952330211,-19.999999999999808,0,0,1
original_union,rts,HumanEval/76,8,1,4,1,14.000000119209565,0.0,-10.99999952330211,-19.999999999999808,1,1,1
original_union,rts,HumanEval/76,8,1,5,1,3.9999998919665813,0.0,-10.99999952330211,-19.999999999999808,1,1,1
original_union,rts,HumanEval/76,8,1,6,1,-9.499999525959655,0.0,-10.99999952330211,-19.999999999999808,0,1,1
original_union,rts,HumanEval/76,8,1,7,1,5.749999809543933,0.0,-10.99999952330211,-19.999999999999808,1,1,1
original_union,rts,HumanEval/76,8,1,8,1,8.999999649982684,0.0,-10.99999952330211,-19.999999999999808,1,1,1
original_union,immediate,HumanEval/78,8,3,0,1,9.749999825144105,0.0,0.24999999999999778,0.0,1,1,1
original_union,immediate,HumanEval/78,8,3,1,1,16.499999631196236,0.0,0.24999999999999778,0.0,1,1,1
original_union,immediate,HumanEval/78,8,3,2,1,15.249999776482568,0.0,0.24999999999999778,0.0,1,1,1
original_union,immediate,HumanEval/78,8,3,3,1,15.624999778345213,0.0,0.24999999999999778,0.0,1,1,1
original_union,immediate,HumanEval/78,8,3,4,1,15.1249996870756,0.0,0.24999999999999778,0.0,1,1,1
original_union,immediate,HumanEval/78,8,3,5,1,15.2500000335276,0.0,0.24999999999999778,0.0,1,1,1
original_union,immediate,HumanEval/78,8,3,6,1,15.249999999999988,0.0,0.24999999999999778,0.0,1,1,1
original_union,immediate,HumanEval/78,8,3,7,1,14.624999782070507,0.0,0.24999999999999778,0.0,1,1,1
original_union,immediate,HumanEval/78,8,3,8,1,16.374999634921533,0.0,0.24999999999999778,0.0,1,1,1
original_union,rts,HumanEval/78,8,3,0,1,13.499999523163785,0.0,-10.99999952330211,0.0,1,1,1
original_union,rts,HumanEval/78,8,3,1,1,20.499999999999993,0.0,-10.99999952330211,0.0,1,1,1
original_union,rts,HumanEval/78,8,3,2,1,21.499999999999993,0.0,-10.99999952330211,0.0,1,1,1
original_union,rts,HumanEval/78,8,3,3,1,23.499999999999996,0.0,-10.99999952330211,0.0,1,1,1
original_union,rts,HumanEval/78,8,3,4,1,21.874999999999996,0.0,-10.99999952330211,0.0,1,1,1
original_union,rts,HumanEval/78,8,3,5,1,25.749999999999996,0.0,-10.99999952330211,0.0,1,1,1
original_union,rts,HumanEval/78,8,3,6,1,19.49999999999999,0.0,-10.99999952330211,0.0,1,1,1
original_union,rts,HumanEval/78,8,3,7,1,20.499999999999996,0.0,-10.99999952330211,0.0,1,1,1
original_union,rts,HumanEval/78,8,3,8,1,25.999999999999993,0.0,-10.99999952330211,0.0,1,1,1
original_union,immediate,HumanEval/81,0,4,0,1,-4.750000046566132,0.0,0.24999999999999778,0.0,0,0,0
original_union,immediate,HumanEval/81,0,4,1,0,-3.999999990686775,0.0,0.24999999999999778,0.0,0,0,0
original_union,immediate,HumanEval/81,0,4,2,0,-4.499999864958227,0.0,0.24999999999999778,0.0,0,0,0
original_union,immediate,HumanEval/81,0,4,3,0,-4.50000015553087,0.0,0.24999999999999778,0.0,0,0,0
original_union,immediate,HumanEval/81,0,4,4,0,-4.499999930150807,0.0,0.24999999999999778,0.0,0,0,0
original_union,immediate,HumanEval/81,0,4,5,0,-3.749999945983291,0.0,0.24999999999999778,0.0,0,0,0
original_union,immediate,HumanEval/81,0,4,6,0,-3.0000000000000004,0.0,0.24999999999999778,0.0,0,0,0
original_union,immediate,HumanEval/81,0,4,7,0,-2.7499999850988393,0.0,0.24999999999999778,0.0,0,0,0
original_union,immediate,HumanEval/81,0,4,8,0,-4.250000091269613,0.0,0.24999999999999778,0.0,0,0,0
original_union,rts,HumanEval/81,0,4,0,1,-12.50000011921432,0.0,-10.500000000378538,-12.50000011921432,0,0,1
original_union,rts,HumanEval/81,0,4,1,0,-23.749999999999623,0.0,-10.500000000378538,-12.50000011921432,0,0,0
original_union,rts,HumanEval/81,0,4,2,0,-22.249999999999915,0.0,-10.500000000378538,-12.50000011921432,0,0,0
original_union,rts,HumanEval/81,0,4,3,0,-23.374999999999698,0.0,-10.500000000378538,-12.50000011921432,0,0,0
original_union,rts,HumanEval/81,0,4,4,0,-21.62499999999959,0.0,-10.500000000378538,-12.50000011921432,0,0,0
original_union,rts,HumanEval/81,0,4,5,0,-24.874999999999677,0.0,-10.500000000378538,-12.50000011921432,0,0,0
original_union,rts,HumanEval/81,0,4,6,0,-22.12499999999967,0.0,-10.500000000378538,-12.50000011921432,0,0,0
original_union,rts,HumanEval/81,0,4,7,0,-25.24999999999973,0.0,-10.500000000378538,-12.50000011921432,0,0,0
original_union,rts,HumanEval/81,0,4,8,0,-24.374999999999822,0.0,-10.500000000378538,-12.50000011921432,0,0,0
original_union,immediate,HumanEval/84,0,1,0,1,-18.124999659907186,0.0,-2.5091040356528538e-14,0.0,0,0,0
original_union,immediate,HumanEval/84,0,1,1,0,-17.37500004598406,0.0,-2.5091040356528538e-14,0.0,0,0,0
original_union,immediate,HumanEval/84,0,1,2,0,-17.750000901200117,0.0,-2.5091040356528538e-14,0.0,0,0,0
original_union,immediate,HumanEval/84,0,1,3,0,-17.875000537838797,0.0,-2.5091040356528538e-14,0.0,0,0,0
original_union,immediate,HumanEval/84,0,1,4,0,-18.499999632535037,0.0,-2.5091040356528538e-14,0.0,0,0,0
original_union,immediate,HumanEval/84,0,1,5,0,-18.6250004938338,0.0,-2.5091040356528538e-14,0.0,0,0,0
original_union,immediate,HumanEval/84,0,1,6,0,-18.499999104067683,0.0,-2.5091040356528538e-14,0.0,0,0,0
original_union,immediate,HumanEval/84,0,1,7,0,-18.875000612926666,0.0,-2.5091040356528538e-14,0.0,0,0,0
original_union,immediate,HumanEval/84,0,1,8,0,-19.75000072432157,0.0,-2.5091040356528538e-14,0.0,0,0,0
original_union,rts,HumanEval/84,0,1,0,1,-0.7499999701389288,0.0,-10.99999952330211,-0.7499999701389288,0,1,1
original_union,rts,HumanEval/84,0,1,1,0,-23.74999999999975,0.0,-10.99999952330211,-0.7499999701389288,0,0,0
original_union,rts,HumanEval/84,0,1,2,0,-25.249999999999723,0.0,-10.99999952330211,-0.7499999701389288,0,0,0
original_union,rts,HumanEval/84,0,1,3,0,-24.999999999999734,0.0,-10.99999952330211,-0.7499999701389288,0,0,0
original_union,rts,HumanEval/84,0,1,4,0,-25.249999999999776,0.0,-10.99999952330211,-0.7499999701389288,0,0,0
original_union,rts,HumanEval/84,0,1,5,0,3.749999888241291,0.0,-10.99999952330211,-0.7499999701389288,1,1,1
original_union,rts,HumanEval/84,0,1,6,0,-22.874999999999705,0.0,-10.99999952330211,-0.7499999701389288,0,0,0
original_union,rts,HumanEval/84,0,1,7,0,-22.999999999999527,0.0,-10.99999952330211,-0.7499999701389288,0,0,0
original_union,rts,HumanEval/84,0,1,8,0,-24.9999999999999,0.0,-10.99999952330211,-0.7499999701389288,0,0,0
original_union,immediate,HumanEval/87,6,3,0,1,-2.0000000149011683,0.0,0.24999999999999778,-0.5000000000000004,0,0,0
original_union,immediate,HumanEval/87,6,3,1,1,4.24999990686774,0.0,0.24999999999999778,-0.5000000000000004,1,1,1
original_union,immediate,HumanEval/87,6,3,2,1,0.24999999999999933,0.0,0.24999999999999778,-0.5000000000000004,1,1,1
original_union,immediate,HumanEval/87,6,3,3,1,-6.661338147750939e-16,0.0,0.24999999999999778,-0.5000000000000004,0,0,1
original_union,immediate,HumanEval/87,6,3,4,1,-0.5000000000000004,0.0,0.24999999999999778,-0.5000000000000004,0,0,1
original_union,immediate,HumanEval/87,6,3,5,1,0.49999999999999933,0.0,0.24999999999999778,-0.5000000000000004,1,1,1
original_union,immediate,HumanEval/87,6,3,6,1,0.7500000596046443,0.0,0.24999999999999778,-0.5000000000000004,1,1,1
original_union,immediate,HumanEval/87,6,3,7,0,1.7499999701976767,0.0,0.24999999999999778,-0.5000000000000004,1,1,1
original_union,immediate,HumanEval/87,6,3,8,0,-1.0000000000000009,0.0,0.24999999999999778,-0.5000000000000004,0,0,0
original_union,rts,HumanEval/87,6,3,0,1,13.749999880791131,0.0,-10.99999952330211,0.0,1,1,1
original_union,rts,HumanEval/87,6,3,1,1,18.499999999999982,0.0,-10.99999952330211,0.0,1,1,1
original_union,rts,HumanEval/87,6,3,2,1,17.74999999999996,0.0,-10.99999952330211,0.0,1,1,1
original_union,rts,HumanEval/87,6,3,3,1,20.24999999999999,0.0,-10.99999952330211,0.0,1,1,1
original_union,rts,HumanEval/87,6,3,4,1,21.49999999999999,0.0,-10.99999952330211,0.0,1,1,1
original_union,rts,HumanEval/87,6,3,5,1,22.249999999999993,0.0,-10.99999952330211,0.0,1,1,1
original_union,rts,HumanEval/87,6,3,6,1,22.249999999999993,0.0,-10.99999952330211,0.0,1,1,1
original_union,rts,HumanEval/87,6,3,7,0,21.87499999999999,0.0,-10.99999952330211,0.0,1,1,1
original_union,rts,HumanEval/87,6,3,8,0,25.499999999999993,0.0,-10.99999952330211,0.0,1,1,1
original_union,immediate,HumanEval/9,8,3,0,1,17.624999083780875,0.0,0.24999999999999778,0.0,1,1,1
original_union,immediate,HumanEval/9,8,3,1,1,20.75000077206609,0.0,0.24999999999999778,0.0,1,1,1
original_union,immediate,HumanEval/9,8,3,2,1,19.749999673571253,0.0,0.24999999999999778,0.0,1,1,1
original_union,immediate,HumanEval/9,8,3,3,1,19.750000613741438,0.0,0.24999999999999778,0.0,1,1,1
original_union,immediate,HumanEval/9,8,3,4,1,20.12499977881075,0.0,0.24999999999999778,0.0,1,1,1
original_union,immediate,HumanEval/9,8,3,5,1,20.374999517574746,0.0,0.24999999999999778,0.0,1,1,1
original_union,immediate,HumanEval/9,8,3,6,1,20.500000006519112,0.0,0.24999999999999778,0.0,1,1,1
original_union,immediate,HumanEval/9,8,3,7,1,20.500000890809908,0.0,0.24999999999999778,0.0,1,1,1
original_union,immediate,HumanEval/9,8,3,8,1,22.125000062863943,0.0,0.24999999999999778,0.0,1,1,1
original_union,rts,HumanEval/9,8,3,0,1,15.999999880790623,0.0,-10.99999952330211,0.0,1,1,1
original_union,rts,HumanEval/9,8,3,1,1,18.74999999999998,0.0,-10.99999952330211,0.0,1,1,1
original_union,rts,HumanEval/9,8,3,2,1,18.12499999999997,0.0,-10.99999952330211,0.0,1,1,1
original_union,rts,HumanEval/9,8,3,3,1,19.74999999999999,0.0,-10.99999952330211,0.0,1,1,1
original_union,rts,HumanEval/9,8,3,4,1,21.999999999999993,0.0,-10.99999952330211,0.0,1,1,1
original_union,rts,HumanEval/9,8,3,5,1,21.874999999999993,0.0,-10.99999952330211,0.0,1,1,1
original_union,rts,HumanEval/9,8,3,6,1,26.374999999999996,0.0,-10.99999952330211,0.0,1,1,1
original_union,rts,HumanEval/9,8,3,7,1,23.374999999999996,0.0,-10.99999952330211,0.0,1,1,1
original_union,rts,HumanEval/9,8,3,8,1,28.999999999999993,0.0,-10.99999952330211,0.0,1,1,1
original_union,immediate,HumanEval/91,7,3,0,1,-11.750000424188327,0.0,0.24999999999999778,-13.125000138665198,0,0,1
original_union,immediate,HumanEval/91,7,3,1,1,-8.250000019848812,0.0,0.24999999999999778,-13.125000138665198,0,0,1
original_union,immediate,HumanEval/91,7,3,2,1,-11.500000327941962,0.0,0.24999999999999778,-13.125000138665198,0,0,1
original_union,immediate,HumanEval/91,7,3,3,1,-12.249999580613803,0.0,0.24999999999999778,-13.125000138665198,0,0,1
original_union,immediate,HumanEval/91,7,3,4,1,-13.125000138665198,0.0,0.24999999999999778,-13.125000138665198,0,0,1
original_union,immediate,HumanEval/91,7,3,5,1,-13.000000414147507,0.0,0.24999999999999778,-13.125000138665198,0,0,1
original_union,immediate,HumanEval/91,7,3,6,1,-12.749999579653377,0.0,0.24999999999999778,-13.125000138665198,0,0,1
original_union,immediate,HumanEval/91,7,3,7,1,-13.12499995989492,0.0,0.24999999999999778,-13.125000138665198,0,0,1
original_union,immediate,HumanEval/91,7,3,8,0,-16.750000119562166,0.0,0.24999999999999778,-13.125000138665198,0,0,0
original_union,rts,HumanEval/91,7,3,0,1,14.999999642372131,0.0,-10.99999952330211,-21.49999999999987,1,1,1
original_union,rts,HumanEval/91,7,3,1,1,24.499999999999996,0.0,-10.99999952330211,-21.49999999999987,1,1,1
original_union,rts,HumanEval/91,7,3,2,1,-14.749999642371975,0.0,-10.99999952330211,-21.49999999999987,0,0,1
original_union,rts,HumanEval/91,7,3,3,1,20.24999999999999,0.0,-10.99999952330211,-21.49999999999987,1,1,1
original_union,rts,HumanEval/91,7,3,4,1,17.249999999999957,0.0,-10.99999952330211,-21.49999999999987,1,1,1
original_union,rts,HumanEval/91,7,3,5,1,23.249999999999993,0.0,-10.99999952330211,-21.49999999999987,1,1,1
original_union,rts,HumanEval/91,7,3,6,1,-21.49999999999987,0.0,-10.99999952330211,-21.49999999999987,0,0,1
original_union,rts,HumanEval/91,7,3,7,1,-19.749999999999893,0.0,-10.99999952330211,-21.49999999999987,0,0,1
original_union,rts,HumanEval/91,7,3,8,0,-13.74999988079086,0.0,-10.99999952330211,-21.49999999999987,0,0,1
original_union,immediate,HumanEval/93,0,2,0,1,-7.500000071711844,0.0,0.24999999999999822,0.0,0,0,0
original_union,immediate,HumanEval/93,0,2,1,0,-5.249999783933164,0.0,0.24999999999999822,0.0,0,0,0
original_union,immediate,HumanEval/93,0,2,2,0,-6.249999986262993,0.0,0.24999999999999822,0.0,0,0,0
original_union,immediate,HumanEval/93,0,2,3,0,-6.500000178115443,0.0,0.24999999999999822,0.0,0,0,0
original_union,immediate,HumanEval/93,0,2,4,0,-6.50000003958121,0.0,0.24999999999999822,0.0,0,0,0
original_union,immediate,HumanEval/93,0,2,5,0,-5.999999779742212,0.0,0.24999999999999822,0.0,0,0,0
original_union,immediate,HumanEval/93,0,2,6,0,-5.750000139232725,0.0,0.24999999999999822,0.0,0,0,0
original_union,immediate,HumanEval/93,0,2,7,0,-6.250000092666597,0.0,0.24999999999999822,0.0,0,0,0
original_union,immediate,HumanEval/93,0,2,8,0,-6.749999937601389,0.0,0.24999999999999822,0.0,0,0,0
original_union,rts,HumanEval/93,0,2,0,1,1.5158319044417112e-11,0.0,-10.99999952330211,0.0,1,1,1
original_union,rts,HumanEval/93,0,2,1,0,-23.124999999999698,0.0,-10.99999952330211,0.0,0,0,0
original_union,rts,HumanEval/93,0,2,2,0,-22.624999999999787,0.0,-10.99999952330211,0.0,0,0,0
original_union,rts,HumanEval/93,0,2,3,0,-20.37499999999984,0.0,-10.99999952330211,0.0,0,0,0
original_union,rts,HumanEval/93,0,2,4,0,-21.87499999999979,0.0,-10.99999952330211,0.0,0,0,0
original_union,rts,HumanEval/93,0,2,5,0,-21.499999999999744,0.0,-10.99999952330211,0.0,0,0,0
original_union,rts,HumanEval/93,0,2,6,0,-19.874999999999496,0.0,-10.99999952330211,0.0,0,0,0
original_union,rts,HumanEval/93,0,2,7,0,-20.49999999999951,0.0,-10.99999952330211,0.0,0,0,0
original_union,rts,HumanEval/93,0,2,8,0,-22.499999999999744,0.0,-10.99999952330211,0.0,0,0,0
original_union,immediate,HumanEval/97,8,2,0,1,1.7499999552959997,0.0,0.24999999999999822,0.0,1,1,1
original_union,immediate,HumanEval/97,8,2,1,1,12.87500031839564,0.0,0.24999999999999822,0.0,1,1,1
original_union,immediate,HumanEval/97,8,2,2,1,7.999999850755401,0.0,0.24999999999999822,0.0,1,1,1
original_union,immediate,HumanEval/97,8,2,3,1,7.999999873340009,0.0,0.24999999999999822,0.0,1,1,1
original_union,immediate,HumanEval/97,8,2,4,1,7.250000021420297,0.0,0.24999999999999822,0.0,1,1,1
original_union,immediate,HumanEval/97,8,2,5,1,7.750000036321475,0.0,0.24999999999999822,0.0,1,1,1
original_union,immediate,HumanEval/97,8,2,6,1,8.50000027474006,0.0,0.24999999999999822,0.0,1,1,1
original_union,immediate,HumanEval/97,8,2,7,1,7.250000027008281,0.0,0.24999999999999822,0.0,1,1,1
original_union,immediate,HumanEval/97,8,2,8,1,5.000000142492204,0.0,0.24999999999999822,0.0,1,1,1
original_union,rts,HumanEval/97,8,2,0,1,13.499999523163213,0.0,-10.99999952330211,0.0,1,1,1
original_union,rts,HumanEval/97,8,2,1,1,22.499999999999993,0.0,-10.99999952330211,0.0,1,1,1
original_union,rts,HumanEval/97,8,2,2,1,21.62499999999999,0.0,-10.99999952330211,0.0,1,1,1
original_union,rts,HumanEval/97,8,2,3,1,20.374999999999975,0.0,-10.99999952330211,0.0,1,1,1
original_union,rts,HumanEval/97,8,2,4,1,21.874999999999993,0.0,-10.99999952330211,0.0,1,1,1
original_union,rts,HumanEval/97,8,2,5,1,24.999999999999993,0.0,-10.99999952330211,0.0,1,1,1
original_union,rts,HumanEval/97,8,2,6,1,23.749999999999996,0.0,-10.99999952330211,0.0,1,1,1
original_union,rts,HumanEval/97,8,2,7,1,21.87499999999999,0.0,-10.99999952330211,0.0,1,1,1
original_union,rts,HumanEval/97,8,2,8,1,28.749999999999993,0.0,-10.99999952330211,0.0,1,1,1
original_union,immediate,HumanEval/98,1,1,0,1,1.7499999552965027,0.0,-2.5091040356528538e-14,1.7499999552965027,1,1,1
original_union,immediate,HumanEval/98,1,1,1,1,1.999999940395353,0.0,-2.5091040356528538e-14,1.7499999552965027,1,1,1
original_union,immediate,HumanEval/98,1,1,2,0,-8.881784197001252e-16,0.0,-2.5091040356528538e-14,1.7499999552965027,0,1,0
original_union,immediate,HumanEval/98,1,1,3,0,-6.661338147750939e-16,0.0,-2.5091040356528538e-14,1.7499999552965027,0,1,0
original_union,immediate,HumanEval/98,1,1,4,0,-0.25000000000000067,0.0,-2.5091040356528538e-14,1.7499999552965027,0,0,0
original_union,immediate,HumanEval/98,1,1,5,0,0.5000000596046437,0.0,-2.5091040356528538e-14,1.7499999552965027,1,1,0
original_union,immediate,HumanEval/98,1,1,6,0,0.49999994039535456,0.0,-2.5091040356528538e-14,1.7499999552965027,1,1,0
original_union,immediate,HumanEval/98,1,1,7,0,0.7499999403953543,0.0,-2.5091040356528538e-14,1.7499999552965027,1,1,0
original_union,immediate,HumanEval/98,1,1,8,0,-0.250000000000002,0.0,-2.5091040356528538e-14,1.7499999552965027,0,0,0
original_union,rts,HumanEval/98,1,1,0,1,-8.99999964998049,0.0,-10.99999952330211,-16.499999880790543,0,1,1
original_union,rts,HumanEval/98,1,1,1,1,-16.499999880790543,0.0,-10.99999952330211,-16.499999880790543,0,0,1
original_union,rts,HumanEval/98,1,1,2,0,-19.7499999999998,0.0,-10.99999952330211,-16.499999880790543,0,0,0
original_union,rts,HumanEval/98,1,1,3,0,-19.999999999999847,0.0,-10.99999952330211,-16.499999880790543,0,0,0
original_union,rts,HumanEval/98,1,1,4,0,-22.749999999999883,0.0,-10.99999952330211,-16.499999880790543,0,0,0
original_union,rts,HumanEval/98,1,1,5,0,-17.374999999999833,0.0,-10.99999952330211,-16.499999880790543,0,0,0
original_union,rts,HumanEval/98,1,1,6,0,-21.374999999999833,0.0,-10.99999952330211,-16.499999880790543,0,0,0
original_union,rts,HumanEval/98,1,1,7,0,14.749999642372167,0.0,-10.99999952330211,-16.499999880790543,1,1,1
original_union,rts,HumanEval/98,1,1,8,0,-23.874999999999865,0.0,-10.99999952330211,-16.499999880790543,0,0,0
